$MeshFormat
2.2 0 8
$EndMeshFormat
$PhysicalNames
63
2 27 "Metal2_1_xy"
2 28 "Metal2_1_z"
2 29 "Metal2_2_xy"
2 30 "Metal2_2_z"
2 31 "Metal2_3_xy"
2 32 "Metal2_3_z"
2 33 "Metal3_1_xy"
2 34 "Metal3_1_z"
2 35 "Metal3_2_xy"
2 36 "Metal3_2_z"
2 37 "Metal3_3_xy"
2 38 "Metal3_3_z"
2 39 "Metal4_1_xy"
2 40 "Metal4_1_z"
2 41 "Metal4_2_xy"
2 42 "Metal4_2_z"
2 43 "Metal4_3_xy"
2 44 "Metal4_3_z"
2 45 "Metal5_1_xy"
2 46 "Metal5_1_z"
2 47 "Metal5_2_xy"
2 48 "Metal5_2_z"
2 49 "TopMetal1_1_xy"
2 50 "TopMetal1_1_z"
2 51 "TopMetal1_2_xy"
2 52 "TopMetal1_2_z"
2 53 "TopMetal2_1_xy"
2 54 "TopMetal2_1_z"
2 55 "TopMetal2_2_xy"
2 56 "TopMetal2_2_z"
2 57 "P1"
2 58 "P2"
2 59 "P3"
2 60 "P4"
2 61 "Absorbing_boundary"
2 62 "PEC_boundary"
2 63 "PMC_boundary"
3 1 "BACKSIDEGND"
3 2 "LBE"
3 3 "SUBGND"
3 4 "Activ"
3 5 "Cont"
3 6 "Metal1"
3 7 "Via1"
3 8 "Metal2"
3 9 "Via2"
3 10 "Metal3"
3 11 "Via3"
3 12 "Metal4"
3 13 "Via4"
3 14 "Metal5"
3 15 "TopVia1"
3 16 "MIM"
3 17 "Vmim"
3 18 "TopMetal1"
3 19 "TopVia2"
3 20 "TopMetal2"
3 21 "AIR"
3 22 "Passive"
3 23 "SiO2"
3 24 "EPI"
3 25 "Substrate"
3 26 "airbox"
$EndPhysicalNames
$Nodes
2019
1 -40.135 -24.985 186.24
2 -44.645 -24.985 186.24
3 -44.645 -29.015 186.24
4 -40.135 -29.015 186.24
5 -40.135 -24.985 186.78
6 -44.645 -24.985 186.78
7 -44.645 -29.015 186.78
8 -40.135 -29.015 186.78
9 -32.415 -33.51 186.24
10 -35.965 -33.51 186.24
11 -35.965 -51.74 186.24
12 -32.415 -51.74 186.24
13 -32.415 -33.51 186.78
14 -35.965 -33.51 186.78
15 -35.965 -51.74 186.78
16 -32.415 -51.74 186.78
17 -48.44 -33.51 186.24
18 -51.99 -33.51 186.24
19 -51.99 -51.74 186.24
20 -48.44 -51.74 186.24
21 -48.44 -33.51 186.78
22 -51.99 -33.51 186.78
23 -51.99 -51.74 186.78
24 -48.44 -51.74 186.78
25 -40.135 -56.245 186.24
26 -44.645 -56.245 186.24
27 -44.645 -60.275 186.24
28 -40.135 -60.275 186.24
29 -40.135 -56.245 186.78
30 -44.645 -56.245 186.78
31 -44.645 -60.275 186.78
32 -40.135 -60.275 186.78
33 -40.135 -24.985 187.27
34 -44.645 -24.985 187.27
35 -44.645 -29.015 187.27
36 -40.135 -29.015 187.27
37 -40.135 -24.985 187.81
38 -44.645 -24.985 187.81
39 -44.645 -29.015 187.81
40 -40.135 -29.015 187.81
41 -32.415 -33.51 187.27
42 -35.965 -33.51 187.27
43 -35.965 -51.74 187.27
44 -32.415 -51.74 187.27
45 -32.415 -33.51 187.81
46 -35.965 -33.51 187.81
47 -35.965 -51.74 187.81
48 -32.415 -51.74 187.81
49 -48.44 -33.51 187.27
50 -51.99 -33.51 187.27
51 -51.99 -51.74 187.27
52 -48.44 -51.74 187.27
53 -48.44 -33.51 187.81
54 -51.99 -33.51 187.81
55 -51.99 -51.74 187.81
56 -48.44 -51.74 187.81
57 -40.135 -56.245 187.27
58 -44.645 -56.245 187.27
59 -44.645 -60.275 187.27
60 -40.135 -60.275 187.27
61 -40.135 -56.245 187.81
62 -44.645 -56.245 187.81
63 -44.645 -60.275 187.81
64 -40.135 -60.275 187.81
65 -32.415 -33.51 188.3
66 -35.965 -33.51 188.3
67 -35.965 -51.74 188.3
68 -32.415 -51.74 188.3
69 -32.415 -33.51 188.84
70 -35.965 -33.51 188.84
71 -35.965 -51.74 188.84
72 -32.415 -51.74 188.84
73 -48.44 -33.51 188.3
74 -51.99 -33.51 188.3
75 -51.99 -51.74 188.3
76 -48.44 -51.74 188.3
77 -48.44 -33.51 188.84
78 -51.99 -33.51 188.84
79 -51.99 -51.74 188.84
80 -48.44 -51.74 188.84
81 -33.14 -34.015 189.33
82 -35.24 -34.015 189.33
83 -35.24 -51.235 189.33
84 -33.14 -51.235 189.33
85 -33.14 -34.015 190.1803
86 -35.24 -34.015 190.1803
87 -35.24 -51.235 190.1803
88 -33.14 -51.235 190.1803
89 -49.165 -34.015 189.33
90 -51.265 -34.015 189.33
91 -51.265 -51.235 189.33
92 -49.165 -51.235 189.33
93 -49.165 -34.015 190.1803
94 -51.265 -34.015 190.1803
95 -51.265 -51.235 190.1803
96 -49.165 -51.235 190.1803
97 -33.74 -34.335 192.1803
98 -34.64 -34.335 192.1803
99 -34.64 -50.915 192.1803
100 -33.74 -50.915 192.1803
101 -33.74 -34.335 194.9803
102 -34.64 -34.335 194.9803
103 -34.64 -50.915 194.9803
104 -33.74 -50.915 194.9803
105 -49.765 -34.335 192.1803
106 -50.665 -34.335 192.1803
107 -50.665 -50.915 192.1803
108 -49.765 -50.915 192.1803
109 -49.765 -34.335 194.9803
110 -50.665 -34.335 194.9803
111 -50.665 -50.915 194.9803
112 -49.765 -50.915 194.9803
113 -36.065 -51.875 186.24
114 -36.065 -33.375 186.24
115 -32.31 -51.875 185.75
116 -32.31 -51.875 186.24
117 -32.31 -33.375 186.24
118 -32.31 -33.375 185.75
119 -52.09 -51.925 185.75
120 -52.09 -51.925 186.24
121 -52.09 -33.325 185.75
122 -52.09 -33.325 186.24
123 -48.335 -51.925 186.24
124 -48.335 -33.325 186.24
125 -48.335 -33.325 185.75
126 -39.93 -60.325 185.75
127 -39.93 -60.325 186.24
128 -44.935 -60.325 186.24
129 -44.935 -60.325 185.75
130 -44.935 -24.935 185.75
131 -39.93 -24.935 185.75
132 -44.935 -24.935 186.24
133 -39.93 -24.935 186.24
134 -29.145 -56.195 186.78
135 -29.145 -29.065 186.78
136 -29.145 -29.065 187.27
137 -29.145 -56.195 187.27
138 -39.93 -29.065 186.78
139 -39.93 -56.195 186.78
140 -9.99 -21.36 186.78
141 -9.99 -63.89 186.78
142 -29.145 -63.89 186.78
143 -29.145 -63.9 186.78
144 -55.255 -63.9 186.78
145 -55.255 -63.89 186.78
146 -74.41 -63.89 186.78
147 -74.41 -21.36 186.78
148 -55.255 -56.195 186.78
149 -44.935 -56.195 186.78
150 -44.935 -29.065 186.78
151 -55.255 -29.065 186.78
152 -39.93 -29.065 187.27
153 -39.93 -56.195 187.27
154 -9.99 -21.36 187.27
155 -74.41 -21.36 187.27
156 -9.99 -63.89 187.27
157 -29.145 -63.89 187.27
158 -29.145 -63.9 187.27
159 -55.255 -63.9 187.27
160 -55.255 -63.89 187.27
161 -74.41 -63.89 187.27
162 -55.255 -56.195 187.27
163 -44.935 -56.195 187.27
164 -44.935 -29.065 187.27
165 -55.255 -29.065 187.27
166 -36.065 -51.875 186.78
167 -36.065 -51.875 187.27
168 -36.065 -33.375 186.78
169 -36.065 -33.375 187.27
170 -32.31 -51.875 186.78
171 -32.31 -51.875 187.27
172 -32.31 -33.375 187.27
173 -32.31 -33.375 186.78
174 -52.09 -51.925 186.78
175 -52.09 -51.925 187.27
176 -52.09 -33.325 186.78
177 -52.09 -33.325 187.27
178 -48.335 -51.925 186.78
179 -48.335 -51.925 187.27
180 -48.335 -33.325 187.27
181 -48.335 -33.325 186.78
182 -36.065 -51.875 187.81
183 -36.065 -51.875 188.3
184 -36.065 -33.375 187.81
185 -36.065 -33.375 188.3
186 -32.31 -51.875 187.81
187 -32.31 -51.875 188.3
188 -32.31 -33.375 188.3
189 -32.31 -33.375 187.81
190 -52.09 -51.925 187.81
191 -52.09 -51.925 188.3
192 -52.09 -33.325 187.81
193 -52.09 -33.325 188.3
194 -48.335 -51.925 187.81
195 -48.335 -51.925 188.3
196 -48.335 -33.325 188.3
197 -48.335 -33.325 187.81
198 -39.93 -60.325 187.81
199 -39.93 -60.325 188.3
200 -44.935 -60.325 188.3
201 -44.935 -60.325 187.81
202 -44.935 -24.935 187.81
203 -39.93 -24.935 187.81
204 -44.935 -24.935 188.3
205 -39.93 -24.935 188.3
206 -36.065 -51.875 188.84
207 -36.065 -51.875 189.33
208 -36.065 -33.375 188.84
209 -36.065 -33.375 189.33
210 -32.31 -51.875 188.84
211 -32.31 -51.875 189.33
212 -32.31 -33.375 189.33
213 -32.31 -33.375 188.84
214 -52.09 -51.925 188.84
215 -52.09 -51.925 189.33
216 -52.09 -33.325 188.84
217 -52.09 -33.325 189.33
218 -48.335 -51.925 188.84
219 -48.335 -51.925 189.33
220 -48.335 -33.325 189.33
221 -48.335 -33.325 188.84
222 -36.065 -51.875 190.1803
223 -36.065 -51.875 192.1803
224 -36.065 -33.375 190.1803
225 -36.065 -33.375 192.1803
226 -32.31 -51.875 190.1803
227 -32.31 -51.875 192.1803
228 -32.31 -33.375 192.1803
229 -32.31 -33.375 190.1803
230 -52.09 -51.925 190.1803
231 -52.09 -51.925 192.1803
232 -52.09 -33.325 190.1803
233 -52.09 -33.325 192.1803
234 -48.335 -51.925 190.1803
235 -48.335 -51.925 192.1803
236 -48.335 -33.325 192.1803
237 -48.335 -33.325 190.1803
238 -59.94 -41.175 194.9803
239 -59.94 -41.175 197.9803
240 -52.09 -33.325 194.9803
241 -52.09 -33.325 197.9803
242 -72.46000000000001 -41.175 197.9803
243 -48.335 -33.325 197.9803
244 -48.335 -33.325 194.9803
245 -48.335 -51.925 194.9803
246 -52.09 -51.925 194.9803
247 -59.845 -44.175 194.9803
248 -48.335 -51.925 197.9803
249 -52.09 -51.925 197.9803
250 -59.845 -44.175 197.9803
251 -72.46000000000001 -44.175 197.9803
252 -24.465 -44.08 194.9803
253 -24.465 -44.08 197.9803
254 -32.31 -51.875 194.9803
255 -32.31 -51.875 197.9803
256 -11.94 -44.08 194.9803
257 -11.94 -44.08 197.9803
258 -36.065 -51.875 197.9803
259 -36.065 -51.875 194.9803
260 -36.065 -33.375 194.9803
261 -32.31 -33.375 194.9803
262 -24.555 -41.08 194.9803
263 -11.94 -41.08 194.9803
264 -36.065 -33.375 197.9803
265 -32.31 -33.375 197.9803
266 -24.555 -41.08 197.9803
267 -11.94 -41.08 197.9803
268 -12.44 -44.08 187.27
269 -12.44 -41.08 187.27
270 -12.44 -41.08 194.9803
271 -12.44 -44.08 194.9803
272 -44.935 -33.33 185.75
273 -44.935 -51.925 185.75
274 -39.93 -51.875 185.75
275 -39.93 -33.375 185.75
276 -94.41 -83.90000000000001 199.8803
277 -94.41 -1.359999999999999 199.8803
278 10.01 -1.359999999999999 199.8803
279 10.01 -83.90000000000001 199.8803
280 -94.41 -83.90000000000001 399.8803
281 -94.41 -1.359999999999999 399.8803
282 10.01 -1.359999999999999 399.8803
283 10.01 -83.90000000000001 399.8803
284 -95.41 -84.90000000000001 199.4803
285 -95.41 -0.3599999999999994 199.4803
286 11.01 -0.3599999999999994 199.4803
287 11.01 -84.90000000000001 199.4803
288 -95.41 -84.90000000000001 199.8803
289 -95.41 -0.3599999999999994 199.8803
290 11.01 -0.3599999999999994 199.8803
291 11.01 -84.90000000000001 199.8803
292 -94.41 -83.90000000000001 183.75
293 -94.41 -1.359999999999999 183.75
294 10.01 -1.359999999999999 183.75
295 10.01 -83.90000000000001 183.75
296 -94.41 -83.90000000000001 199.4803
297 -94.41 -1.359999999999999 199.4803
298 10.01 -1.359999999999999 199.4803
299 10.01 -83.90000000000001 199.4803
300 -95.41 -84.90000000000001 180
301 -95.41 -0.3599999999999994 180
302 11.01 -0.3599999999999994 180
303 11.01 -84.90000000000001 180
304 -95.41 -84.90000000000001 183.75
305 -95.41 -0.3599999999999994 183.75
306 11.01 -0.3599999999999994 183.75
307 11.01 -84.90000000000001 183.75
308 -94.41 -83.90000000000001 0
309 -94.41 -1.359999999999999 0
310 10.01 -1.359999999999999 0
311 10.01 -83.90000000000001 0
312 -94.41 -83.90000000000001 180
313 -94.41 -1.359999999999999 180
314 10.01 -1.359999999999999 180
315 10.01 -83.90000000000001 180
316 -114.41 -103.9 419.8803
317 -114.41 -103.9 -20
318 -114.41 18.64 419.8803
319 -114.41 18.64 -20
320 30.00999999999999 -103.9 419.8803
321 30.00999999999999 -103.9 -20
322 30.00999999999999 18.64 419.8803
323 30.00999999999999 18.64 -20
324 -72.46000000000001 -44.175 187.27
325 -72.46000000000001 -41.175 187.27
326 -72.46000000000001 -41.175 194.9803
327 -72.46000000000001 -44.175 194.9803
328 -36.065 -51.875 185.75
329 -36.065 -33.375 185.75
330 -48.335 -51.925 185.75
331 -48.335 -33.33 185.75
332 -35.965 -38.06757112756701 186.24
333 -35.965 -42.62499999776708 186.24
334 -35.965 -47.18242887243294 186.24
335 -32.415 -47.18242887243299 186.24
336 -32.415 -42.62500000223292 186.24
337 -32.415 -38.06757112756706 186.24
338 -35.965 -38.06757112756701 186.78
339 -35.965 -42.62499999776708 186.78
340 -35.965 -47.18242887243294 186.78
341 -32.415 -47.18242887243299 186.78
342 -32.415 -42.62500000223292 186.78
343 -32.415 -38.06757112756706 186.78
344 -51.99 -38.06757112756701 186.24
345 -51.99 -42.62499999776708 186.24
346 -51.99 -47.18242887243294 186.24
347 -48.44 -47.18242887243299 186.24
348 -48.44 -42.62500000223292 186.24
349 -48.44 -38.06757112756706 186.24
350 -51.99 -38.06757112756701 186.78
351 -51.99 -42.62499999776708 186.78
352 -51.99 -47.18242887243294 186.78
353 -48.44 -47.18242887243299 186.78
354 -48.44 -42.62500000223292 186.78
355 -48.44 -38.06757112756706 186.78
356 -35.965 -38.06757112756701 187.27
357 -35.965 -42.62499999776708 187.27
358 -35.965 -47.18242887243294 187.27
359 -32.415 -47.18242887243299 187.27
360 -32.415 -42.62500000223292 187.27
361 -32.415 -38.06757112756706 187.27
362 -35.965 -38.06757112756701 187.81
363 -35.965 -42.62499999776708 187.81
364 -35.965 -47.18242887243294 187.81
365 -32.415 -47.18242887243299 187.81
366 -32.415 -42.62500000223292 187.81
367 -32.415 -38.06757112756706 187.81
368 -51.99 -38.06757112756701 187.27
369 -51.99 -42.62499999776708 187.27
370 -51.99 -47.18242887243294 187.27
371 -48.44 -47.18242887243299 187.27
372 -48.44 -42.62500000223292 187.27
373 -48.44 -38.06757112756706 187.27
374 -51.99 -38.06757112756701 187.81
375 -51.99 -42.62499999776708 187.81
376 -51.99 -47.18242887243294 187.81
377 -48.44 -47.18242887243299 187.81
378 -48.44 -42.62500000223292 187.81
379 -48.44 -38.06757112756706 187.81
380 -35.965 -38.06757112756701 188.3
381 -35.965 -42.62499999776708 188.3
382 -35.965 -47.18242887243294 188.3
383 -32.415 -47.18242887243299 188.3
384 -32.415 -42.62500000223292 188.3
385 -32.415 -38.06757112756706 188.3
386 -35.965 -38.06757112756701 188.84
387 -35.965 -42.62499999776708 188.84
388 -35.965 -47.18242887243294 188.84
389 -32.415 -47.18242887243299 188.84
390 -32.415 -42.62500000223292 188.84
391 -32.415 -38.06757112756706 188.84
392 -51.99 -38.06757112756701 188.3
393 -51.99 -42.62499999776708 188.3
394 -51.99 -47.18242887243294 188.3
395 -48.44 -47.18242887243299 188.3
396 -48.44 -42.62500000223292 188.3
397 -48.44 -38.06757112756706 188.3
398 -51.99 -38.06757112756701 188.84
399 -51.99 -42.62499999776708 188.84
400 -51.99 -47.18242887243294 188.84
401 -48.44 -47.18242887243299 188.84
402 -48.44 -42.62500000223292 188.84
403 -48.44 -38.06757112756706 188.84
404 -35.24 -38.32004912496692 189.33
405 -35.24 -42.62499999800734 189.33
406 -35.24 -46.92995087503311 189.33
407 -33.14 -46.92995087503308 189.33
408 -33.14 -42.62500000199266 189.33
409 -33.14 -38.32004912496689 189.33
410 -35.24 -38.32004912496692 190.1803
411 -35.24 -42.62499999800734 190.1803
412 -35.24 -46.92995087503311 190.1803
413 -33.14 -46.92995087503308 190.1803
414 -33.14 -42.62500000199266 190.1803
415 -33.14 -38.32004912496689 190.1803
416 -51.265 -38.32004912496692 189.33
417 -51.265 -42.62499999800734 189.33
418 -51.265 -46.92995087503311 189.33
419 -49.165 -46.92995087503308 189.33
420 -49.165 -42.62500000199266 189.33
421 -49.165 -38.32004912496689 189.33
422 -51.265 -38.32004912496692 190.1803
423 -51.265 -42.62499999800734 190.1803
424 -51.265 -46.92995087503311 190.1803
425 -49.165 -46.92995087503308 190.1803
426 -49.165 -42.62500000199266 190.1803
427 -49.165 -38.32004912496689 190.1803
428 -34.64 -38.48002996787421 192.1803
429 -34.64 -42.62499999815246 192.1803
430 -34.64 -46.7699700321258 192.1803
431 -33.74 -46.76997003212579 192.1803
432 -33.74 -42.62500000184754 192.1803
433 -33.74 -38.4800299678742 192.1803
434 -34.64 -38.48002996787421 194.9803
435 -34.64 -42.62499999815246 194.9803
436 -34.64 -46.7699700321258 194.9803
437 -33.74 -46.76997003212579 194.9803
438 -33.74 -42.62500000184754 194.9803
439 -33.74 -38.4800299678742 194.9803
440 -50.665 -38.48002996787421 192.1803
441 -50.665 -42.62499999815246 192.1803
442 -50.665 -46.7699700321258 192.1803
443 -49.765 -46.76997003212579 192.1803
444 -49.765 -42.62500000184754 192.1803
445 -49.765 -38.4800299678742 192.1803
446 -50.665 -38.48002996787421 194.9803
447 -50.665 -42.62499999815246 194.9803
448 -50.665 -46.7699700321258 194.9803
449 -49.765 -46.76997003212579 194.9803
450 -49.765 -42.62500000184754 194.9803
451 -49.765 -38.4800299678742 194.9803
452 -36.065 -47.24997235957814 186.24
453 -36.065 -42.62500000242748 186.24
454 -36.065 -38.00002764042186 186.24
455 -34.18750000160423 -51.875 186.24
456 -34.18749999839577 -33.375 186.24
457 -32.31 -38.00002764042186 185.75
458 -32.31 -42.62499999757252 185.75
459 -32.31 -47.24997235957814 185.75
460 -32.31 -38.00002764042186 186.24
461 -32.31 -42.62499999757252 186.24
462 -32.31 -47.24997235957814 186.24
463 -52.09 -47.27497171438237 185.75
464 -52.09 -42.62500000245376 185.75
465 -52.09 -37.97502828561761 185.75
466 -52.09 -47.27497171438237 186.24
467 -52.09 -42.62500000245376 186.24
468 -52.09 -37.97502828561761 186.24
469 -50.21250000160423 -51.925 186.24
470 -50.21249999839578 -33.325 186.24
471 -50.2124983099031 -33.325 185.75
472 -42.43250000276552 -60.325 186.24
473 -42.43249999723448 -60.325 185.75
474 -42.43249999723448 -24.935 185.75
475 -42.43250000276552 -24.935 186.24
476 -29.145 -51.67334792100194 186.78
477 -29.145 -47.15169329525158 186.78
478 -29.145 -42.62999999999998 186.78
479 -29.145 -38.10830670474839 186.78
480 -29.145 -33.5866520789982 186.78
481 -29.145 -51.67334792100194 187.27
482 -29.145 -47.15169329525158 187.27
483 -29.145 -42.62999999999998 187.27
484 -29.145 -38.10830670474839 187.27
485 -29.145 -33.5866520789982 187.27
486 -32.73999814657623 -29.065 186.78
487 -36.33500185176744 -29.065 186.78
488 -39.93 -33.58665207899809 186.78
489 -39.93 -38.10830670474844 186.78
490 -39.93 -42.63000000000002 186.78
491 -39.93 -47.15169329525163 186.78
492 -39.93 -51.67334792100183 186.78
493 -36.33500185342378 -56.195 186.78
494 -32.73999814823258 -56.195 186.78
495 -9.99 -26.08552458832572 186.78
496 -9.99 -30.81104159215231 186.78
497 -9.99 -35.53659521565498 186.78
498 -9.99 -40.26218911691845 186.78
499 -9.99 -44.98781087837803 186.78
500 -9.99 -49.7134047843448 186.78
501 -9.99 -54.43895840784747 186.78
502 -9.99 -59.16447541167408 186.78
503 -14.77878451894606 -63.89 186.78
504 -19.56750967732661 -63.89 186.78
505 -24.35623480913948 -63.89 186.78
506 -33.49663531053535 -63.9 186.78
507 -37.84830058307593 -63.9 186.78
508 -42.19999999999998 -63.9 186.78
509 -46.55169941692405 -63.9 186.78
510 -50.9033646894646 -63.9 186.78
511 -60.04376519086055 -63.89 186.78
512 -64.83249031762227 -63.89 186.78
513 -69.62121548105398 -63.89 186.78
514 -74.41 -59.16447541167427 186.78
515 -74.41 -54.43895840784768 186.78
516 -74.41 -49.71340478434502 186.78
517 -74.41 -44.98781088308155 186.78
518 -74.41 -40.26218912162196 186.78
519 -74.41 -35.5365952156552 186.78
520 -74.41 -30.81104159215253 186.78
521 -74.41 -26.08552458832592 186.78
522 -69.45476469212244 -21.36 186.78
523 -64.49902838918719 -21.36 186.78
524 -59.54368975517561 -21.36 186.78
525 -54.58865393706583 -21.36 186.78
526 -49.6329978103544 -21.36 186.78
527 -44.67749404832745 -21.36 186.78
528 -39.72250595701262 -21.36 186.78
529 -34.76700218964549 -21.36 186.78
530 -29.81134606293424 -21.36 186.78
531 -24.85631024482436 -21.36 186.78
532 -19.90097161081277 -21.36 186.78
533 -14.94523530787763 -21.36 186.78
534 -51.81500180102449 -56.195 186.78
535 -48.37499820184027 -56.195 186.78
536 -44.935 -51.67334792100192 186.78
537 -44.935 -47.15169329525155 186.78
538 -44.935 -42.62999999999997 186.78
539 -44.935 -38.10830670474837 186.78
540 -44.935 -33.58665207899817 186.78
541 -48.37499819897552 -29.065 186.78
542 -51.81500179815972 -29.065 186.78
543 -55.255 -33.58665207899806 186.78
544 -55.255 -38.10830670474843 186.78
545 -55.255 -42.63000000000004 186.78
546 -55.255 -47.15169329525163 186.78
547 -55.255 -51.67334792100181 186.78
548 -32.73999814657623 -29.065 187.27
549 -36.33500185176744 -29.065 187.27
550 -39.93 -33.58665207899809 187.27
551 -39.93 -38.10830670474844 187.27
552 -39.93 -42.63000000000002 187.27
553 -39.93 -47.15169329525163 187.27
554 -39.93 -51.67334792100183 187.27
555 -36.33500185342378 -56.195 187.27
556 -32.73999814823258 -56.195 187.27
557 -14.94523530787756 -21.36 187.27
558 -19.9009716108128 -21.36 187.27
559 -24.85631024482438 -21.36 187.27
560 -29.81134606293416 -21.36 187.27
561 -34.76700218964559 -21.36 187.27
562 -39.72250595167255 -21.36 187.27
563 -44.67749404298737 -21.36 187.27
564 -49.6329978103545 -21.36 187.27
565 -54.58865393706576 -21.36 187.27
566 -59.54368975517563 -21.36 187.27
567 -64.49902838918723 -21.36 187.27
568 -69.45476469212237 -21.36 187.27
569 -9.99 -26.08552458832572 187.27
570 -9.99 -30.81104159215231 187.27
571 -9.99 -35.53659521565498 187.27
572 -9.99 -40.26218911691845 187.27
573 -9.99 -44.98781087837803 187.27
574 -9.99 -49.7134047843448 187.27
575 -9.99 -54.43895840784747 187.27
576 -9.99 -59.16447541167408 187.27
577 -24.35623480913944 -63.89 187.27
578 -19.56750968237773 -63.89 187.27
579 -14.77878451894602 -63.89 187.27
580 -33.49663531053535 -63.9 187.27
581 -37.84830058307593 -63.9 187.27
582 -42.19999999999998 -63.9 187.27
583 -46.55169941692405 -63.9 187.27
584 -50.9033646894646 -63.9 187.27
585 -69.62121548105394 -63.89 187.27
586 -64.83249032267338 -63.89 187.27
587 -60.04376519086052 -63.89 187.27
588 -74.41 -59.16447541167427 187.27
589 -74.41 -54.43895840784768 187.27
590 -74.41 -49.71340478434502 187.27
591 -74.41 -44.98781088308155 187.27
592 -74.41 -40.26218912162196 187.27
593 -74.41 -35.5365952156552 187.27
594 -74.41 -30.81104159215253 187.27
595 -74.41 -26.08552458832592 187.27
596 -51.81500180102449 -56.195 187.27
597 -48.37499820184027 -56.195 187.27
598 -44.935 -51.67334792100192 187.27
599 -44.935 -47.15169329525155 187.27
600 -44.935 -42.62999999999997 187.27
601 -44.935 -38.10830670474837 187.27
602 -44.935 -33.58665207899817 187.27
603 -48.37499819897552 -29.065 187.27
604 -51.81500179815972 -29.065 187.27
605 -55.255 -33.58665207899806 187.27
606 -55.255 -38.10830670474843 187.27
607 -55.255 -42.63000000000004 187.27
608 -55.255 -47.15169329525163 187.27
609 -55.255 -51.67334792100181 187.27
610 -36.065 -47.24997235957814 186.78
611 -36.065 -42.62500000242748 186.78
612 -36.065 -38.00002764042186 186.78
613 -36.065 -47.24997235957814 187.27
614 -36.065 -42.62500000242748 187.27
615 -36.065 -38.00002764042186 187.27
616 -34.18749999839577 -51.875 186.78
617 -34.18750000160423 -51.875 187.27
618 -34.18749999839577 -33.375 187.27
619 -34.18750000160423 -33.375 186.78
620 -32.31 -38.00002764042186 186.78
621 -32.31 -42.62499999757252 186.78
622 -32.31 -47.24997235957814 186.78
623 -32.31 -38.00002764042186 187.27
624 -32.31 -42.62499999757252 187.27
625 -32.31 -47.24997235957814 187.27
626 -52.09 -47.27497171438237 186.78
627 -52.09 -42.62500000245376 186.78
628 -52.09 -37.97502828561761 186.78
629 -52.09 -47.27497171438237 187.27
630 -52.09 -42.62500000245376 187.27
631 -52.09 -37.97502828561761 187.27
632 -50.21249999839578 -51.925 186.78
633 -50.21250000160423 -51.925 187.27
634 -50.21249999839578 -33.325 187.27
635 -50.21250000160423 -33.325 186.78
636 -48.335 -37.97502828561763 186.78
637 -48.335 -42.62499999754625 186.78
638 -48.335 -47.2749717143824 186.78
639 -48.335 -37.97502828561763 187.27
640 -48.335 -42.62499999754625 187.27
641 -48.335 -47.2749717143824 187.27
642 -36.065 -47.24997235957814 187.81
643 -36.065 -42.62500000242748 187.81
644 -36.065 -38.00002764042186 187.81
645 -36.065 -47.24997235957814 188.3
646 -36.065 -42.62500000242748 188.3
647 -36.065 -38.00002764042186 188.3
648 -34.18749999839577 -51.875 187.81
649 -34.18750000160423 -51.875 188.3
650 -34.18749999839577 -33.375 188.3
651 -34.18750000160423 -33.375 187.81
652 -32.31 -38.00002764042186 187.81
653 -32.31 -42.62499999757252 187.81
654 -32.31 -47.24997235957814 187.81
655 -32.31 -38.00002764042186 188.3
656 -32.31 -42.62499999757252 188.3
657 -32.31 -47.24997235957814 188.3
658 -52.09 -47.27497171438237 187.81
659 -52.09 -42.62500000245376 187.81
660 -52.09 -37.97502828561761 187.81
661 -52.09 -47.27497171438237 188.3
662 -52.09 -42.62500000245376 188.3
663 -52.09 -37.97502828561761 188.3
664 -50.21249999839578 -51.925 187.81
665 -50.21250000160423 -51.925 188.3
666 -50.21249999839578 -33.325 188.3
667 -50.21250000160423 -33.325 187.81
668 -48.335 -37.97502828561763 187.81
669 -48.335 -42.62499999754625 187.81
670 -48.335 -47.2749717143824 187.81
671 -48.335 -37.97502828561763 188.3
672 -48.335 -42.62499999754625 188.3
673 -48.335 -47.2749717143824 188.3
674 -42.43250000276552 -60.325 188.3
675 -42.43249999723448 -60.325 187.81
676 -44.935 -55.90117206514354 187.81
677 -44.935 -51.4774143802892 187.81
678 -44.935 -47.05368956995996 187.81
679 -44.935 -42.63000000287944 187.81
680 -44.935 -38.20631043004025 187.81
681 -44.935 -33.78258561971092 187.81
682 -44.935 -29.35882793485655 187.81
683 -42.43249999723448 -24.935 187.81
684 -39.93 -29.35882793485647 187.81
685 -39.93 -33.78258561971081 187.81
686 -39.93 -38.20631043004003 187.81
687 -39.93 -42.62999999712056 187.81
688 -39.93 -47.05368956995976 187.81
689 -39.93 -51.47741438028908 187.81
690 -39.93 -55.90117206514346 187.81
691 -44.935 -55.90117206514354 188.3
692 -44.935 -51.4774143802892 188.3
693 -44.935 -47.05368956995996 188.3
694 -44.935 -42.63000000287944 188.3
695 -44.935 -38.20631043004025 188.3
696 -44.935 -33.78258561971092 188.3
697 -44.935 -29.35882793485655 188.3
698 -42.43250000276552 -24.935 188.3
699 -39.93 -29.35882793485647 188.3
700 -39.93 -33.78258561971081 188.3
701 -39.93 -38.20631043004003 188.3
702 -39.93 -42.62999999712056 188.3
703 -39.93 -47.05368956995976 188.3
704 -39.93 -51.47741438028908 188.3
705 -39.93 -55.90117206514346 188.3
706 -36.065 -47.24997235957814 188.84
707 -36.065 -42.62500000242748 188.84
708 -36.065 -38.00002764042186 188.84
709 -36.065 -47.24997235957814 189.33
710 -36.065 -42.62500000242748 189.33
711 -36.065 -38.00002764042186 189.33
712 -34.18749999839577 -51.875 188.84
713 -34.18750000160423 -51.875 189.33
714 -34.18749999839577 -33.375 189.33
715 -34.18750000160423 -33.375 188.84
716 -32.31 -38.00002764042186 188.84
717 -32.31 -42.62499999757252 188.84
718 -32.31 -47.24997235957814 188.84
719 -32.31 -38.00002764042186 189.33
720 -32.31 -42.62499999757252 189.33
721 -32.31 -47.24997235957814 189.33
722 -52.09 -47.27497171438237 188.84
723 -52.09 -42.62500000245376 188.84
724 -52.09 -37.97502828561761 188.84
725 -52.09 -47.27497171438237 189.33
726 -52.09 -42.62500000245376 189.33
727 -52.09 -37.97502828561761 189.33
728 -50.21249999839578 -51.925 188.84
729 -50.21250000160423 -51.925 189.33
730 -50.21249999839578 -33.325 189.33
731 -50.21250000160423 -33.325 188.84
732 -48.335 -37.97502828561763 188.84
733 -48.335 -42.62499999754625 188.84
734 -48.335 -47.2749717143824 188.84
735 -48.335 -37.97502828561763 189.33
736 -48.335 -42.62499999754625 189.33
737 -48.335 -47.2749717143824 189.33
738 -36.065 -47.24994657039513 190.1803
739 -36.065 -42.62500000242748 190.1803
740 -36.065 -38.00005342960488 190.1803
741 -36.065 -47.24994657039513 192.1803
742 -36.065 -42.62500000242748 192.1803
743 -36.065 -38.00005342960488 192.1803
744 -34.18749999839577 -51.875 190.1803
745 -34.18750000160423 -51.875 192.1803
746 -34.18749999839577 -33.375 192.1803
747 -34.18750000160423 -33.375 190.1803
748 -32.31 -38.00005342960487 190.1803
749 -32.31 -42.62499999757252 190.1803
750 -32.31 -47.24994657039512 190.1803
751 -32.31 -38.00005342960487 192.1803
752 -32.31 -42.62499999757252 192.1803
753 -32.31 -47.24994657039512 192.1803
754 -52.09 -47.27494575199952 190.1803
755 -52.09 -42.62500000245376 190.1803
756 -52.09 -37.97505424800047 190.1803
757 -52.09 -47.27494575199952 192.1803
758 -52.09 -42.62500000245376 192.1803
759 -52.09 -37.97505424800047 192.1803
760 -50.21249999839578 -51.925 190.1803
761 -50.21250000160423 -51.925 192.1803
762 -50.21249999839578 -33.325 192.1803
763 -50.21250000160423 -33.325 190.1803
764 -48.335 -37.97505424800048 190.1803
765 -48.335 -42.62499999754625 190.1803
766 -48.335 -47.27494575199954 190.1803
767 -48.335 -37.97505424800048 192.1803
768 -48.335 -42.62499999754625 192.1803
769 -48.335 -47.27494575199954 192.1803
770 -57.32332588362316 -38.55832588362316 194.9803
771 -54.70667411761773 -35.94167411761773 194.9803
772 -57.32332588362316 -38.55832588362316 197.9803
773 -54.70667411761773 -35.94167411761773 197.9803
774 -68.28665441690855 -41.175 197.9803
775 -64.11334558532278 -41.175 197.9803
776 -50.21249999839578 -33.325 197.9803
777 -50.21250000160423 -33.325 194.9803
778 -48.335 -37.97506781757361 194.9803
779 -48.335 -42.62499999754625 194.9803
780 -48.335 -47.27493218242641 194.9803
781 -50.21250000160423 -51.925 194.9803
782 -54.67500733494617 -49.34165933644967 194.9803
783 -57.25999266384316 -46.75834066476023 194.9803
784 -48.335 -37.97506781757361 197.9803
785 -48.335 -42.62499999754625 197.9803
786 -48.335 -47.27493218242641 197.9803
787 -50.21249999839578 -51.925 197.9803
788 -54.67500733494617 -49.34165933644967 197.9803
789 -57.25999266384316 -46.75834066476023 197.9803
790 -64.05001249958858 -44.175 197.9803
791 -68.25498749814628 -44.175 197.9803
792 -27.08000743732166 -46.67834072325332 194.9803
793 -29.69499256144293 -49.27665927551914 194.9803
794 -27.08000743732166 -46.67834072325332 197.9803
795 -29.69499256144293 -49.27665927551914 197.9803
796 -16.11501225528832 -44.08 197.9803
797 -20.28998774247854 -44.08 197.9803
798 -34.18750000160423 -51.875 197.9803
799 -34.18749999839577 -51.875 194.9803
800 -36.065 -47.2499330993432 194.9803
801 -36.065 -42.62500000242748 194.9803
802 -36.065 -38.00006690065682 194.9803
803 -34.18749999839577 -33.375 194.9803
804 -29.72499267070528 -35.94334061537277 194.9803
805 -27.1400073305019 -38.51165938342783 194.9803
806 -36.065 -47.2499330993432 197.9803
807 -36.065 -42.62500000242748 197.9803
808 -36.065 -38.00006690065682 197.9803
809 -34.18750000160423 -33.375 197.9803
810 -29.72499267070528 -35.94334061537277 197.9803
811 -27.1400073305019 -38.51165938342783 197.9803
812 -20.34998750041143 -41.08 197.9803
813 -16.14501250185373 -41.08 197.9803
814 -12.44 -41.08 191.1251589487933
815 -12.44 -44.08 191.1251589504882
816 -44.935 -37.97882243014249 185.75
817 -44.935 -42.62749999754754 185.75
818 -44.935 -47.27617756985754 185.75
819 -39.93 -47.24992372971119 185.75
820 -39.93 -42.62500000242748 185.75
821 -39.93 -38.0000762702888 185.75
822 -94.41 -55.73744852693301 199.8803
823 -94.41 -29.52162154129341 199.8803
824 -67.7508224397327 -1.359999999999999 199.8803
825 -42.2000000000001 -1.359999999999999 199.8803
826 -16.6491775602674 -1.359999999999999 199.8803
827 10.01 -29.52162155566717 199.8803
828 10.01 -55.73744851255942 199.8803
829 -16.65006316327209 -83.90000000000001 199.8803
830 -42.2 -83.90000000000001 199.8803
831 -67.74993683672793 -83.90000000000001 199.8803
832 -94.41 -83.90000000000001 228.4517285714285
833 -94.41 -83.90000000000001 257.0231571428571
834 -94.41 -83.90000000000001 285.5945857142856
835 -94.41 -83.90000000000001 314.166014285714
836 -94.41 -83.90000000000001 342.7374428571426
837 -94.41 -83.90000000000001 371.3088714285714
838 -94.41 -1.359999999999999 228.4517285714285
839 -94.41 -1.359999999999999 257.0231571428571
840 -94.41 -1.359999999999999 285.5945857142856
841 -94.41 -1.359999999999999 314.166014285714
842 -94.41 -1.359999999999999 342.7374428571426
843 -94.41 -1.359999999999999 371.3088714285714
844 -94.41 -56.38666666666669 399.8803
845 -94.41 -28.87333333333326 399.8803
846 10.01 -1.359999999999999 228.4517285714285
847 10.01 -1.359999999999999 257.0231571428571
848 10.01 -1.359999999999999 285.5945857142856
849 10.01 -1.359999999999999 314.166014285714
850 10.01 -1.359999999999999 342.7374428571426
851 10.01 -1.359999999999999 371.3088714285714
852 -68.30500000000004 -1.359999999999999 399.8803
853 -42.20000000000014 -1.359999999999999 399.8803
854 -16.09500000000011 -1.359999999999999 399.8803
855 10.01 -83.90000000000001 228.4517285714285
856 10.01 -83.90000000000001 257.0231571428571
857 10.01 -83.90000000000001 285.5945857142856
858 10.01 -83.90000000000001 314.166014285714
859 10.01 -83.90000000000001 342.7374428571426
860 10.01 -83.90000000000001 371.3088714285714
861 10.01 -28.87333333333331 399.8803
862 10.01 -56.38666666666675 399.8803
863 -16.09499999999997 -83.90000000000001 399.8803
864 -42.19999999999987 -83.90000000000001 399.8803
865 -68.30499999999989 -83.90000000000001 399.8803
866 -95.41 -56.01457864869296 199.4803
867 -95.41 -29.24373322010188 199.4803
868 -68.05148410374062 -0.3599999999999994 199.4803
869 -42.19999999999991 -0.3599999999999994 199.4803
870 -16.34851589625937 -0.3599999999999994 199.4803
871 11.01 -29.24373322570413 199.4803
872 11.01 -56.01457864309046 199.4803
873 -16.35021340653417 -84.90000000000001 199.4803
874 -42.19999999999987 -84.90000000000001 199.4803
875 -68.04978659346558 -84.90000000000001 199.4803
876 -95.41 -55.98095524423019 199.8803
877 -95.41 -29.27736924706223 199.8803
878 -68.05886534990836 -0.3599999999999994 199.8803
879 -42.20000000000012 -0.3599999999999994 199.8803
880 -16.34113465009167 -0.3599999999999994 199.8803
881 11.01 -29.27736925031668 199.8803
882 11.01 -55.9809552409756 199.8803
883 -16.34280845797402 -84.90000000000001 199.8803
884 -42.20000000000014 -84.90000000000001 199.8803
885 -68.05719154202606 -84.90000000000001 199.8803
886 -94.41 -63.00593603375418 183.75
887 -94.41 -42.62984386977421 183.75
888 -94.41 -22.25374233311287 183.75
889 -73.21547331730032 -1.359999999999999 183.75
890 -52.53849105269431 -1.359999999999999 183.75
891 -31.86150894730584 -1.359999999999999 183.75
892 -11.18452668269968 -1.359999999999999 183.75
893 10.01 -22.25374233311285 183.75
894 10.01 -42.62984386977418 183.75
895 10.01 -63.00593603375415 183.75
896 -11.18349654960355 -83.90000000000001 183.75
897 -31.86342463330564 -83.90000000000001 183.75
898 -52.53657536669417 -83.90000000000001 183.75
899 -73.21650345039635 -83.90000000000001 183.75
900 -94.41 -55.76148368008305 199.4803
901 -94.41 -29.49754233709883 199.4803
902 -67.72374746770824 -1.359999999999999 199.4803
903 -42.20000000000015 -1.359999999999999 199.4803
904 -16.67625253229198 -1.359999999999999 199.4803
905 10.01 -29.49754233017961 199.4803
906 10.01 -55.76148368700235 199.4803
907 -16.67722143911139 -83.90000000000001 199.4803
908 -42.2 -83.90000000000001 199.4803
909 -67.72277856088853 -83.90000000000001 199.4803
910 -95.41 -62.92273697451161 180
911 -95.41 -42.62909404075019 180
912 -95.41 -22.33545042180051 180
913 -67.96414402267425 -0.3599999999999994 180
914 -42.20000000000009 -0.3599999999999994 180
915 -16.43585597732594 -0.3599999999999994 180
916 11.01 -22.33545042180045 180
917 11.01 -42.62909404075018 180
918 11.01 -62.92273697451152 180
919 -16.43785273097492 -84.90000000000001 180
920 -42.20000000000003 -84.90000000000001 180
921 -67.96214726902507 -84.90000000000001 180
922 -95.41 -62.88578921187768 183.75
923 -95.41 -42.62904990401338 183.75
924 -95.41 -22.37230983268186 183.75
925 -73.07271073508814 -0.3599999999999994 183.75
926 -52.49090342573831 -0.3599999999999994 183.75
927 -31.90909657426146 -0.3599999999999994 183.75
928 -11.32728926491187 -0.3599999999999994 183.75
929 11.01 -22.3723098326819 183.75
930 11.01 -42.62904990401337 183.75
931 11.01 -62.8857892118777 183.75
932 -11.3288449280288 -84.90000000000001 183.75
933 -31.9117722482433 -84.90000000000001 183.75
934 -52.48822775175693 -84.90000000000001 183.75
935 -73.07115507197132 -84.90000000000001 183.75
936 -94.41 -63.26500000000003 0
937 -94.41 -42.62999999999999 0
938 -94.41 -21.99500000000004 0
939 -73.52600000000004 -1.359999999999999 0
940 -52.6420000000001 -1.359999999999999 0
941 -31.75800000000009 -1.359999999999999 0
942 -10.87400000000001 -1.359999999999999 0
943 10.01 -21.99499999999998 0
944 10.01 -42.63000000000002 0
945 10.01 -63.26499999999997 0
946 -10.87399999999994 -83.90000000000001 0
947 -31.75799999999987 -83.90000000000001 0
948 -52.64199999999989 -83.90000000000001 0
949 -73.52599999999994 -83.90000000000001 0
950 -94.41 -83.90000000000001 22.49999999999996
951 -94.41 -83.90000000000001 44.9999999999999
952 -94.41 -83.90000000000001 67.4999999999999
953 -94.41 -83.90000000000001 89.99999999999993
954 -94.41 -83.90000000000001 112.4999999999999
955 -94.41 -83.90000000000001 134.9999999999999
956 -94.41 -83.90000000000001 157.5
957 -94.41 -1.359999999999999 22.49999999999996
958 -94.41 -1.359999999999999 44.9999999999999
959 -94.41 -1.359999999999999 67.4999999999999
960 -94.41 -1.359999999999999 89.99999999999993
961 -94.41 -1.359999999999999 112.4999999999999
962 -94.41 -1.359999999999999 134.9999999999999
963 -94.41 -1.359999999999999 157.5
964 -94.41 -63.26500000000003 180
965 -94.41 -42.62999999999999 180
966 -94.41 -21.99500000000004 180
967 10.01 -1.359999999999999 22.49999999999996
968 10.01 -1.359999999999999 44.9999999999999
969 10.01 -1.359999999999999 67.4999999999999
970 10.01 -1.359999999999999 89.99999999999993
971 10.01 -1.359999999999999 112.4999999999999
972 10.01 -1.359999999999999 134.9999999999999
973 10.01 -1.359999999999999 157.5
974 -73.52600000000004 -1.359999999999999 180
975 -52.6420000000001 -1.359999999999999 180
976 -31.75800000000009 -1.359999999999999 180
977 -10.87400000000001 -1.359999999999999 180
978 10.01 -83.90000000000001 22.49999999999996
979 10.01 -83.90000000000001 44.9999999999999
980 10.01 -83.90000000000001 67.4999999999999
981 10.01 -83.90000000000001 89.99999999999993
982 10.01 -83.90000000000001 112.4999999999999
983 10.01 -83.90000000000001 134.9999999999999
984 10.01 -83.90000000000001 157.5
985 10.01 -21.99499999999998 180
986 10.01 -42.63000000000002 180
987 10.01 -63.26499999999997 180
988 -10.87399999999994 -83.90000000000001 180
989 -31.75799999999987 -83.90000000000001 180
990 -52.64199999999989 -83.90000000000001 180
991 -73.52599999999994 -83.90000000000001 180
992 -114.41 -103.9 60.46100614863367
993 -114.41 -103.9 137.0996242286781
994 -114.41 -103.9 195.8351579252103
995 -114.41 -103.9 259.6885303108305
996 -114.41 -103.9 339.4192938513661
997 -114.41 -42.62999999999985 419.8803
998 -114.41 18.64 60.46446117544446
999 -114.41 18.64 137.1023717416541
1000 -114.41 18.64 195.8341099068273
1001 -114.41 18.64 259.6833993973047
1002 -114.41 18.64 339.4158388245554
1003 -114.41 -42.62999999999985 -20
1004 30.00999999999999 -103.9 60.46100614863367
1005 30.00999999999999 -103.9 137.0996242286781
1006 30.00999999999999 -103.9 195.8351579252102
1007 30.00999999999999 -103.9 259.6885303108305
1008 30.00999999999999 -103.9 339.4192938513661
1009 30.00999999999999 -42.62999999999985 419.8803
1010 30.00999999999999 18.64 60.46446117544446
1011 30.00999999999999 18.64 137.1023717416541
1012 30.00999999999999 18.64 195.8341099068273
1013 30.00999999999999 18.64 259.6833993973047
1014 30.00999999999999 18.64 339.4158388245554
1015 30.00999999999999 -42.62999999999985 -20
1016 -42.20000000000002 -103.9 -20
1017 -42.20000000000002 -103.9 419.8803
1018 -42.20000000000002 18.64 -20
1019 -42.20000000000002 18.64 419.8803
1020 -44.935 -29.35882793485647 186.24
1021 -44.935 -33.78258561971081 186.24
1022 -44.935 -38.20631043004003 186.24
1023 -44.935 -42.62999999712056 186.24
1024 -44.935 -47.05368956995976 186.24
1025 -44.935 -51.47741438028908 186.24
1026 -44.935 -55.90117206514346 186.24
1027 -39.93 -55.90117206514354 186.24
1028 -39.93 -51.4774143802892 186.24
1029 -39.93 -47.05368956995996 186.24
1030 -39.93 -42.63000000287944 186.24
1031 -39.93 -38.20631043004025 186.24
1032 -39.93 -33.78258561971092 186.24
1033 -39.93 -29.35882793485655 186.24
1034 -48.335 -37.97502828561763 186.24
1035 -48.335 -42.62499999754625 186.24
1036 -48.335 -47.2749717143824 186.24
1037 -68.28665441690855 -41.175 194.9803
1038 -64.11334558532278 -41.175 194.9803
1039 -64.05001249958858 -44.175 194.9803
1040 -68.25498749814628 -44.175 194.9803
1041 -16.44831745297953 -44.08 194.9803
1042 -20.4566413184359 -44.08 194.9803
1043 -20.51664097511934 -41.08 194.9803
1044 -16.47831730728583 -41.08 194.9803
1045 -36.065 -47.24997235957814 185.75
1046 -36.065 -42.62500000242748 185.75
1047 -36.065 -38.00002764042186 185.75
1048 -34.18749999839577 -51.875 185.75
1049 -34.18750000160423 -33.375 185.75
1050 -50.21249999839578 -51.925 185.75
1051 -48.335 -37.97876404276905 185.75
1052 -48.335 -42.62749049568522 185.75
1053 -48.335 -47.27621698363914 185.75
1054 -44.935 -56.1250110429353 185.75
1055 -44.935 -29.13248897576694 185.75
1056 -39.93 -29.1549888338638 185.75
1057 -39.93 -56.10001119364698 185.75
1058 -72.46000000000001 -41.175 191.1251499991526
1059 -72.46000000000001 -44.175 191.1251500008474
1060 -42.39 -27 186.24
1061 -42.39 -27 186.78
1062 -34.19 -35.78878556378352 186.24
1063 -34.19 -49.46121443621648 186.24
1064 -34.19 -44.90371443621648 186.24
1065 -34.19 -40.34628556378352 186.24
1066 -34.19 -35.78878556378352 186.78
1067 -34.19 -49.46121443621648 186.78
1068 -34.19 -40.34628556378352 186.78
1069 -34.19 -44.90371443621648 186.78
1070 -50.215 -35.78878556378352 186.24
1071 -50.215 -49.46121443621648 186.24
1072 -50.215 -40.34628556378352 186.24
1073 -50.215 -44.90371443621648 186.24
1074 -50.215 -35.78878556378352 186.78
1075 -50.215 -49.46121443621648 186.78
1076 -50.215 -40.34628556378352 186.78
1077 -50.215 -44.90371443621648 186.78
1078 -42.39 -58.26 186.24
1079 -42.39 -58.26 186.78
1080 -42.39 -27 187.27
1081 -42.39 -27 187.81
1082 -34.19 -35.78878556378352 187.27
1083 -34.19 -49.46121443621648 187.27
1084 -34.19 -40.34628556378352 187.27
1085 -34.19 -44.90371443621648 187.27
1086 -34.19 -35.78878556378352 187.81
1087 -34.19 -49.46121443621648 187.81
1088 -34.19 -40.34628556378352 187.81
1089 -34.19 -44.90371443621648 187.81
1090 -50.215 -35.78878556378352 187.27
1091 -50.215 -49.46121443621648 187.27
1092 -50.215 -40.34628556378352 187.27
1093 -50.215 -44.90371443621648 187.27
1094 -50.215 -35.78878556378352 187.81
1095 -50.215 -49.46121443621648 187.81
1096 -50.215 -44.90371443621648 187.81
1097 -50.215 -40.34628556378352 187.81
1098 -42.39 -58.26 187.27
1099 -42.39 -58.26 187.81
1100 -34.19 -35.78878556378352 188.3
1101 -34.19 -49.46121443621648 188.3
1102 -34.19 -40.34628556378352 188.3
1103 -34.19 -44.90371443621648 188.3
1104 -34.19 -35.78878556378352 188.84
1105 -34.19 -49.46121443621648 188.84
1106 -34.19 -40.34628556378352 188.84
1107 -34.19 -44.90371443621648 188.84
1108 -50.215 -35.78878556378352 188.3
1109 -50.215 -49.46121443621648 188.3
1110 -50.215 -40.34628556378352 188.3
1111 -50.215 -44.90371443621648 188.3
1112 -50.215 -35.78878556378352 188.84
1113 -50.215 -49.46121443621648 188.84
1114 -50.215 -44.90371443621648 188.84
1115 -50.215 -40.34628556378352 188.84
1116 -34.19 -36.16752456248345 189.33
1117 -34.19 -49.08247543751656 189.33
1118 -34.19 -44.77747543751655 189.33
1119 -34.19 -40.47252456248345 189.33
1120 -34.19 -34.015 189.75515
1121 -34.19 -51.235 189.75515
1122 -34.19 -36.16752456248345 190.1803
1123 -34.19 -49.08247543751655 190.1803
1124 -34.19 -40.47252456248345 190.1803
1125 -34.19 -44.77747543751655 190.1803
1126 -50.215 -36.16752456248345 189.33
1127 -50.215 -49.08247543751655 189.33
1128 -50.215 -40.47252456248345 189.33
1129 -50.215 -44.77747543751655 189.33
1130 -50.215 -34.015 189.75515
1131 -50.215 -51.235 189.75515
1132 -50.215 -36.16752456248345 190.1803
1133 -50.215 -49.08247543751655 190.1803
1134 -50.215 -40.47252456248345 190.1803
1135 -50.215 -44.77747543751655 190.1803
1136 -34.64 -36.40751498393711 193.5803
1137 -34.64 -48.84248501606289 193.5803
1138 -34.64 -44.69748501513913 193.5803
1139 -34.64 -40.55251498301334 193.5803
1140 -33.74 -48.84248501606289 193.5803
1141 -33.74 -36.4075149839371 193.5803
1142 -33.74 -40.55251498486087 193.5803
1143 -33.74 -44.69748501698666 193.5803
1144 -50.665 -36.40751498393711 193.5803
1145 -50.665 -48.84248501606289 193.5803
1146 -50.665 -44.69748501513913 193.5803
1147 -50.665 -40.55251498301334 193.5803
1148 -49.765 -48.84248501606289 193.5803
1149 -49.765 -36.4075149839371 193.5803
1150 -49.765 -40.55251498486087 193.5803
1151 -49.765 -44.69748501698666 193.5803
1152 -34.18749999983631 -49.61180580423085 185.75
1153 -34.18750000016369 -35.63819419576915 185.75
1154 -34.1875 -40.31251382021093 185.75
1155 -34.1875 -44.93748617978907 185.75
1156 -50.21155104811138 -35.59968993877053 185.75
1157 -50.21281602875216 -49.65183921391996 185.75
1158 -50.2125 -44.95091979904012 185.75
1159 -50.21250000000001 -40.30157070663141 185.75
1160 -42.44826631054221 -35.66747929582949 185.75
1161 -42.44989385301935 -49.58692416504527 185.75
1162 -42.43870521448678 -31.69080924972458 185.75
1163 -42.43938200362587 -53.56448703108901 185.75
1164 -42.43493531021902 -40.30605664371753 185.75
1165 -42.43580486053973 -44.94526368471776 185.75
1166 -42.4325 -49.26555765160566 188.3
1167 -42.4325000000001 -35.99444802487559 188.3
1168 -42.43250000000009 -44.84184478641971 188.3
1169 -42.43250000000003 -40.41815227856259 188.3
1170 -42.43250000000004 -31.89313689737059 188.3
1171 -42.43249999999997 -53.36686351636711 188.3
1172 -36.065 -49.56247328519756 191.1803
1173 -36.065 -35.68752671480244 191.1803
1174 -36.065 -40.31252671601618 191.1803
1175 -36.065 -44.9374732864113 191.1803
1176 -35.02850426841948 -51.875 191.180299998886
1177 -33.34140692716696 -51.875 191.180299999942
1178 -35.02850426841948 -33.375 191.1803000011139
1179 -33.34140692716696 -33.375 191.180300000058
1180 -32.31 -35.68752671480244 191.1803
1181 -32.31 -49.56247328519756 191.1803
1182 -32.31 -44.93747328398382 191.1803
1183 -32.31 -40.3125267135887 191.1803
1184 -52.09 -35.65002712400024 191.1803
1185 -52.09 -49.59997287599977 191.1803
1186 -52.09 -40.30002712522712 191.1803
1187 -52.09 -44.94997287722664 191.1803
1188 -49.37149573158052 -51.925 191.1803000011139
1189 -51.05859307283304 -51.925 191.180300000058
1190 -49.37149573158052 -33.325 191.180299998886
1191 -51.05859307283303 -33.325 191.180299999942
1192 -48.335 -49.59997287599977 191.1803
1193 -48.335 -35.65002712400025 191.1803
1194 -48.335 -44.9499728747729 191.1803
1195 -48.335 -40.30002712277336 191.1803
1196 -53.39833705880886 -34.63333705880886 196.4803
1197 -58.63166294181158 -39.86666294181158 196.4803
1198 -56.01500000062045 -37.25000000062045 196.4803
1199 -62.02667279266139 -41.175 196.4803
1200 -70.37332720845428 -41.175 196.4803
1201 -66.20000000111565 -41.175 196.4803
1202 -49.64925000016043 -33.325 196.4803
1203 -50.85085000003209 -33.325 196.4803
1204 -53.73249999985691 -42.64318181818155 197.9803
1205 -51.23527901931173 -36.08915395889548 197.9803
1206 -51.23000122219981 -49.17246222284294 197.9803
1207 -70.36541047876371 -42.675 197.9803
1208 -66.17624999999154 -42.675 197.9803
1209 -61.98708952122784 -42.675 197.9803
1210 -72.46000000000001 -42.675 196.4803
1211 -70.35749374907314 -44.175 196.4803
1212 -61.94750624979429 -44.175 196.4803
1213 -66.15249999886743 -44.175 196.4803
1214 -49.64925000016042 -51.925 196.4803
1215 -50.85085000003209 -51.925 196.4803
1216 -48.335 -35.65003390878681 196.4803
1217 -48.335 -49.5999660912132 196.4803
1218 -48.335 -44.94996608998633 196.4803
1219 -48.335 -40.30003390755993 196.4803
1220 -58.55249633192157 -45.46667033238012 196.4803
1221 -53.38250366747309 -50.63332966822484 196.4803
1222 -55.96749999939466 -48.05000000060495 196.4803
1223 -31.00249628072147 -50.57582963775957 196.4803
1224 -25.77250371866083 -45.37917036162666 196.4803
1225 -28.3874999993823 -47.97749999938623 196.4803
1226 -14.23583242706696 -44.08 196.4803
1227 -22.41915726522861 -44.08 196.4803
1228 -18.32748969229557 -44.08 196.4803
1229 -34.75074999983958 -51.875 196.4803
1230 -33.54914999996792 -51.875 196.4803
1231 -30.65644573015845 -42.62105542554023 197.9803
1232 -33.16315638220093 -49.12877463340043 197.9803
1233 -33.16815640041133 -36.11491049026164 197.9803
1234 -14.03500618928551 -42.58 197.9803
1235 -18.22500000000801 -42.58 197.9803
1236 -22.41499381072249 -42.58 197.9803
1237 -11.94 -42.58 196.4803
1238 -14.25083245228489 -41.08 196.4803
1239 -22.49415711888269 -41.08 196.4803
1240 -18.37248957116758 -41.08 196.4803
1241 -34.75075000016042 -33.375 196.4803000002008
1242 -33.54915000003209 -33.375 196.4803000000402
1243 -36.065 -35.68753345032841 196.4803
1244 -36.065 -49.5624665496716 196.4803
1245 -36.065 -40.31253345154215 196.4803
1246 -36.065 -44.93746655088534 196.4803
1247 -25.84750366525095 -39.79582969171392 196.4803
1248 -31.01749633535264 -34.65917030768638 196.4803
1249 -28.43250000060359 -37.2274999994003 196.4803
1250 -72.46000000000001 -42.675 193.052725
1251 -72.46000000000001 -42.675 189.197575
1252 -12.44 -42.58 189.1975794748204
1253 -12.44 -42.58 193.0527294748204
1254 -46.635 -49.60059863837417 185.75
1255 -46.63500000000001 -35.65439661822789 185.75
1256 -46.63500000000001 -44.95184626168236 185.75
1257 -46.63500000000001 -40.30314424153607 185.75
1258 -37.9975 -35.68752597767767 185.75
1259 -37.9975 -49.56247402232233 185.75
1260 -37.9975 -40.31252597889141 185.75
1261 -37.9975 -44.93747402353607 185.75
1262 -31.11177554193201 -42.394156783153 199.8803000000001
1263 -63.93514581280537 -42.62953503411321 199.8803000000001
1264 -47.78467336614435 -61.58593175351745 199.8803000000001
1265 -47.34774917042473 -25.00718824877222 199.8803000000001
1266 -47.50406408119734 -41.45950900808826 199.8803000000001
1267 -67.14011650154183 -21.06191214909541 199.8803000000001
1268 -67.17238776540094 -64.21455159181889 199.8803000000001
1269 -25.74952709983404 -21.2959081727208 199.8803000000001
1270 -22.31812571813613 -65.35439874428241 199.8803000000001
1271 -55.4227947837506 -32.51208383377306 199.8803000000001
1272 -55.46149168055135 -52.02841873690738 199.8803000000001
1273 -8.566509120036919 -35.18917547566265 199.8803000000001
1274 -18.30767330993124 -50.91504114604629 199.8803000000001
1275 -39.47091003728928 -32.65069684202807 199.8803000000001
1276 -39.51219504976364 -51.32199485900415 199.8803000000001
1277 -55.32155089970681 -43.33572867351859 199.8803000000001
1278 -5.526659382325498 -69.17462399591487 199.8803000000001
1279 -8.200213053998382 -20.01149372489787 199.8803000000001
1280 -47.74617477883181 -49.36245641569997 199.8803000000001
1281 -19.6809468152704 -40.57794344286056 199.8803000000001
1282 -64.38013436517375 -51.53749480345672 199.8803000000001
1283 -81.94001115497801 -45.98105982771082 199.8803000000001
1284 -75.70621964313557 -33.26779549687924 199.8803000000001
1285 -37.9360692858471 -41.95333563066772 199.8803000000001
1286 -65.14267047917086 -33.73401760457345 199.8803000000001
1287 -27.21615352873614 -31.49647159487029 199.8803000000001
1288 -18.97719833023538 -31.20207897038998 199.8803000000001
1289 -29.04688852835574 -54.1280863226775 199.8803000000001
1290 -36.17237653247997 -63.2580823358963 199.8803000000001
1291 -2.316231111139594 -46.31772559837076 199.8803000000001
1292 -25.72586682030286 -46.18987391926422 199.8803000000001
1293 -46.99085046489689 -33.60421998213363 199.8803000000001
1294 -36.66107085606922 -22.49723303509341 199.8803000000001
1295 -55.64100262745776 -12.51468045500336 199.8803000000001
1296 -56.19633626845618 -72.71591619661191 199.8803000000001
1297 -11.51129367731948 -45.99623167713455 199.8803000000001
1298 -57.75577179313845 -61.03391556209048 199.8803000000001
1299 -57.584482194107 -22.97490463459638 199.8803000000001
1300 -51.89844564650089 -37.36453072964392 199.8803000000001
1301 -72.14263634091854 -42.69202740756114 199.8803000000001
1302 -73.55549234144138 -53.44368162055649 199.8803000000001
1303 -43.18602662319727 -45.56950278295218 199.8803000000001
1304 -79.88343171688201 -17.31426583745361 199.8803000000001
1305 -80.52134870146593 -64.03340479766464 199.8803000000001
1306 -59.77458068955932 -47.38279431199897 199.8803000000001
1307 -43.14209814178933 -38.05618735364187 199.8803000000001
1308 -59.40104103683377 -38.13166337002826 199.8803000000001
1309 -42.85105058341533 -14.47499395177092 199.8803000000001
1310 -32.61805013903931 -11.60901037301184 199.8803000000001
1311 -32.62562602537308 -36.29431268935513 199.8803000000001
1312 -32.34465750946035 -28.84692446681353 199.8803000000001
1313 -8.503078694975748 -56.26765310860949 199.8803000000001
1314 -26.18056145085673 -38.30505379145589 199.8803000000001
1315 -32.88009635865395 -47.61393054248933 199.8803000000001
1316 -94.41 -42.24670032406761 242.3617190630692
1317 -94.41 -41.90884157915784 352.935129672354
1318 -94.41 -42.32593740049576 299.9253551350681
1319 -94.41 -58.34135904373962 327.4302252436337
1320 -94.41 -55.84744611147106 271.3088714285713
1321 -94.41 -26.73098312004881 271.3088714285713
1322 -94.41 -26.41681354056802 327.6178483038409
1323 -94.41 -62.15296515840918 221.8245998765894
1324 -94.41 -22.97883683378122 221.8244988172077
1325 -94.41 -59.28553942078439 375.6398350209873
1326 -94.41 -28.61652724484912 378.1645908429794
1327 -94.41 -19.52248203715703 299.8802999999998
1328 -94.41 -65.50986035879735 299.8294645047516
1329 -94.41 -64.45317188981311 353.9156061837289
1330 -94.41 -19.93243647291499 354.5527766209777
1331 -94.41 -64.79182969483114 245.3884785949117
1332 -94.41 -18.93530405557952 244.1939950046268
1333 -94.41 -42.52751447689689 217.1542835513733
1334 -37.2765693578889 -1.359999999999999 248.8766677899965
1335 -44.58963695576666 -1.359999999999999 334.3863262786386
1336 -49.56240952207141 -1.359999999999999 365.9206689534142
1337 -52.04338391066297 -1.359999999999999 290.2440590773515
1338 -17.98395845152928 -1.359999999999999 357.5986690924335
1339 -25.46099830667838 -1.359999999999999 301.1222183722864
1340 -63.72750608750999 -1.359999999999999 230.357510554563
1341 -17.77665644041572 -1.359999999999999 228.134872180096
1342 -16.39751515000063 -1.359999999999999 269.6041978487756
1343 -72.33084112955817 -1.359999999999999 326.4506651633293
1344 -13.60291874279486 -1.359999999999999 330.002134177243
1345 -65.29461196165751 -1.359999999999999 269.4738441322983
1346 -27.51485159356642 -1.359999999999999 380.4876307799605
1347 -73.45395049202165 -1.359999999999999 299.7152627053821
1348 -42.2 -1.359999999999999 222.721856956834
1349 -72.97152785928995 -1.359999999999999 377.9325326186225
1350 -71.94533045158865 -1.359999999999999 352.4491185909602
1351 -39.23872775810126 -1.359999999999999 274.3406286470345
1352 -10.27760091898189 -1.359999999999999 248.607766772496
1353 -8.314762009019162 -1.359999999999999 381.8311542601931
1354 -3.463399861785263 -1.359999999999999 214.125598929677
1355 -81.08041121986635 -1.359999999999999 214.1660142857143
1356 -54.87565755011029 -1.359999999999999 311.1588632334386
1357 10.01 -43.01286340077627 242.3617190638201
1358 10.01 -43.35115842084215 352.935129672354
1359 10.01 -42.93406259950424 299.9253551350681
1360 10.01 -26.91864095626038 327.4302252436337
1361 10.01 -29.41255388852893 271.3088714285713
1362 10.01 -58.52901687995119 271.3088714285713
1363 10.01 -58.84318645943197 327.6178483038408
1364 10.01 -62.28065900231737 221.8245998775925
1365 10.01 -23.10653068210935 221.8244988182108
1366 10.01 -28.84634571748499 378.1930569470898
1367 10.01 -60.09544361093125 375.91880284127
1368 10.01 -65.73751796284297 299.8802999999997
1369 10.01 -19.75013964120265 299.8294645047516
1370 10.01 -20.69239685985652 354.0731809041654
1371 10.01 -65.2515319961539 354.0115311005181
1372 10.01 -66.32450785660896 244.1940152168539
1373 10.01 -20.46758223313424 245.388024816267
1374 10.01 -42.73182463068592 217.1542835519247
1375 -47.12343401965433 -83.90000000000001 248.8767071753301
1376 -39.81036304423334 -83.90000000000001 334.3863262786386
1377 -34.83759047792859 -83.90000000000001 365.9206689534142
1378 -32.35661608933702 -83.90000000000001 290.2440590773515
1379 -66.41604154847072 -83.90000000000001 357.5986690924335
1380 -58.93900169332162 -83.90000000000001 301.1222183722864
1381 -66.62320004415866 -83.90000000000001 228.1349138530737
1382 -20.67245397307912 -83.90000000000001 230.357597980422
1383 -68.00248714764784 -83.90000000000001 269.6042055117403
1384 -12.06915887044183 -83.90000000000001 326.4506651633293
1385 -70.79708125720514 -83.90000000000001 330.002134177243
1386 -19.10538281521853 -83.90000000000001 269.4738622481829
1387 -56.88514840643358 -83.90000000000001 380.4876307799605
1388 -10.94604888617787 -83.90000000000001 299.715264862035
1389 -42.2 -83.90000000000001 222.7219070713194
1390 -11.42847214071005 -83.90000000000001 377.9325326186225
1391 -12.45466954841135 -83.90000000000001 352.4491185909602
1392 -45.16127224189874 -83.90000000000001 274.3406286470345
1393 -74.12240939321639 -83.90000000000001 248.607808916873
1394 -76.08523799098083 -83.90000000000001 381.8311542601931
1395 -80.93625199074033 -83.90000000000001 214.1256042451078
1396 -3.320031581636048 -83.90000000000001 214.1660142857143
1397 -29.52434238644069 -83.90000000000001 311.1588634535053
1398 -57.86299999999999 -42.63 399.8803000000001
1399 -78.74700000000001 -18.55583333333331 399.8803000000001
1400 -12.73864285714289 -28.87333333333335 399.8803000000001
1401 -18.14610714285712 -63.26500000000001 399.8803000000001
1402 -78.74699999999999 -66.70416666666668 399.8803000000001
1403 -42.28168135279725 -42.83274528642901 183.75
1404 -66.06203697029984 -30.57970927272097 183.75
1405 -65.43054383618642 -57.32811964333209 183.75
1406 -17.64735175186224 -28.48614623844433 183.75
1407 -19.82258066030735 -57.3102084606553 183.75
1408 -46.4745658152317 -64.80033090617485 183.75
1409 -33.69950372061353 -54.15397101108225 183.75
1410 -27.8146036312948 -41.95885350974407 183.75
1411 -36.60177026590783 -23.78893885915895 183.75
1412 -51.13592883178483 -29.58531372917497 183.75
1413 -58.27642348165901 -43.68474981227282 183.75
1414 -50.37476882381077 -52.44285988150683 183.75
1415 -73.2215295410526 -43.13468139717262 183.75
1416 -11.80134615120644 -43.03994351122106 183.75
1417 -36.14113086173468 -33.99879287044293 183.75
1418 -55.14864489005741 -61.02966958743542 183.75
1419 -32.86642292314774 -69.40324655306918 183.75
1420 -49.03386417463148 -14.61197290304001 183.75
1421 -43.85973966723027 -34.1837989496766 183.75
1422 -42.08444086037085 -51.01785739681138 183.75
1423 -56.90433914958975 -19.61458233167925 183.75
1424 -0.7406234674275822 -54.39948234400052 183.75
1425 -25.34417975436575 -15.07385391247385 183.75
1426 -82.9342965042874 -55.98231922981772 183.75
1427 -0.8348330113743074 -31.62537121566768 183.75
1428 -83.52989477876602 -30.54917749710087 183.75
1429 -34.85231828195876 -46.68025121303621 183.75
1430 -50.22585620653313 -39.82088311153587 183.75
1431 -26.50723191199521 -49.7550351079547 183.75
1432 -26.02326328317591 -28.69142826764382 183.75
1433 -56.947088781288 -35.03670219194215 183.75
1434 -65.32520936779491 -39.10691210766271 183.75
1435 -72.11617667194724 -15.60947587402496 183.75
1436 -65.67156508486711 -71.42266124240477 183.75
1437 -53.04462496802394 -71.31805908737425 183.75
1438 -42.78124812781214 -73.64087575443932 183.75
1439 -8.619766282885301 -15.17519802887749 183.75
1440 -57.95834626451163 -51.82520947759467 183.75
1441 -40.29423378133306 -59.13992662905285 183.75
1442 -8.320592402852562 -70.93765221479264 183.75
1443 -20.9753546621532 -70.39179455897397 183.75
1444 -43.93958426684294 -26.25433274901128 183.75
1445 -80.7772044514186 -69.75369381919606 183.75
1446 -19.66370443714925 -46.62535910870074 183.75
1447 -27.46734156004345 -62.40159493047869 183.75
1448 -58.28813632898756 -27.50779419026015 183.75
1449 -65.5761333692532 -47.87794499142515 183.75
1450 -47.83251258185184 -45.85299034159878 183.75
1451 -36.56509381150945 -12.23460400790129 183.75
1452 -46.14173658847442 -57.42887041893223 183.75
1453 -38.86142593652 -29.47509264625604 183.75
1454 -39.32812410037885 -65.70484603624202 183.75
1455 -34.02887887804113 -61.43090555547555 183.75
1456 -50.14735176790148 -22.43912934328136 183.75
1457 -29.47230422914949 -21.21417514656811 183.75
1458 -29.82141981637142 -34.97571566632142 183.75
1459 -73.41446011105711 -51.8182671560301 183.75
1460 -80.71357832677054 -47.01974022791344 183.75
1461 -3.217484958806544 -43.43251415066385 183.75
1462 -20.80570320796128 -36.27315995248196 183.75
1463 -42.5538080756028 -19.55185442066866 183.75
1464 -10.99187706876988 -51.43390570270095 183.75
1465 -9.547826684315979 -60.5471617886386 183.75
1466 0.2821914890807804 -66.55804647623718 183.75
1467 -52.93358147167328 -46.72533852490179 183.75
1468 -73.64561399756333 -61.26101221815614 183.75
1469 -73.89231182971852 -34.29373814011441 183.75
1470 -80.36311774543836 -39.18315573279559 183.75
1471 -36.48402337100909 -40.03557237224519 183.75
1472 -82.0979497733361 -16.15270947902057 183.75
1473 -10.54919344666031 -34.34464848957443 183.75
1474 -9.052776233555356 -25.29872127679495 183.75
1475 -1.433905529635972 -20.8136686221699 183.75
1476 -16.51789852909056 -19.93435598083919 183.75
1477 -23.00099950952879 -22.67999190919386 183.75
1478 -15.88546507169355 -12.17648388221527 183.75
1479 0.5260685027579157 -10.97919369539424 183.75
1480 -74.03205446764687 -24.71242176899196 183.75
1481 -61.71705019132943 -12.27429190995237 183.75
1482 -32.82021906547656 -28.69069057606521 183.75
1483 -64.85329896330012 -21.71637922460494 183.75
1484 -27.59533480998238 -56.32014114984879 183.75
1485 -14.7745539788873 -64.90724896096023 183.75
1486 -49.19566942312427 -34.5710431499938 183.75
1487 -94.41 -71.64185492845931 191.61515
1488 -94.41 -13.61782116755293 191.61515
1489 -82.43980519625214 -1.359999999999999 191.61515
1490 -1.960194803747925 -1.359999999999999 191.61515
1491 10.01 -71.64185493018913 191.61515
1492 10.01 -13.61782116582311 191.61515
1493 -82.43982050282121 -83.90000000000001 191.61515
1494 -1.960179497178734 -83.90000000000001 191.61515
1495 -53.29329968854054 -42.39510046671167 199.4803
1496 -20.46304364413814 -42.62951300859098 199.4803
1497 -36.43886698007185 -57.90207211897884 199.4803
1498 -37.05437697997331 -25.00902645151747 199.4803
1499 -37.16588472706722 -41.51825421040037 199.4803
1500 -17.26573149575262 -21.06347905932677 199.4803
1501 -17.98137541241659 -64.25401679257193 199.4803
1502 -28.97910279147506 -32.51496652895791 199.4803
1503 -29.42067328592785 -50.95565898109685 199.4803
1504 -58.64678811992763 -21.29987959448578 199.4803
1505 -62.08321430942642 -65.35406105131696 199.4803
1506 -44.93094802305713 -32.65300820858958 199.4803
1507 -44.10137822435927 -51.3080249087377 199.4803
1508 -75.83865576035595 -35.18341947212293 199.4803
1509 -66.1004438147696 -50.91523003006792 199.4803
1510 -28.16224563514819 -43.12736309498357 199.4803
1511 -78.87092016382675 -69.17991990212481 199.4803
1512 -76.19628609156574 -20.00779487820958 199.4803
1513 -36.90321378035891 -50.26382958515159 199.4803
1514 -20.34740527320753 -53.44966165362354 199.4803
1515 -2.457290457082564 -45.98524148976122 199.4803
1516 -8.692671328079335 -33.26513276232404 199.4803
1517 -64.7259442113307 -40.57841707593543 199.4803
1518 -46.78981941997551 -42.08442525663056 199.4803
1519 -19.25717626059933 -33.7306858353223 199.4803
1520 -57.18692750731551 -31.49679508800736 199.4803
1521 -65.42592045451269 -31.20286986895031 199.4803
1522 -56.14909873781693 -54.64722292559505 199.4803
1523 -47.53141249979428 -61.83282347415344 199.4803
1524 -58.77432852728347 -46.25159871203623 199.4803
1525 -82.09262576901685 -46.31523751082553 199.4803
1526 -37.16895864272288 -33.10512172067644 199.4803
1527 -47.73884903149135 -22.50400801187748 199.4803
1528 -72.89725550085838 -45.99527177363517 199.4803
1529 -27.18686577430681 -60.31292597104051 199.4803
1530 -28.76240415718953 -12.52491280288449 199.4803
1531 -32.90691289072883 -37.62911988439102 199.4803
1532 -26.81756255836996 -22.97906989671393 199.4803
1533 -12.08255867446537 -42.50996920990429 199.4803
1534 -11.45753915340402 -52.29911838324948 199.4803
1535 -40.87911318839041 -45.35988766734313 199.4803
1536 -23.74386118425566 -47.27616556911016 199.4803
1537 -41.21701468832823 -37.71067354096316 199.4803
1538 -31.76158089140787 -70.07557090892644 199.4803
1539 -4.522931071224782 -17.30923083036608 199.4803
1540 -4.758904410335766 -64.34997672543082 199.4803
1541 -24.97162766397542 -38.13503220266863 199.4803
1542 -41.54929614832167 -14.48230454205801 199.4803
1543 -51.77833600088267 -36.29402444756528 199.4803
1544 -52.05636973653486 -28.8495430701051 199.4803
1545 -58.22666964404476 -38.30757391310167 199.4803
1546 -51.77701668547226 -11.61952594690533 199.4803
1547 -51.45644092242009 -48.5234733422631 199.4803
1548 -33.33825116811493 -45.57663814374373 199.4803
1549 -75.90571780128352 -56.27120403710746 199.4803
1550 -16.8715147114674 -47.46974924045288 199.4803
1551 -49.69590375708155 -54.31722958372889 199.4803
1552 -42.2 -42.62999999999998 0
1553 -22.62904908144803 -53.04946120791702 0
1554 -61.77095091855197 -32.21053879208296 0
1555 -62.72863865562714 -54.60718596750414 0
1556 -21.67136134437285 -30.65281403249584 0
1557 -42.33681253386782 -65.99087021191963 0
1558 -42.06318746613216 -19.26912978808037 0
1559 -6.996489877363466 -66.42355426414906 0
1560 -77.40351012263653 -18.83644573585096 0
1561 -77.56312474548236 -66.72579431642384 0
1562 -6.836875254517636 -18.53420568357615 0
1563 -77.22010981726712 -42.68437033713768 0
1564 -7.17989018273289 -42.57562966286231 0
1565 -61.48112970146416 -14.60722286320286 0
1566 -22.91887029853583 -70.65277713679714 0
1567 -21.99185959847173 -13.7584432095333 0
1568 -62.40814040152824 -71.50155679046668 0
1569 -94.41 -45.2845841933038 52.93078490410447
1570 -94.41 -45.3397068333222 99.49985405647097
1571 -94.41 -42.45480744756962 139.4721385569646
1572 -94.41 -48.54712993445697 26.90248266287097
1573 -94.41 -59.20935995286298 77.74112838989018
1574 -94.41 -27.34113007898091 78.12977217861888
1575 -94.41 -23.61534717894965 33.51799283788161
1576 -94.41 -23.90026820458556 123.9522130688235
1577 -94.41 -23.13822768114765 157.8951780405166
1578 -94.41 -61.04078556541953 120.4438291932117
1579 -94.41 -61.89829832722717 157.6349714032166
1580 -94.41 -64.79834746789436 56.2499999999999
1581 -94.41 -19.98348093077794 55.65407856008636
1582 -94.41 -23.54862438233987 103.8400652911992
1583 -94.41 -65.17629871000997 99.46022274222409
1584 -94.41 -31.05629152945538 15.32979079332521
1585 -94.41 -65.46542474575432 139.3538153079214
1586 -94.41 -43.13497778773643 161.6686903352266
1587 -94.41 -66.97021790300809 17.31419738095236
1588 -94.41 -66.05932313094463 37.33745849248616
1589 -94.41 -18.20708085157975 139.9802393509086
1590 -94.41 -15.87732774168101 14.26955672624136
1591 -94.41 -11.88164780020496 168.8205675072351
1592 -94.41 -73.49355908522669 168.7587835409215
1593 -94.41 -41.27900990619485 118.5636824906715
1594 -42.20000000000009 -1.359999999999999 51.57609706666656
1595 -42.33347670545265 -1.359999999999999 136.5148745387314
1596 -29.85223387804984 -1.359999999999999 86.83945799636754
1597 -62.44540891945765 -1.359999999999999 101.2499999999999
1598 -60.66474539313057 -1.359999999999999 151.6048403168209
1599 -61.3649877255282 -1.359999999999999 28.82454153095902
1600 -24.30418605488188 -1.359999999999999 30.95073799977314
1601 -24.3264321724573 -1.359999999999999 150.3977572677931
1602 -62.62387094183077 -1.359999999999999 69.90298509746964
1603 -14.49563693514449 -1.359999999999999 55.89868055561342
1604 -15.09215445920537 -1.359999999999999 123.7499999999999
1605 -70.05805749530006 -1.359999999999999 126.0518842283397
1606 -42.2000000000001 -1.359999999999999 20.12729074897984
1607 -42.34493085420814 -1.359999999999999 159.7034944246691
1608 -9.929077478236735 -1.359999999999999 78.65106691830354
1609 -12.85068568228371 -1.359999999999999 99.84557983577356
1610 -72.8201123382313 -1.359999999999999 49.42560394918249
1611 -43.30887302629233 -1.359999999999999 72.99659851552279
1612 -40.11934013699336 -1.359999999999999 109.2201041434406
1613 -74.88037651239718 -1.359999999999999 87.46574144346424
1614 -7.320270548198195 -1.359999999999999 17.64353965015869
1615 -77.07972945180185 -1.359999999999999 17.64353965015867
1616 -7.320270548198124 -1.359999999999999 162.3564603498413
1617 -77.07972945180191 -1.359999999999999 162.3564603498413
1618 -5.343771435972158 -1.359999999999999 145.8008435235269
1619 -5.220018707644911 -1.359999999999999 34.39859164110902
1620 -79.4247071075271 -1.359999999999999 146.025630280141
1621 -50.24502372564943 -1.359999999999999 89.09346410274875
1622 -81.22127255630113 -1.359999999999999 33.35959804156701
1623 -79.24076858543097 -1.359999999999999 103.4535251343607
1624 -27.9571642635447 -1.359999999999999 69.19238021049478
1625 10.01 -41.47911350242018 52.93436818466661
1626 10.01 -42.61521027540334 122.8995847664985
1627 10.01 -37.3536870591889 91.21230745490024
1628 10.01 -34.93908610387027 151.0134503780911
1629 10.01 -35.8274210064208 28.7360198922675
1630 10.01 -61.7329740548506 33.78043862501855
1631 10.01 -61.73675440388752 145.8243189292853
1632 10.01 -61.43160307448488 80.03073975154595
1633 10.01 -61.50580853482582 103.887595179712
1634 10.01 -27.41849231796892 69.96099029961874
1635 10.01 -20.68290945332346 105.95684389202
1636 10.01 -62.55888076543525 58.85320828946724
1637 10.01 -22.83099577982391 47.55819592592586
1638 10.01 -21.85742263055567 131.5293827996123
1639 10.01 -66.73155464282333 124.0222997750991
1640 10.01 -54.36985538299535 164.3280929527016
1641 10.01 -54.54676629369807 15.54275261223086
1642 10.01 -18.28978209699191 162.6858026190476
1643 10.01 -18.28978209699192 17.31419738095236
1644 10.01 -18.23407022380874 86.04547976534275
1645 10.01 -69.46894806970973 14.36463824744988
1646 10.01 -69.43432195737657 165.5304823763974
1647 10.01 -14.78490054807213 32.97024624481074
1648 10.01 -14.99755502876623 147.1755193995358
1649 10.01 -44.0534574386415 72.68005143376034
1650 -42.19999999999988 -83.90000000000001 51.57609706666654
1651 -42.0665232945473 -83.90000000000001 136.5148745387314
1652 -54.54776612195013 -83.90000000000001 86.83945799636757
1653 -21.95459108054234 -83.90000000000001 101.2499999999999
1654 -23.03501227447178 -83.90000000000001 28.82454153095902
1655 -23.73525460686941 -83.90000000000001 151.6048403168208
1656 -60.09581394511809 -83.90000000000001 30.95073799977313
1657 -60.07356782754267 -83.90000000000001 150.3977572677931
1658 -21.77612905816921 -83.90000000000001 69.90298509746965
1659 -69.9043630648555 -83.90000000000001 55.89868055561342
1660 -69.30784554079457 -83.90000000000001 123.7499999999999
1661 -14.34194250469992 -83.90000000000001 126.0518842283397
1662 -42.19999999999987 -83.90000000000001 20.12729074897983
1663 -42.05506914579183 -83.90000000000001 159.7034944246691
1664 -74.47092252176327 -83.90000000000001 78.65106691830354
1665 -71.54931431771625 -83.90000000000001 99.84557983577356
1666 -11.5798876617687 -83.90000000000001 49.42560394918249
1667 -41.09112697370767 -83.90000000000001 72.99659851552278
1668 -44.2806598630066 -83.90000000000001 109.2201041434406
1669 -9.51962348760282 -83.90000000000001 87.46574144346428
1670 -77.07972945180178 -83.90000000000001 17.6435396501587
1671 -7.320270548198136 -83.90000000000001 17.64353965015866
1672 -77.07972945180182 -83.90000000000001 162.3564603498413
1673 -7.320270548198105 -83.90000000000001 162.3564603498413
1674 -79.0562285640278 -83.90000000000001 145.8008435235269
1675 -79.17998129235507 -83.90000000000001 34.39859164110902
1676 -4.975292892472893 -83.90000000000001 146.025630280141
1677 -34.15497627435054 -83.90000000000001 89.09346410274878
1678 -3.178727443698874 -83.90000000000001 33.35959804156702
1679 -5.159231414569016 -83.90000000000001 103.4535251343608
1680 -56.44283573645529 -83.90000000000001 69.19238021049478
1681 -42.30414451033887 -43.19775874964115 180
1682 -17.61948059803224 -57.1541465530801 180
1683 -17.34388456260429 -28.20983208910686 180
1684 -66.78051940196784 -28.10585344691983 180
1685 -67.0561154373959 -57.05016791089308 180
1686 -46.04878313453138 -63.61219380928574 180
1687 -37.47787518438749 -22.3821017010336 180
1688 -30.19102179434704 -57.34986021544335 180
1689 -25.87670203972897 -38.47458592115105 180
1690 -54.35478052012739 -28.70500203405425 180
1691 -58.52329796027122 -46.78541407884889 180
1692 -71.57869197035772 -42.75774987714848 180
1693 -12.82130802964242 -42.50225012285143 180
1694 -49.12800022115472 -51.50780000438384 180
1695 -35.42705213573385 -33.49901722874758 180
1696 -57.83023510452806 -15.46663898346999 180
1697 -26.59059379753978 -69.90691276645819 180
1698 -81.39291893274151 -55.47599804988879 180
1699 -3.007081067258618 -29.78400195011107 180
1700 -3.212653994525475 -52.46531771869843 180
1701 -81.18734600547458 -32.79468228130153 180
1702 -59.56401526101792 -70.43520545653941 180
1703 -25.26346861119883 -14.86198128711088 180
1704 -6.877573795660318 -68.34641838066682 180
1705 -77.52242620433967 -16.91358161933313 180
1706 -78.39317493852587 -69.0043952362202 180
1707 -6.078072373510295 -16.26180255438813 180
1708 -56.09435640463306 -58.97340482626918 180
1709 -28.27673079343668 -26.81699153021861 180
1710 -36.92788923971541 -64.78807821835991 180
1711 -42.51119264043035 -74.77330348220775 180
1712 -47.49612553489996 -21.38790506831591 180
1713 -41.9134183138787 -11.10228425585627 180
1714 -50.52358522827695 -39.18796862843547 180
1715 -33.53635567513151 -46.45190653610447 180
1716 -59.80123574521139 -36.63838985789294 180
1717 -24.00897362737643 -48.38654986972608 180
1718 -44.59726051896075 -31.39329223503799 180
1719 -39.68936576253649 -54.48459958886974 180
1720 -2.257760772856628 -41.84539244791524 180
1721 -82.14223922714345 -43.4146075520847 180
1722 -68.9147951777089 -15.46151851243074 180
1723 -15.49041204780807 -69.82686942505129 180
1724 -114.41 -42.29416608983414 166.7326519134064
1725 -114.41 -42.80211999217776 243.7213996285192
1726 -114.41 -41.74720529429457 117.2572354016422
1727 -114.41 -42.02248141789393 300.1926715986403
1728 -114.41 -38.81276851518575 359.2275675792665
1729 -114.41 -37.59677194266914 39.72680675231152
1730 -114.41 -18.42089491550327 205.2854893893223
1731 -114.41 -7.261847124494935 165.5213306733853
1732 -114.41 -57.47940342313698 199.8403435908386
1733 -114.41 -78.33702433398261 170.5699293539715
1734 30.00999999999999 -42.29416608983414 166.7326519134064
1735 30.00999999999999 -42.80211999217774 243.7213996285191
1736 30.00999999999999 -41.74720529429459 117.2572354016422
1737 30.00999999999999 -42.02248141789393 300.1926715986403
1738 30.00999999999999 -38.81276851518582 359.2275675792663
1739 30.00999999999999 -37.59677194266915 39.72680675231152
1740 30.00999999999999 -18.42089491550325 205.2854893893223
1741 30.00999999999999 -7.261847124494992 165.5213306733852
1742 30.00999999999999 -57.47940342313687 199.8403435908386
1743 30.00999999999999 -78.33702433398258 170.5699293539716
1744 -46.05912196027298 -103.9 173.0011911621722
1745 -42.19999999999999 -103.9 248.7248601245402
1746 -30.9812417898588 -103.9 86.46687825376551
1747 -42.2 -103.9 316.734604506515
1748 -16.04743884933416 -103.9 206.5397062106523
1749 -15.76056873347183 -103.9 154.4352089141242
1750 -69.36175451387913 -103.9 206.8710619801036
1751 -82.37040597210256 -103.9 166.5362071499386
1752 -20.07087052384185 -103.9 29.84146819107461
1753 -68.38315890195724 -103.9 25.31862267744393
1754 -73.04188046647232 -103.9 377.9963939122099
1755 -12.92631433331351 -103.9 377.1663181136091
1756 -64.47330364894285 -103.9 128.6880784960791
1757 -38.34100036035291 18.64 173.0017876360193
1758 -42.19999999999999 18.64 248.7226958538093
1759 -57.94083435701391 18.64 86.46887795087305
1760 -42.2 18.64 316.733541441933
1761 -15.06488864991198 18.64 207.6519191021032
1762 -2.032787392442089 18.64 166.6165565286668
1763 -68.55056371098436 18.64 206.0752299840205
1764 -69.42623337168597 18.64 154.3587119603624
1765 -23.18145558559132 18.64 28.00530256790847
1766 -72.67889856322932 18.64 25.05758612423863
1767 -73.04188046647231 18.64 377.9948407400749
1768 -12.92631433331353 18.64 377.1648524679077
1769 -21.10050986000726 18.64 128.398356625891
1770 -32.088719013987 -42.63000000000001 -20
1771 -77.27323663408031 -67.01295918367342 -20
1772 -76.71313652115248 -19.85470845481045 -20
1773 -52.31128098601302 -42.63000000000001 419.8803
1774 -7.1267633659197 -67.0129591836734 419.8803
1775 -7.686863478847542 -19.85470845481045 419.8803
1776 -42.43250000000003 -31.17533588051511 186.24
1777 -42.43249999999997 -54.0846641194853 186.24
1778 -42.43249999999998 -49.33145280106717 186.24
1779 -42.43250000000002 -35.9285471989329 186.24
1780 -42.43249999999991 -44.8418447864197 186.24
1781 -42.43250000000009 -40.41815521358031 186.24
1782 -64.91432549780544 -31.07035873411057 186.78
1783 -65.15451209237939 -54.10498565038618 186.78
1784 -19.49847730646062 -31.06323254854903 186.78
1785 -19.06597540097934 -54.16452941776814 186.78
1786 -20.41495321965532 -42.6278571421852 186.78
1787 -63.98504678034482 -42.62785714352909 186.78
1788 -53.53500090051225 -60.0425 186.78
1789 -30.94249907411629 -60.0425 186.78
1790 -42.39 -31.40654001152684 186.78
1791 -42.39 -53.85345998847312 186.78
1792 -48.79542843996131 -60.32437434437661 186.78
1793 -52.9754255177978 -25.25556326215815 186.78
1794 -35.67246794680565 -60.32623435974304 186.78
1795 -31.51979268982996 -25.23851636692726 186.78
1796 -48.46094199840731 -25.2964983526889 186.78
1797 -36.30625280485301 -25.41824376283133 186.78
1798 -15.94883525445858 -47.94390063207818 186.78
1799 -16.01060549444473 -37.30516740239041 186.78
1800 -46.27908532836032 -57.84687486887532 186.78
1801 -68.39122347729038 -37.3061854304351 186.78
1802 -68.4255201020385 -47.93539438113095 186.78
1803 -38.44149396004589 -57.84724687194861 186.78
1804 -57.65583108772841 -59.69678099709897 186.78
1805 -42.29500000133501 -23.1725 186.78
1806 -26.75708557428875 -59.68243884677494 186.78
1807 -59.26176751015382 -25.69520180271259 186.78
1808 -14.02126948839359 -32.78742237954187 186.78
1809 -14.47087879371172 -42.62538503439006 186.78
1810 -13.95065918251815 -52.45926762057023 186.78
1811 -60.79173611913571 -35.84747939187324 186.78
1812 -23.6082638808643 -35.84747939187329 186.78
1813 -23.60837410432198 -49.41252060812675 186.78
1814 -60.79162589567803 -49.41252060812672 186.78
1815 -25.1734828323852 -25.67879112146747 186.78
1816 -59.42501613833787 -55.21860786645109 186.78
1817 -59.32675975013062 -31.25479114831824 186.78
1818 -24.95998629631047 -54.84676350226462 186.78
1819 -25.07574197554648 -31.25356578040875 186.78
1820 -70.42003265379546 -52.4495461893805 186.78
1821 -69.92435807193475 -42.62388739195973 186.78
1822 -70.38082076470097 -32.78858583862862 186.78
1823 -70.60616756434 -56.96062409059451 186.78
1824 -13.89841131802304 -28.28766135411229 186.78
1825 -70.50407085820373 -28.28904296154607 186.78
1826 -13.75902899018448 -56.97216829040454 186.78
1827 -42.43250000000003 -40.36915335237417 186.78
1828 -42.43249999999997 -44.89084664762583 186.78
1829 -42.43250000000005 -49.41252060812673 186.78
1830 -42.43249999999997 -35.84747939187326 186.78
1831 -17.4231034593452 -25.25598472194197 186.78
1832 -66.97689654065481 -25.2559847218958 186.78
1833 -25.50713047148246 -44.43824487958754 186.78
1834 -25.396684462499 -40.55345144997862 186.78
1835 -58.89286952851756 -44.43824487985634 186.78
1836 -59.00331553750102 -40.55345145014321 186.78
1837 -67.3824485605447 -60.09409027347259 186.78
1838 -16.99203763400831 -60.0923087337037 186.78
1839 -21.94980489867549 -59.4276734167519 186.78
1840 -71.15114641819619 -24.47011045435356 186.78
1841 -13.24935001704917 -24.469834132876 186.78
1842 -62.41567723124552 -59.48241079790147 186.78
1843 -13.10197022862777 -60.80179048715647 186.78
1844 -71.28596632118774 -60.79983795514828 186.78
1845 -62.78794990675293 -42.65663265306126 187.27
1846 -21.77130567800718 -42.60040816326531 187.27
1847 -66.5404314277346 -30.67949783843211 187.27
1848 -67.48991760777275 -53.31952175604993 187.27
1849 -17.85270898405973 -30.67326242606 187.27
1850 -16.92999827146831 -53.30722848435988 187.27
1851 -53.53500090051225 -60.0425 187.27
1852 -30.94249907411629 -60.0425 187.27
1853 -42.39 -31.40654001152684 187.27
1854 -42.39 -53.85345998847312 187.27
1855 -70.77547067944882 -37.79560037916163 187.27
1856 -48.79542843996131 -60.32437434437661 187.27
1857 -52.9754255177978 -25.25556326215815 187.27
1858 -70.93721990111165 -47.36588088042447 187.27
1859 -35.67246794680565 -60.32623435974304 187.27
1860 -31.51979268982996 -25.23851636692726 187.27
1861 -13.60673812687717 -47.34867907005538 187.27
1862 -48.46094199820875 -25.29649835268889 187.27
1863 -36.30625280446381 -25.41824376283134 187.27
1864 -14.22193720724869 -37.73072230352319 187.27
1865 -46.27908532836032 -57.84687486887532 187.27
1866 -38.44149396004588 -57.84724687194861 187.27
1867 -57.65583108814933 -59.69678099689915 187.27
1868 -42.29499999866498 -23.1725 187.27
1869 -26.75708557470967 -59.68243884698613 187.27
1870 -68.05327631372253 -42.66395973079102 187.27
1871 -58.97290703596038 -25.77226959144133 187.27
1872 -61.76664991966247 -36.77656810991608 187.27
1873 -22.70923501380491 -36.75770224307705 187.27
1874 -22.55138182958952 -48.35771816857736 187.27
1875 -61.88640717608661 -48.3728681063136 187.27
1876 -25.43971562395706 -25.76894354749805 187.27
1877 -59.8285364360227 -54.63435098885246 187.27
1878 -59.40812022476167 -31.32582603949903 187.27
1879 -24.57987089139416 -54.61913214851708 187.27
1880 -24.99187977523837 -31.3258260394991 187.27
1881 -42.43250000000003 -40.36915335237417 187.27
1882 -42.43249999999997 -44.89084664762583 187.27
1883 -42.43250000000005 -49.41252060812673 187.27
1884 -42.43249999999997 -35.84747939187326 187.27
1885 -69.13793332386298 -59.11240146915146 187.27
1886 -15.26409890948575 -59.10236614556283 187.27
1887 -14.19108892611481 -25.66876515011682 187.27
1888 -70.20776780918422 -25.66980438551225 187.27
1889 -25.40268719275186 -44.41295232496 187.27
1890 -25.32965545395714 -40.50782487851848 187.27
1891 -59.13478748057644 -44.55677666485763 187.27
1892 -58.83987746139837 -40.94565682651669 187.27
1893 -16.61836600053691 -42.57610392799496 187.27
1894 -21.44801089623758 -59.38503184724094 187.27
1895 -72.12063312532665 -23.61883224345954 187.27
1896 -12.27908105849809 -23.61857243461063 187.27
1897 -62.95714054590265 -59.41579572155936 187.27
1898 -71.89478720122924 -61.51421922020644 187.27
1899 -12.50572085710794 -61.51171038930923 187.27
1900 -42.43250000000003 -54.08466411948487 187.81
1901 -42.43249999999997 -31.17533588051464 187.81
1902 -42.43250000000002 -49.33145280106709 187.81
1903 -42.43250000000009 -35.99444802487558 187.81
1904 -42.43250000000009 -44.8418447864197 187.81
1905 -42.43250000000003 -40.41815227856259 187.81
1906 -56.13996587830144 -42.65912527286245 194.9803
1907 -53.67481487169606 -38.95781766785228 194.9803
1908 -53.65677255017637 -46.32334073073276 194.9803
1909 -52.36029779786276 -36.20790435066885 194.9803
1910 -52.35035597702451 -49.05499401986165 194.9803
1911 -70.36541047876371 -42.675 194.9803
1912 -66.17624999999154 -42.675 194.9803
1913 -61.98708952122784 -42.675 194.9803
1914 -28.26350802186133 -42.59395973844589 194.9803
1915 -30.73330303323334 -46.27255141249844 194.9803
1916 -30.75030829074851 -38.94911483629431 194.9803
1917 -32.04365911893525 -49.02183614402868 194.9803
1918 -32.05306019229076 -36.21649708390826 194.9803
1919 -14.45165869006633 -42.58 194.9803
1920 -18.47497926345515 -42.58 194.9803
1921 -22.49832057338881 -42.58 194.9803
1922 -34.19 -50.98040481207217 188.57
1923 -51.63207574620878 -41.48401222496909 242.4655344542207
1924 -29.51334307514478 -45.84508024083721 226.970623832227
1925 -64.2243364713805 -47.08018316522782 223.1687998554195
1926 -47.04977589588006 -37.54477971364918 219.4760704000701
1927 -42.19999951098738 -42.62999988336471 302.2262205987303
1928 -49.79210443674765 -43.09783831507581 349.7990958666225
1929 -31.04818285937561 -23.32364454231385 220.5505364504631
1930 -24.71896936784461 -43.97078538424006 268.8057975646186
1931 -34.38143001151686 -39.96784024122535 213.499942507763
1932 -23.49091567196723 -51.69514279564349 329.5173816573055
1933 -56.75483105147826 -52.47238581337673 273.6990138136008
1934 -51.41768123153872 -18.71001996975795 217.7821813642772
1935 -20.34363525684714 -45.92574885103739 214.1616161116496
1936 -20.5392554568885 -53.04647756060682 362.9345304713245
1937 -63.33191164732811 -31.71697099206526 323.3556673699933
1938 -60.25975645808624 -33.30581475638475 213.976209720308
1939 -60.85350349504904 -67.39251835420863 218.5335682212117
1940 -43.50561955669038 -49.8230040557441 212.6440468379793
1941 -55.43769018080946 -47.68133044730716 211.2788559707782
1942 -67.26357373988503 -29.75428441072039 290.8970264367725
1943 -48.35984744126141 -45.18182268809512 141.0320628501682
1944 -50.34508863147776 -42.84884829368079 77.46285241714489
1945 -19.96744428422482 -42.49304593279552 150.7350321582463
1946 -30.20374309649103 -43.68720349402948 40.41835595827698
1947 -42.84198599488552 -25.46209754055276 156.4775703498826
1948 -35.8644907707172 -58.98127604161495 157.0003780398897
1949 -67.64563409412739 -35.93414348847571 155.4422371994212
1950 -26.39977465778225 -45.55357117539847 108.4742012654985
1951 -61.01646442835016 -35.24978813109539 109.9334130407834
1952 -61.98204150318217 -43.42031159514044 31.1476228319188
1953 -55.5229921016248 -52.52351083651717 160.1037071767749
1954 -21.50794663965409 -30.53199784631777 78.8102353606813
1955 -22.1097025177279 -22.01414024040265 160.1482865505039
1956 -67.11100932181685 -55.06709919906652 57.20307254632793
1957 -27.28553538146535 -57.48068116869951 83.24961704045504
1958 -36.21427853065646 -40.22836087923745 163.6460358061606
1959 -59.97719665578828 -26.89853593160874 55.06310383970719
1960 -68.35408305310223 -56.80383017482543 93.68815409195356
1961 -30.18512097137341 -26.32333894848859 129.3884551151018
1962 -27.74166728010154 -59.4371271779578 131.4146453615043
1963 -14.55934250492979 -58.08696801895709 24.68244069068352
1964 -41.5192807482658 -25.45978264114711 95.171927576519
1965 -13.65284998839824 -49.45532139805688 61.93512658666995
1966 -12.26965709006877 -62.7705621158345 159.5370049659514
1967 -53.35834100328555 -23.54500033406267 20.76734813349072
1968 -68.90895957735859 -60.89249293782927 139.5602556917948
1969 -7.914549366508811 -36.14285223580468 163.2988479282215
1970 -13.252018486986 -25.76444123432801 33.13061544451262
1971 -37.66266613415418 -22.46326834899588 62.90396120519887
1972 -54.2546646102348 -34.6099869285176 164.7446140682978
1973 -53.97993410660723 -62.89144225916247 20.35732122243568
1974 -76.48545063349128 -49.11714776419524 163.9053040721181
1975 -38.09851225040487 -53.6735954621301 187.2515632349266
1976 -50.47194016952934 -31.04385878211042 186.3686171251896
1977 -31.39121299342105 -50.08207583230371 186.7415049342106
1978 -51.15125000080211 -58.44163945916913 193.5803
1979 -33.24875000080212 -58.34489154663459 193.5802999989243
1980 -33.33514085897391 -24.99365250138014 194.1128011262263
1981 -49.27375000080213 -26.96664481882291 193.5803000010757
1982 -6.037304438480054 -43.54306011594137 192.254743683998
1983 -78.79201704247281 -42.67499999978524 191.5053026219797
1984 -42.25727121839304 -36.09586246971509 193.9857172010952
1985 -42.14909737134341 -48.88318793343271 194.0895708279627
1986 -42.19999999732996 -20.57550469075469 193.7587116346425
1987 -22.61175830908741 -48.5601899559953 194.5978301323863
1988 -61.80365947901483 -36.69466640460834 194.5891360947806
1989 -22.71916560540506 -36.64719093063606 194.6237469648764
1990 -61.69030022460822 -48.60649861467494 194.617307340151
1991 -26.64893052302217 -30.26225559326422 193.5803
1992 -42.15872529490816 -42.62999853249115 194.0476988013219
1993 -24.63160051099799 -56.19521743940593 194.0688321910195
1994 -14.44415872648976 -49.80100752895406 194.4058825486887
1995 -40.02415029153796 -65.06977475952117 195.7554159486208
1996 -52.15824720101512 -73.37271447849987 192.7339195661684
1997 -34.70031911994367 -29.19682254797875 191.0974659818182
1998 -47.27800193405994 -31.46651544961391 187.4887637967853
1999 -12.19 -35.19631739123597 193.0527294743966
2000 -34.90450035253268 -55.85513152305589 190.7981075988133
2001 -43.67185529372272 -30.61423700428756 193.5803
2002 -43.67556229241919 -54.64210273298976 193.5803
2003 -15.85206662248191 -42.57999999978524 191.5053079793123
2004 -70.35749374907314 -49.78812613399686 193.0527250004237
2005 -69.10172958923728 -42.67499999978524 191.5053026219797
2006 -69.61732069068358 -35.12250843407194 192.8215901194005
2007 -72.01560774052696 -63.90561220978437 196.1467357267437
2008 -56.58607350465525 -44.81931823453559 190.9726983451467
2009 -24.06389782991561 -42.56661693489747 190.9468106307112
2010 -60.40215809548835 -42.6911391730238 190.9581938874444
2011 -49.27375000080211 -30.16568678827456 190.2444513308972
2012 -56.61517758684509 -28.93763650642365 193.5803
2013 -12.62386860244417 -58.86331406684705 194.9075049538382
2014 -26.75061740456972 -63.895 193.6736059746995
2015 -52.58453611149052 -31.44432133782092 186.9153671635588
2016 -49.27374999919789 -55.08690264410937 190.244451334645
2017 -9.917504087660564 -23.72276229416286 195.6470160494866
2018 -81.80347234322993 -23.72276229416296 187.025
2019 -77.58040936575775 -41.175 196.4803
$EndNodes
$Elements
11580
1 2 2 31 49 2 1060 1
2 2 2 31 49 1 1060 4
3 2 2 31 49 3 1060 2
4 2 2 31 49 4 1060 3
5 2 2 33 54 6 1061 5
6 2 2 33 54 5 1061 8
7 2 2 33 54 7 1061 6
8 2 2 33 54 8 1061 7
9 2 2 27 55 10 1062 9
10 2 2 27 55 9 1062 337
11 2 2 27 55 332 1062 10
12 2 2 27 55 12 1063 11
13 2 2 27 55 11 1063 334
14 2 2 27 55 335 1063 12
15 2 2 27 55 333 1065 332
16 2 2 27 55 337 1062 332
17 2 2 27 55 332 1065 337
18 2 2 27 55 334 1064 333
19 2 2 27 55 333 1064 336
20 2 2 27 55 336 1065 333
21 2 2 27 55 334 1063 335
22 2 2 27 55 335 1064 334
23 2 2 27 55 336 1064 335
24 2 2 27 55 337 1065 336
25 2 2 35 60 14 1066 13
26 2 2 35 60 13 1066 343
27 2 2 35 60 338 1066 14
28 2 2 35 60 16 1067 15
29 2 2 35 60 15 1067 340
30 2 2 35 60 341 1067 16
31 2 2 35 60 339 1068 338
32 2 2 35 60 343 1066 338
33 2 2 35 60 338 1068 343
34 2 2 35 60 340 1069 339
35 2 2 35 60 342 1068 339
36 2 2 35 60 339 1069 342
37 2 2 35 60 340 1067 341
38 2 2 35 60 341 1069 340
39 2 2 35 60 342 1069 341
40 2 2 35 60 343 1068 342
41 2 2 29 61 18 1070 17
42 2 2 29 61 17 1070 349
43 2 2 29 61 344 1070 18
44 2 2 29 61 20 1071 19
45 2 2 29 61 19 1071 346
46 2 2 29 61 347 1071 20
47 2 2 29 61 345 1072 344
48 2 2 29 61 349 1070 344
49 2 2 29 61 344 1072 349
50 2 2 29 61 346 1073 345
51 2 2 29 61 348 1072 345
52 2 2 29 61 345 1073 348
53 2 2 29 61 346 1071 347
54 2 2 29 61 347 1073 346
55 2 2 29 61 348 1073 347
56 2 2 29 61 349 1072 348
57 2 2 37 66 22 1074 21
58 2 2 37 66 21 1074 355
59 2 2 37 66 350 1074 22
60 2 2 37 66 24 1075 23
61 2 2 37 66 23 1075 352
62 2 2 37 66 353 1075 24
63 2 2 37 66 351 1076 350
64 2 2 37 66 355 1074 350
65 2 2 37 66 350 1076 355
66 2 2 37 66 352 1077 351
67 2 2 37 66 354 1076 351
68 2 2 37 66 351 1077 354
69 2 2 37 66 352 1075 353
70 2 2 37 66 353 1077 352
71 2 2 37 66 354 1077 353
72 2 2 37 66 355 1076 354
73 2 2 31 67 26 1078 25
74 2 2 31 67 25 1078 28
75 2 2 31 67 27 1078 26
76 2 2 31 67 28 1078 27
77 2 2 33 72 30 1079 29
78 2 2 33 72 29 1079 32
79 2 2 33 72 31 1079 30
80 2 2 33 72 32 1079 31
81 2 2 33 163 34 1080 33
82 2 2 33 163 33 1080 36
83 2 2 33 163 35 1080 34
84 2 2 33 163 36 1080 35
85 2 2 43 168 38 1081 37
86 2 2 43 168 37 1081 40
87 2 2 43 168 39 1081 38
88 2 2 43 168 40 1081 39
89 2 2 35 169 42 1082 41
90 2 2 35 169 41 1082 361
91 2 2 35 169 356 1082 42
92 2 2 35 169 44 1083 43
93 2 2 35 169 43 1083 358
94 2 2 35 169 359 1083 44
95 2 2 35 169 357 1084 356
96 2 2 35 169 361 1082 356
97 2 2 35 169 356 1084 361
98 2 2 35 169 358 1085 357
99 2 2 35 169 360 1084 357
100 2 2 35 169 357 1085 360
101 2 2 35 169 358 1083 359
102 2 2 35 169 359 1085 358
103 2 2 35 169 360 1085 359
104 2 2 35 169 361 1084 360
105 2 2 39 174 46 1086 45
106 2 2 39 174 45 1086 367
107 2 2 39 174 362 1086 46
108 2 2 39 174 48 1087 47
109 2 2 39 174 47 1087 364
110 2 2 39 174 365 1087 48
111 2 2 39 174 363 1088 362
112 2 2 39 174 367 1086 362
113 2 2 39 174 362 1088 367
114 2 2 39 174 364 1089 363
115 2 2 39 174 366 1088 363
116 2 2 39 174 363 1089 366
117 2 2 39 174 364 1087 365
118 2 2 39 174 365 1089 364
119 2 2 39 174 366 1089 365
120 2 2 39 174 367 1088 366
121 2 2 37 175 50 1090 49
122 2 2 37 175 49 1090 373
123 2 2 37 175 368 1090 50
124 2 2 37 175 52 1091 51
125 2 2 37 175 51 1091 370
126 2 2 37 175 371 1091 52
127 2 2 37 175 369 1092 368
128 2 2 37 175 373 1090 368
129 2 2 37 175 368 1092 373
130 2 2 37 175 370 1093 369
131 2 2 37 175 372 1092 369
132 2 2 37 175 369 1093 372
133 2 2 37 175 370 1091 371
134 2 2 37 175 371 1093 370
135 2 2 37 175 372 1093 371
136 2 2 37 175 373 1092 372
137 2 2 41 180 54 1094 53
138 2 2 41 180 53 1094 379
139 2 2 41 180 374 1094 54
140 2 2 41 180 56 1095 55
141 2 2 41 180 55 1095 376
142 2 2 41 180 377 1095 56
143 2 2 41 180 375 1097 374
144 2 2 41 180 379 1094 374
145 2 2 41 180 374 1097 379
146 2 2 41 180 376 1096 375
147 2 2 41 180 375 1096 378
148 2 2 41 180 378 1097 375
149 2 2 41 180 376 1095 377
150 2 2 41 180 377 1096 376
151 2 2 41 180 378 1096 377
152 2 2 41 180 379 1097 378
153 2 2 33 181 58 1098 57
154 2 2 33 181 57 1098 60
155 2 2 33 181 59 1098 58
156 2 2 33 181 60 1098 59
157 2 2 43 186 62 1099 61
158 2 2 43 186 61 1099 64
159 2 2 43 186 63 1099 62
160 2 2 43 186 64 1099 63
161 2 2 39 241 66 1100 65
162 2 2 39 241 65 1100 385
163 2 2 39 241 380 1100 66
164 2 2 39 241 68 1101 67
165 2 2 39 241 67 1101 382
166 2 2 39 241 383 1101 68
167 2 2 39 241 381 1102 380
168 2 2 39 241 385 1100 380
169 2 2 39 241 380 1102 385
170 2 2 39 241 382 1103 381
171 2 2 39 241 384 1102 381
172 2 2 39 241 381 1103 384
173 2 2 39 241 382 1101 383
174 2 2 39 241 383 1103 382
175 2 2 39 241 384 1103 383
176 2 2 39 241 385 1102 384
177 2 2 45 246 70 1104 69
178 2 2 45 246 69 1104 391
179 2 2 45 246 386 1104 70
180 2 2 45 246 72 1105 71
181 2 2 45 246 71 1105 388
182 2 2 45 246 389 1105 72
183 2 2 45 246 387 1106 386
184 2 2 45 246 391 1104 386
185 2 2 45 246 386 1106 391
186 2 2 45 246 388 1107 387
187 2 2 45 246 390 1106 387
188 2 2 45 246 387 1107 390
189 2 2 45 246 388 1105 389
190 2 2 45 246 389 1107 388
191 2 2 45 246 390 1107 389
192 2 2 45 246 391 1106 390
193 2 2 41 247 74 1108 73
194 2 2 41 247 73 1108 397
195 2 2 41 247 392 1108 74
196 2 2 41 247 76 1109 75
197 2 2 41 247 75 1109 394
198 2 2 41 247 395 1109 76
199 2 2 41 247 393 1110 392
200 2 2 41 247 397 1108 392
201 2 2 41 247 392 1110 397
202 2 2 41 247 394 1111 393
203 2 2 41 247 396 1110 393
204 2 2 41 247 393 1111 396
205 2 2 41 247 394 1109 395
206 2 2 41 247 395 1111 394
207 2 2 41 247 396 1111 395
208 2 2 41 247 397 1110 396
209 2 2 47 252 78 1112 77
210 2 2 47 252 77 1112 403
211 2 2 47 252 398 1112 78
212 2 2 47 252 80 1113 79
213 2 2 47 252 79 1113 400
214 2 2 47 252 401 1113 80
215 2 2 47 252 399 1115 398
216 2 2 47 252 403 1112 398
217 2 2 47 252 398 1115 403
218 2 2 47 252 400 1114 399
219 2 2 47 252 399 1114 402
220 2 2 47 252 402 1115 399
221 2 2 47 252 400 1113 401
222 2 2 47 252 401 1114 400
223 2 2 47 252 402 1114 401
224 2 2 47 252 403 1115 402
225 2 2 45 289 82 1116 81
226 2 2 45 289 81 1116 409
227 2 2 45 289 404 1116 82
228 2 2 45 289 84 1117 83
229 2 2 45 289 83 1117 406
230 2 2 45 289 407 1117 84
231 2 2 45 289 405 1119 404
232 2 2 45 289 409 1116 404
233 2 2 45 289 404 1119 409
234 2 2 45 289 406 1118 405
235 2 2 45 289 405 1118 408
236 2 2 45 289 408 1119 405
237 2 2 45 289 406 1117 407
238 2 2 45 289 407 1118 406
239 2 2 45 289 408 1118 407
240 2 2 45 289 409 1119 408
241 2 2 49 294 86 1122 85
242 2 2 49 294 85 1122 415
243 2 2 49 294 410 1122 86
244 2 2 49 294 88 1123 87
245 2 2 49 294 87 1123 412
246 2 2 49 294 413 1123 88
247 2 2 49 294 411 1124 410
248 2 2 49 294 415 1122 410
249 2 2 49 294 410 1124 415
250 2 2 49 294 412 1125 411
251 2 2 49 294 414 1124 411
252 2 2 49 294 411 1125 414
253 2 2 49 294 412 1123 413
254 2 2 49 294 413 1125 412
255 2 2 49 294 414 1125 413
256 2 2 49 294 415 1124 414
257 2 2 47 295 90 1126 89
258 2 2 47 295 89 1126 421
259 2 2 47 295 416 1126 90
260 2 2 47 295 92 1127 91
261 2 2 47 295 91 1127 418
262 2 2 47 295 419 1127 92
263 2 2 47 295 417 1128 416
264 2 2 47 295 421 1126 416
265 2 2 47 295 416 1128 421
266 2 2 47 295 418 1129 417
267 2 2 47 295 420 1128 417
268 2 2 47 295 417 1129 420
269 2 2 47 295 418 1127 419
270 2 2 47 295 419 1129 418
271 2 2 47 295 420 1129 419
272 2 2 47 295 421 1128 420
273 2 2 51 300 94 1132 93
274 2 2 51 300 93 1132 427
275 2 2 51 300 422 1132 94
276 2 2 51 300 96 1133 95
277 2 2 51 300 95 1133 424
278 2 2 51 300 425 1133 96
279 2 2 51 300 423 1134 422
280 2 2 51 300 427 1132 422
281 2 2 51 300 422 1134 427
282 2 2 51 300 424 1135 423
283 2 2 51 300 426 1134 423
284 2 2 51 300 423 1135 426
285 2 2 51 300 424 1133 425
286 2 2 51 300 425 1135 424
287 2 2 51 300 426 1135 425
288 2 2 51 300 427 1134 426
289 2 2 49 337 433 97 98
290 2 2 49 337 433 98 428
291 2 2 49 337 430 99 100
292 2 2 49 337 431 430 100
293 2 2 49 337 433 428 429
294 2 2 49 337 432 429 430
295 2 2 49 337 433 429 432
296 2 2 49 337 432 430 431
297 2 2 55 342 439 101 102
298 2 2 55 342 434 439 102
299 2 2 55 342 436 103 104
300 2 2 55 342 437 436 104
301 2 2 55 342 435 439 434
302 2 2 55 342 438 435 436
303 2 2 55 342 438 439 435
304 2 2 55 342 438 436 437
305 2 2 51 343 445 105 106
306 2 2 51 343 445 106 440
307 2 2 51 343 442 107 108
308 2 2 51 343 108 443 442
309 2 2 51 343 441 445 440
310 2 2 51 343 442 444 441
311 2 2 51 343 441 444 445
312 2 2 51 343 442 443 444
313 2 2 53 348 451 109 110
314 2 2 53 348 451 110 446
315 2 2 53 348 112 448 111
316 2 2 53 348 449 448 112
317 2 2 53 348 446 447 451
318 2 2 53 348 450 447 448
319 2 2 53 348 451 447 450
320 2 2 53 348 450 448 449
321 2 2 28 630 328 113 452
322 2 2 28 630 454 114 329
323 2 2 28 630 1045 328 452
324 2 2 28 630 1047 454 329
325 2 2 28 630 1045 452 453
326 2 2 28 630 1046 453 454
327 2 2 28 630 1045 453 1046
328 2 2 28 630 1046 454 1047
329 2 2 28 631 113 328 455
330 2 2 28 631 1048 115 116
331 2 2 28 631 455 1048 116
332 2 2 28 631 455 328 1048
333 2 2 28 632 329 114 1049
334 2 2 28 632 1049 114 456
335 2 2 28 632 456 117 118
336 2 2 28 632 1049 456 118
337 2 2 27 633 115 1152 459
338 2 2 27 633 1048 1152 115
339 2 2 27 633 457 1153 118
340 2 2 27 633 118 1153 1049
341 2 2 27 633 1045 1152 328
342 2 2 27 633 328 1152 1048
343 2 2 27 633 329 1153 1047
344 2 2 27 633 1049 1153 329
345 2 2 27 633 458 1154 457
346 2 2 27 633 1047 1153 457
347 2 2 27 633 457 1154 1047
348 2 2 27 633 459 1155 458
349 2 2 27 633 1046 1154 458
350 2 2 27 633 458 1155 1046
351 2 2 27 633 459 1152 1045
352 2 2 27 633 1045 1155 459
353 2 2 27 633 1046 1155 1045
354 2 2 27 633 1047 1154 1046
355 2 2 28 635 459 116 115
356 2 2 28 635 462 116 459
357 2 2 28 635 118 117 457
358 2 2 28 635 457 117 460
359 2 2 28 635 457 461 458
360 2 2 28 635 457 460 461
361 2 2 28 635 458 462 459
362 2 2 28 635 458 461 462
363 2 2 30 636 463 119 120
364 2 2 30 636 463 120 466
365 2 2 30 636 465 122 121
366 2 2 30 636 468 122 465
367 2 2 30 636 463 467 464
368 2 2 30 636 463 466 467
369 2 2 30 636 464 468 465
370 2 2 30 636 464 467 468
371 2 2 30 637 120 119 469
372 2 2 30 637 469 119 1050
373 2 2 30 637 1050 330 123
374 2 2 30 637 469 1050 123
375 2 2 30 638 470 121 122
376 2 2 30 638 471 121 470
377 2 2 30 638 471 124 125
378 2 2 30 638 470 124 471
379 2 2 29 639 463 1157 119
380 2 2 29 639 119 1157 1050
381 2 2 29 639 121 1156 465
382 2 2 29 639 471 1156 121
383 2 2 29 639 471 125 331
384 2 2 29 639 1050 1157 330
385 2 2 29 639 330 1157 1053
386 2 2 29 639 331 1156 471
387 2 2 29 639 1051 1156 331
388 2 2 29 639 464 1158 463
389 2 2 29 639 1053 1157 463
390 2 2 29 639 463 1158 1053
391 2 2 29 639 465 1159 464
392 2 2 29 639 1052 1158 464
393 2 2 29 639 464 1159 1052
394 2 2 29 639 465 1156 1051
395 2 2 29 639 1051 1159 465
396 2 2 29 639 1052 1159 1051
397 2 2 29 639 1053 1158 1052
398 2 2 30 641 1053 123 330
399 2 2 30 641 1036 123 1053
400 2 2 30 641 125 124 331
401 2 2 30 641 331 124 1034
402 2 2 30 641 331 1034 1051
403 2 2 30 641 1051 1034 1035
404 2 2 30 641 1052 1035 1036
405 2 2 30 641 1051 1035 1052
406 2 2 30 641 1052 1036 1053
407 2 2 32 642 473 126 127
408 2 2 32 642 473 127 472
409 2 2 32 642 472 128 129
410 2 2 32 642 473 472 129
411 2 2 31 643 1057 126 473
412 2 2 31 643 129 1054 473
413 2 2 31 643 130 474 1055
414 2 2 31 643 1056 474 131
415 2 2 31 643 272 1160 816
416 2 2 31 643 1055 1162 272
417 2 2 31 643 272 1162 1160
418 2 2 31 643 818 1161 273
419 2 2 31 643 273 1163 1054
420 2 2 31 643 1161 1163 273
421 2 2 31 643 274 1161 819
422 2 2 31 643 1057 1163 274
423 2 2 31 643 274 1163 1161
424 2 2 31 643 821 1160 275
425 2 2 31 643 275 1162 1056
426 2 2 31 643 1160 1162 275
427 2 2 31 643 473 1054 1057
428 2 2 31 643 1055 474 1056
429 2 2 31 643 816 1164 817
430 2 2 31 643 1160 1164 816
431 2 2 31 643 817 1165 818
432 2 2 31 643 1164 1165 817
433 2 2 31 643 818 1165 1161
434 2 2 31 643 819 1165 820
435 2 2 31 643 1161 1165 819
436 2 2 31 643 820 1164 821
437 2 2 31 643 820 1165 1164
438 2 2 31 643 821 1164 1160
439 2 2 31 643 1054 1163 1057
440 2 2 31 643 1056 1162 1055
441 2 2 32 645 126 1057 127
442 2 2 32 645 1057 1027 127
443 2 2 32 645 131 133 1056
444 2 2 32 645 1056 133 1033
445 2 2 32 645 274 819 1028
446 2 2 32 645 1028 1027 274
447 2 2 32 645 274 1027 1057
448 2 2 32 645 275 1032 821
449 2 2 32 645 1033 1032 275
450 2 2 32 645 275 1056 1033
451 2 2 32 645 1029 819 820
452 2 2 32 645 1028 819 1029
453 2 2 32 645 820 821 1031
454 2 2 32 645 1030 1029 820
455 2 2 32 645 1031 1030 820
456 2 2 32 645 821 1032 1031
457 2 2 32 646 1054 129 128
458 2 2 32 646 128 1026 1054
459 2 2 32 646 132 130 1055
460 2 2 32 646 1055 1020 132
461 2 2 32 646 816 1021 272
462 2 2 32 646 272 1021 1020
463 2 2 32 646 272 1020 1055
464 2 2 32 646 1025 818 273
465 2 2 32 646 273 1026 1025
466 2 2 32 646 1054 1026 273
467 2 2 32 646 817 1022 816
468 2 2 32 646 816 1022 1021
469 2 2 32 646 818 1024 817
470 2 2 32 646 817 1023 1022
471 2 2 32 646 817 1024 1023
472 2 2 32 646 1025 1024 818
473 2 2 32 647 475 130 132
474 2 2 32 647 474 130 475
475 2 2 32 647 133 131 474
476 2 2 32 647 133 474 475
477 2 2 34 648 476 134 137
478 2 2 34 648 480 136 135
479 2 2 34 648 485 136 480
480 2 2 34 648 137 481 476
481 2 2 34 648 476 481 477
482 2 2 34 648 477 482 478
483 2 2 34 648 481 482 477
484 2 2 34 648 478 483 479
485 2 2 34 648 482 483 478
486 2 2 34 648 479 485 480
487 2 2 34 648 483 484 479
488 2 2 34 648 479 484 485
489 2 2 34 650 486 135 136
490 2 2 34 650 548 486 136
491 2 2 34 650 152 138 487
492 2 2 34 650 152 487 549
493 2 2 34 650 487 486 548
494 2 2 34 650 549 487 548
495 2 2 34 652 137 134 494
496 2 2 34 652 137 494 556
497 2 2 34 652 493 139 153
498 2 2 34 652 153 555 493
499 2 2 34 652 494 493 556
500 2 2 34 652 493 555 556
501 2 2 34 653 557 154 140
502 2 2 34 653 533 557 140
503 2 2 34 653 147 155 522
504 2 2 34 653 522 155 568
505 2 2 34 653 568 523 522
506 2 2 34 653 524 523 566
507 2 2 34 653 566 523 567
508 2 2 34 653 567 523 568
509 2 2 34 653 566 525 524
510 2 2 34 653 564 526 525
511 2 2 34 653 564 525 565
512 2 2 34 653 565 525 566
513 2 2 34 653 564 527 526
514 2 2 34 653 563 528 527
515 2 2 34 653 563 527 564
516 2 2 34 653 562 529 528
517 2 2 34 653 562 528 563
518 2 2 34 653 529 560 530
519 2 2 34 653 529 561 560
520 2 2 34 653 562 561 529
521 2 2 34 653 560 531 530
522 2 2 34 653 558 532 531
523 2 2 34 653 558 531 559
524 2 2 34 653 559 531 560
525 2 2 34 653 533 532 558
526 2 2 34 653 533 558 557
527 2 2 34 654 579 141 156
528 2 2 34 654 503 141 579
529 2 2 34 654 157 142 505
530 2 2 34 654 577 157 505
531 2 2 34 654 504 503 579
532 2 2 34 654 578 505 504
533 2 2 34 654 578 504 579
534 2 2 34 654 577 505 578
535 2 2 34 655 152 488 138
536 2 2 34 655 554 153 139
537 2 2 34 655 139 492 554
538 2 2 34 655 152 550 488
539 2 2 34 655 488 550 489
540 2 2 34 655 489 551 490
541 2 2 34 655 550 551 489
542 2 2 34 655 553 491 490
543 2 2 34 655 551 552 490
544 2 2 34 655 490 552 553
545 2 2 34 655 554 492 491
546 2 2 34 655 554 491 553
547 2 2 34 656 143 158 580
548 2 2 34 656 580 506 143
549 2 2 34 656 159 144 510
550 2 2 34 656 510 584 159
551 2 2 34 656 507 506 580
552 2 2 34 656 582 508 507
553 2 2 34 656 580 581 507
554 2 2 34 656 581 582 507
555 2 2 34 656 509 508 582
556 2 2 34 656 509 583 510
557 2 2 34 656 582 583 509
558 2 2 34 656 583 584 510
559 2 2 34 657 143 142 157
560 2 2 34 657 158 143 157
561 2 2 34 658 534 148 162
562 2 2 34 658 163 149 535
563 2 2 34 658 534 162 596
564 2 2 34 658 163 535 597
565 2 2 34 658 535 534 596
566 2 2 34 658 597 535 596
567 2 2 34 659 145 144 159
568 2 2 34 659 160 145 159
569 2 2 34 660 541 150 164
570 2 2 34 660 165 151 542
571 2 2 34 660 603 541 164
572 2 2 34 660 165 542 604
573 2 2 34 660 542 541 603
574 2 2 34 660 604 542 603
575 2 2 34 661 495 140 154
576 2 2 34 661 156 141 502
577 2 2 34 661 569 495 154
578 2 2 34 661 502 576 156
579 2 2 34 661 496 495 569
580 2 2 34 661 496 570 497
581 2 2 34 661 569 570 496
582 2 2 34 661 497 572 498
583 2 2 34 661 570 571 497
584 2 2 34 661 497 571 572
585 2 2 34 661 498 572 499
586 2 2 34 661 499 573 500
587 2 2 34 661 572 573 499
588 2 2 34 661 500 574 501
589 2 2 34 661 573 574 500
590 2 2 34 661 501 575 502
591 2 2 34 661 574 575 501
592 2 2 34 661 575 576 502
593 2 2 34 662 149 163 536
594 2 2 34 662 602 164 150
595 2 2 34 662 150 540 602
596 2 2 34 662 163 598 536
597 2 2 34 662 536 598 537
598 2 2 34 662 537 599 538
599 2 2 34 662 598 599 537
600 2 2 34 662 539 538 601
601 2 2 34 662 599 600 538
602 2 2 34 662 538 600 601
603 2 2 34 662 602 540 539
604 2 2 34 662 539 601 602
605 2 2 34 663 609 162 148
606 2 2 34 663 148 547 609
607 2 2 34 663 151 165 543
608 2 2 34 663 165 605 543
609 2 2 34 663 606 544 543
610 2 2 34 663 543 605 606
611 2 2 34 663 606 545 544
612 2 2 34 663 608 546 545
613 2 2 34 663 606 607 545
614 2 2 34 663 545 607 608
615 2 2 34 663 609 547 546
616 2 2 34 663 609 546 608
617 2 2 34 664 587 145 160
618 2 2 34 664 511 145 587
619 2 2 34 664 513 161 146
620 2 2 34 664 585 161 513
621 2 2 34 664 511 587 512
622 2 2 34 664 513 512 586
623 2 2 34 664 512 587 586
624 2 2 34 664 586 585 513
625 2 2 34 665 146 161 588
626 2 2 34 665 588 514 146
627 2 2 34 665 155 147 521
628 2 2 34 665 521 595 155
629 2 2 34 665 515 514 588
630 2 2 34 665 515 590 516
631 2 2 34 665 588 589 515
632 2 2 34 665 515 589 590
633 2 2 34 665 516 590 517
634 2 2 34 665 517 591 518
635 2 2 34 665 590 591 517
636 2 2 34 665 518 592 519
637 2 2 34 665 591 592 518
638 2 2 34 665 519 593 520
639 2 2 34 665 592 593 519
640 2 2 34 665 520 594 521
641 2 2 34 665 593 594 520
642 2 2 34 665 594 595 521
643 2 2 36 666 610 166 167
644 2 2 36 666 610 167 613
645 2 2 36 666 612 169 168
646 2 2 36 666 615 169 612
647 2 2 36 666 614 611 610
648 2 2 36 666 610 613 614
649 2 2 36 666 612 611 614
650 2 2 36 666 612 614 615
651 2 2 36 667 167 166 617
652 2 2 36 667 617 166 616
653 2 2 36 667 616 170 171
654 2 2 36 667 617 616 171
655 2 2 36 668 619 168 169
656 2 2 36 668 619 169 618
657 2 2 36 668 618 172 173
658 2 2 36 668 619 618 173
659 2 2 36 671 622 171 170
660 2 2 36 671 625 171 622
661 2 2 36 671 173 172 620
662 2 2 36 671 620 172 623
663 2 2 36 671 620 624 621
664 2 2 36 671 620 623 624
665 2 2 36 671 621 625 622
666 2 2 36 671 621 624 625
667 2 2 38 672 626 174 175
668 2 2 38 672 175 629 626
669 2 2 38 672 628 177 176
670 2 2 38 672 631 177 628
671 2 2 38 672 626 630 627
672 2 2 38 672 626 629 630
673 2 2 38 672 627 631 628
674 2 2 38 672 627 630 631
675 2 2 38 673 175 174 633
676 2 2 38 673 633 174 632
677 2 2 38 673 632 178 179
678 2 2 38 673 179 633 632
679 2 2 38 674 635 176 177
680 2 2 38 674 635 177 634
681 2 2 38 674 634 180 181
682 2 2 38 674 181 635 634
683 2 2 38 677 638 179 178
684 2 2 38 677 641 179 638
685 2 2 38 677 181 180 636
686 2 2 38 677 636 180 639
687 2 2 38 677 637 636 639
688 2 2 38 677 637 641 638
689 2 2 38 677 637 639 640
690 2 2 38 677 637 640 641
691 2 2 40 678 642 182 183
692 2 2 40 678 642 183 645
693 2 2 40 678 644 185 184
694 2 2 40 678 647 185 644
695 2 2 40 678 642 646 643
696 2 2 40 678 642 645 646
697 2 2 40 678 643 647 644
698 2 2 40 678 643 646 647
699 2 2 40 679 183 182 649
700 2 2 40 679 649 182 648
701 2 2 40 679 648 186 187
702 2 2 40 679 649 648 187
703 2 2 40 680 651 184 185
704 2 2 40 680 651 185 650
705 2 2 40 680 650 188 189
706 2 2 40 680 651 650 189
707 2 2 40 683 654 187 186
708 2 2 40 683 654 657 187
709 2 2 40 683 189 188 652
710 2 2 40 683 652 188 655
711 2 2 40 683 652 655 653
712 2 2 40 683 653 657 654
713 2 2 40 683 655 656 653
714 2 2 40 683 653 656 657
715 2 2 42 684 658 190 191
716 2 2 42 684 661 658 191
717 2 2 42 684 660 193 192
718 2 2 42 684 663 193 660
719 2 2 42 684 659 658 661
720 2 2 42 684 660 659 662
721 2 2 42 684 662 659 661
722 2 2 42 684 660 662 663
723 2 2 42 685 191 190 665
724 2 2 42 685 665 190 664
725 2 2 42 685 664 194 195
726 2 2 42 685 665 664 195
727 2 2 42 686 667 192 193
728 2 2 42 686 667 193 666
729 2 2 42 686 666 196 197
730 2 2 42 686 667 666 197
731 2 2 42 689 670 195 194
732 2 2 42 689 673 195 670
733 2 2 42 689 197 196 668
734 2 2 42 689 668 196 671
735 2 2 42 689 668 672 669
736 2 2 42 689 668 671 672
737 2 2 42 689 669 673 670
738 2 2 42 689 669 672 673
739 2 2 44 690 675 198 199
740 2 2 44 690 675 199 674
741 2 2 44 690 674 200 201
742 2 2 44 690 675 674 201
743 2 2 43 692 705 674 199
744 2 2 43 692 674 691 200
745 2 2 43 692 204 697 698
746 2 2 43 692 205 698 699
747 2 2 43 692 674 705 691
748 2 2 43 692 692 691 1171
749 2 2 43 692 691 705 1171
750 2 2 43 692 693 692 1166
751 2 2 43 692 1166 692 1171
752 2 2 43 692 694 693 1168
753 2 2 43 692 693 1166 1168
754 2 2 43 692 695 694 1169
755 2 2 43 692 694 1168 1169
756 2 2 43 692 696 695 1167
757 2 2 43 692 1167 695 1169
758 2 2 43 692 697 696 1170
759 2 2 43 692 696 1167 1170
760 2 2 43 692 698 697 699
761 2 2 43 692 699 697 1170
762 2 2 43 692 700 699 1170
763 2 2 43 692 701 700 1167
764 2 2 43 692 1167 700 1170
765 2 2 43 692 702 701 1169
766 2 2 43 692 701 1167 1169
767 2 2 43 692 703 702 1168
768 2 2 43 692 1168 702 1169
769 2 2 43 692 704 703 1166
770 2 2 43 692 1166 703 1168
771 2 2 43 692 705 704 1171
772 2 2 43 692 704 1166 1171
773 2 2 44 693 199 198 690
774 2 2 44 693 690 705 199
775 2 2 44 693 203 205 684
776 2 2 44 693 205 699 684
777 2 2 44 693 700 685 684
778 2 2 44 693 699 700 684
779 2 2 44 693 686 685 700
780 2 2 44 693 686 701 687
781 2 2 44 693 700 701 686
782 2 2 44 693 687 702 688
783 2 2 44 693 701 702 687
784 2 2 44 693 688 703 689
785 2 2 44 693 702 703 688
786 2 2 44 693 689 704 690
787 2 2 44 693 703 704 689
788 2 2 44 693 704 705 690
789 2 2 44 694 200 676 201
790 2 2 44 694 691 676 200
791 2 2 44 694 682 204 202
792 2 2 44 694 682 697 204
793 2 2 44 694 692 677 676
794 2 2 44 694 692 676 691
795 2 2 44 694 678 677 692
796 2 2 44 694 678 694 679
797 2 2 44 694 692 693 678
798 2 2 44 694 678 693 694
799 2 2 44 694 679 694 680
800 2 2 44 694 680 696 681
801 2 2 44 694 694 695 680
802 2 2 44 694 680 695 696
803 2 2 44 694 681 696 682
804 2 2 44 694 696 697 682
805 2 2 44 695 698 202 204
806 2 2 44 695 683 202 698
807 2 2 44 695 203 683 205
808 2 2 44 695 205 683 698
809 2 2 46 696 706 206 207
810 2 2 46 696 706 207 709
811 2 2 46 696 708 209 208
812 2 2 46 696 711 209 708
813 2 2 46 696 706 710 707
814 2 2 46 696 706 709 710
815 2 2 46 696 707 711 708
816 2 2 46 696 707 710 711
817 2 2 46 697 207 206 713
818 2 2 46 697 713 206 712
819 2 2 46 697 712 210 211
820 2 2 46 697 211 713 712
821 2 2 46 698 715 208 209
822 2 2 46 698 714 715 209
823 2 2 46 698 714 212 213
824 2 2 46 698 213 715 714
825 2 2 46 701 718 211 210
826 2 2 46 701 721 211 718
827 2 2 46 701 213 212 716
828 2 2 46 701 716 212 719
829 2 2 46 701 716 720 717
830 2 2 46 701 716 719 720
831 2 2 46 701 721 718 717
832 2 2 46 701 717 720 721
833 2 2 48 702 722 214 215
834 2 2 48 702 722 215 725
835 2 2 48 702 724 217 216
836 2 2 48 702 727 217 724
837 2 2 48 702 723 722 725
838 2 2 48 702 727 724 723
839 2 2 48 702 723 725 726
840 2 2 48 702 723 726 727
841 2 2 48 703 215 214 729
842 2 2 48 703 729 214 728
843 2 2 48 703 728 218 219
844 2 2 48 703 729 728 219
845 2 2 48 704 731 216 217
846 2 2 48 704 731 217 730
847 2 2 48 704 730 220 221
848 2 2 48 704 731 730 221
849 2 2 48 707 734 219 218
850 2 2 48 707 737 219 734
851 2 2 48 707 221 220 732
852 2 2 48 707 732 220 735
853 2 2 48 707 732 736 733
854 2 2 48 707 732 735 736
855 2 2 48 707 733 737 734
856 2 2 48 707 733 736 737
857 2 2 50 708 223 1172 222
858 2 2 50 708 222 1172 738
859 2 2 50 708 741 1172 223
860 2 2 50 708 224 1173 225
861 2 2 50 708 740 1173 224
862 2 2 50 708 225 1173 743
863 2 2 50 708 738 1175 739
864 2 2 50 708 738 1172 741
865 2 2 50 708 741 1175 738
866 2 2 50 708 739 1174 740
867 2 2 50 708 742 1174 739
868 2 2 50 708 739 1175 742
869 2 2 50 708 743 1173 740
870 2 2 50 708 740 1174 743
871 2 2 50 708 742 1175 741
872 2 2 50 708 743 1174 742
873 2 2 50 709 222 1176 223
874 2 2 50 709 744 1176 222
875 2 2 50 709 223 1176 745
876 2 2 50 709 227 1177 226
877 2 2 50 709 226 1177 744
878 2 2 50 709 745 1177 227
879 2 2 50 709 744 1177 1176
880 2 2 50 709 1176 1177 745
881 2 2 50 710 225 1178 224
882 2 2 50 710 224 1178 747
883 2 2 50 710 746 1178 225
884 2 2 50 710 229 1179 228
885 2 2 50 710 228 1179 746
886 2 2 50 710 747 1179 229
887 2 2 50 710 746 1179 1178
888 2 2 50 710 1178 1179 747
889 2 2 50 713 226 1181 227
890 2 2 50 713 750 1181 226
891 2 2 50 713 227 1181 753
892 2 2 50 713 228 1180 229
893 2 2 50 713 751 1180 228
894 2 2 50 713 229 1180 748
895 2 2 50 713 748 1183 749
896 2 2 50 713 748 1180 751
897 2 2 50 713 751 1183 748
898 2 2 50 713 749 1182 750
899 2 2 50 713 752 1182 749
900 2 2 50 713 749 1183 752
901 2 2 50 713 753 1181 750
902 2 2 50 713 750 1182 753
903 2 2 50 713 752 1183 751
904 2 2 50 713 753 1182 752
905 2 2 52 714 231 1185 230
906 2 2 52 714 230 1185 754
907 2 2 52 714 757 1185 231
908 2 2 52 714 232 1184 233
909 2 2 52 714 756 1184 232
910 2 2 52 714 233 1184 759
911 2 2 52 714 754 1187 755
912 2 2 52 714 754 1185 757
913 2 2 52 714 757 1187 754
914 2 2 52 714 755 1186 756
915 2 2 52 714 758 1186 755
916 2 2 52 714 755 1187 758
917 2 2 52 714 759 1184 756
918 2 2 52 714 756 1186 759
919 2 2 52 714 758 1187 757
920 2 2 52 714 759 1186 758
921 2 2 52 715 230 1189 231
922 2 2 52 715 760 1189 230
923 2 2 52 715 231 1189 761
924 2 2 52 715 235 1188 234
925 2 2 52 715 234 1188 760
926 2 2 52 715 761 1188 235
927 2 2 52 715 1188 1189 760
928 2 2 52 715 761 1189 1188
929 2 2 52 716 233 1191 232
930 2 2 52 716 232 1191 763
931 2 2 52 716 762 1191 233
932 2 2 52 716 237 1190 236
933 2 2 52 716 236 1190 762
934 2 2 52 716 763 1190 237
935 2 2 52 716 1190 1191 762
936 2 2 52 716 763 1191 1190
937 2 2 52 719 234 1192 235
938 2 2 52 719 766 1192 234
939 2 2 52 719 235 1192 769
940 2 2 52 719 236 1193 237
941 2 2 52 719 767 1193 236
942 2 2 52 719 237 1193 764
943 2 2 52 719 764 1195 765
944 2 2 52 719 764 1193 767
945 2 2 52 719 767 1195 764
946 2 2 52 719 765 1194 766
947 2 2 52 719 768 1194 765
948 2 2 52 719 765 1195 768
949 2 2 52 719 769 1192 766
950 2 2 52 719 766 1194 769
951 2 2 52 719 768 1195 767
952 2 2 52 719 769 1194 768
953 2 2 54 720 239 1197 238
954 2 2 54 720 238 1197 770
955 2 2 54 720 772 1197 239
956 2 2 54 720 240 1196 241
957 2 2 54 720 771 1196 240
958 2 2 54 720 241 1196 773
959 2 2 54 720 770 1198 771
960 2 2 54 720 770 1197 772
961 2 2 54 720 772 1198 770
962 2 2 54 720 773 1196 771
963 2 2 54 720 771 1198 773
964 2 2 54 720 773 1198 772
965 2 2 54 721 238 1199 239
966 2 2 54 721 1038 1199 238
967 2 2 54 721 239 1199 775
968 2 2 54 721 242 1200 326
969 2 2 54 721 774 1200 242
970 2 2 54 721 326 1200 1037
971 2 2 54 721 775 1201 774
972 2 2 54 721 1037 1200 774
973 2 2 54 721 774 1201 1037
974 2 2 54 721 775 1199 1038
975 2 2 54 721 1038 1201 775
976 2 2 54 721 1037 1201 1038
977 2 2 54 722 241 1203 240
978 2 2 54 722 240 1203 777
979 2 2 54 722 776 1203 241
980 2 2 54 722 244 1202 243
981 2 2 54 722 243 1202 776
982 2 2 54 722 777 1202 244
983 2 2 54 722 1202 1203 776
984 2 2 54 722 777 1203 1202
985 2 2 53 724 239 250 1204
986 2 2 53 724 250 239 1209
987 2 2 53 724 772 239 1204
988 2 2 53 724 239 775 1209
989 2 2 53 724 241 773 1205
990 2 2 53 724 776 241 1205
991 2 2 53 724 242 251 1207
992 2 2 53 724 774 242 1207
993 2 2 53 724 243 776 1205
994 2 2 53 724 784 243 1205
995 2 2 53 724 248 786 1206
996 2 2 53 724 787 248 1206
997 2 2 53 724 249 787 1206
998 2 2 53 724 788 249 1206
999 2 2 53 724 250 789 1204
1000 2 2 53 724 790 250 1209
1001 2 2 53 724 251 791 1207
1002 2 2 53 724 773 772 1204
1003 2 2 53 724 773 1204 1205
1004 2 2 53 724 775 774 1208
1005 2 2 53 724 791 774 1207
1006 2 2 53 724 774 791 1208
1007 2 2 53 724 790 775 1208
1008 2 2 53 724 775 790 1209
1009 2 2 53 724 785 784 1204
1010 2 2 53 724 1204 784 1205
1011 2 2 53 724 786 785 1204
1012 2 2 53 724 786 1204 1206
1013 2 2 53 724 789 788 1204
1014 2 2 53 724 1204 788 1206
1015 2 2 53 724 791 790 1208
1016 2 2 54 725 242 1210 251
1017 2 2 54 725 326 1210 242
1018 2 2 54 725 251 1210 327
1019 2 2 54 725 327 1210 326
1020 2 2 54 726 250 1212 247
1021 2 2 54 726 247 1212 1039
1022 2 2 54 726 790 1212 250
1023 2 2 54 726 327 1211 251
1024 2 2 54 726 251 1211 791
1025 2 2 54 726 1040 1211 327
1026 2 2 54 726 791 1213 790
1027 2 2 54 726 1039 1212 790
1028 2 2 54 726 790 1213 1039
1029 2 2 54 726 791 1211 1040
1030 2 2 54 726 1040 1213 791
1031 2 2 54 726 1039 1213 1040
1032 2 2 54 727 248 1214 245
1033 2 2 54 727 245 1214 781
1034 2 2 54 727 246 1215 249
1035 2 2 54 727 781 1215 246
1036 2 2 54 727 787 1214 248
1037 2 2 54 727 249 1215 787
1038 2 2 54 727 1214 1215 781
1039 2 2 54 727 787 1215 1214
1040 2 2 54 728 243 1216 244
1041 2 2 54 728 784 1216 243
1042 2 2 54 728 244 1216 778
1043 2 2 54 728 245 1217 248
1044 2 2 54 728 780 1217 245
1045 2 2 54 728 248 1217 786
1046 2 2 54 728 778 1219 779
1047 2 2 54 728 778 1216 784
1048 2 2 54 728 784 1219 778
1049 2 2 54 728 779 1218 780
1050 2 2 54 728 785 1218 779
1051 2 2 54 728 779 1219 785
1052 2 2 54 728 786 1217 780
1053 2 2 54 728 780 1218 786
1054 2 2 54 728 785 1219 784
1055 2 2 54 728 786 1218 785
1056 2 2 54 729 249 1221 246
1057 2 2 54 729 246 1221 782
1058 2 2 54 729 247 1220 250
1059 2 2 54 729 783 1220 247
1060 2 2 54 729 788 1221 249
1061 2 2 54 729 250 1220 789
1062 2 2 54 729 782 1222 783
1063 2 2 54 729 782 1221 788
1064 2 2 54 729 788 1222 782
1065 2 2 54 729 789 1220 783
1066 2 2 54 729 783 1222 789
1067 2 2 54 729 789 1222 788
1068 2 2 56 730 253 1224 252
1069 2 2 56 730 252 1224 792
1070 2 2 56 730 794 1224 253
1071 2 2 56 730 254 1223 255
1072 2 2 56 730 793 1223 254
1073 2 2 56 730 255 1223 795
1074 2 2 56 730 792 1225 793
1075 2 2 56 730 792 1224 794
1076 2 2 56 730 794 1225 792
1077 2 2 56 730 795 1223 793
1078 2 2 56 730 793 1225 795
1079 2 2 56 730 795 1225 794
1080 2 2 56 731 252 1227 253
1081 2 2 56 731 1042 1227 252
1082 2 2 56 731 253 1227 797
1083 2 2 56 731 271 256 257
1084 2 2 56 731 257 1226 271
1085 2 2 56 731 796 1226 257
1086 2 2 56 731 271 1226 1041
1087 2 2 56 731 797 1228 796
1088 2 2 56 731 1041 1226 796
1089 2 2 56 731 796 1228 1041
1090 2 2 56 731 797 1227 1042
1091 2 2 56 731 1042 1228 797
1092 2 2 56 731 1041 1228 1042
1093 2 2 56 732 255 1230 254
1094 2 2 56 732 254 1230 799
1095 2 2 56 732 798 1230 255
1096 2 2 56 732 259 1229 258
1097 2 2 56 732 258 1229 798
1098 2 2 56 732 799 1229 259
1099 2 2 56 732 1229 1230 798
1100 2 2 56 732 799 1230 1229
1101 2 2 55 734 253 266 1231
1102 2 2 55 734 266 253 1236
1103 2 2 55 734 794 253 1231
1104 2 2 55 734 253 797 1236
1105 2 2 55 734 255 795 1232
1106 2 2 55 734 798 255 1232
1107 2 2 55 734 257 267 1234
1108 2 2 55 734 796 257 1234
1109 2 2 55 734 258 798 1232
1110 2 2 55 734 806 258 1232
1111 2 2 55 734 264 808 1233
1112 2 2 55 734 809 264 1233
1113 2 2 55 734 265 809 1233
1114 2 2 55 734 810 265 1233
1115 2 2 55 734 266 811 1231
1116 2 2 55 734 812 266 1236
1117 2 2 55 734 267 813 1234
1118 2 2 55 734 795 794 1231
1119 2 2 55 734 795 1231 1232
1120 2 2 55 734 797 796 1235
1121 2 2 55 734 813 796 1234
1122 2 2 55 734 796 813 1235
1123 2 2 55 734 812 797 1235
1124 2 2 55 734 797 812 1236
1125 2 2 55 734 807 806 1231
1126 2 2 55 734 1231 806 1232
1127 2 2 55 734 808 807 1231
1128 2 2 55 734 808 1231 1233
1129 2 2 55 734 811 810 1231
1130 2 2 55 734 1231 810 1233
1131 2 2 55 734 813 812 1235
1132 2 2 56 735 256 1237 257
1133 2 2 56 735 263 1237 256
1134 2 2 56 735 257 1237 267
1135 2 2 56 735 267 1237 263
1136 2 2 56 736 266 1239 262
1137 2 2 56 736 262 1239 1043
1138 2 2 56 736 263 270 267
1139 2 2 56 736 812 1239 266
1140 2 2 56 736 270 1238 267
1141 2 2 56 736 267 1238 813
1142 2 2 56 736 1044 1238 270
1143 2 2 56 736 813 1240 812
1144 2 2 56 736 1043 1239 812
1145 2 2 56 736 812 1240 1043
1146 2 2 56 736 813 1238 1044
1147 2 2 56 736 1044 1240 813
1148 2 2 56 736 1043 1240 1044
1149 2 2 56 737 264 1241 260
1150 2 2 56 737 260 1241 803
1151 2 2 56 737 261 1242 265
1152 2 2 56 737 803 1242 261
1153 2 2 56 737 809 1241 264
1154 2 2 56 737 265 1242 809
1155 2 2 56 737 1241 1242 803
1156 2 2 56 737 809 1242 1241
1157 2 2 56 738 258 1244 259
1158 2 2 56 738 806 1244 258
1159 2 2 56 738 259 1244 800
1160 2 2 56 738 260 1243 264
1161 2 2 56 738 802 1243 260
1162 2 2 56 738 264 1243 808
1163 2 2 56 738 800 1246 801
1164 2 2 56 738 800 1244 806
1165 2 2 56 738 806 1246 800
1166 2 2 56 738 801 1245 802
1167 2 2 56 738 807 1245 801
1168 2 2 56 738 801 1246 807
1169 2 2 56 738 808 1243 802
1170 2 2 56 738 802 1245 808
1171 2 2 56 738 807 1246 806
1172 2 2 56 738 808 1245 807
1173 2 2 56 739 265 1248 261
1174 2 2 56 739 261 1248 804
1175 2 2 56 739 262 1247 266
1176 2 2 56 739 805 1247 262
1177 2 2 56 739 810 1248 265
1178 2 2 56 739 266 1247 811
1179 2 2 56 739 804 1249 805
1180 2 2 56 739 804 1248 810
1181 2 2 56 739 810 1249 804
1182 2 2 56 739 811 1247 805
1183 2 2 56 739 805 1249 811
1184 2 2 56 739 811 1249 810
1185 2 2 57 740 325 1251 324
1186 2 2 57 740 324 1251 1059
1187 2 2 57 740 1058 1251 325
1188 2 2 57 740 327 1250 326
1189 2 2 57 740 326 1250 1058
1190 2 2 57 740 1059 1250 327
1191 2 2 57 740 1058 1250 1059
1192 2 2 57 740 1059 1251 1058
1193 2 2 58 741 269 1252 268
1194 2 2 58 741 268 1252 815
1195 2 2 58 741 814 1252 269
1196 2 2 58 741 271 1253 270
1197 2 2 58 741 270 1253 814
1198 2 2 58 741 815 1253 271
1199 2 2 58 741 815 1252 814
1200 2 2 58 741 814 1253 815
1201 2 2 59 742 272 1255 331
1202 2 2 59 742 816 1255 272
1203 2 2 59 742 330 1254 273
1204 2 2 59 742 273 1254 818
1205 2 2 59 742 1053 1254 330
1206 2 2 59 742 331 1255 1051
1207 2 2 59 742 817 1257 816
1208 2 2 59 742 1051 1255 816
1209 2 2 59 742 816 1257 1051
1210 2 2 59 742 818 1256 817
1211 2 2 59 742 817 1256 1052
1212 2 2 59 742 1052 1257 817
1213 2 2 59 742 818 1254 1053
1214 2 2 59 742 1053 1256 818
1215 2 2 59 742 1051 1257 1052
1216 2 2 59 742 1052 1256 1053
1217 2 2 60 743 274 1259 328
1218 2 2 60 743 819 1259 274
1219 2 2 60 743 329 1258 275
1220 2 2 60 743 275 1258 821
1221 2 2 60 743 328 1259 1045
1222 2 2 60 743 1047 1258 329
1223 2 2 60 743 820 1261 819
1224 2 2 60 743 1045 1259 819
1225 2 2 60 743 819 1261 1045
1226 2 2 60 743 821 1260 820
1227 2 2 60 743 820 1260 1046
1228 2 2 60 743 1046 1261 820
1229 2 2 60 743 821 1258 1047
1230 2 2 60 743 1047 1260 821
1231 2 2 60 743 1045 1261 1046
1232 2 2 60 743 1046 1260 1047
1233 2 2 61 774 996 316 1728
1234 2 2 61 774 316 997 1728
1235 2 2 61 774 317 992 1729
1236 2 2 61 774 1003 317 1729
1237 2 2 61 774 997 318 1728
1238 2 2 61 774 318 1002 1728
1239 2 2 61 774 998 319 1729
1240 2 2 61 774 319 1003 1729
1241 2 2 61 774 992 993 1726
1242 2 2 61 774 992 1726 1729
1243 2 2 61 774 993 994 1733
1244 2 2 61 774 1726 993 1733
1245 2 2 61 774 994 995 1732
1246 2 2 61 774 994 1732 1733
1247 2 2 61 774 995 996 1727
1248 2 2 61 774 1725 995 1727
1249 2 2 61 774 995 1725 1732
1250 2 2 61 774 1727 996 1728
1251 2 2 61 774 999 998 1726
1252 2 2 61 774 1726 998 1729
1253 2 2 61 774 1000 999 1731
1254 2 2 61 774 999 1726 1731
1255 2 2 61 774 1001 1000 1730
1256 2 2 61 774 1730 1000 1731
1257 2 2 61 774 1002 1001 1727
1258 2 2 61 774 1001 1725 1727
1259 2 2 61 774 1725 1001 1730
1260 2 2 61 774 1002 1727 1728
1261 2 2 61 774 1726 1724 1731
1262 2 2 61 774 1724 1726 1733
1263 2 2 61 774 1724 1730 1731
1264 2 2 61 774 1730 1724 1732
1265 2 2 61 774 1732 1724 1733
1266 2 2 61 774 1725 1730 1732
1267 2 2 61 775 1008 1738 320
1268 2 2 61 775 320 1738 1009
1269 2 2 61 775 321 1739 1004
1270 2 2 61 775 1015 1739 321
1271 2 2 61 775 1009 1738 322
1272 2 2 61 775 322 1738 1014
1273 2 2 61 775 1010 1739 323
1274 2 2 61 775 323 1739 1015
1275 2 2 61 775 1004 1736 1005
1276 2 2 61 775 1004 1739 1736
1277 2 2 61 775 1005 1743 1006
1278 2 2 61 775 1736 1743 1005
1279 2 2 61 775 1006 1742 1007
1280 2 2 61 775 1006 1743 1742
1281 2 2 61 775 1007 1737 1008
1282 2 2 61 775 1735 1737 1007
1283 2 2 61 775 1007 1742 1735
1284 2 2 61 775 1737 1738 1008
1285 2 2 61 775 1011 1736 1010
1286 2 2 61 775 1736 1739 1010
1287 2 2 61 775 1012 1741 1011
1288 2 2 61 775 1011 1741 1736
1289 2 2 61 775 1013 1740 1012
1290 2 2 61 775 1740 1741 1012
1291 2 2 61 775 1014 1737 1013
1292 2 2 61 775 1013 1737 1735
1293 2 2 61 775 1735 1740 1013
1294 2 2 61 775 1014 1738 1737
1295 2 2 61 775 1736 1741 1734
1296 2 2 61 775 1734 1743 1736
1297 2 2 61 775 1734 1741 1740
1298 2 2 61 775 1740 1742 1734
1299 2 2 61 775 1742 1743 1734
1300 2 2 61 775 1735 1742 1740
1301 2 2 61 776 316 996 1754
1302 2 2 61 776 1017 316 1754
1303 2 2 61 776 992 317 1753
1304 2 2 61 776 317 1016 1753
1305 2 2 61 776 1008 320 1755
1306 2 2 61 776 320 1017 1755
1307 2 2 61 776 321 1004 1752
1308 2 2 61 776 1016 321 1752
1309 2 2 61 776 993 992 1756
1310 2 2 61 776 1746 992 1753
1311 2 2 61 776 992 1746 1756
1312 2 2 61 776 994 993 1751
1313 2 2 61 776 1751 993 1756
1314 2 2 61 776 995 994 1750
1315 2 2 61 776 1750 994 1751
1316 2 2 61 776 996 995 1747
1317 2 2 61 776 995 1745 1747
1318 2 2 61 776 1745 995 1750
1319 2 2 61 776 996 1747 1754
1320 2 2 61 776 1004 1005 1746
1321 2 2 61 776 1004 1746 1752
1322 2 2 61 776 1005 1006 1749
1323 2 2 61 776 1746 1005 1749
1324 2 2 61 776 1006 1007 1748
1325 2 2 61 776 1006 1748 1749
1326 2 2 61 776 1007 1008 1747
1327 2 2 61 776 1745 1007 1747
1328 2 2 61 776 1007 1745 1748
1329 2 2 61 776 1747 1008 1755
1330 2 2 61 776 1016 1752 1753
1331 2 2 61 776 1017 1754 1755
1332 2 2 61 776 1748 1744 1749
1333 2 2 61 776 1744 1748 1750
1334 2 2 61 776 1749 1744 1756
1335 2 2 61 776 1744 1750 1751
1336 2 2 61 776 1744 1751 1756
1337 2 2 61 776 1748 1745 1750
1338 2 2 61 776 1746 1749 1756
1339 2 2 61 776 1752 1746 1753
1340 2 2 61 776 1754 1747 1755
1341 2 2 61 777 318 1767 1002
1342 2 2 61 777 1019 1767 318
1343 2 2 61 777 998 1766 319
1344 2 2 61 777 319 1766 1018
1345 2 2 61 777 1014 1768 322
1346 2 2 61 777 322 1768 1019
1347 2 2 61 777 323 1765 1010
1348 2 2 61 777 1018 1765 323
1349 2 2 61 777 999 1759 998
1350 2 2 61 777 1759 1766 998
1351 2 2 61 777 1000 1764 999
1352 2 2 61 777 999 1764 1759
1353 2 2 61 777 1001 1763 1000
1354 2 2 61 777 1763 1764 1000
1355 2 2 61 777 1002 1760 1001
1356 2 2 61 777 1001 1760 1758
1357 2 2 61 777 1758 1763 1001
1358 2 2 61 777 1002 1767 1760
1359 2 2 61 777 1010 1769 1011
1360 2 2 61 777 1010 1765 1759
1361 2 2 61 777 1759 1769 1010
1362 2 2 61 777 1011 1762 1012
1363 2 2 61 777 1011 1769 1762
1364 2 2 61 777 1012 1761 1013
1365 2 2 61 777 1012 1762 1761
1366 2 2 61 777 1013 1760 1014
1367 2 2 61 777 1758 1760 1013
1368 2 2 61 777 1013 1761 1758
1369 2 2 61 777 1760 1768 1014
1370 2 2 61 777 1018 1766 1765
1371 2 2 61 777 1019 1768 1767
1372 2 2 61 777 1761 1762 1757
1373 2 2 61 777 1757 1763 1761
1374 2 2 61 777 1762 1769 1757
1375 2 2 61 777 1757 1764 1763
1376 2 2 61 777 1757 1769 1764
1377 2 2 61 777 1761 1763 1758
1378 2 2 61 777 1764 1769 1759
1379 2 2 61 777 1765 1766 1759
1380 2 2 61 777 1767 1768 1760
1381 2 2 61 778 317 1003 1771
1382 2 2 61 778 1016 317 1771
1383 2 2 61 778 1003 319 1772
1384 2 2 61 778 319 1018 1772
1385 2 2 61 778 1015 321 1770
1386 2 2 61 778 321 1016 1770
1387 2 2 61 778 323 1015 1770
1388 2 2 61 778 1018 323 1770
1389 2 2 61 778 1771 1003 1772
1390 2 2 61 778 1770 1016 1771
1391 2 2 61 778 1018 1770 1772
1392 2 2 61 778 1770 1771 1772
1393 2 2 61 779 316 1773 997
1394 2 2 61 779 1017 1773 316
1395 2 2 61 779 997 1773 318
1396 2 2 61 779 318 1773 1019
1397 2 2 61 779 1009 1774 320
1398 2 2 61 779 320 1774 1017
1399 2 2 61 779 322 1775 1009
1400 2 2 61 779 1019 1775 322
1401 2 2 61 779 1009 1775 1774
1402 2 2 61 779 1017 1774 1773
1403 2 2 61 779 1773 1775 1019
1404 2 2 61 779 1774 1775 1773
1405 2 2 31 780 475 1 2
1406 2 2 31 780 1 133 4
1407 2 2 31 780 475 133 1
1408 2 2 31 780 3 132 2
1409 2 2 31 780 132 475 2
1410 2 2 31 780 4 1776 3
1411 2 2 31 780 3 1020 132
1412 2 2 31 780 3 1776 1020
1413 2 2 31 780 4 133 1033
1414 2 2 31 780 1033 1776 4
1415 2 2 31 780 26 1777 25
1416 2 2 31 780 25 127 28
1417 2 2 31 780 25 1027 127
1418 2 2 31 780 25 1777 1027
1419 2 2 31 780 27 128 26
1420 2 2 31 780 26 128 1026
1421 2 2 31 780 1026 1777 26
1422 2 2 31 780 472 27 28
1423 2 2 31 780 27 472 128
1424 2 2 31 780 28 127 472
1425 2 2 31 780 1020 1776 1021
1426 2 2 31 780 1021 1779 1022
1427 2 2 31 780 1776 1779 1021
1428 2 2 31 780 1022 1781 1023
1429 2 2 31 780 1779 1781 1022
1430 2 2 31 780 1023 1780 1024
1431 2 2 31 780 1023 1781 1780
1432 2 2 31 780 1024 1778 1025
1433 2 2 31 780 1024 1780 1778
1434 2 2 31 780 1025 1777 1026
1435 2 2 31 780 1025 1778 1777
1436 2 2 31 780 1027 1777 1028
1437 2 2 31 780 1028 1778 1029
1438 2 2 31 780 1777 1778 1028
1439 2 2 31 780 1029 1780 1030
1440 2 2 31 780 1778 1780 1029
1441 2 2 31 780 1030 1781 1031
1442 2 2 31 780 1780 1781 1030
1443 2 2 31 780 1031 1779 1032
1444 2 2 31 780 1031 1781 1779
1445 2 2 31 780 1032 1776 1033
1446 2 2 31 780 1032 1779 1776
1447 2 2 33 781 6 5 1805
1448 2 2 33 781 5 8 138
1449 2 2 33 781 5 138 1797
1450 2 2 33 781 528 5 1797
1451 2 2 33 781 5 528 1805
1452 2 2 33 781 7 6 150
1453 2 2 33 781 150 6 1796
1454 2 2 33 781 6 527 1796
1455 2 2 33 781 527 6 1805
1456 2 2 33 781 8 7 1790
1457 2 2 33 781 7 150 1790
1458 2 2 33 781 138 8 1790
1459 2 2 33 781 30 29 1791
1460 2 2 33 781 29 32 1803
1461 2 2 33 781 29 139 1791
1462 2 2 33 781 139 29 1803
1463 2 2 33 781 31 30 1800
1464 2 2 33 781 149 30 1791
1465 2 2 33 781 30 149 1800
1466 2 2 33 781 508 32 31
1467 2 2 33 781 509 508 31
1468 2 2 33 781 509 31 1792
1469 2 2 33 781 1792 31 1800
1470 2 2 33 781 508 507 32
1471 2 2 33 781 32 507 1794
1472 2 2 33 781 32 1794 1803
1473 2 2 33 781 476 134 1818
1474 2 2 33 781 134 494 1789
1475 2 2 33 781 134 1789 1806
1476 2 2 33 781 134 1806 1818
1477 2 2 33 781 135 480 1819
1478 2 2 33 781 486 135 1795
1479 2 2 33 781 1795 135 1815
1480 2 2 33 781 1815 135 1819
1481 2 2 33 781 138 487 1797
1482 2 2 33 781 488 138 1790
1483 2 2 33 781 139 492 1791
1484 2 2 33 781 493 139 1803
1485 2 2 33 781 495 140 1841
1486 2 2 33 781 140 533 1841
1487 2 2 33 781 141 502 1843
1488 2 2 33 781 503 141 1843
1489 2 2 33 781 142 506 143
1490 2 2 33 781 142 505 1806
1491 2 2 33 781 506 142 1789
1492 2 2 33 781 1789 142 1806
1493 2 2 33 781 144 510 145
1494 2 2 33 781 145 510 1788
1495 2 2 33 781 511 145 1804
1496 2 2 33 781 145 1788 1804
1497 2 2 33 781 146 513 1844
1498 2 2 33 781 514 146 1844
1499 2 2 33 781 147 521 1840
1500 2 2 33 781 522 147 1840
1501 2 2 33 781 534 148 1788
1502 2 2 33 781 148 547 1816
1503 2 2 33 781 1788 148 1804
1504 2 2 33 781 1804 148 1816
1505 2 2 33 781 149 535 1800
1506 2 2 33 781 536 149 1791
1507 2 2 33 781 150 540 1790
1508 2 2 33 781 541 150 1796
1509 2 2 33 781 151 542 1793
1510 2 2 33 781 543 151 1817
1511 2 2 33 781 151 1793 1807
1512 2 2 33 781 151 1807 1817
1513 2 2 33 781 477 476 1813
1514 2 2 33 781 1813 476 1818
1515 2 2 33 781 478 477 1833
1516 2 2 33 781 477 1813 1833
1517 2 2 33 781 479 478 1834
1518 2 2 33 781 478 1833 1834
1519 2 2 33 781 480 479 1812
1520 2 2 33 781 1812 479 1834
1521 2 2 33 781 480 1812 1819
1522 2 2 33 781 487 486 1797
1523 2 2 33 781 486 1795 1797
1524 2 2 33 781 489 488 1830
1525 2 2 33 781 488 1790 1830
1526 2 2 33 781 490 489 1827
1527 2 2 33 781 1827 489 1830
1528 2 2 33 781 491 490 1828
1529 2 2 33 781 490 1827 1828
1530 2 2 33 781 492 491 1829
1531 2 2 33 781 491 1828 1829
1532 2 2 33 781 1791 492 1829
1533 2 2 33 781 494 493 1794
1534 2 2 33 781 1794 493 1803
1535 2 2 33 781 1789 494 1794
1536 2 2 33 781 496 495 1824
1537 2 2 33 781 1824 495 1841
1538 2 2 33 781 497 496 1808
1539 2 2 33 781 1808 496 1824
1540 2 2 33 781 498 497 1799
1541 2 2 33 781 1799 497 1808
1542 2 2 33 781 499 498 1809
1543 2 2 33 781 498 1799 1809
1544 2 2 33 781 500 499 1798
1545 2 2 33 781 1798 499 1809
1546 2 2 33 781 501 500 1810
1547 2 2 33 781 500 1798 1810
1548 2 2 33 781 502 501 1826
1549 2 2 33 781 501 1810 1826
1550 2 2 33 781 502 1826 1843
1551 2 2 33 781 504 503 1838
1552 2 2 33 781 1838 503 1843
1553 2 2 33 781 505 504 1839
1554 2 2 33 781 504 1838 1839
1555 2 2 33 781 1806 505 1839
1556 2 2 33 781 507 506 1794
1557 2 2 33 781 506 1789 1794
1558 2 2 33 781 510 509 1792
1559 2 2 33 781 1788 510 1792
1560 2 2 33 781 512 511 1842
1561 2 2 33 781 511 1804 1842
1562 2 2 33 781 513 512 1837
1563 2 2 33 781 1837 512 1842
1564 2 2 33 781 513 1837 1844
1565 2 2 33 781 515 514 1823
1566 2 2 33 781 1823 514 1844
1567 2 2 33 781 516 515 1820
1568 2 2 33 781 1820 515 1823
1569 2 2 33 781 517 516 1802
1570 2 2 33 781 1802 516 1820
1571 2 2 33 781 518 517 1821
1572 2 2 33 781 517 1802 1821
1573 2 2 33 781 519 518 1801
1574 2 2 33 781 1801 518 1821
1575 2 2 33 781 520 519 1822
1576 2 2 33 781 519 1801 1822
1577 2 2 33 781 521 520 1825
1578 2 2 33 781 520 1822 1825
1579 2 2 33 781 521 1825 1840
1580 2 2 33 781 523 522 1832
1581 2 2 33 781 1832 522 1840
1582 2 2 33 781 524 523 1807
1583 2 2 33 781 1807 523 1832
1584 2 2 33 781 525 524 1807
1585 2 2 33 781 526 525 1793
1586 2 2 33 781 1793 525 1807
1587 2 2 33 781 527 526 1796
1588 2 2 33 781 526 1793 1796
1589 2 2 33 781 528 527 1805
1590 2 2 33 781 529 528 1797
1591 2 2 33 781 530 529 1795
1592 2 2 33 781 1795 529 1797
1593 2 2 33 781 531 530 1815
1594 2 2 33 781 530 1795 1815
1595 2 2 33 781 532 531 1815
1596 2 2 33 781 533 532 1831
1597 2 2 33 781 532 1815 1831
1598 2 2 33 781 533 1831 1841
1599 2 2 33 781 535 534 1792
1600 2 2 33 781 534 1788 1792
1601 2 2 33 781 535 1792 1800
1602 2 2 33 781 537 536 1829
1603 2 2 33 781 536 1791 1829
1604 2 2 33 781 538 537 1828
1605 2 2 33 781 1828 537 1829
1606 2 2 33 781 539 538 1827
1607 2 2 33 781 1827 538 1828
1608 2 2 33 781 540 539 1830
1609 2 2 33 781 539 1827 1830
1610 2 2 33 781 1790 540 1830
1611 2 2 33 781 542 541 1796
1612 2 2 33 781 1793 542 1796
1613 2 2 33 781 544 543 1811
1614 2 2 33 781 1811 543 1817
1615 2 2 33 781 545 544 1836
1616 2 2 33 781 544 1811 1836
1617 2 2 33 781 546 545 1835
1618 2 2 33 781 1835 545 1836
1619 2 2 33 781 547 546 1814
1620 2 2 33 781 1814 546 1835
1621 2 2 33 781 547 1814 1816
1622 2 2 33 781 1782 1801 1811
1623 2 2 33 781 1801 1782 1822
1624 2 2 33 781 1807 1782 1817
1625 2 2 33 781 1782 1807 1832
1626 2 2 33 781 1782 1811 1817
1627 2 2 33 781 1822 1782 1825
1628 2 2 33 781 1825 1782 1832
1629 2 2 33 781 1802 1783 1814
1630 2 2 33 781 1783 1802 1820
1631 2 2 33 781 1814 1783 1816
1632 2 2 33 781 1816 1783 1842
1633 2 2 33 781 1783 1820 1823
1634 2 2 33 781 1783 1823 1837
1635 2 2 33 781 1783 1837 1842
1636 2 2 33 781 1784 1799 1808
1637 2 2 33 781 1799 1784 1812
1638 2 2 33 781 1784 1808 1824
1639 2 2 33 781 1812 1784 1819
1640 2 2 33 781 1784 1815 1819
1641 2 2 33 781 1815 1784 1831
1642 2 2 33 781 1784 1824 1831
1643 2 2 33 781 1798 1785 1810
1644 2 2 33 781 1785 1798 1813
1645 2 2 33 781 1810 1785 1826
1646 2 2 33 781 1785 1813 1818
1647 2 2 33 781 1785 1818 1839
1648 2 2 33 781 1826 1785 1838
1649 2 2 33 781 1838 1785 1839
1650 2 2 33 781 1786 1798 1809
1651 2 2 33 781 1798 1786 1813
1652 2 2 33 781 1799 1786 1809
1653 2 2 33 781 1786 1799 1812
1654 2 2 33 781 1786 1812 1834
1655 2 2 33 781 1813 1786 1833
1656 2 2 33 781 1833 1786 1834
1657 2 2 33 781 1801 1787 1811
1658 2 2 33 781 1787 1801 1821
1659 2 2 33 781 1787 1802 1814
1660 2 2 33 781 1802 1787 1821
1661 2 2 33 781 1811 1787 1836
1662 2 2 33 781 1787 1814 1835
1663 2 2 33 781 1787 1835 1836
1664 2 2 33 781 1804 1816 1842
1665 2 2 33 781 1818 1806 1839
1666 2 2 33 781 1837 1823 1844
1667 2 2 33 781 1831 1824 1841
1668 2 2 33 781 1825 1832 1840
1669 2 2 33 781 1826 1838 1843
1670 2 2 33 782 34 1868 33
1671 2 2 33 782 36 33 152
1672 2 2 33 782 33 1863 152
1673 2 2 33 782 562 1863 33
1674 2 2 33 782 33 1868 562
1675 2 2 33 782 164 34 35
1676 2 2 33 782 164 1862 34
1677 2 2 33 782 34 1862 563
1678 2 2 33 782 563 1868 34
1679 2 2 33 782 36 1853 35
1680 2 2 33 782 35 1853 164
1681 2 2 33 782 152 1853 36
1682 2 2 33 782 58 1854 57
1683 2 2 33 782 57 1866 60
1684 2 2 33 782 57 1854 153
1685 2 2 33 782 153 1866 57
1686 2 2 33 782 59 1865 58
1687 2 2 33 782 163 1854 58
1688 2 2 33 782 58 1865 163
1689 2 2 33 782 59 60 582
1690 2 2 33 782 583 59 582
1691 2 2 33 782 583 1856 59
1692 2 2 33 782 1856 1865 59
1693 2 2 33 782 582 60 581
1694 2 2 33 782 60 1859 581
1695 2 2 33 782 60 1866 1859
1696 2 2 33 782 136 1880 485
1697 2 2 33 782 548 1860 136
1698 2 2 33 782 1860 1876 136
1699 2 2 33 782 1876 1880 136
1700 2 2 33 782 481 1879 137
1701 2 2 33 782 137 1852 556
1702 2 2 33 782 137 1869 1852
1703 2 2 33 782 137 1879 1869
1704 2 2 33 782 152 1863 549
1705 2 2 33 782 550 1853 152
1706 2 2 33 782 153 1854 554
1707 2 2 33 782 555 1866 153
1708 2 2 33 782 154 1896 557
1709 2 2 33 782 569 1896 154
1710 2 2 33 782 568 1895 155
1711 2 2 33 782 155 1895 595
1712 2 2 33 782 156 1899 576
1713 2 2 33 782 579 1899 156
1714 2 2 33 782 158 580 157
1715 2 2 33 782 157 1869 577
1716 2 2 33 782 580 1852 157
1717 2 2 33 782 1852 1869 157
1718 2 2 33 782 160 584 159
1719 2 2 33 782 160 1851 584
1720 2 2 33 782 587 1867 160
1721 2 2 33 782 160 1867 1851
1722 2 2 33 782 161 1898 585
1723 2 2 33 782 588 1898 161
1724 2 2 33 782 596 1851 162
1725 2 2 33 782 162 1877 609
1726 2 2 33 782 1851 1867 162
1727 2 2 33 782 1867 1877 162
1728 2 2 33 782 163 1865 597
1729 2 2 33 782 598 1854 163
1730 2 2 33 782 164 1853 602
1731 2 2 33 782 603 1862 164
1732 2 2 33 782 165 1857 604
1733 2 2 33 782 605 1878 165
1734 2 2 33 782 165 1871 1857
1735 2 2 33 782 165 1878 1871
1736 2 2 33 782 269 572 268
1737 2 2 33 782 268 1893 269
1738 2 2 33 782 268 572 573
1739 2 2 33 782 573 1861 268
1740 2 2 33 782 1861 1893 268
1741 2 2 33 782 269 1864 572
1742 2 2 33 782 269 1893 1864
1743 2 2 33 782 324 591 325
1744 2 2 33 782 325 1870 324
1745 2 2 33 782 324 1858 591
1746 2 2 33 782 324 1870 1858
1747 2 2 33 782 591 592 325
1748 2 2 33 782 592 1855 325
1749 2 2 33 782 1855 1870 325
1750 2 2 33 782 482 1874 481
1751 2 2 33 782 1874 1879 481
1752 2 2 33 782 483 1889 482
1753 2 2 33 782 482 1889 1874
1754 2 2 33 782 484 1890 483
1755 2 2 33 782 483 1890 1889
1756 2 2 33 782 485 1873 484
1757 2 2 33 782 1873 1890 484
1758 2 2 33 782 485 1880 1873
1759 2 2 33 782 549 1863 548
1760 2 2 33 782 548 1863 1860
1761 2 2 33 782 551 1884 550
1762 2 2 33 782 550 1884 1853
1763 2 2 33 782 552 1881 551
1764 2 2 33 782 1881 1884 551
1765 2 2 33 782 553 1882 552
1766 2 2 33 782 552 1882 1881
1767 2 2 33 782 554 1883 553
1768 2 2 33 782 553 1883 1882
1769 2 2 33 782 1854 1883 554
1770 2 2 33 782 556 1859 555
1771 2 2 33 782 1859 1866 555
1772 2 2 33 782 1852 1859 556
1773 2 2 33 782 557 1887 558
1774 2 2 33 782 557 1896 1887
1775 2 2 33 782 558 1876 559
1776 2 2 33 782 1849 1876 558
1777 2 2 33 782 558 1887 1849
1778 2 2 33 782 559 1876 560
1779 2 2 33 782 560 1860 561
1780 2 2 33 782 560 1876 1860
1781 2 2 33 782 561 1863 562
1782 2 2 33 782 1860 1863 561
1783 2 2 33 782 562 1868 563
1784 2 2 33 782 563 1862 564
1785 2 2 33 782 564 1857 565
1786 2 2 33 782 564 1862 1857
1787 2 2 33 782 565 1871 566
1788 2 2 33 782 1857 1871 565
1789 2 2 33 782 566 1871 567
1790 2 2 33 782 567 1888 568
1791 2 2 33 782 567 1871 1847
1792 2 2 33 782 1847 1888 567
1793 2 2 33 782 1888 1895 568
1794 2 2 33 782 570 1887 569
1795 2 2 33 782 1887 1896 569
1796 2 2 33 782 571 1849 570
1797 2 2 33 782 1849 1887 570
1798 2 2 33 782 572 1864 571
1799 2 2 33 782 571 1864 1849
1800 2 2 33 782 574 1861 573
1801 2 2 33 782 575 1850 574
1802 2 2 33 782 1850 1861 574
1803 2 2 33 782 576 1886 575
1804 2 2 33 782 575 1886 1850
1805 2 2 33 782 576 1899 1886
1806 2 2 33 782 577 1894 578
1807 2 2 33 782 1869 1894 577
1808 2 2 33 782 578 1886 579
1809 2 2 33 782 578 1894 1886
1810 2 2 33 782 1886 1899 579
1811 2 2 33 782 581 1859 580
1812 2 2 33 782 580 1859 1852
1813 2 2 33 782 584 1856 583
1814 2 2 33 782 1851 1856 584
1815 2 2 33 782 585 1885 586
1816 2 2 33 782 585 1898 1885
1817 2 2 33 782 586 1897 587
1818 2 2 33 782 1885 1897 586
1819 2 2 33 782 587 1897 1867
1820 2 2 33 782 589 1885 588
1821 2 2 33 782 1885 1898 588
1822 2 2 33 782 590 1848 589
1823 2 2 33 782 1848 1885 589
1824 2 2 33 782 591 1858 590
1825 2 2 33 782 590 1858 1848
1826 2 2 33 782 593 1855 592
1827 2 2 33 782 594 1847 593
1828 2 2 33 782 1847 1855 593
1829 2 2 33 782 595 1888 594
1830 2 2 33 782 594 1888 1847
1831 2 2 33 782 595 1895 1888
1832 2 2 33 782 597 1856 596
1833 2 2 33 782 596 1856 1851
1834 2 2 33 782 597 1865 1856
1835 2 2 33 782 599 1883 598
1836 2 2 33 782 598 1883 1854
1837 2 2 33 782 600 1882 599
1838 2 2 33 782 1882 1883 599
1839 2 2 33 782 601 1881 600
1840 2 2 33 782 1881 1882 600
1841 2 2 33 782 602 1884 601
1842 2 2 33 782 601 1884 1881
1843 2 2 33 782 1853 1884 602
1844 2 2 33 782 604 1862 603
1845 2 2 33 782 1857 1862 604
1846 2 2 33 782 606 1872 605
1847 2 2 33 782 1872 1878 605
1848 2 2 33 782 607 1892 606
1849 2 2 33 782 606 1892 1872
1850 2 2 33 782 608 1891 607
1851 2 2 33 782 1891 1892 607
1852 2 2 33 782 609 1875 608
1853 2 2 33 782 1875 1891 608
1854 2 2 33 782 609 1877 1875
1855 2 2 33 782 1870 1872 1845
1856 2 2 33 782 1845 1875 1870
1857 2 2 33 782 1872 1892 1845
1858 2 2 33 782 1845 1891 1875
1859 2 2 33 782 1845 1892 1891
1860 2 2 33 782 1846 1890 1873
1861 2 2 33 782 1873 1893 1846
1862 2 2 33 782 1874 1889 1846
1863 2 2 33 782 1846 1893 1874
1864 2 2 33 782 1889 1890 1846
1865 2 2 33 782 1847 1872 1855
1866 2 2 33 782 1871 1878 1847
1867 2 2 33 782 1847 1878 1872
1868 2 2 33 782 1858 1875 1848
1869 2 2 33 782 1875 1877 1848
1870 2 2 33 782 1877 1897 1848
1871 2 2 33 782 1848 1897 1885
1872 2 2 33 782 1864 1873 1849
1873 2 2 33 782 1873 1880 1849
1874 2 2 33 782 1849 1880 1876
1875 2 2 33 782 1850 1874 1861
1876 2 2 33 782 1850 1879 1874
1877 2 2 33 782 1850 1894 1879
1878 2 2 33 782 1886 1894 1850
1879 2 2 33 782 1855 1872 1870
1880 2 2 33 782 1870 1875 1858
1881 2 2 33 782 1874 1893 1861
1882 2 2 33 782 1864 1893 1873
1883 2 2 33 782 1867 1897 1877
1884 2 2 33 782 1879 1894 1869
1885 2 2 43 783 683 38 37
1886 2 2 43 783 37 40 203
1887 2 2 43 783 37 203 683
1888 2 2 43 783 38 202 39
1889 2 2 43 783 38 683 202
1890 2 2 43 783 40 39 1901
1891 2 2 43 783 202 682 39
1892 2 2 43 783 39 682 1901
1893 2 2 43 783 40 684 203
1894 2 2 43 783 684 40 1901
1895 2 2 43 783 62 61 1900
1896 2 2 43 783 61 64 198
1897 2 2 43 783 690 61 198
1898 2 2 43 783 61 690 1900
1899 2 2 43 783 63 62 201
1900 2 2 43 783 201 62 676
1901 2 2 43 783 676 62 1900
1902 2 2 43 783 675 64 63
1903 2 2 43 783 675 63 201
1904 2 2 43 783 198 64 675
1905 2 2 43 783 677 676 1900
1906 2 2 43 783 678 677 1902
1907 2 2 43 783 677 1900 1902
1908 2 2 43 783 679 678 1904
1909 2 2 43 783 678 1902 1904
1910 2 2 43 783 680 679 1905
1911 2 2 43 783 679 1904 1905
1912 2 2 43 783 681 680 1903
1913 2 2 43 783 1903 680 1905
1914 2 2 43 783 682 681 1901
1915 2 2 43 783 1901 681 1903
1916 2 2 43 783 685 684 1901
1917 2 2 43 783 686 685 1903
1918 2 2 43 783 685 1901 1903
1919 2 2 43 783 687 686 1905
1920 2 2 43 783 686 1903 1905
1921 2 2 43 783 688 687 1904
1922 2 2 43 783 1904 687 1905
1923 2 2 43 783 689 688 1902
1924 2 2 43 783 1902 688 1904
1925 2 2 43 783 690 689 1900
1926 2 2 43 783 1900 689 1902
1927 2 2 29 784 470 17 18
1928 2 2 29 784 124 17 470
1929 2 2 29 784 1034 17 124
1930 2 2 29 784 1034 349 17
1931 2 2 29 784 468 122 18
1932 2 2 29 784 122 470 18
1933 2 2 29 784 468 18 344
1934 2 2 29 784 469 19 20
1935 2 2 29 784 466 19 120
1936 2 2 29 784 19 469 120
1937 2 2 29 784 466 346 19
1938 2 2 29 784 123 469 20
1939 2 2 29 784 20 1036 123
1940 2 2 29 784 1036 20 347
1941 2 2 29 784 345 467 344
1942 2 2 29 784 467 468 344
1943 2 2 29 784 346 467 345
1944 2 2 29 784 466 467 346
1945 2 2 29 784 348 1035 347
1946 2 2 29 784 1035 1036 347
1947 2 2 29 784 349 1035 348
1948 2 2 29 784 1034 1035 349
1949 2 2 37 785 635 22 21
1950 2 2 37 785 21 181 635
1951 2 2 37 785 181 21 636
1952 2 2 37 785 636 21 355
1953 2 2 37 785 22 176 628
1954 2 2 37 785 176 22 635
1955 2 2 37 785 628 350 22
1956 2 2 37 785 632 24 23
1957 2 2 37 785 23 626 174
1958 2 2 37 785 632 23 174
1959 2 2 37 785 626 23 352
1960 2 2 37 785 178 24 632
1961 2 2 37 785 24 178 638
1962 2 2 37 785 638 353 24
1963 2 2 37 785 351 350 627
1964 2 2 37 785 627 350 628
1965 2 2 37 785 352 351 627
1966 2 2 37 785 626 352 627
1967 2 2 37 785 354 353 637
1968 2 2 37 785 637 353 638
1969 2 2 37 785 355 354 637
1970 2 2 37 785 636 355 637
1971 2 2 37 786 634 49 50
1972 2 2 37 786 180 49 634
1973 2 2 37 786 180 639 49
1974 2 2 37 786 639 373 49
1975 2 2 37 786 631 177 50
1976 2 2 37 786 50 177 634
1977 2 2 37 786 631 50 368
1978 2 2 37 786 633 51 52
1979 2 2 37 786 51 175 629
1980 2 2 37 786 51 633 175
1981 2 2 37 786 629 370 51
1982 2 2 37 786 179 633 52
1983 2 2 37 786 52 641 179
1984 2 2 37 786 641 52 371
1985 2 2 37 786 630 368 369
1986 2 2 37 786 631 368 630
1987 2 2 37 786 369 370 630
1988 2 2 37 786 370 629 630
1989 2 2 37 786 371 372 640
1990 2 2 37 786 640 641 371
1991 2 2 37 786 640 372 373
1992 2 2 37 786 639 640 373
1993 2 2 41 787 667 54 53
1994 2 2 41 787 53 197 667
1995 2 2 41 787 197 53 668
1996 2 2 41 787 668 53 379
1997 2 2 41 787 54 192 660
1998 2 2 41 787 192 54 667
1999 2 2 41 787 660 374 54
2000 2 2 41 787 664 56 55
2001 2 2 41 787 658 190 55
2002 2 2 41 787 55 190 664
2003 2 2 41 787 658 55 376
2004 2 2 41 787 194 56 664
2005 2 2 41 787 56 194 670
2006 2 2 41 787 670 377 56
2007 2 2 41 787 375 374 659
2008 2 2 41 787 374 660 659
2009 2 2 41 787 376 375 659
2010 2 2 41 787 658 376 659
2011 2 2 41 787 378 377 669
2012 2 2 41 787 669 377 670
2013 2 2 41 787 379 378 669
2014 2 2 41 787 668 379 669
2015 2 2 41 788 666 73 74
2016 2 2 41 788 196 73 666
2017 2 2 41 788 671 73 196
2018 2 2 41 788 671 397 73
2019 2 2 41 788 74 663 193
2020 2 2 41 788 193 666 74
2021 2 2 41 788 663 74 392
2022 2 2 41 788 665 75 76
2023 2 2 41 788 191 661 75
2024 2 2 41 788 75 665 191
2025 2 2 41 788 661 394 75
2026 2 2 41 788 195 665 76
2027 2 2 41 788 76 673 195
2028 2 2 41 788 673 76 395
2029 2 2 41 788 662 392 393
2030 2 2 41 788 663 392 662
2031 2 2 41 788 394 662 393
2032 2 2 41 788 661 662 394
2033 2 2 41 788 395 396 672
2034 2 2 41 788 672 673 395
2035 2 2 41 788 672 396 397
2036 2 2 41 788 397 671 672
2037 2 2 47 789 731 78 77
2038 2 2 47 789 221 731 77
2039 2 2 47 789 732 221 77
2040 2 2 47 789 732 77 403
2041 2 2 47 789 78 216 724
2042 2 2 47 789 216 78 731
2043 2 2 47 789 724 398 78
2044 2 2 47 789 728 80 79
2045 2 2 47 789 214 79 722
2046 2 2 47 789 79 214 728
2047 2 2 47 789 722 79 400
2048 2 2 47 789 218 80 728
2049 2 2 47 789 734 80 218
2050 2 2 47 789 734 401 80
2051 2 2 47 789 399 398 723
2052 2 2 47 789 723 398 724
2053 2 2 47 789 400 399 723
2054 2 2 47 789 400 723 722
2055 2 2 47 789 402 401 733
2056 2 2 47 789 401 734 733
2057 2 2 47 789 403 402 733
2058 2 2 47 789 732 403 733
2059 2 2 47 790 90 730 89
2060 2 2 47 790 89 730 220
2061 2 2 47 790 89 220 735
2062 2 2 47 790 421 89 735
2063 2 2 47 790 90 727 217
2064 2 2 47 790 217 730 90
2065 2 2 47 790 416 727 90
2066 2 2 47 790 92 729 91
2067 2 2 47 790 725 91 215
2068 2 2 47 790 91 729 215
2069 2 2 47 790 418 91 725
2070 2 2 47 790 219 729 92
2071 2 2 47 790 219 92 737
2072 2 2 47 790 737 92 419
2073 2 2 47 790 416 417 726
2074 2 2 47 790 726 727 416
2075 2 2 47 790 726 417 418
2076 2 2 47 790 725 726 418
2077 2 2 47 790 420 736 419
2078 2 2 47 790 419 736 737
2079 2 2 47 790 421 736 420
2080 2 2 47 790 735 736 421
2081 2 2 51 791 763 94 93
2082 2 2 51 791 763 93 237
2083 2 2 51 791 237 93 764
2084 2 2 51 791 93 427 764
2085 2 2 51 791 94 232 756
2086 2 2 51 791 94 763 232
2087 2 2 51 791 422 94 756
2088 2 2 51 791 96 95 760
2089 2 2 51 791 230 95 754
2090 2 2 51 791 95 230 760
2091 2 2 51 791 95 424 754
2092 2 2 51 791 234 96 760
2093 2 2 51 791 96 234 766
2094 2 2 51 791 425 96 766
2095 2 2 51 791 423 422 755
2096 2 2 51 791 755 422 756
2097 2 2 51 791 424 423 755
2098 2 2 51 791 754 424 755
2099 2 2 51 791 426 425 765
2100 2 2 51 791 765 425 766
2101 2 2 51 791 427 426 765
2102 2 2 51 791 427 765 764
2103 2 2 51 792 762 105 106
2104 2 2 51 792 236 105 762
2105 2 2 51 792 236 767 105
2106 2 2 51 792 105 767 445
2107 2 2 51 792 106 759 233
2108 2 2 51 792 233 762 106
2109 2 2 51 792 440 759 106
2110 2 2 51 792 108 761 107
2111 2 2 51 792 231 757 107
2112 2 2 51 792 107 761 231
2113 2 2 51 792 757 442 107
2114 2 2 51 792 235 761 108
2115 2 2 51 792 769 235 108
2116 2 2 51 792 108 443 769
2117 2 2 51 792 441 758 440
2118 2 2 51 792 440 758 759
2119 2 2 51 792 441 442 758
2120 2 2 51 792 758 442 757
2121 2 2 51 792 444 768 443
2122 2 2 51 792 443 768 769
2123 2 2 51 792 445 768 444
2124 2 2 51 792 445 767 768
2125 2 2 53 793 777 110 109
2126 2 2 53 793 244 777 109
2127 2 2 53 793 778 244 109
2128 2 2 53 793 451 778 109
2129 2 2 53 793 110 777 240
2130 2 2 53 793 110 240 1909
2131 2 2 53 793 446 110 1909
2132 2 2 53 793 781 112 111
2133 2 2 53 793 781 111 246
2134 2 2 53 793 246 111 1910
2135 2 2 53 793 111 448 1910
2136 2 2 53 793 780 112 245
2137 2 2 53 793 112 781 245
2138 2 2 53 793 112 780 449
2139 2 2 53 793 238 247 1906
2140 2 2 53 793 247 238 1913
2141 2 2 53 793 770 238 1906
2142 2 2 53 793 238 1038 1913
2143 2 2 53 793 240 771 1909
2144 2 2 53 793 782 246 1910
2145 2 2 53 793 247 783 1906
2146 2 2 53 793 1039 247 1913
2147 2 2 53 793 326 327 1911
2148 2 2 53 793 1037 326 1911
2149 2 2 53 793 327 1040 1911
2150 2 2 53 793 447 446 1907
2151 2 2 53 793 1907 446 1909
2152 2 2 53 793 448 447 1908
2153 2 2 53 793 1906 447 1907
2154 2 2 53 793 447 1906 1908
2155 2 2 53 793 448 1908 1910
2156 2 2 53 793 779 450 449
2157 2 2 53 793 780 779 449
2158 2 2 53 793 450 779 451
2159 2 2 53 793 779 778 451
2160 2 2 53 793 771 770 1907
2161 2 2 53 793 770 1906 1907
2162 2 2 53 793 771 1907 1909
2163 2 2 53 793 783 782 1908
2164 2 2 53 793 1908 782 1910
2165 2 2 53 793 1906 783 1908
2166 2 2 53 793 1038 1037 1912
2167 2 2 53 793 1040 1037 1911
2168 2 2 53 793 1037 1040 1912
2169 2 2 53 793 1039 1038 1912
2170 2 2 53 793 1038 1039 1913
2171 2 2 53 793 1040 1039 1912
2172 2 2 27 794 456 9 10
2173 2 2 27 794 9 456 117
2174 2 2 27 794 117 460 9
2175 2 2 27 794 460 337 9
2176 2 2 27 794 454 114 10
2177 2 2 27 794 10 114 456
2178 2 2 27 794 454 10 332
2179 2 2 27 794 455 11 12
2180 2 2 27 794 11 113 452
2181 2 2 27 794 455 113 11
2182 2 2 27 794 452 334 11
2183 2 2 27 794 116 455 12
2184 2 2 27 794 12 462 116
2185 2 2 27 794 462 12 335
2186 2 2 27 794 333 453 332
2187 2 2 27 794 453 454 332
2188 2 2 27 794 334 453 333
2189 2 2 27 794 452 453 334
2190 2 2 27 794 336 461 335
2191 2 2 27 794 461 462 335
2192 2 2 27 794 337 461 336
2193 2 2 27 794 460 461 337
2194 2 2 35 795 619 14 13
2195 2 2 35 795 173 619 13
2196 2 2 35 795 620 173 13
2197 2 2 35 795 620 13 343
2198 2 2 35 795 612 14 168
2199 2 2 35 795 168 14 619
2200 2 2 35 795 612 338 14
2201 2 2 35 795 616 16 15
2202 2 2 35 795 166 15 610
2203 2 2 35 795 15 166 616
2204 2 2 35 795 610 15 340
2205 2 2 35 795 170 16 616
2206 2 2 35 795 16 170 622
2207 2 2 35 795 622 341 16
2208 2 2 35 795 339 338 611
2209 2 2 35 795 338 612 611
2210 2 2 35 795 340 339 611
2211 2 2 35 795 610 340 611
2212 2 2 35 795 341 621 342
2213 2 2 35 795 621 341 622
2214 2 2 35 795 621 343 342
2215 2 2 35 795 343 621 620
2216 2 2 35 796 618 41 42
2217 2 2 35 796 41 618 172
2218 2 2 35 796 172 623 41
2219 2 2 35 796 623 361 41
2220 2 2 35 796 42 615 169
2221 2 2 35 796 169 618 42
2222 2 2 35 796 615 42 356
2223 2 2 35 796 617 43 44
2224 2 2 35 796 613 43 167
2225 2 2 35 796 43 617 167
2226 2 2 35 796 613 358 43
2227 2 2 35 796 171 617 44
2228 2 2 35 796 44 625 171
2229 2 2 35 796 625 44 359
2230 2 2 35 796 614 356 357
2231 2 2 35 796 615 356 614
2232 2 2 35 796 614 357 358
2233 2 2 35 796 613 614 358
2234 2 2 35 796 359 360 624
2235 2 2 35 796 624 625 359
2236 2 2 35 796 624 360 361
2237 2 2 35 796 361 623 624
2238 2 2 39 797 651 46 45
2239 2 2 39 797 651 45 189
2240 2 2 39 797 45 652 189
2241 2 2 39 797 652 45 367
2242 2 2 39 797 46 184 644
2243 2 2 39 797 184 46 651
2244 2 2 39 797 644 362 46
2245 2 2 39 797 648 48 47
2246 2 2 39 797 182 47 642
2247 2 2 39 797 47 182 648
2248 2 2 39 797 642 47 364
2249 2 2 39 797 186 48 648
2250 2 2 39 797 48 186 654
2251 2 2 39 797 654 365 48
2252 2 2 39 797 362 643 363
2253 2 2 39 797 643 362 644
2254 2 2 39 797 643 364 363
2255 2 2 39 797 643 642 364
2256 2 2 39 797 366 365 653
2257 2 2 39 797 365 654 653
2258 2 2 39 797 367 366 653
2259 2 2 39 797 652 367 653
2260 2 2 39 798 650 65 66
2261 2 2 39 798 188 65 650
2262 2 2 39 798 188 655 65
2263 2 2 39 798 655 385 65
2264 2 2 39 798 647 185 66
2265 2 2 39 798 66 185 650
2266 2 2 39 798 647 66 380
2267 2 2 39 798 649 67 68
2268 2 2 39 798 183 645 67
2269 2 2 39 798 67 649 183
2270 2 2 39 798 645 382 67
2271 2 2 39 798 187 649 68
2272 2 2 39 798 68 657 187
2273 2 2 39 798 657 68 383
2274 2 2 39 798 381 646 380
2275 2 2 39 798 646 647 380
2276 2 2 39 798 382 646 381
2277 2 2 39 798 382 645 646
2278 2 2 39 798 383 384 656
2279 2 2 39 798 656 657 383
2280 2 2 39 798 656 384 385
2281 2 2 39 798 385 655 656
2282 2 2 45 799 715 70 69
2283 2 2 45 799 715 69 213
2284 2 2 45 799 213 69 716
2285 2 2 45 799 716 69 391
2286 2 2 45 799 70 208 708
2287 2 2 45 799 715 208 70
2288 2 2 45 799 708 386 70
2289 2 2 45 799 712 72 71
2290 2 2 45 799 206 71 706
2291 2 2 45 799 71 206 712
2292 2 2 45 799 706 71 388
2293 2 2 45 799 210 72 712
2294 2 2 45 799 72 210 718
2295 2 2 45 799 718 389 72
2296 2 2 45 799 386 707 387
2297 2 2 45 799 707 386 708
2298 2 2 45 799 707 388 387
2299 2 2 45 799 388 707 706
2300 2 2 45 799 717 390 389
2301 2 2 45 799 717 389 718
2302 2 2 45 799 391 390 717
2303 2 2 45 799 391 717 716
2304 2 2 45 800 81 82 714
2305 2 2 45 800 212 81 714
2306 2 2 45 800 719 81 212
2307 2 2 45 800 409 81 719
2308 2 2 45 800 209 82 711
2309 2 2 45 800 714 82 209
2310 2 2 45 800 711 82 404
2311 2 2 45 800 84 713 83
2312 2 2 45 800 709 83 207
2313 2 2 45 800 83 713 207
2314 2 2 45 800 406 83 709
2315 2 2 45 800 211 713 84
2316 2 2 45 800 84 721 211
2317 2 2 45 800 407 721 84
2318 2 2 45 800 405 710 404
2319 2 2 45 800 710 711 404
2320 2 2 45 800 406 710 405
2321 2 2 45 800 709 710 406
2322 2 2 45 800 408 720 407
2323 2 2 45 800 720 721 407
2324 2 2 45 800 409 720 408
2325 2 2 45 800 719 720 409
2326 2 2 49 801 747 86 85
2327 2 2 49 801 229 747 85
2328 2 2 49 801 748 229 85
2329 2 2 49 801 415 748 85
2330 2 2 49 801 86 224 740
2331 2 2 49 801 224 86 747
2332 2 2 49 801 410 86 740
2333 2 2 49 801 88 87 744
2334 2 2 49 801 222 87 738
2335 2 2 49 801 87 222 744
2336 2 2 49 801 87 412 738
2337 2 2 49 801 88 744 226
2338 2 2 49 801 88 226 750
2339 2 2 49 801 413 88 750
2340 2 2 49 801 411 410 739
2341 2 2 49 801 739 410 740
2342 2 2 49 801 412 411 739
2343 2 2 49 801 738 412 739
2344 2 2 49 801 414 413 749
2345 2 2 49 801 749 413 750
2346 2 2 49 801 415 414 749
2347 2 2 49 801 415 749 748
2348 2 2 49 802 746 97 98
2349 2 2 49 802 228 97 746
2350 2 2 49 802 228 751 97
2351 2 2 49 802 751 433 97
2352 2 2 49 802 743 225 98
2353 2 2 49 802 225 746 98
2354 2 2 49 802 98 428 743
2355 2 2 49 802 100 745 99
2356 2 2 49 802 223 741 99
2357 2 2 49 802 99 745 223
2358 2 2 49 802 741 430 99
2359 2 2 49 802 100 227 745
2360 2 2 49 802 100 753 227
2361 2 2 49 802 431 753 100
2362 2 2 49 802 429 742 428
2363 2 2 49 802 428 742 743
2364 2 2 49 802 429 430 742
2365 2 2 49 802 742 430 741
2366 2 2 49 802 432 752 431
2367 2 2 49 802 752 753 431
2368 2 2 49 802 433 752 432
2369 2 2 49 802 751 752 433
2370 2 2 55 803 101 803 102
2371 2 2 55 803 803 101 261
2372 2 2 55 803 261 101 1918
2373 2 2 55 803 101 439 1918
2374 2 2 55 803 260 802 102
2375 2 2 55 803 803 260 102
2376 2 2 55 803 802 434 102
2377 2 2 55 803 103 799 104
2378 2 2 55 803 799 103 259
2379 2 2 55 803 259 103 800
2380 2 2 55 803 103 436 800
2381 2 2 55 803 104 799 254
2382 2 2 55 803 104 254 1917
2383 2 2 55 803 437 104 1917
2384 2 2 55 803 252 262 1914
2385 2 2 55 803 262 252 1921
2386 2 2 55 803 792 252 1914
2387 2 2 55 803 252 1042 1921
2388 2 2 55 803 254 793 1917
2389 2 2 55 803 804 261 1918
2390 2 2 55 803 262 805 1914
2391 2 2 55 803 1043 262 1921
2392 2 2 55 803 271 270 1919
2393 2 2 55 803 270 1044 1919
2394 2 2 55 803 1041 271 1919
2395 2 2 55 803 435 434 801
2396 2 2 55 803 434 802 801
2397 2 2 55 803 436 435 801
2398 2 2 55 803 436 801 800
2399 2 2 55 803 438 437 1915
2400 2 2 55 803 1915 437 1917
2401 2 2 55 803 439 438 1916
2402 2 2 55 803 1914 438 1915
2403 2 2 55 803 438 1914 1916
2404 2 2 55 803 439 1916 1918
2405 2 2 55 803 793 792 1915
2406 2 2 55 803 792 1914 1915
2407 2 2 55 803 793 1915 1917
2408 2 2 55 803 805 804 1916
2409 2 2 55 803 1916 804 1918
2410 2 2 55 803 1914 805 1916
2411 2 2 55 803 1042 1041 1920
2412 2 2 55 803 1044 1041 1919
2413 2 2 55 803 1041 1044 1920
2414 2 2 55 803 1043 1042 1920
2415 2 2 55 803 1042 1043 1921
2416 2 2 55 803 1044 1043 1920
2417 2 2 55 804 263 271 256
2418 2 2 55 804 263 270 271
2419 4 2 9 9 6 1060 5 1061
2420 4 2 9 9 8 1060 7 1061
2421 4 2 9 9 5 1060 2 1
2422 4 2 9 9 1060 6 5 2
2423 4 2 9 9 7 4 1060 8
2424 4 2 9 9 4 7 1060 3
2425 4 2 9 9 5 1060 8 1061
2426 4 2 9 9 7 1060 6 1061
2427 4 2 9 9 3 2 6 1060
2428 4 2 9 9 5 1060 1 8
2429 4 2 9 9 8 1060 1 4
2430 4 2 9 9 1060 7 6 3
2431 4 2 9 10 1062 343 9 1066
2432 4 2 9 10 10 338 1062 1066
2433 4 2 9 10 336 335 1069 1064
2434 4 2 9 10 9 343 13 1066
2435 4 2 9 10 338 14 1066 10
2436 4 2 9 10 11 334 340 1063
2437 4 2 9 10 338 10 1062 332
2438 4 2 9 10 1062 343 337 9
2439 4 2 9 10 333 340 334 1064
2440 4 2 9 10 333 338 1065 332
2441 4 2 9 10 12 1063 341 335
2442 4 2 9 10 342 335 1069 336
2443 4 2 9 10 336 343 1068 342
2444 4 2 9 10 335 342 1069 341
2445 4 2 9 10 1069 335 340 1064
2446 4 2 9 10 9 10 1062 1066
2447 4 2 9 10 343 1062 338 1066
2448 4 2 9 10 341 1063 1067 340
2449 4 2 9 10 13 10 1066 14
2450 4 2 9 10 1062 338 332 337
2451 4 2 9 10 332 338 1065 337
2452 4 2 9 10 336 1068 339 342
2453 4 2 9 10 339 336 342 1069
2454 4 2 9 10 10 13 1066 9
2455 4 2 9 10 340 334 335 1063
2456 4 2 9 10 335 1064 334 340
2457 4 2 9 10 1062 343 338 337
2458 4 2 9 10 341 1063 340 335
2459 4 2 9 10 1069 335 341 340
2460 4 2 9 10 15 12 1067 16
2461 4 2 9 10 341 12 1067 1063
2462 4 2 9 10 341 1067 12 16
2463 4 2 9 10 1069 336 333 339
2464 4 2 9 10 333 336 1069 1064
2465 4 2 9 10 333 340 1069 339
2466 4 2 9 10 1069 340 333 1064
2467 4 2 9 10 336 1068 333 339
2468 4 2 9 10 336 333 1068 1065
2469 4 2 9 10 338 333 1068 339
2470 4 2 9 10 338 1068 333 1065
2471 4 2 9 10 1065 338 343 337
2472 4 2 9 10 343 338 1065 1068
2473 4 2 9 10 343 336 1065 337
2474 4 2 9 10 1065 336 343 1068
2475 4 2 9 10 340 11 1067 15
2476 4 2 9 10 340 1067 11 1063
2477 4 2 9 10 12 1067 11 15
2478 4 2 9 10 12 11 1067 1063
2479 4 2 9 11 1075 19 352 1071
2480 4 2 9 11 352 1073 351 1077
2481 4 2 9 11 19 1075 352 23
2482 4 2 9 11 22 350 18 1074
2483 4 2 9 11 20 353 1075 24
2484 4 2 9 11 19 346 352 1071
2485 4 2 9 11 17 355 1070 349
2486 4 2 9 11 352 345 1073 346
2487 4 2 9 11 355 1076 348 354
2488 4 2 9 11 345 352 1073 351
2489 4 2 9 11 354 347 353 1077
2490 4 2 9 11 351 344 350 1076
2491 4 2 9 11 1073 352 347 1077
2492 4 2 9 11 20 19 1075 1071
2493 4 2 9 11 22 18 21 1074
2494 4 2 9 11 23 24 20 1075
2495 4 2 9 11 19 23 20 1075
2496 4 2 9 11 347 1071 352 346
2497 4 2 9 11 352 1073 347 346
2498 4 2 9 11 1070 355 344 349
2499 4 2 9 11 348 1076 351 354
2500 4 2 9 11 345 351 1073 348
2501 4 2 9 11 352 347 1077 353
2502 4 2 9 11 355 344 1076 350
2503 4 2 9 11 1074 18 17 1070
2504 4 2 9 11 17 18 1074 21
2505 4 2 9 11 17 355 1074 1070
2506 4 2 9 11 1074 355 17 21
2507 4 2 9 11 344 1072 355 1076
2508 4 2 9 11 344 355 1072 349
2509 4 2 9 11 348 355 1072 1076
2510 4 2 9 11 348 1072 355 349
2511 4 2 9 11 1071 20 353 1075
2512 4 2 9 11 353 20 1071 347
2513 4 2 9 11 353 352 1071 1075
2514 4 2 9 11 1071 352 353 347
2515 4 2 9 11 355 1070 350 1074
2516 4 2 9 11 355 350 1070 344
2517 4 2 9 11 18 350 1070 1074
2518 4 2 9 11 18 1070 350 344
2519 4 2 9 11 1072 348 351 345
2520 4 2 9 11 351 348 1072 1076
2521 4 2 9 11 351 344 1072 345
2522 4 2 9 11 1072 344 351 1076
2523 4 2 9 11 1073 351 354 348
2524 4 2 9 11 354 351 1073 1077
2525 4 2 9 11 354 347 1073 348
2526 4 2 9 11 1073 347 354 1077
2527 4 2 9 12 27 1079 28 1078
2528 4 2 9 12 25 26 1078 1079
2529 4 2 9 12 32 1079 28 31
2530 4 2 9 12 29 26 25 1079
2531 4 2 9 12 30 26 29 1079
2532 4 2 9 12 27 1079 31 28
2533 4 2 9 12 25 28 1079 1078
2534 4 2 9 12 27 26 1079 1078
2535 4 2 9 12 32 25 28 1079
2536 4 2 9 12 31 27 30 1079
2537 4 2 9 12 30 27 26 1079
2538 4 2 9 12 32 25 1079 29
2539 4 2 11 28 1081 36 35 1080
2540 4 2 11 28 33 1081 34 1080
2541 4 2 11 28 1081 33 34 37
2542 4 2 11 28 1081 37 34 38
2543 4 2 11 28 40 36 39 1081
2544 4 2 11 28 39 36 35 1081
2545 4 2 11 28 34 35 1080 1081
2546 4 2 11 28 36 33 1080 1081
2547 4 2 11 28 35 38 39 1081
2548 4 2 11 28 40 37 33 1081
2549 4 2 11 28 35 34 38 1081
2550 4 2 11 28 33 36 40 1081
2551 4 2 11 29 362 1082 42 1086
2552 4 2 11 29 44 1087 365 1083
2553 4 2 11 29 1085 363 364 1089
2554 4 2 11 29 366 1085 365 1089
2555 4 2 11 29 41 1086 367 45
2556 4 2 11 29 43 1087 364 47
2557 4 2 11 29 1087 44 365 48
2558 4 2 11 29 46 362 42 1086
2559 4 2 11 29 359 366 360 1085
2560 4 2 11 29 364 357 1085 358
2561 4 2 11 29 1082 362 42 356
2562 4 2 11 29 365 359 44 1083
2563 4 2 11 29 356 363 357 1084
2564 4 2 11 29 357 364 1085 363
2565 4 2 11 29 367 361 366 1088
2566 4 2 11 29 359 366 1085 365
2567 4 2 11 29 1085 366 363 1089
2568 4 2 11 29 364 1085 1089 365
2569 4 2 11 29 1087 43 1083 44
2570 4 2 11 29 1086 41 1082 42
2571 4 2 11 29 45 46 42 1086
2572 4 2 11 29 47 44 1087 48
2573 4 2 11 29 363 1084 360 357
2574 4 2 11 29 360 1085 363 357
2575 4 2 11 29 366 1085 363 360
2576 4 2 11 29 44 47 1087 43
2577 4 2 11 29 1086 41 42 45
2578 4 2 11 29 358 359 365 1083
2579 4 2 11 29 365 358 1085 359
2580 4 2 11 29 364 1085 365 358
2581 4 2 11 29 1082 362 356 361
2582 4 2 11 29 361 362 1088 367
2583 4 2 11 29 363 1084 366 360
2584 4 2 11 29 363 366 1084 1088
2585 4 2 11 29 361 366 1084 360
2586 4 2 11 29 361 1084 366 1088
2587 4 2 11 29 365 1083 364 358
2588 4 2 11 29 365 364 1083 1087
2589 4 2 11 29 43 364 1083 358
2590 4 2 11 29 43 1083 364 1087
2591 4 2 11 29 1082 362 367 1086
2592 4 2 11 29 367 362 1082 361
2593 4 2 11 29 367 41 1082 1086
2594 4 2 11 29 1082 41 367 361
2595 4 2 11 29 1088 361 356 362
2596 4 2 11 29 356 361 1088 1084
2597 4 2 11 29 356 363 1088 362
2598 4 2 11 29 1088 363 356 1084
2599 4 2 11 30 50 1094 374 1090
2600 4 2 11 30 1096 376 369 1093
2601 4 2 11 30 377 378 1093 1096
2602 4 2 11 30 51 376 55 1095
2603 4 2 11 30 49 379 53 1094
2604 4 2 11 30 1095 52 377 56
2605 4 2 11 30 1094 50 374 54
2606 4 2 11 30 375 376 369 1096
2607 4 2 11 30 374 368 50 1090
2608 4 2 11 30 370 369 376 1093
2609 4 2 11 30 369 368 374 1092
2610 4 2 11 30 379 372 1092 373
2611 4 2 11 30 372 371 378 1093
2612 4 2 11 30 371 378 1093 377
2613 4 2 11 30 1096 1093 369 378
2614 4 2 11 30 1096 1093 377 376
2615 4 2 11 30 1092 379 374 1097
2616 4 2 11 30 51 1095 52 1091
2617 4 2 11 30 49 50 1090 1094
2618 4 2 11 30 52 1095 55 56
2619 4 2 11 30 54 50 53 1094
2620 4 2 11 30 374 1090 373 368
2621 4 2 11 30 373 374 368 1092
2622 4 2 11 30 1096 369 375 378
2623 4 2 11 30 53 50 49 1094
2624 4 2 11 30 1095 51 52 55
2625 4 2 11 30 1093 371 377 370
2626 4 2 11 30 370 377 1093 376
2627 4 2 11 30 1092 379 373 374
2628 4 2 11 30 378 1093 369 372
2629 4 2 11 30 378 1097 369 375
2630 4 2 11 30 374 369 1097 375
2631 4 2 11 30 374 1097 369 1092
2632 4 2 11 30 1090 49 379 373
2633 4 2 11 30 379 49 1090 1094
2634 4 2 11 30 379 374 1090 373
2635 4 2 11 30 1090 374 379 1094
2636 4 2 11 30 370 377 1091 371
2637 4 2 11 30 52 377 1091 1095
2638 4 2 11 30 52 1091 377 371
2639 4 2 11 30 369 1097 372 1092
2640 4 2 11 30 369 372 1097 378
2641 4 2 11 30 379 372 1097 1092
2642 4 2 11 30 379 1097 372 378
2643 4 2 11 30 376 377 1091 370
2644 4 2 11 30 1091 377 376 1095
2645 4 2 11 30 1091 51 376 370
2646 4 2 11 30 376 51 1091 1095
2647 4 2 11 31 1099 58 57 1098
2648 4 2 11 31 59 1099 60 1098
2649 4 2 11 31 60 1099 63 64
2650 4 2 11 31 1099 59 60 63
2651 4 2 11 31 61 58 57 1099
2652 4 2 11 31 61 58 1099 62
2653 4 2 11 31 1099 59 58 1098
2654 4 2 11 31 60 1099 57 1098
2655 4 2 11 31 62 59 1099 63
2656 4 2 11 31 64 57 1099 61
2657 4 2 11 31 59 1099 58 62
2658 4 2 11 31 60 1099 64 57
2659 4 2 13 41 1105 67 1101 1922
2660 4 2 13 41 390 1103 389 1107
2661 4 2 13 41 68 71 72 1922
2662 4 2 13 41 71 68 67 1922
2663 4 2 13 41 67 388 71 1105
2664 4 2 13 41 383 390 384 1103
2665 4 2 13 41 386 1100 380 66
2666 4 2 13 41 389 1101 383 68
2667 4 2 13 41 65 391 1100 385
2668 4 2 13 41 388 381 387 1107
2669 4 2 13 41 391 385 390 1106
2670 4 2 13 41 387 380 386 1106
2671 4 2 13 41 383 390 1103 389
2672 4 2 13 41 71 67 1105 1922
2673 4 2 13 41 1106 380 385 1102
2674 4 2 13 41 1107 381 390 1103
2675 4 2 13 41 1100 386 391 1104
2676 4 2 13 41 1103 381 390 384
2677 4 2 13 41 389 1101 382 383
2678 4 2 13 41 1103 389 382 383
2679 4 2 13 41 381 1107 390 387
2680 4 2 13 41 391 380 1100 385
2681 4 2 13 41 391 380 385 1106
2682 4 2 13 41 386 1100 391 380
2683 4 2 13 41 391 380 1106 386
2684 4 2 13 41 72 71 1105 1922
2685 4 2 13 41 1101 67 68 1922
2686 4 2 13 41 69 66 1104 70
2687 4 2 13 41 386 66 1104 1100
2688 4 2 13 41 386 1104 66 70
2689 4 2 13 41 389 1105 68 72
2690 4 2 13 41 389 68 1105 1101
2691 4 2 13 41 1922 68 1105 72
2692 4 2 13 41 1922 1105 68 1101
2693 4 2 13 41 381 1102 390 384
2694 4 2 13 41 385 390 1102 384
2695 4 2 13 41 385 1102 390 1106
2696 4 2 13 41 389 1101 388 382
2697 4 2 13 41 389 388 1101 1105
2698 4 2 13 41 67 388 1101 382
2699 4 2 13 41 67 1101 388 1105
2700 4 2 13 41 1103 389 388 382
2701 4 2 13 41 388 389 1103 1107
2702 4 2 13 41 388 381 1103 382
2703 4 2 13 41 1103 381 388 1107
2704 4 2 13 41 390 1102 387 1106
2705 4 2 13 41 390 387 1102 381
2706 4 2 13 41 380 387 1102 1106
2707 4 2 13 41 380 1102 387 381
2708 4 2 13 41 66 65 1104 1100
2709 4 2 13 41 66 1104 65 69
2710 4 2 13 41 391 1104 65 1100
2711 4 2 13 41 391 65 1104 69
2712 4 2 13 42 1112 74 1108 398
2713 4 2 13 42 393 1114 400 1111
2714 4 2 13 42 1115 393 398 1110
2715 4 2 13 42 403 73 1112 77
2716 4 2 13 42 1112 74 398 78
2717 4 2 13 42 1114 393 400 399
2718 4 2 13 42 393 1115 398 399
2719 4 2 13 42 75 394 400 1109
2720 4 2 13 42 398 74 1108 392
2721 4 2 13 42 393 400 394 1111
2722 4 2 13 42 398 393 392 1110
2723 4 2 13 42 403 396 1110 397
2724 4 2 13 42 401 395 76 1109
2725 4 2 13 42 1114 395 402 401
2726 4 2 13 42 1114 395 400 1111
2727 4 2 13 42 403 1110 1115 398
2728 4 2 13 42 400 401 1113 1109
2729 4 2 13 42 1112 73 1108 74
2730 4 2 13 42 77 74 1112 78
2731 4 2 13 42 398 1108 397 392
2732 4 2 13 42 397 398 392 1110
2733 4 2 13 42 1115 393 402 399
2734 4 2 13 42 1114 393 399 402
2735 4 2 13 42 1112 73 74 77
2736 4 2 13 42 400 395 1109 394
2737 4 2 13 42 1111 395 400 394
2738 4 2 13 42 403 1110 398 397
2739 4 2 13 42 400 395 401 1109
2740 4 2 13 42 395 1114 400 401
2741 4 2 13 42 401 1113 76 80
2742 4 2 13 42 401 76 1113 1109
2743 4 2 13 42 79 76 1113 80
2744 4 2 13 42 398 1108 403 397
2745 4 2 13 42 398 403 1108 1112
2746 4 2 13 42 73 403 1108 397
2747 4 2 13 42 73 1108 403 1112
2748 4 2 13 42 393 1111 402 1114
2749 4 2 13 42 393 402 1111 396
2750 4 2 13 42 395 402 1111 1114
2751 4 2 13 42 395 1111 402 396
2752 4 2 13 42 393 1115 396 1110
2753 4 2 13 42 393 396 1115 402
2754 4 2 13 42 403 396 1115 1110
2755 4 2 13 42 403 1115 396 402
2756 4 2 13 42 400 75 1113 79
2757 4 2 13 42 400 1113 75 1109
2758 4 2 13 42 76 1113 75 79
2759 4 2 13 42 76 75 1113 1109
2760 4 2 15 49 1123 407 88 1117
2761 4 2 15 49 407 1125 414 1118
2762 4 2 15 49 88 407 84 1117
2763 4 2 15 49 85 81 409 1116
2764 4 2 15 49 412 405 411 1125
2765 4 2 15 49 1124 410 405 411
2766 4 2 15 49 407 1123 88 413
2767 4 2 15 49 1125 407 414 413
2768 4 2 15 49 86 410 404 1122
2769 4 2 15 49 406 412 87 1123
2770 4 2 15 49 415 408 1119 409
2771 4 2 15 49 407 408 1118 414
2772 4 2 15 49 83 84 1117 1121
2773 4 2 15 49 81 82 1116 1120
2774 4 2 15 49 86 85 1122 1120
2775 4 2 15 49 88 87 1123 1121
2776 4 2 15 49 1116 1122 85 1120
2777 4 2 15 49 88 1123 1117 1121
2778 4 2 15 49 85 81 1116 1120
2779 4 2 15 49 1117 84 88 1121
2780 4 2 15 49 1125 405 414 1118
2781 4 2 15 49 406 407 1123 1117
2782 4 2 15 49 405 1124 411 414
2783 4 2 15 49 405 414 411 1125
2784 4 2 15 49 413 412 407 1123
2785 4 2 15 49 407 1125 412 413
2786 4 2 15 49 410 404 1122 415
2787 4 2 15 49 405 408 414 1118
2788 4 2 15 49 412 406 407 1123
2789 4 2 15 49 1119 415 409 404
2790 4 2 15 49 1120 1116 86 82
2791 4 2 15 49 1120 86 1116 1122
2792 4 2 15 49 404 86 1116 82
2793 4 2 15 49 404 1116 86 1122
2794 4 2 15 49 1121 1117 87 1123
2795 4 2 15 49 1121 87 1117 83
2796 4 2 15 49 406 87 1117 1123
2797 4 2 15 49 406 1117 87 83
2798 4 2 15 49 85 1122 409 415
2799 4 2 15 49 85 409 1122 1116
2800 4 2 15 49 404 409 1122 415
2801 4 2 15 49 404 1122 409 1116
2802 4 2 15 49 405 1124 408 1119
2803 4 2 15 49 405 408 1124 414
2804 4 2 15 49 415 408 1124 1119
2805 4 2 15 49 415 1124 408 414
2806 4 2 15 49 405 1118 412 406
2807 4 2 15 49 405 412 1118 1125
2808 4 2 15 49 407 412 1118 406
2809 4 2 15 49 407 1118 412 1125
2810 4 2 15 49 415 1119 410 404
2811 4 2 15 49 415 410 1119 1124
2812 4 2 15 49 405 410 1119 404
2813 4 2 15 49 405 1119 410 1124
2814 4 2 15 50 1128 422 423 1134
2815 4 2 15 50 1133 419 96 1127
2816 4 2 15 50 421 1132 93 1126
2817 4 2 15 50 1135 418 417 1129
2818 4 2 15 50 1135 420 419 1129
2819 4 2 15 50 96 419 92 1127
2820 4 2 15 50 93 89 421 1126
2821 4 2 15 50 94 416 1132 422
2822 4 2 15 50 422 1128 423 416
2823 4 2 15 50 419 1133 96 425
2824 4 2 15 50 419 426 1135 425
2825 4 2 15 50 1132 421 93 427
2826 4 2 15 50 418 424 95 1133
2827 4 2 15 50 423 424 417 1135
2828 4 2 15 50 1135 418 424 417
2829 4 2 15 50 420 427 421 1128
2830 4 2 15 50 417 416 423 1128
2831 4 2 15 50 420 1135 419 426
2832 4 2 15 50 1126 1130 89 90
2833 4 2 15 50 91 92 1127 1131
2834 4 2 15 50 96 95 1133 1131
2835 4 2 15 50 94 93 1132 1130
2836 4 2 15 50 1126 93 1130 1132
2837 4 2 15 50 1127 1131 96 1133
2838 4 2 15 50 1130 1126 89 93
2839 4 2 15 50 1131 92 1127 96
2840 4 2 15 50 1128 427 422 1134
2841 4 2 15 50 1135 1129 417 420
2842 4 2 15 50 416 1132 421 1126
2843 4 2 15 50 418 1133 1127 419
2844 4 2 15 50 1135 419 418 1129
2845 4 2 15 50 422 427 421 1132
2846 4 2 15 50 1132 416 421 422
2847 4 2 15 50 427 1128 422 421
2848 4 2 15 50 422 416 421 1128
2849 4 2 15 50 425 418 1133 424
2850 4 2 15 50 425 418 419 1133
2851 4 2 15 50 1135 418 425 424
2852 4 2 15 50 1135 419 425 418
2853 4 2 15 50 423 426 1135 420
2854 4 2 15 50 417 423 1135 420
2855 4 2 15 50 420 417 423 1128
2856 4 2 15 50 1126 1130 94 1132
2857 4 2 15 50 94 1130 1126 90
2858 4 2 15 50 94 416 1126 1132
2859 4 2 15 50 1126 416 94 90
2860 4 2 15 50 418 1127 95 91
2861 4 2 15 50 418 95 1127 1133
2862 4 2 15 50 1131 95 1127 91
2863 4 2 15 50 1131 1127 95 1133
2864 4 2 15 50 1134 423 420 426
2865 4 2 15 50 420 423 1134 1128
2866 4 2 15 50 420 427 1134 426
2867 4 2 15 50 1134 427 420 1128
2868 4 2 19 57 439 1136 102 1141
2869 4 2 19 57 439 435 1139 1142
2870 4 2 19 57 1140 103 436 1137
2871 4 2 19 57 1140 430 99 1137
2872 4 2 19 57 1141 98 428 1136
2873 4 2 19 57 429 433 1139 1142
2874 4 2 19 57 1138 431 432 1143
2875 4 2 19 57 1138 437 1143 438
2876 4 2 19 57 102 439 1141 101
2877 4 2 19 57 436 104 1140 437
2878 4 2 19 57 103 1140 436 104
2879 4 2 19 57 100 430 99 1140
2880 4 2 19 57 433 98 1141 97
2881 4 2 19 57 1136 439 102 434
2882 4 2 19 57 430 432 429 1138
2883 4 2 19 57 434 435 1139 439
2884 4 2 19 57 432 433 429 1142
2885 4 2 19 57 100 431 430 1140
2886 4 2 19 57 98 433 1141 428
2887 4 2 19 57 429 433 428 1139
2888 4 2 19 57 1138 431 430 432
2889 4 2 19 57 435 439 438 1142
2890 4 2 19 57 1138 437 438 436
2891 4 2 19 57 435 436 1138 438
2892 4 2 19 57 99 103 1140 1137
2893 4 2 19 57 1139 435 429 1142
2894 4 2 19 57 98 102 1136 1141
2895 4 2 19 57 1138 437 431 1143
2896 4 2 19 57 1141 428 439 1136
2897 4 2 19 57 439 1142 1139 433
2898 4 2 19 57 430 1140 436 1137
2899 4 2 19 57 1143 438 432 1138
2900 4 2 19 57 103 100 99 1140
2901 4 2 19 57 98 101 1141 97
2902 4 2 19 57 100 103 104 1140
2903 4 2 19 57 101 98 1141 102
2904 4 2 19 57 432 429 435 1142
2905 4 2 19 57 429 432 435 1138
2906 4 2 19 57 1140 436 437 431
2907 4 2 19 57 437 1138 431 436
2908 4 2 19 57 439 434 1136 428
2909 4 2 19 57 434 439 1139 428
2910 4 2 19 57 428 1141 439 433
2911 4 2 19 57 428 439 1139 433
2912 4 2 19 57 1140 430 436 431
2913 4 2 19 57 431 436 1138 430
2914 4 2 19 57 435 438 432 1142
2915 4 2 19 57 435 432 438 1138
2916 4 2 19 58 1148 448 1145 111
2917 4 2 19 58 442 107 1148 1145
2918 4 2 19 58 451 1144 109 1149
2919 4 2 19 58 1149 106 445 1144
2920 4 2 19 58 441 445 1147 1150
2921 4 2 19 58 1146 443 444 1151
2922 4 2 19 58 449 1146 450 1151
2923 4 2 19 58 451 1150 447 1147
2924 4 2 19 58 112 448 1148 111
2925 4 2 19 58 442 108 1148 107
2926 4 2 19 58 451 110 1144 446
2927 4 2 19 58 110 451 1144 109
2928 4 2 19 58 106 1149 445 105
2929 4 2 19 58 441 442 444 1146
2930 4 2 19 58 112 448 449 1148
2931 4 2 19 58 445 441 444 1150
2932 4 2 19 58 449 1146 448 450
2933 4 2 19 58 108 442 1148 443
2934 4 2 19 58 106 445 1144 440
2935 4 2 19 58 440 441 445 1147
2936 4 2 19 58 1146 443 442 444
2937 4 2 19 58 448 450 1146 447
2938 4 2 19 58 451 447 446 1147
2939 4 2 19 58 450 451 1150 447
2940 4 2 19 58 107 111 1148 1145
2941 4 2 19 58 1144 109 1149 106
2942 4 2 19 58 450 444 1151 1146
2943 4 2 19 58 1148 442 1145 448
2944 4 2 19 58 1149 1144 445 451
2945 4 2 19 58 1146 449 443 1151
2946 4 2 19 58 1150 451 445 1147
2947 4 2 19 58 447 1147 1150 441
2948 4 2 19 58 111 108 107 1148
2949 4 2 19 58 106 105 109 1149
2950 4 2 19 58 111 108 1148 112
2951 4 2 19 58 1144 109 106 110
2952 4 2 19 58 446 440 1144 451
2953 4 2 19 58 451 446 440 1147
2954 4 2 19 58 1148 442 448 443
2955 4 2 19 58 1146 443 448 442
2956 4 2 19 58 448 1148 443 449
2957 4 2 19 58 449 1146 443 448
2958 4 2 19 58 440 445 1144 451
2959 4 2 19 58 440 445 451 1147
2960 4 2 19 58 447 1150 450 444
2961 4 2 19 58 447 450 1146 444
2962 4 2 19 58 444 447 1150 441
2963 4 2 19 58 1146 447 444 441
2964 4 2 21 59 1263 1301 1282 1941
2965 4 2 21 59 1373 1352 1924 1930
2966 4 2 21 59 1368 1388 1927 1930
2967 4 2 21 59 1373 1924 1352 1929
2968 4 2 21 59 1369 1927 1359 1932
2969 4 2 21 59 1328 1937 1927 1942
2970 4 2 21 59 1352 1929 1924 1930
2971 4 2 21 59 1338 1346 1928 1936
2972 4 2 21 59 1338 1932 1370 1936
2973 4 2 21 59 1368 1927 1359 1930
2974 4 2 21 59 1369 1359 1927 1930
2975 4 2 21 59 1289 1290 1935 1940
2976 4 2 21 59 1398 1928 1346 1936
2977 4 2 21 59 1273 1929 1288 1935
2978 4 2 21 59 1923 1925 1332 1938
2979 4 2 21 59 1368 1927 1388 1932
2980 4 2 21 59 1370 1344 1360 1932
2981 4 2 21 59 1338 1344 1370 1932
2982 4 2 21 59 1370 1932 1358 1936
2983 4 2 21 59 1338 1928 1344 1932
2984 4 2 21 59 1339 1927 1369 1932
2985 4 2 21 59 1338 1928 1932 1936
2986 4 2 21 59 1388 1378 1927 1930
2987 4 2 21 59 1379 1325 1387 1928
2988 4 2 21 59 1368 1359 1927 1932
2989 4 2 21 59 1923 1930 1351 1933
2990 4 2 21 59 1328 1318 1937 1942
2991 4 2 21 59 1270 1396 1278 1935
2992 4 2 21 59 1325 1402 1394 1387
2993 4 2 21 59 1387 1377 1928 1936
2994 4 2 21 59 1360 1369 1359 1932
2995 4 2 21 59 1304 1267 1355 1938
2996 4 2 21 59 1339 1369 1360 1932
2997 4 2 21 59 1369 1927 1339 1930
2998 4 2 21 59 1385 1376 1927 1937
2999 4 2 21 59 1352 1334 1929 1930
3000 4 2 21 59 1924 1929 1923 1930
3001 4 2 21 59 1338 1366 1353 1346
3002 4 2 21 59 1335 1344 1928 1932
3003 4 2 21 59 1373 1924 1357 1930
3004 4 2 21 59 1328 1380 1927 1937
3005 4 2 21 59 1338 1346 1336 1928
3006 4 2 21 59 1329 1385 1319 1928
3007 4 2 21 59 1313 1278 1364 1935
3008 4 2 21 59 1385 1928 1376 1937
3009 4 2 21 59 1336 1346 1398 1928
3010 4 2 21 59 1324 1332 1925 1938
3011 4 2 21 59 1313 1270 1278 1935
3012 4 2 21 59 1344 1339 1360 1932
3013 4 2 21 59 1393 1923 1331 1933
3014 4 2 21 59 1351 1933 1930 1942
3015 4 2 21 59 1328 1319 1380 1937
3016 4 2 21 59 1394 1379 1325 1387
3017 4 2 21 59 1278 1396 1364 1935
3018 4 2 21 59 1326 1317 1330 1928
3019 4 2 21 59 1342 1361 1369 1930
3020 4 2 21 59 1279 1288 1273 1929
3021 4 2 21 59 1370 1360 1358 1932
3022 4 2 21 59 1351 1930 1927 1942
3023 4 2 21 59 1385 1927 1380 1937
3024 4 2 21 59 1385 1319 1928 1937
3025 4 2 21 59 1366 1346 1338 1936
3026 4 2 21 59 1317 1326 1325 1928
3027 4 2 21 59 1385 1380 1319 1937
3028 4 2 21 59 1328 1927 1380 1942
3029 4 2 21 59 1329 1319 1317 1928
3030 4 2 21 59 1334 1923 1929 1930
3031 4 2 21 59 1317 1325 1329 1928
3032 4 2 21 59 1387 1928 1398 1936
3033 4 2 21 59 1335 1927 1932 1937
3034 4 2 21 59 1393 1331 1923 1925
3035 4 2 21 59 1372 1357 1924 1930
3036 4 2 21 59 1328 1380 1933 1942
3037 4 2 21 59 1335 1344 1338 1928
3038 4 2 21 59 1927 1933 1380 1942
3039 4 2 21 59 1372 1924 1382 1930
3040 4 2 21 59 1341 1373 1352 1929
3041 4 2 21 59 1397 1388 1927 1932
3042 4 2 21 59 1345 1923 1351 1933
3043 4 2 21 59 1398 1387 1325 1928
3044 4 2 21 59 1924 1929 1365 1935
3045 4 2 21 59 1270 1289 1290 1935
3046 4 2 21 59 1329 1379 1385 1928
3047 4 2 21 59 1325 1379 1329 1928
3048 4 2 21 59 1365 1924 1373 1929
3049 4 2 21 59 1314 1288 1287 1935
3050 4 2 21 59 1316 1332 1321 1923
3051 4 2 21 59 1368 1362 1388 1930
3052 4 2 21 59 1330 1928 1317 1937
3053 4 2 21 59 1339 1342 1369 1930
3054 4 2 21 59 1316 1331 1923 1933
3055 4 2 21 59 1375 1924 1923 1930
3056 4 2 21 59 1328 1318 1319 1937
3057 4 2 21 59 1332 1345 1321 1923
3058 4 2 21 59 1330 1350 1928 1937
3059 4 2 21 59 1388 1378 1397 1927
3060 4 2 21 59 1373 1361 1352 1930
3061 4 2 21 59 1345 1933 1351 1942
3062 4 2 21 59 1351 1923 1334 1930
3063 4 2 21 59 1321 1316 1923 1933
3064 4 2 21 59 1321 1923 1345 1933
3065 4 2 21 59 1930 1933 1927 1942
3066 4 2 21 59 1315 1292 1262 1931
3067 4 2 21 59 1335 1932 1928 1937
3068 4 2 21 59 1340 1923 1332 1938
3069 4 2 21 59 1307 1266 1303 1940
3070 4 2 21 59 1351 1927 1337 1942
3071 4 2 21 59 1345 1321 1933 1942
3072 4 2 21 59 1369 1361 1359 1930
3073 4 2 21 59 1317 1928 1319 1937
3074 4 2 21 59 1273 1365 1929 1935
3075 4 2 21 59 1300 1308 1277 1941
3076 4 2 21 59 1344 1360 1339 1369
3077 4 2 21 59 1380 1319 1328 1385
3078 4 2 21 59 1293 1271 1300 1938
3079 4 2 21 59 1284 1283 1301 1333
3080 4 2 21 59 1267 1934 1355 1938
3081 4 2 21 59 1366 1338 1370 1936
3082 4 2 21 59 1304 1284 1267 1938
3083 4 2 21 59 1339 1927 1351 1930
3084 4 2 21 59 1357 1924 1365 1935
3085 4 2 21 59 1927 1930 1378 1933
3086 4 2 21 59 1385 1376 1380 1927
3087 4 2 21 59 1303 1285 1307 1940
3088 4 2 21 59 1357 1373 1365 1924
3089 4 2 21 59 1341 1365 1373 1929
3090 4 2 21 59 1316 1320 1331 1933
3091 4 2 21 59 1315 1289 1292 1935
3092 4 2 21 59 1400 1398 1346 1936
3093 4 2 21 59 1401 1377 1387 1936
3094 4 2 21 59 1374 1357 1365 1935
3095 4 2 21 59 1304 1355 1324 1938
3096 4 2 21 59 1368 1359 1362 1930
3097 4 2 21 59 1375 1382 1924 1930
3098 4 2 21 59 1320 1393 1331 1933
3099 4 2 21 59 1393 1925 1923 1939
3100 4 2 21 59 1275 1294 1265 1929
3101 4 2 21 59 1366 1400 1353 1346
3102 4 2 21 59 1349 1350 1336 1928
3103 4 2 21 59 1293 1275 1265 1926
3104 4 2 21 59 1307 1275 1293 1926
3105 4 2 21 59 1293 1300 1266 1926
3106 4 2 21 59 1375 1930 1923 1933
3107 4 2 21 59 1293 1266 1307 1926
3108 4 2 21 59 1324 1340 1332 1938
3109 4 2 21 59 1352 1361 1342 1930
3110 4 2 21 59 1402 1325 1398 1387
3111 4 2 21 59 1332 1923 1316 1925
3112 4 2 21 59 1262 1292 1314 1931
3113 4 2 21 59 1331 1316 1923 1925
3114 4 2 21 59 1372 1382 1386 1930
3115 4 2 21 59 1356 1927 1335 1937
3116 4 2 21 59 1387 1377 1379 1928
3117 4 2 21 59 1263 1282 1306 1941
3118 4 2 21 59 1301 1283 1302 1925
3119 4 2 21 59 1397 1927 1376 1932
3120 4 2 21 59 1400 1346 1366 1936
3121 4 2 21 59 1273 1374 1365 1935
3122 4 2 21 59 1393 1331 1925 1939
3123 4 2 21 59 1314 1287 1931 1935
3124 4 2 21 59 1339 1351 1342 1930
3125 4 2 21 59 1378 1388 1386 1930
3126 4 2 21 59 1392 1378 1930 1933
3127 4 2 21 59 1398 1325 1326 1928
3128 4 2 21 59 1368 1388 1384 1932
3129 4 2 21 59 1342 1334 1352 1930
3130 4 2 21 59 1357 1364 1924 1935
3131 4 2 21 59 1393 1375 1923 1933
3132 4 2 21 59 1321 1320 1316 1933
3133 4 2 21 59 1312 1294 1275 1929
3134 4 2 21 59 1398 1326 1349 1928
3135 4 2 21 59 1313 1374 1291 1935
3136 4 2 21 59 1284 1333 1301 1925
3137 4 2 21 59 1924 1935 1290 1940
3138 4 2 21 59 1375 1392 1930 1933
3139 4 2 21 59 1279 1273 1365 1929
3140 4 2 21 59 1284 1925 1301 1938
3141 4 2 21 59 1324 1284 1304 1938
3142 4 2 21 59 1271 1293 1265 1938
3143 4 2 21 59 1334 1351 1345 1923
3144 4 2 21 59 1398 1349 1336 1928
3145 4 2 21 59 1297 1291 1273 1935
3146 4 2 21 59 1283 1333 1302 1925
3147 4 2 21 59 1368 1384 1363 1932
3148 4 2 21 59 1388 1362 1386 1930
3149 4 2 21 59 1290 1389 1924 1940
3150 4 2 21 59 1339 1337 1351 1927
3151 4 2 21 59 1332 1340 1345 1923
3152 4 2 21 59 1315 1289 1931 1940
3153 4 2 21 59 1393 1923 1375 1939
3154 4 2 21 59 1923 1340 1934 1938
3155 4 2 21 59 1923 1924 1939 1940
3156 4 2 21 59 1287 1312 1311 1931
3157 4 2 21 59 1297 1313 1291 1935
3158 4 2 21 59 1393 1381 1331 1939
3159 4 2 21 59 1383 1320 1328 1933
3160 4 2 21 59 1365 1354 1279 1929
3161 4 2 21 59 1302 1282 1301 1925
3162 4 2 21 59 1357 1374 1364 1935
3163 4 2 21 59 1373 1357 1361 1930
3164 4 2 21 59 1401 1387 1398 1936
3165 4 2 21 59 1330 1317 1322 1937
3166 4 2 21 59 1397 1380 1376 1927
3167 4 2 21 59 1356 1339 1335 1927
3168 4 2 21 59 1320 1383 1393 1933
3169 4 2 21 59 1372 1357 1364 1924
3170 4 2 21 59 1386 1362 1372 1930
3171 4 2 21 59 1284 1324 1333 1938
3172 4 2 21 59 1324 1332 1316 1925
3173 4 2 21 59 1266 1300 1277 1941
3174 4 2 21 59 1263 1286 1301 1938
3175 4 2 21 59 1315 1276 1289 1940
3176 4 2 21 59 1923 1924 1389 1939
3177 4 2 21 59 1372 1362 1357 1930
3178 4 2 21 59 1270 1290 1924 1935
3179 4 2 21 59 1270 1382 1396 1935
3180 4 2 21 59 1366 1370 1358 1936
3181 4 2 21 59 1382 1924 1364 1935
3182 4 2 21 59 1375 1386 1382 1930
3183 4 2 21 59 1368 1363 1359 1932
3184 4 2 21 59 1335 1338 1336 1928
3185 4 2 21 59 1365 1341 1354 1929
3186 4 2 21 59 1342 1351 1334 1930
3187 4 2 21 59 1389 1939 1924 1940
3188 4 2 21 59 1382 1364 1396 1935
3189 4 2 21 59 1393 1375 1381 1939
3190 4 2 21 59 1383 1328 1380 1933
3191 4 2 21 59 1301 1333 1283 1925
3192 4 2 21 59 1312 1275 1311 1931
3193 4 2 21 59 1341 1352 1334 1929
3194 4 2 21 59 1270 1290 1389 1924
3195 4 2 21 59 1288 1314 1281 1935
3196 4 2 21 59 1302 1925 1305 1939
3197 4 2 21 59 1380 1927 1378 1933
3198 4 2 21 59 1315 1931 1289 1935
3199 4 2 21 59 1314 1287 1311 1931
3200 4 2 21 59 1376 1932 1928 1936
3201 4 2 21 59 1358 1932 1371 1936
3202 4 2 21 59 1284 1333 1925 1938
3203 4 2 21 59 1388 1397 1384 1932
3204 4 2 21 59 1302 1323 1305 1925
3205 4 2 21 59 1335 1928 1350 1937
3206 4 2 21 59 1337 1927 1356 1942
3207 4 2 21 59 1391 1371 1932 1936
3208 4 2 21 59 1372 1364 1382 1924
3209 4 2 21 59 1379 1376 1385 1928
3210 4 2 21 59 1375 1389 1923 1924
3211 4 2 21 59 1391 1371 1363 1932
3212 4 2 21 59 1375 1923 1389 1939
3213 4 2 21 59 1375 1392 1386 1930
3214 4 2 21 59 1331 1323 1925 1939
3215 4 2 21 59 1336 853 1398 1346
3216 4 2 21 59 1364 1374 1313 1935
3217 4 2 21 59 1363 1360 1359 1932
3218 4 2 21 59 1334 1929 1923 1934
3219 4 2 21 59 1353 1370 1366 1338
3220 4 2 21 59 1376 1928 1377 1936
3221 4 2 21 59 1326 1398 1349 1399
3222 4 2 21 59 1371 1358 1363 1932
3223 4 2 21 59 1263 1306 1277 1941
3224 4 2 21 59 1331 1381 1323 1939
3225 4 2 21 59 1397 1378 1380 1927
3226 4 2 21 59 1337 1339 1356 1927
3227 4 2 21 59 1359 1361 1362 1930
3228 4 2 21 59 1391 1363 1384 1932
3229 4 2 21 59 1317 1319 1322 1937
3230 4 2 21 59 1927 1937 1356 1942
3231 4 2 21 59 1277 1308 1263 1941
3232 4 2 21 59 1282 1302 1268 1939
3233 4 2 21 59 1340 1324 1355 1938
3234 4 2 21 59 1273 1291 1374 1935
3235 4 2 21 59 1923 1939 1925 1940
3236 4 2 21 59 1320 1933 1321 1942
3237 4 2 21 59 1302 1333 1323 1925
3238 4 2 21 59 1324 1925 1333 1938
3239 4 2 21 59 1387 1401 864 1377
3240 4 2 21 59 1392 1378 1386 1930
3241 4 2 21 59 1327 1347 1343 1937
3242 4 2 21 59 1350 1335 1336 1928
3243 4 2 21 59 1393 1383 1375 1933
3244 4 2 21 59 1380 1378 1392 1933
3245 4 2 21 59 1290 1264 1389 1940
3246 4 2 21 59 1285 1315 1262 1931
3247 4 2 21 59 1271 1308 1300 1938
3248 4 2 21 59 1327 1343 1322 1937
3249 4 2 21 59 1298 1272 1282 1941
3250 4 2 21 59 1322 1343 842 1330
3251 4 2 21 59 1309 1294 1310 1929
3252 4 2 21 59 1377 1376 1379 1928
3253 4 2 21 59 1340 1334 1345 1923
3254 4 2 21 59 1315 1292 1931 1935
3255 4 2 21 59 1358 1360 1363 1932
3256 4 2 21 59 1262 1314 1311 1931
3257 4 2 21 59 1271 1265 1299 1938
3258 4 2 21 59 1340 1355 1934 1938
3259 4 2 21 59 1343 1350 842 1330
3260 4 2 21 59 1362 1368 1388 857
3261 4 2 21 59 1286 1284 1301 1938
3262 4 2 21 59 1382 1270 1924 1935
3263 4 2 21 59 1345 1351 1337 1942
3264 4 2 21 59 1376 1391 1932 1936
3265 4 2 21 59 1312 1929 1275 1931
3266 4 2 21 59 1347 1937 1327 1942
3267 4 2 21 59 1301 1925 1282 1941
3268 4 2 21 59 1302 1305 1268 1939
3269 4 2 21 59 1362 1361 1357 1930
3270 4 2 21 59 1331 1320 833 1393
3271 4 2 21 59 847 1352 1373 1361
3272 4 2 21 59 1342 848 1369 1361
3273 4 2 21 59 1320 1328 834 1383
3274 4 2 21 59 1273 1288 1281 1935
3275 4 2 21 59 1266 1926 1300 1941
3276 4 2 21 59 858 1368 1384 1363
3277 4 2 21 59 1343 841 1327 1322
3278 4 2 21 59 1316 1333 1324 1925
3279 4 2 21 59 1398 1387 1401 864
3280 4 2 21 59 1318 1322 1319 1937
3281 4 2 21 59 1265 1294 1309 1934
3282 4 2 21 59 1285 1275 1307 1931
3283 4 2 21 59 1334 1923 1340 1934
3284 4 2 21 59 1308 1286 1263 1938
3285 4 2 21 59 1279 1269 1288 1929
3286 4 2 21 59 1313 1274 1270 1935
3287 4 2 21 59 1298 1282 1939 1941
3288 4 2 21 59 1327 1937 1318 1942
3289 4 2 21 59 1275 1265 1926 1929
3290 4 2 21 59 1384 1388 1368 858
3291 4 2 21 59 1327 1347 841 1343
3292 4 2 21 59 1285 1276 1315 1940
3293 4 2 21 59 1335 1350 1343 1937
3294 4 2 21 59 1289 1935 1931 1940
3295 4 2 21 59 1331 1323 1316 1925
3296 4 2 21 59 1300 1938 1308 1941
3297 4 2 21 59 1360 1344 849 1369
3298 4 2 21 59 1319 835 1328 1385
3299 4 2 21 59 1923 1929 1926 1934
3300 4 2 21 59 1273 1281 1297 1935
3301 4 2 21 59 837 1329 1325 1394
3302 4 2 21 59 1293 1926 1265 1938
3303 4 2 21 59 1923 1934 1926 1938
3304 4 2 21 59 1353 1366 1370 851
3305 4 2 21 59 1329 837 1379 1394
3306 4 2 21 59 1400 1398 853 1346
3307 4 2 21 59 1375 1382 1389 1924
3308 4 2 21 59 1280 1303 1266 1940
3309 4 2 21 59 1311 1275 1285 1931
3310 4 2 21 59 1327 1322 1318 1937
3311 4 2 21 59 832 1323 1331 1381
3312 4 2 21 59 1365 846 1341 1373
3313 4 2 21 59 1293 1300 1926 1938
3314 4 2 21 59 1275 1926 1307 1931
3315 4 2 21 59 1338 1353 1370 851
3316 4 2 21 59 1376 1377 1391 1936
3317 4 2 21 59 1282 1925 1302 1939
3318 4 2 21 59 1307 1926 1266 1940
3319 4 2 21 59 1297 1274 1313 1935
3320 4 2 21 59 1352 847 1342 1361
3321 4 2 21 59 1393 1320 833 1383
3322 4 2 21 59 1393 832 1331 1381
3323 4 2 21 59 1352 1341 846 1373
3324 4 2 21 59 1311 1285 1262 1931
3325 4 2 21 59 1379 1325 1329 1394
3326 4 2 21 59 1308 1938 1263 1941
3327 4 2 21 59 1287 1929 1312 1931
3328 4 2 21 59 1362 1388 1386 857
3329 4 2 21 59 1323 1381 1395 1939
3330 4 2 21 59 1298 1282 1268 1939
3331 4 2 21 59 1323 832 1395 1381
3332 4 2 21 59 1341 1354 846 1365
3333 4 2 21 59 848 1339 1342 1369
3334 4 2 21 59 1383 1328 834 1380
3335 4 2 21 59 1354 826 1279 1929
3336 4 2 21 59 1318 1320 1321 1942
3337 4 2 21 59 1288 1269 1287 1929
3338 4 2 21 59 1285 1303 1276 1940
3339 4 2 21 59 824 1267 1295 1934
3340 4 2 21 59 1356 1937 1347 1942
3341 4 2 21 59 1344 1370 1360 850
3342 4 2 21 59 1398 1400 1401 1936
3343 4 2 21 59 1289 1276 1290 1940
3344 4 2 21 59 1314 1292 1281 1935
3345 4 2 21 59 1319 1329 836 1385
3346 4 2 21 59 1264 1939 1389 1940
3347 4 2 21 59 1366 1367 1400 1936
3348 4 2 21 59 1270 1274 1289 1935
3349 4 2 21 59 1380 1328 835 1385
3350 4 2 21 59 1339 849 1344 1369
3351 4 2 21 59 1267 1284 1286 1938
3352 4 2 21 59 1925 1926 1923 1940
3353 4 2 21 59 1305 1323 1395 1939
3354 4 2 21 59 1349 1336 853 1398
3355 4 2 21 59 1274 1292 1289 1935
3356 4 2 21 59 1310 1269 826 1929
3357 4 2 21 59 1391 1384 1376 1932
3358 4 2 21 59 1398 852 1349 1399
3359 4 2 21 59 1285 1931 1307 1940
3360 4 2 21 59 1269 1279 826 1929
3361 4 2 21 59 1366 1358 1367 1936
3362 4 2 21 59 1298 1264 1272 1941
3363 4 2 21 59 1343 1347 1356 1937
3364 4 2 21 59 1270 1389 1382 1924
3365 4 2 21 59 1924 1923 1926 1940
3366 4 2 21 59 1265 1929 1294 1934
3367 4 2 21 59 824 1355 1267 1934
3368 4 2 21 59 1334 1348 1929 1934
3369 4 2 21 59 1354 1341 826 1929
3370 4 2 21 59 1383 1392 1375 1933
3371 4 2 21 59 1333 1316 1323 1925
3372 4 2 21 59 1383 1380 1392 1933
3373 4 2 21 59 825 1295 1309 1934
3374 4 2 21 59 1385 1329 836 1379
3375 4 2 21 59 830 1270 1290 1389
3376 4 2 21 59 1344 1338 1370 850
3377 4 2 21 59 1312 1287 1269 1929
3378 4 2 21 59 1321 840 1327 1942
3379 4 2 21 59 1266 1277 1280 1941
3380 4 2 21 59 1294 1929 1309 1934
3381 4 2 21 59 1391 1390 1371 1936
3382 4 2 21 59 1305 1925 1323 1939
3383 4 2 21 59 1305 1395 1268 1939
3384 4 2 21 59 1295 1267 1299 1934
3385 4 2 21 59 1327 840 1347 1942
3386 4 2 21 59 1390 1367 1371 1936
3387 4 2 21 59 1282 1272 1306 1941
3388 4 2 21 59 1321 1345 840 1942
3389 4 2 21 59 1280 1272 1940 1941
3390 4 2 21 59 1314 1931 1292 1935
3391 4 2 21 59 1275 1929 1926 1931
3392 4 2 21 59 1386 1372 1362 856
3393 4 2 21 59 1345 1332 1321 839
3394 4 2 21 59 1924 1926 1923 1929
3395 4 2 21 59 1285 1315 1931 1940
3396 4 2 21 59 1264 1296 830 1389
3397 4 2 21 59 1347 840 1345 1942
3398 4 2 21 59 1341 1310 826 1929
3399 4 2 21 59 1401 1400 1367 1936
3400 4 2 21 59 1925 1940 1939 1941
3401 4 2 21 59 865 1402 1398 1387
3402 4 2 21 59 852 1349 853 1398
3403 4 2 21 59 844 1326 1398 1325
3404 4 2 21 59 1309 1310 1348 1929
3405 4 2 21 59 1398 844 1325 1402
3406 4 2 21 59 1298 1939 1264 1941
3407 4 2 21 59 1286 1271 1299 1938
3408 4 2 21 59 1372 1386 1382 856
3409 4 2 21 59 1345 1340 1332 839
3410 4 2 21 59 1264 1296 1389 1939
3411 4 2 21 59 1382 1364 855 1396
3412 4 2 21 59 1355 1324 1340 838
3413 4 2 21 59 1341 1348 1310 1929
3414 4 2 21 59 1384 1397 1376 1932
3415 4 2 21 59 1925 1939 1282 1941
3416 4 2 21 59 1382 1364 1372 855
3417 4 2 21 59 1324 1332 1340 838
3418 4 2 21 59 1294 1312 1269 1929
3419 4 2 21 59 1923 1926 1925 1938
3420 4 2 21 59 1304 823 1284 1324
3421 4 2 21 59 825 1295 1348 824
3422 4 2 21 59 1267 1299 1934 1938
3423 4 2 21 59 1367 1358 1371 1936
3424 4 2 21 59 1377 1401 1390 1936
3425 4 2 21 59 1365 278 1279 1354
3426 4 2 21 59 1389 830 1264 1290
3427 4 2 21 59 1337 1356 1347 1942
3428 4 2 21 59 825 826 1348 1310
3429 4 2 21 59 861 1366 1353 282
3430 4 2 21 59 1374 1365 827 1273
3431 4 2 21 59 1367 862 1366 1400
3432 4 2 21 59 1324 823 1284 1333
3433 4 2 21 59 830 831 1389 1296
3434 4 2 21 59 1278 1270 829 1396
3435 4 2 21 59 1343 1356 1335 1937
3436 4 2 21 59 1321 1327 1318 1942
3437 4 2 21 59 1395 1305 276 1323
3438 4 2 21 59 1273 827 1279 1365
3439 4 2 21 59 859 858 1384 1363
3440 4 2 21 59 1343 842 841 1322
3441 4 2 21 59 1326 843 1349 1330
3442 4 2 21 59 1341 1310 1348 826
3443 4 2 21 59 1286 1308 1271 1938
3444 4 2 21 59 1390 860 1371 1367
3445 4 2 21 59 1278 828 1313 1364
3446 4 2 21 59 831 1389 1296 1939
3447 4 2 21 59 1272 1264 1280 1940
3448 4 2 21 59 860 1391 1390 1371
3449 4 2 21 59 1348 1334 1340 1934
3450 4 2 21 59 1278 1364 1396 279
3451 4 2 21 59 1267 1286 1299 1938
3452 4 2 21 59 1389 1270 829 830
3453 4 2 21 59 1342 847 848 1361
3454 4 2 21 59 1320 834 833 1383
3455 4 2 21 59 1348 1309 825 1310
3456 4 2 21 59 1925 1926 1940 1941
3457 4 2 21 59 1324 1304 277 1355
3458 4 2 21 59 1269 1310 1294 1929
3459 4 2 21 59 1375 1389 1381 1939
3460 4 2 21 59 1267 1304 1355 824
3461 4 2 21 59 1266 1280 1940 1941
3462 4 2 21 59 1284 1283 1333 823
3463 4 2 21 59 1398 1326 845 1399
3464 4 2 21 59 845 1326 1398 844
3465 4 2 21 59 843 1350 1349 1330
3466 4 2 21 59 855 1372 1382 856
3467 4 2 21 59 838 1332 1340 839
3468 4 2 21 59 862 1367 1401 1400
3469 4 2 21 59 1401 1367 1390 1936
3470 4 2 21 59 1345 1337 1347 1942
3471 4 2 21 59 1939 1940 1264 1941
3472 4 2 21 59 832 1395 276 1323
3473 4 2 21 59 1365 1354 846 278
3474 4 2 21 59 1341 1334 1348 1929
3475 4 2 21 59 1387 1398 865 864
3476 4 2 21 59 854 1353 1400 1346
3477 4 2 21 59 1329 837 836 1379
3478 4 2 21 59 1300 1926 1938 1941
3479 4 2 21 59 851 1370 1338 850
3480 4 2 21 59 828 279 1364 1278
3481 4 2 21 59 1295 1265 1309 1934
3482 4 2 21 59 1265 1934 1299 1938
3483 4 2 21 59 1264 1298 1296 1939
3484 4 2 21 59 1281 1274 1297 1935
3485 4 2 21 59 1281 1292 1274 1935
3486 4 2 21 59 823 277 1324 1304
3487 4 2 21 59 854 1400 853 1346
3488 4 2 21 59 1366 1353 282 851
3489 4 2 21 59 1273 827 1374 1291
3490 4 2 21 59 835 834 1328 1380
3491 4 2 21 59 1339 848 849 1369
3492 4 2 21 59 1266 1940 1926 1941
3493 4 2 21 59 1270 1396 1382 829
3494 4 2 21 59 862 861 1366 1400
3495 4 2 21 59 278 1365 1279 827
3496 4 2 21 59 1265 1926 1929 1934
3497 4 2 21 59 1931 1935 1924 1940
3498 4 2 21 59 843 281 1326 1399
3499 4 2 21 59 1307 1931 1926 1940
3500 4 2 21 59 1295 1299 1265 1934
3501 4 2 21 59 1277 1306 1272 1941
3502 4 2 21 59 280 837 1325 1394
3503 4 2 21 59 1395 1305 1268 831
3504 4 2 21 59 280 1325 1402 1394
3505 4 2 21 59 1309 1929 1348 1934
3506 4 2 21 59 861 1366 1400 1353
3507 4 2 21 59 1390 1391 1377 1936
3508 4 2 21 59 276 822 1323 1305
3509 4 2 21 59 1395 831 1268 1939
3510 4 2 21 59 1264 1940 1272 1941
3511 4 2 21 59 865 1394 1402 1387
3512 4 2 21 59 1400 861 1353 282
3513 4 2 21 59 863 864 1401 1390
3514 4 2 21 59 1326 1349 843 1399
3515 4 2 21 59 860 859 1391 1371
3516 4 2 21 59 1364 855 1396 279
3517 4 2 21 59 1355 277 1324 838
3518 4 2 21 59 849 1344 1360 850
3519 4 2 21 59 1319 836 835 1385
3520 4 2 21 59 1331 833 832 1393
3521 4 2 21 59 1352 846 847 1373
3522 4 2 21 59 1367 1401 283 862
3523 4 2 21 59 1270 1389 829 1382
3524 4 2 21 59 1350 843 842 1330
3525 4 2 21 59 281 843 1349 1399
3526 4 2 21 59 1390 283 860 1367
3527 4 2 21 59 839 1321 1345 840
3528 4 2 21 59 856 1362 1386 857
3529 4 2 21 59 1280 1277 1272 1941
3530 4 2 21 59 1381 1389 831 1939
3531 4 2 21 59 1924 1931 1929 1935
3532 4 2 21 59 825 1348 1295 1934
3533 4 2 21 59 854 1400 1353 282
3534 4 2 21 59 1340 1355 824 1934
3535 4 2 21 59 283 1390 1401 1367
3536 4 2 21 59 1390 1401 863 283
3537 4 2 21 59 1926 1934 1265 1938
3538 4 2 21 59 825 1309 1348 1934
3539 4 2 21 59 1390 864 1401 1377
3540 4 2 21 59 1280 1276 1303 1940
3541 4 2 21 59 1268 1296 1298 1939
3542 4 2 21 59 823 822 1283 1333
3543 4 2 21 59 1290 1276 1264 1940
3544 4 2 21 59 828 1374 827 1291
3545 4 2 21 59 1264 1276 1280 1940
3546 4 2 21 59 1395 1305 831 276
3547 4 2 21 59 1395 1381 831 1939
3548 4 2 21 59 831 1296 1268 1939
3549 4 2 21 59 1279 278 826 1354
3550 4 2 21 59 857 1368 1388 858
3551 4 2 21 59 1327 1347 840 841
3552 4 2 21 59 1926 1929 1924 1931
3553 4 2 21 59 844 1325 1402 280
3554 4 2 21 59 845 1326 281 1399
3555 4 2 21 59 824 277 1304 1355
3556 4 2 21 59 829 279 1278 1396
3557 4 2 21 59 1926 1931 1924 1940
3558 4 2 21 59 1925 1938 1926 1941
3559 4 2 21 59 281 1349 852 1399
3560 4 2 21 59 1394 1402 280 865
3561 4 2 21 59 1932 1937 1376 1928
3562 4 2 21 59 1376 1937 1932 1927
3563 4 2 21 59 1932 1339 1335 1344
3564 4 2 21 59 1932 1335 1339 1927
3565 4 2 21 59 1349 1330 1928 1326
3566 4 2 21 59 1928 1330 1349 1350
3567 4 2 21 59 1328 1942 1320 1318
3568 4 2 21 59 1320 1942 1328 1933
3569 4 2 21 59 1935 1287 1929 1288
3570 4 2 21 59 1935 1929 1287 1931
3571 4 2 21 59 822 1333 1305 1283
3572 4 2 21 59 822 1305 1333 1323
3573 4 2 21 59 1302 1305 1333 1283
3574 4 2 21 59 1302 1333 1305 1323
3575 4 2 21 59 1941 1301 1938 1263
3576 4 2 21 59 1941 1938 1301 1925
3577 4 2 21 59 1391 1363 859 1384
3578 4 2 21 59 859 1363 1391 1371
3579 4 2 21 59 1343 1330 1937 1350
3580 4 2 21 59 1937 1330 1343 1322
3581 4 2 21 59 1313 1374 828 1291
3582 4 2 21 59 1313 828 1374 1364
3583 4 2 21 59 1934 824 1348 1295
3584 4 2 21 59 1934 1348 824 1340
3585 4 2 22 60 1293 1518 1266 1543
3586 4 2 22 60 1502 1532 1312 1287
3587 4 2 22 60 1544 1271 1299 1520
3588 4 2 22 60 1305 1283 1549 822
3589 4 2 22 60 1535 1499 1537 1285
3590 4 2 22 60 1530 903 1310 904
3591 4 2 22 60 1536 1510 1292 1496
3592 4 2 22 60 1293 1518 1307 1266
3593 4 2 22 60 1306 1524 1277 1272
3594 4 2 22 60 1495 1543 1545 1300
3595 4 2 22 60 1303 1518 1266 1307
3596 4 2 22 60 1532 1287 1288 1269
3597 4 2 22 60 1520 1504 1521 1299
3598 4 2 22 60 1511 1549 1305 1268
3599 4 2 22 60 1534 1297 1550 1274
3600 4 2 22 60 1503 1289 1315 1513
3601 4 2 22 60 1503 1497 1289 1513
3602 4 2 22 60 1286 1301 1284 1508
3603 4 2 22 60 1516 1519 1533 1273
3604 4 2 22 60 1518 1280 1303 1266
3605 4 2 22 60 1510 1531 1262 1314
3606 4 2 22 60 1542 825 1309 1310
3607 4 2 22 60 296 288 866 284
3608 4 2 22 60 1547 1277 1524 1272
3609 4 2 22 60 296 288 276 866
3610 4 2 22 60 882 872 291 279
3611 4 2 22 60 877 289 277 867
3612 4 2 22 60 288 276 866 876
3613 4 2 22 60 871 278 881 290
3614 4 2 22 60 1262 1531 1311 1314
3615 4 2 22 60 873 299 883 287
3616 4 2 22 60 296 885 284 875
3617 4 2 22 60 298 880 286 870
3618 4 2 22 60 868 297 878 285
3619 4 2 22 60 1505 1282 1268 1298
3620 4 2 22 60 288 296 885 284
3621 4 2 22 60 296 288 885 276
3622 4 2 22 60 1495 1545 1277 1300
3623 4 2 22 60 1499 1535 1548 1285
3624 4 2 22 60 1502 1531 1314 1311
3625 4 2 22 60 1512 1521 1267 1284
3626 4 2 22 60 1279 1516 1288 1500
3627 4 2 22 60 1281 1273 1533 1519
3628 4 2 22 60 1549 1283 1525 822
3629 4 2 22 60 906 1515 1313 1291
3630 4 2 22 60 1508 1517 1286 1301
3631 4 2 22 60 825 904 1310 903
3632 4 2 22 60 902 903 825 1546
3633 4 2 22 60 278 905 1539 298
3634 4 2 22 60 1266 1543 1300 1293
3635 4 2 22 60 904 879 870 869
3636 4 2 22 60 868 879 902 869
3637 4 2 22 60 884 874 907 873
3638 4 2 22 60 298 904 880 870
3639 4 2 22 60 1538 1290 1523 908
3640 4 2 22 60 908 1538 830 907
3641 4 2 22 60 879 904 870 880
3642 4 2 22 60 906 828 827 1291
3643 4 2 22 60 905 278 871 298
3644 4 2 22 60 278 905 871 881
3645 4 2 22 60 825 904 826 1310
3646 4 2 22 60 903 879 902 825
3647 4 2 22 60 879 904 825 903
3648 4 2 22 60 879 903 902 869
3649 4 2 22 60 904 879 869 903
3650 4 2 22 60 831 908 909 1296
3651 4 2 22 60 1511 831 296 909
3652 4 2 22 60 1522 1272 1306 1282
3653 4 2 22 60 830 908 831 1296
3654 4 2 22 60 827 828 906 882
3655 4 2 22 60 900 866 876 901
3656 4 2 22 60 1527 1309 1294 1542
3657 4 2 22 60 823 901 876 877
3658 4 2 22 60 867 866 901 877
3659 4 2 22 60 871 881 905 872
3660 4 2 22 60 866 876 901 877
3661 4 2 22 60 296 831 875 909
3662 4 2 22 60 830 1290 1538 908
3663 4 2 22 60 824 277 297 1304
3664 4 2 22 60 831 874 875 909
3665 4 2 22 60 885 296 831 875
3666 4 2 22 60 831 874 884 875
3667 4 2 22 60 1294 1269 1530 1310
3668 4 2 22 60 879 904 880 826
3669 4 2 22 60 299 829 279 1278
3670 4 2 22 60 826 904 1530 1310
3671 4 2 22 60 831 276 1511 296
3672 4 2 22 60 875 884 831 885
3673 4 2 22 60 1546 1295 1504 1527
3674 4 2 22 60 277 824 297 878
3675 4 2 22 60 299 829 883 279
3676 4 2 22 60 296 885 831 276
3677 4 2 22 60 904 879 825 826
3678 4 2 22 60 902 825 879 824
3679 4 2 22 60 831 908 874 909
3680 4 2 22 60 830 884 907 829
3681 4 2 22 60 1533 1496 1550 1281
3682 4 2 22 60 1275 1506 1265 1498
3683 4 2 22 60 1527 1265 1498 1294
3684 4 2 22 60 1537 1506 1307 1275
3685 4 2 22 60 1284 1521 1286 1508
3686 4 2 22 60 1519 1288 1273 1516
3687 4 2 22 60 1291 906 828 1313
3688 4 2 22 60 822 1525 1549 900
3689 4 2 22 60 1514 1501 1270 1529
3690 4 2 22 60 1540 828 906 1313
3691 4 2 22 60 822 1549 1305 900
3692 4 2 22 60 1264 1523 1551 1507
3693 4 2 22 60 1303 1507 1535 1276
3694 4 2 22 60 1299 1267 1504 1521
3695 4 2 22 60 1269 1288 1532 1500
3696 4 2 22 60 1310 1542 825 903
3697 4 2 22 60 1513 1503 1548 1315
3698 4 2 22 60 1312 1287 1311 1502
3699 4 2 22 60 1531 1510 1541 1314
3700 4 2 22 60 1496 1519 1541 1281
3701 4 2 22 60 1526 1531 1502 1311
3702 4 2 22 60 1519 1496 1533 1281
3703 4 2 22 60 1497 1538 1529 1290
3704 4 2 22 60 1270 830 1290 1538
3705 4 2 22 60 1523 1538 1497 1290
3706 4 2 22 60 1522 1298 1272 1282
3707 4 2 22 60 1540 1534 1501 1313
3708 4 2 22 60 1522 1505 1523 1298
3709 4 2 22 60 1276 1513 1289 1497
3710 4 2 22 60 1524 1522 1547 1272
3711 4 2 22 60 1507 1547 1551 1280
3712 4 2 22 60 1521 1520 1299 1286
3713 4 2 22 60 1520 1543 1544 1271
3714 4 2 22 60 1524 1495 1545 1277
3715 4 2 22 60 1306 1277 1524 1263
3716 4 2 22 60 1547 1280 1277 1272
3717 4 2 22 60 1284 1267 1286 1521
3718 4 2 22 60 1518 1507 1303 1280
3719 4 2 22 60 1282 1524 1306 1522
3720 4 2 22 60 1495 1524 1547 1277
3721 4 2 22 60 1522 1524 1306 1272
3722 4 2 22 60 1551 1280 1547 1272
3723 4 2 22 60 1282 1524 1522 1509
3724 4 2 22 60 1549 1509 1528 1302
3725 4 2 22 60 1267 1295 1299 1504
3726 4 2 22 60 1511 1505 1549 1268
3727 4 2 22 60 900 1511 1549 1305
3728 4 2 22 60 1283 1284 1301 1508
3729 4 2 22 60 1504 1512 1521 1267
3730 4 2 22 60 831 276 1305 1511
3731 4 2 22 60 1283 1301 1302 1528
3732 4 2 22 60 1512 1508 1521 1284
3733 4 2 22 60 1524 1517 1509 1263
3734 4 2 22 60 1504 1520 1544 1299
3735 4 2 22 60 902 1504 1546 1295
3736 4 2 22 60 1265 1275 1498 1294
3737 4 2 22 60 1265 1295 1309 1527
3738 4 2 22 60 1542 1498 1530 1294
3739 4 2 22 60 1286 1267 1299 1521
3740 4 2 22 60 1286 1545 1308 1517
3741 4 2 22 60 1277 1545 1308 1300
3742 4 2 22 60 1300 1271 1293 1543
3743 4 2 22 60 1518 1293 1506 1543
3744 4 2 22 60 1495 1543 1266 1518
3745 4 2 22 60 1543 1495 1266 1300
3746 4 2 22 60 1302 1305 1549 1268
3747 4 2 22 60 1277 1495 1300 1266
3748 4 2 22 60 1286 1545 1517 1521
3749 4 2 22 60 1545 1286 1520 1521
3750 4 2 22 60 1517 1286 1301 1263
3751 4 2 22 60 1308 1286 1517 1263
3752 4 2 22 60 1517 1521 1508 1286
3753 4 2 22 60 1508 1528 1517 1301
3754 4 2 22 60 1295 825 1309 1546
3755 4 2 22 60 1512 297 901 1304
3756 4 2 22 60 1271 1286 1299 1520
3757 4 2 22 60 831 1305 1268 1511
3758 4 2 22 60 1296 1268 1298 1505
3759 4 2 22 60 1290 1497 1289 1529
3760 4 2 22 60 1264 1272 1280 1551
3761 4 2 22 60 1279 278 1539 826
3762 4 2 22 60 1515 1516 1533 1273
3763 4 2 22 60 1269 1279 1288 1500
3764 4 2 22 60 1510 1314 1262 1292
3765 4 2 22 60 1289 1270 1290 1529
3766 4 2 22 60 1531 1311 1285 1262
3767 4 2 22 60 1501 1529 1538 1270
3768 4 2 22 60 1265 1527 1309 1294
3769 4 2 22 60 1273 1281 1288 1519
3770 4 2 22 60 1519 1500 1532 1288
3771 4 2 22 60 1265 1271 1299 1544
3772 4 2 22 60 1502 1531 1541 1314
3773 4 2 22 60 1281 1288 1519 1314
3774 4 2 22 60 1541 1281 1519 1314
3775 4 2 22 60 1502 1519 1532 1287
3776 4 2 22 60 1527 1542 1546 1309
3777 4 2 22 60 1314 1288 1519 1287
3778 4 2 22 60 1506 1293 1307 1275
3779 4 2 22 60 1287 1314 1311 1502
3780 4 2 22 60 1293 1506 1265 1275
3781 4 2 22 60 1285 1537 1307 1275
3782 4 2 22 60 1498 1275 1312 1294
3783 4 2 22 60 1498 1506 1526 1275
3784 4 2 22 60 1506 1527 1265 1498
3785 4 2 22 60 1526 1506 1537 1275
3786 4 2 22 60 1506 1527 1544 1265
3787 4 2 22 60 1532 1312 1287 1269
3788 4 2 22 60 1502 1532 1498 1312
3789 4 2 22 60 1500 1530 1532 1269
3790 4 2 22 60 826 1269 1310 1530
3791 4 2 22 60 1294 1309 1310 1542
3792 4 2 22 60 1542 1530 1310 1294
3793 4 2 22 60 1530 903 1542 1310
3794 4 2 22 60 828 1278 1313 1540
3795 4 2 22 60 1515 906 1313 1540
3796 4 2 22 60 1540 907 299 1278
3797 4 2 22 60 1503 1497 1529 1289
3798 4 2 22 60 1281 1273 1297 1533
3799 4 2 22 60 1535 1518 1507 1303
3800 4 2 22 60 1536 1514 1550 1274
3801 4 2 22 60 1515 1534 1540 1313
3802 4 2 22 60 1274 1297 1313 1534
3803 4 2 22 60 1515 1533 1534 1297
3804 4 2 22 60 1297 1281 1533 1550
3805 4 2 22 60 1274 1270 1289 1514
3806 4 2 22 60 1536 1550 1496 1274
3807 4 2 22 60 1550 1281 1496 1274
3808 4 2 22 60 1274 1281 1297 1550
3809 4 2 22 60 1514 1534 1550 1274
3810 4 2 22 60 1510 1503 1536 1292
3811 4 2 22 60 1289 1503 1315 1292
3812 4 2 22 60 1503 1529 1514 1289
3813 4 2 22 60 1274 1281 1496 1292
3814 4 2 22 60 1496 1536 1274 1292
3815 4 2 22 60 1285 1262 1315 1548
3816 4 2 22 60 1535 1285 1303 1276
3817 4 2 22 60 1507 1513 1535 1276
3818 4 2 22 60 1303 1280 1507 1276
3819 4 2 22 60 1276 1264 1280 1507
3820 4 2 22 60 1289 1315 1513 1276
3821 4 2 22 60 1507 1497 1513 1276
3822 4 2 22 60 1270 1289 1514 1529
3823 4 2 22 60 909 908 1505 1296
3824 4 2 22 60 1510 1531 1548 1262
3825 4 2 22 60 1518 1537 1506 1307
3826 4 2 22 60 1279 1273 1288 1516
3827 4 2 22 60 1276 1289 1290 1497
3828 4 2 22 60 1519 1500 1288 1516
3829 4 2 22 60 1498 1542 1527 1294
3830 4 2 22 60 1534 1533 1550 1297
3831 4 2 22 60 1532 1519 1288 1287
3832 4 2 22 60 1295 1309 1527 1546
3833 4 2 22 60 1267 1284 1304 1512
3834 4 2 22 60 1290 1270 1538 1529
3835 4 2 22 60 1539 1500 1516 1279
3836 4 2 22 60 1283 1302 1305 1549
3837 4 2 22 60 1293 1518 1506 1307
3838 4 2 22 60 1507 1518 1547 1280
3839 4 2 22 60 278 827 1279 1539
3840 4 2 22 60 1501 1538 907 1270
3841 4 2 22 60 1280 1264 1551 1507
3842 4 2 22 60 1547 1522 1551 1272
3843 4 2 22 60 1505 1549 1282 1509
3844 4 2 22 60 1505 1282 1549 1268
3845 4 2 22 60 1302 1282 1549 1509
3846 4 2 22 60 1302 1549 1282 1268
3847 4 2 22 60 1528 1508 1283 1301
3848 4 2 22 60 1528 1283 1508 1525
3849 4 2 22 60 1503 1292 1548 1315
3850 4 2 22 60 1503 1548 1292 1510
3851 4 2 22 60 1262 1548 1292 1315
3852 4 2 22 60 1262 1292 1548 1510
3853 4 2 22 60 1531 1285 1537 1499
3854 4 2 22 60 1519 1314 1502 1541
3855 4 2 22 60 1502 1314 1519 1287
3856 4 2 22 60 1543 1545 1271 1520
3857 4 2 22 60 1286 1271 1545 1520
3858 4 2 22 60 1286 1545 1271 1308
3859 4 2 22 60 1276 1513 1285 1315
3860 4 2 22 60 1276 1285 1513 1535
3861 4 2 22 60 1548 1285 1513 1315
3862 4 2 22 60 1548 1513 1285 1535
3863 4 2 22 60 1295 825 902 824
3864 4 2 22 60 1295 902 825 1546
3865 4 2 22 60 1518 1537 1303 1535
3866 4 2 22 60 1518 1303 1537 1307
3867 4 2 22 60 1285 1303 1537 1535
3868 4 2 22 60 1285 1537 1303 1307
3869 4 2 22 60 1285 1548 1531 1262
3870 4 2 22 60 1531 1548 1285 1499
3871 4 2 22 60 1526 1275 1285 1311
3872 4 2 22 60 1285 1275 1526 1537
3873 4 2 22 60 1285 1531 1526 1311
3874 4 2 22 60 1526 1531 1285 1537
3875 4 2 22 60 1276 1507 1523 1264
3876 4 2 22 60 1523 1507 1276 1497
3877 4 2 22 60 1523 1290 1276 1264
3878 4 2 22 60 1276 1290 1523 1497
3879 4 2 22 60 1542 1546 825 903
3880 4 2 22 60 1542 825 1546 1309
3881 4 2 22 60 872 299 291 279
3882 4 2 22 60 872 291 299 287
3883 4 2 22 60 883 291 299 279
3884 4 2 22 60 883 299 291 287
3885 4 2 22 60 878 297 289 285
3886 4 2 22 60 878 289 297 277
3887 4 2 22 60 867 289 297 285
3888 4 2 22 60 867 297 289 277
3889 4 2 22 60 880 298 290 278
3890 4 2 22 60 880 290 298 286
3891 4 2 22 60 871 290 298 278
3892 4 2 22 60 871 298 290 286
3893 4 2 22 60 1271 1543 1506 1293
3894 4 2 22 60 1506 1543 1271 1544
3895 4 2 22 60 1506 1265 1271 1293
3896 4 2 22 60 1271 1265 1506 1544
3897 4 2 22 60 830 1264 908 1296
3898 4 2 22 60 908 1264 1505 1296
3899 4 2 22 60 908 1505 1264 1523
3900 4 2 22 60 1505 1264 1298 1296
3901 4 2 22 60 1505 1298 1264 1523
3902 4 2 22 60 1264 1290 908 1523
3903 4 2 22 60 908 1290 1264 830
3904 4 2 22 60 1541 1281 1292 1496
3905 4 2 22 60 1292 1281 1541 1314
3906 4 2 22 60 1292 1510 1541 1496
3907 4 2 22 60 1541 1510 1292 1314
3908 4 2 22 60 1517 1308 1524 1545
3909 4 2 22 60 1517 1524 1308 1263
3910 4 2 22 60 1277 1524 1308 1545
3911 4 2 22 60 1277 1308 1524 1263
3912 4 2 22 60 823 901 277 1304
3913 4 2 22 60 297 901 277 867
3914 4 2 22 60 297 277 901 1304
3915 4 2 22 60 1272 1522 1264 1298
3916 4 2 22 60 1272 1264 1522 1551
3917 4 2 22 60 1523 1264 1522 1298
3918 4 2 22 60 1523 1522 1264 1551
3919 4 2 22 60 1502 1311 1275 1526
3920 4 2 22 60 1275 1311 1502 1312
3921 4 2 22 60 1275 1498 1502 1526
3922 4 2 22 60 1502 1498 1275 1312
3923 4 2 22 60 1273 1516 905 1515
3924 4 2 22 60 1508 1284 823 1283
3925 4 2 22 60 905 278 827 881
3926 4 2 22 60 905 827 278 1539
3927 4 2 22 60 299 906 279 872
3928 4 2 22 60 296 276 900 866
3929 4 2 22 60 822 276 900 1305
3930 4 2 22 60 906 1515 827 905
3931 4 2 22 60 906 827 1515 1291
3932 4 2 22 60 1273 827 1515 905
3933 4 2 22 60 1273 1515 827 1291
3934 4 2 22 60 278 298 826 880
3935 4 2 22 60 278 826 298 1539
3936 4 2 22 60 904 826 298 880
3937 4 2 22 60 904 298 826 1539
3938 4 2 22 60 299 1540 279 906
3939 4 2 22 60 299 279 1540 1278
3940 4 2 22 60 828 279 1540 906
3941 4 2 22 60 828 1540 279 1278
3942 4 2 22 60 829 299 907 1278
3943 4 2 22 60 1511 276 900 296
3944 4 2 22 60 1511 900 276 1305
3945 4 2 22 60 1518 1495 1280 1266
3946 4 2 22 60 1518 1280 1495 1547
3947 4 2 22 60 1277 1280 1495 1266
3948 4 2 22 60 1277 1495 1280 1547
3949 4 2 22 60 1530 1498 1269 1294
3950 4 2 22 60 1530 1269 1498 1532
3951 4 2 22 60 1312 1269 1498 1294
3952 4 2 22 60 1312 1498 1269 1532
3953 4 2 22 60 1544 1265 1504 1299
3954 4 2 22 60 1544 1504 1265 1527
3955 4 2 22 60 1295 1504 1265 1299
3956 4 2 22 60 1295 1265 1504 1527
3957 4 2 22 60 901 1525 822 900
3958 4 2 22 60 822 876 901 900
3959 4 2 22 60 901 876 822 823
3960 4 2 22 60 277 877 901 823
3961 4 2 22 60 901 877 277 867
3962 4 2 22 60 279 882 906 828
3963 4 2 22 60 906 882 279 872
3964 4 2 22 60 876 276 900 822
3965 4 2 22 60 876 900 276 866
3966 4 2 22 60 907 874 830 908
3967 4 2 22 60 907 830 874 884
3968 4 2 22 60 831 830 874 908
3969 4 2 22 60 831 874 830 884
3970 4 2 22 60 906 827 872 905
3971 4 2 22 60 906 872 827 882
3972 4 2 22 60 881 872 827 905
3973 4 2 22 60 881 827 872 882
3974 4 2 22 60 907 830 1270 1538
3975 4 2 22 60 1270 830 907 829
3976 4 2 22 60 879 878 902 824
3977 4 2 22 60 879 902 878 868
3978 4 2 22 60 297 902 878 824
3979 4 2 22 60 297 878 902 868
3980 4 2 22 60 884 883 907 829
3981 4 2 22 60 884 907 883 873
3982 4 2 22 60 299 907 883 829
3983 4 2 22 60 299 883 907 873
3984 4 2 22 60 1273 1515 1297 1533
3985 4 2 22 60 1297 1515 1273 1291
3986 4 2 22 60 1263 1282 1524 1306
3987 4 2 22 60 1263 1524 1282 1509
3988 4 2 22 60 1304 1512 823 901
3989 4 2 22 60 1304 823 1512 1284
3990 4 2 22 60 1508 823 1512 901
3991 4 2 22 60 1508 1512 823 1284
3992 4 2 22 60 1273 1279 905 1516
3993 4 2 22 60 1273 905 1279 827
3994 4 2 22 60 1539 905 1279 1516
3995 4 2 22 60 1539 1279 905 827
3996 4 2 22 60 1530 904 1269 1500
3997 4 2 22 60 1269 904 1530 826
3998 4 2 22 60 904 1279 1269 1500
3999 4 2 22 60 1269 1279 904 826
4000 4 2 22 60 904 1539 1279 1500
4001 4 2 22 60 1279 1539 904 826
4002 4 2 22 60 824 1295 1504 902
4003 4 2 22 60 1504 1295 824 1267
4004 4 2 22 60 824 1504 1512 902
4005 4 2 22 60 1512 1504 824 1267
4006 4 2 22 60 1304 1512 824 1267
4007 4 2 22 60 1270 907 1278 829
4008 4 2 22 60 831 1511 1505 909
4009 4 2 22 60 1505 1511 831 1268
4010 4 2 22 60 1505 1296 831 909
4011 4 2 22 60 831 1296 1505 1268
4012 4 2 22 60 1283 1549 1528 1302
4013 4 2 22 60 1283 1528 1549 1525
4014 4 2 22 60 1313 1515 1297 1291
4015 4 2 22 60 1297 1515 1313 1534
4016 4 2 22 60 1302 1509 1301 1282
4017 4 2 22 60 1302 1301 1509 1528
4018 4 2 22 60 1263 1301 1509 1282
4019 4 2 22 60 1505 1282 1522 1509
4020 4 2 22 60 1505 1522 1282 1298
4021 4 2 22 60 1509 1517 1301 1263
4022 4 2 22 60 1509 1301 1517 1528
4023 4 2 22 60 1512 297 824 902
4024 4 2 22 60 1512 824 297 1304
4025 4 2 22 60 1274 1289 1536 1514
4026 4 2 22 60 1274 1536 1289 1292
4027 4 2 22 60 1503 1536 1289 1514
4028 4 2 22 60 1503 1289 1536 1292
4029 4 2 22 60 907 1540 1270 1278
4030 4 2 22 60 907 1270 1540 1501
4031 4 2 22 60 1313 1270 1540 1278
4032 4 2 22 60 1313 1540 1270 1501
4033 4 2 22 60 1270 1313 1514 1274
4034 4 2 22 60 1270 1514 1313 1501
4035 4 2 22 60 1534 1514 1313 1274
4036 4 2 22 60 1534 1313 1514 1501
4037 4 2 22 60 1508 1283 901 1525
4038 4 2 22 60 1508 901 1283 823
4039 4 2 22 60 822 901 1283 1525
4040 4 2 22 60 822 1283 901 823
4041 4 2 22 60 1545 1300 1271 1308
4042 4 2 22 60 1545 1271 1300 1543
4043 4 2 24 62 985 314 1707 1479
4044 4 2 24 62 1683 1703 1476 1707
4045 4 2 24 62 314 977 1707 1479
4046 4 2 24 62 977 1703 1707 1478
4047 4 2 24 62 1459 1692 1685 1698
4048 4 2 24 62 1692 1469 1684 1701
4049 4 2 24 62 1683 1693 1699 1473
4050 4 2 24 62 1464 1693 1700 1682
4051 4 2 24 62 1481 974 1696 1722
4052 4 2 24 62 1449 1691 1685 1692
4053 4 2 24 62 1465 1700 1704 1682
4054 4 2 24 62 1480 1705 1684 1701
4055 4 2 24 62 1702 1437 1711 1686
4056 4 2 24 62 1478 1476 1703 1707
4057 4 2 24 62 927 891 926 914
4058 4 2 24 62 898 933 934 920
4059 4 2 24 62 926 891 890 914
4060 4 2 24 62 1436 1702 991 1706
4061 4 2 24 62 1699 1683 1474 1707
4062 4 2 24 62 1703 1709 1683 1477
4063 4 2 24 62 1693 1462 1683 1689
4064 4 2 24 62 1706 1468 1685 1698
4065 4 2 24 62 1477 1683 1703 1476
4066 4 2 24 62 292 922 910 304
4067 4 2 24 62 929 294 306 916
4068 4 2 24 62 912 293 305 924
4069 4 2 24 62 315 987 1704 1466
4070 4 2 24 62 1712 1696 1420 1713
4071 4 2 24 62 295 307 918 931
4072 4 2 24 62 1471 1681 1695 1715
4073 4 2 24 62 1467 1450 1694 1714
4074 4 2 24 62 1699 1475 985 1707
4075 4 2 24 62 1720 1699 1693 1473
4076 4 2 24 62 1684 1692 1716 1434
4077 4 2 24 62 1694 1691 1467 1714
4078 4 2 24 62 1450 1681 1694 1714
4079 4 2 24 62 1469 1684 1404 1434
4080 4 2 24 62 313 966 1705 1472
4081 4 2 24 62 1696 1483 1722 1684
4082 4 2 24 62 1436 1685 1702 1706
4083 4 2 24 62 974 1481 1696 975
4084 4 2 24 62 1447 1688 1682 1697
4085 4 2 24 62 1476 1474 1683 1707
4086 4 2 24 62 1684 1469 1692 1434
4087 4 2 24 62 1682 1446 1693 1717
4088 4 2 24 62 1700 987 1466 1704
4089 4 2 24 62 1711 1710 1419 1697
4090 4 2 24 62 1694 1452 1686 1719
4091 4 2 24 62 1685 1449 1692 1459
4092 4 2 24 62 1443 988 1697 1723
4093 4 2 24 62 1451 1703 1687 1713
4094 4 2 24 62 1716 1692 1691 1434
4095 4 2 24 62 1693 1464 1446 1682
4096 4 2 24 62 1456 1423 1712 1690
4097 4 2 24 62 1440 1691 1708 1685
4098 4 2 24 62 1465 1704 1485 1682
4099 4 2 24 62 1687 1457 1709 1703
4100 4 2 24 62 1422 1694 1681 1719
4101 4 2 24 62 1453 1695 1718 1687
4102 4 2 24 62 1464 1700 1465 1682
4103 4 2 24 62 1436 1468 1685 1706
4104 4 2 24 62 1684 1469 1480 1701
4105 4 2 24 62 1718 1712 1444 1687
4106 4 2 24 62 1692 1449 1691 1434
4107 4 2 24 62 1691 1708 1694 1440
4108 4 2 24 62 1695 1689 1471 1715
4109 4 2 24 62 1407 1484 1688 1447
4110 4 2 24 62 1705 974 313 1472
4111 4 2 24 62 898 934 935 921
4112 4 2 24 62 891 927 928 915
4113 4 2 24 62 897 932 933 919
4114 4 2 24 62 926 890 925 913
4115 4 2 24 62 1688 1455 1710 1447
4116 4 2 24 62 1704 1723 1485 1682
4117 4 2 24 62 1711 990 1437 1702
4118 4 2 24 62 1432 1683 1689 1709
4119 4 2 24 62 1718 1421 1681 1695
4120 4 2 24 62 1404 1684 1716 1434
4121 4 2 24 62 898 935 899 921
4122 4 2 24 62 932 897 896 919
4123 4 2 24 62 891 928 892 915
4124 4 2 24 62 889 890 913 925
4125 4 2 24 62 1695 1458 1689 1709
4126 4 2 24 62 1689 1693 1446 1717
4127 4 2 24 62 1458 1410 1471 1689
4128 4 2 24 62 1715 1688 1409 1719
4129 4 2 24 62 1437 1708 1418 1686
4130 4 2 24 62 1453 1718 1444 1687
4131 4 2 24 62 1421 1417 1471 1695
4132 4 2 24 62 1705 1722 1480 1684
4133 4 2 24 62 1718 1486 1690 1714
4134 4 2 24 62 1471 1421 1695 1681
4135 4 2 24 62 1707 1475 985 1479
4136 4 2 24 62 1441 1686 1719 1710
4137 4 2 24 62 1471 1689 1410 1715
4138 4 2 24 62 1455 1441 1719 1710
4139 4 2 24 62 1689 1462 1683 1432
4140 4 2 24 62 1683 1462 1693 1473
4141 4 2 24 62 1712 1463 1687 1713
4142 4 2 24 62 1452 1686 1708 1694
4143 4 2 24 62 1712 1423 1696 1690
4144 4 2 24 62 1471 1458 1689 1695
4145 4 2 24 62 1723 1443 1485 1682
4146 4 2 24 62 1718 1444 1712 1412
4147 4 2 24 62 1681 1421 1718 1714
4148 4 2 24 62 1719 1688 1455 1710
4149 4 2 24 62 965 966 1428 1701
4150 4 2 24 62 1443 1407 1485 1682
4151 4 2 24 62 1482 1695 1687 1709
4152 4 2 24 62 1449 1413 1691 1434
4153 4 2 24 62 1440 1691 1685 1449
4154 4 2 24 62 1403 1421 1471 1681
4155 4 2 24 62 986 987 1424 1700
4156 4 2 24 62 985 986 1427 1699
4157 4 2 24 62 1432 1689 1458 1709
4158 4 2 24 62 1482 1695 1453 1687
4159 4 2 24 62 964 312 1706 1445
4160 4 2 24 62 294 893 1479 985
4161 4 2 24 62 1424 1700 987 1466
4162 4 2 24 62 1681 1715 1422 1719
4163 4 2 24 62 1444 1456 1712 1412
4164 4 2 24 62 312 991 1706 1445
4165 4 2 24 62 1693 1462 1689 1446
4166 4 2 24 62 1694 1681 1450 1422
4167 4 2 24 62 1473 1699 1683 1474
4168 4 2 24 62 1436 1418 1437 1702
4169 4 2 24 62 1422 1409 1441 1719
4170 4 2 24 62 1437 1702 1708 1686
4171 4 2 24 62 1428 965 887 888
4172 4 2 24 62 1441 1719 1409 1455
4173 4 2 24 62 1715 1429 1681 1422
4174 4 2 24 62 1718 1486 1412 1690
4175 4 2 24 62 1407 1443 1447 1682
4176 4 2 24 62 1720 1699 1427 986
4177 4 2 24 62 1447 1710 1688 1697
4178 4 2 24 62 1708 1702 1437 1418
4179 4 2 24 62 886 1426 965 887
4180 4 2 24 62 1431 1717 1688 1715
4181 4 2 24 62 1413 1430 1467 1714
4182 4 2 24 62 1716 1691 1413 1434
4183 4 2 24 62 1717 1410 1689 1715
4184 4 2 24 62 1712 1420 1423 1456
4185 4 2 24 62 1688 1431 1715 1409
4186 4 2 24 62 1464 1461 1693 1416
4187 4 2 24 62 1682 1407 1688 1447
4188 4 2 24 62 1422 1403 1429 1681
4189 4 2 24 62 1409 1422 1429 1719
4190 4 2 24 62 1716 1448 1690 1684
4191 4 2 24 62 1413 1467 1691 1714
4192 4 2 24 62 1722 1483 1480 1684
4193 4 2 24 62 1712 1718 1412 1690
4194 4 2 24 62 1704 1442 988 315
4195 4 2 24 62 1424 1700 1466 1465
4196 4 2 24 62 1430 1413 1433 1714
4197 4 2 24 62 891 1703 1478 1425
4198 4 2 24 62 1694 1708 1452 1414
4199 4 2 24 62 1468 1459 1685 1698
4200 4 2 24 62 1442 1704 1466 315
4201 4 2 24 62 1451 1703 1713 976
4202 4 2 24 62 964 965 1426 1698
4203 4 2 24 62 1470 1692 1721 1701
4204 4 2 24 62 1422 1715 1429 1719
4205 4 2 24 62 1443 988 989 1697
4206 4 2 24 62 1447 1455 1710 1419
4207 4 2 24 62 1479 294 985 314
4208 4 2 24 62 1470 1721 965 1701
4209 4 2 24 62 1467 1694 1414 1440
4210 4 2 24 62 898 1437 1702 1436
4211 4 2 24 62 1690 1486 1433 1714
4212 4 2 24 62 1705 1701 1428 966
4213 4 2 24 62 1696 975 1420 1713
4214 4 2 24 62 1417 1421 1453 1695
4215 4 2 24 62 1716 1413 1691 1714
4216 4 2 24 62 295 1442 1466 315
4217 4 2 24 62 1688 1409 1719 1455
4218 4 2 24 62 895 295 1466 987
4219 4 2 24 62 1719 1452 1686 1441
4220 4 2 24 62 916 985 294 314
4221 4 2 24 62 1414 1694 1708 1440
4222 4 2 24 62 1404 1433 1434 1716
4223 4 2 24 62 1430 1403 1450 1681
4224 4 2 24 62 1415 1692 1459 1460
4225 4 2 24 62 1446 1410 1462 1689
4226 4 2 24 62 1717 1484 1407 1431
4227 4 2 24 62 1467 1691 1694 1440
4228 4 2 24 62 1703 1457 1709 1477
4229 4 2 24 62 1433 1404 1448 1716
4230 4 2 24 62 295 987 918 315
4231 4 2 24 62 1421 1412 1444 1718
4232 4 2 24 62 1421 1430 1486 1714
4233 4 2 24 62 1470 1469 1692 1701
4234 4 2 24 62 1450 1467 1430 1714
4235 4 2 24 62 1717 1688 1484 1431
4236 4 2 24 62 1687 1453 1482 1411
4237 4 2 24 62 1433 1716 1690 1714
4238 4 2 24 62 1427 1461 1473 1720
4239 4 2 24 62 1686 1437 1711 1408
4240 4 2 24 62 1405 1702 1685 1708
4241 4 2 24 62 1684 1716 1448 1404
4242 4 2 24 62 1445 964 292 886
4243 4 2 24 62 965 922 886 887
4244 4 2 24 62 924 887 965 888
4245 4 2 24 62 965 1426 1460 887
4246 4 2 24 62 1443 1419 1697 897
4247 4 2 24 62 1722 889 1435 1481
4248 4 2 24 62 976 1478 1703 977
4249 4 2 24 62 1447 1682 1443 1697
4250 4 2 24 62 1689 1458 1462 1432
4251 4 2 24 62 1702 1405 1418 1708
4252 4 2 24 62 1701 1480 1705 1428
4253 4 2 24 62 1686 1418 1437 1408
4254 4 2 24 62 1486 1718 1421 1714
4255 4 2 24 62 1433 1413 1434 1716
4256 4 2 24 62 1701 965 1470 1428
4257 4 2 24 62 1431 1688 1484 1409
4258 4 2 24 62 1403 1422 1450 1681
4259 4 2 24 62 990 1436 1702 991
4260 4 2 24 62 1695 1482 1458 1709
4261 4 2 24 62 1456 1448 1423 1690
4262 4 2 24 62 1454 1711 1686 1710
4263 4 2 24 62 1709 1432 1683 1477
4264 4 2 24 62 1405 1436 1468 1685
4265 4 2 24 62 987 295 1466 315
4266 4 2 24 62 1719 1429 1409 1715
4267 4 2 24 62 1406 1683 1462 1432
4268 4 2 24 62 1700 1461 1693 1464
4269 4 2 24 62 1462 1406 1473 1683
4270 4 2 24 62 886 910 922 965
4271 4 2 24 62 1433 1412 1486 1690
4272 4 2 24 62 1685 1405 1440 1449
4273 4 2 24 62 966 1472 293 888
4274 4 2 24 62 1461 1693 1720 1700
4275 4 2 24 62 1704 1466 1700 1465
4276 4 2 24 62 965 911 924 912
4277 4 2 24 62 910 922 965 911
4278 4 2 24 62 1437 1438 1711 1408
4279 4 2 24 62 1416 1446 1462 1693
4280 4 2 24 62 1409 1429 1431 1715
4281 4 2 24 62 1407 1431 1446 1717
4282 4 2 24 62 1412 1456 1712 1690
4283 4 2 24 62 1464 1407 1446 1682
4284 4 2 24 62 894 893 986 1427
4285 4 2 24 62 1687 1457 1703 1451
4286 4 2 24 62 1413 1716 1433 1714
4287 4 2 24 62 1446 1410 1689 1717
4288 4 2 24 62 1412 1421 1486 1718
4289 4 2 24 62 894 895 1424 986
4290 4 2 24 62 964 1445 292 312
4291 4 2 24 62 1415 1449 1459 1692
4292 4 2 24 62 1416 1462 1473 1693
4293 4 2 24 62 1429 1403 1471 1681
4294 4 2 24 62 1410 1429 1471 1715
4295 4 2 24 62 1434 1415 1469 1692
4296 4 2 24 62 1712 1463 1444 1687
4297 4 2 24 62 1452 1694 1422 1719
4298 4 2 24 62 1429 1410 1431 1715
4299 4 2 24 62 1405 1702 1418 1436
4300 4 2 24 62 1482 1432 1458 1709
4301 4 2 24 62 1404 1480 1483 1684
4302 4 2 24 62 964 292 910 312
4303 4 2 24 62 1410 1458 1462 1689
4304 4 2 24 62 1405 1440 1708 1685
4305 4 2 24 62 1417 1458 1471 1695
4306 4 2 24 62 1412 1448 1456 1690
4307 4 2 24 62 887 1470 965 1428
4308 4 2 24 62 1407 1464 1465 1682
4309 4 2 24 62 1681 1450 1430 1714
4310 4 2 24 62 966 293 313 912
4311 4 2 24 62 1710 1454 1711 1419
4312 4 2 24 62 1413 1440 1449 1691
4313 4 2 24 62 1718 1421 1695 1453
4314 4 2 24 62 1682 1723 1443 1697
4315 4 2 24 62 1475 1699 1474 1707
4316 4 2 24 62 1451 1463 1420 1713
4317 4 2 24 62 1474 1406 1476 1683
4318 4 2 24 62 1697 1419 1711 989
4319 4 2 24 62 1461 1424 1464 1700
4320 4 2 24 62 966 1428 1705 1472
4321 4 2 24 62 985 1475 1699 1427
4322 4 2 24 62 1418 1414 1452 1708
4323 4 2 24 62 1472 966 293 313
4324 4 2 24 62 1432 1406 1683 1477
4325 4 2 24 62 1404 1480 1684 1469
4326 4 2 24 62 1473 1406 1474 1683
4327 4 2 24 62 1422 1414 1450 1694
4328 4 2 24 62 1415 1434 1449 1692
4329 4 2 24 62 1707 1478 1476 1439
4330 4 2 24 62 1405 1702 1436 1685
4331 4 2 24 62 1418 1405 1440 1708
4332 4 2 24 62 1696 1420 1481 1423
4333 4 2 24 62 1446 1416 1464 1693
4334 4 2 24 62 1480 1435 1483 1722
4335 4 2 24 62 1431 1410 1446 1717
4336 4 2 24 62 1414 1418 1440 1708
4337 4 2 24 62 1692 1415 1721 1460
4338 4 2 24 62 1421 1444 1453 1718
4339 4 2 24 62 1410 1717 1431 1715
4340 4 2 24 62 1482 1411 1457 1709
4341 4 2 24 62 1720 1427 1699 1473
4342 4 2 24 62 1692 1415 1469 1470
4343 4 2 24 62 1716 1690 1448 1433
4344 4 2 24 62 1430 1433 1486 1714
4345 4 2 24 62 1422 1441 1452 1719
4346 4 2 24 62 1463 1712 1420 1713
4347 4 2 24 62 974 1481 889 1722
4348 4 2 24 62 1429 1681 1471 1715
4349 4 2 24 62 1455 1409 1484 1688
4350 4 2 24 62 1439 1474 1476 1707
4351 4 2 24 62 1684 1448 1483 1404
4352 4 2 24 62 1436 1445 1468 1706
4353 4 2 24 62 1441 1454 1686 1710
4354 4 2 24 62 1439 1707 977 1479
4355 4 2 24 62 1435 1481 1483 1722
4356 4 2 24 62 1477 1406 1683 1476
4357 4 2 24 62 1723 1443 1442 1485
4358 4 2 24 62 889 1705 1435 1472
4359 4 2 24 62 1686 1708 1418 1452
4360 4 2 24 62 1407 1446 1682 1717
4361 4 2 24 62 894 895 986 931
4362 4 2 24 62 893 894 986 929
4363 4 2 24 62 1438 1711 898 1437
4364 4 2 24 62 1444 1456 1463 1712
4365 4 2 24 62 1475 985 893 1427
4366 4 2 24 62 893 985 1475 1479
4367 4 2 24 62 1411 1482 1687 1709
4368 4 2 24 62 1411 1444 1687 1453
4369 4 2 24 62 1457 1432 1482 1709
4370 4 2 24 62 1428 1480 1705 1472
4371 4 2 24 62 977 892 1439 1479
4372 4 2 24 62 1407 1465 1485 1682
4373 4 2 24 62 1414 1422 1452 1694
4374 4 2 24 62 986 895 918 931
4375 4 2 24 62 893 986 916 929
4376 4 2 24 62 1420 1481 890 1696
4377 4 2 24 62 917 929 916 986
4378 4 2 24 62 931 986 917 918
4379 4 2 24 62 1408 1418 1452 1686
4380 4 2 24 62 1439 1707 1478 977
4381 4 2 24 62 1469 1428 1480 1701
4382 4 2 24 62 976 1478 891 1703
4383 4 2 24 62 1454 1441 1455 1710
4384 4 2 24 62 1411 1451 1457 1687
4385 4 2 24 62 1449 1405 1459 1685
4386 4 2 24 62 1710 1447 1419 1697
4387 4 2 24 62 1454 1438 1711 1419
4388 4 2 24 62 990 1436 898 1702
4389 4 2 24 62 1408 1441 1454 1686
4390 4 2 24 62 1443 1419 1447 1697
4391 4 2 24 62 1704 1442 1723 988
4392 4 2 24 62 1415 1692 1721 1470
4393 4 2 24 62 1423 1696 1420 1712
4394 4 2 24 62 1475 1699 1427 1474
4395 4 2 24 62 1464 1424 1465 1700
4396 4 2 24 62 1440 1413 1467 1691
4397 4 2 24 62 1451 1411 1463 1687
4398 4 2 24 62 1412 1433 1448 1690
4399 4 2 24 62 1447 1455 1484 1688
4400 4 2 24 62 1457 1411 1687 1709
4401 4 2 24 62 1456 1420 1463 1712
4402 4 2 24 62 1432 1457 1477 1709
4403 4 2 24 62 1461 986 894 1424
4404 4 2 24 62 1427 1473 1474 1699
4405 4 2 24 62 1458 1417 1482 1695
4406 4 2 24 62 1695 1417 1482 1453
4407 4 2 24 62 1451 1425 1703 891
4408 4 2 24 62 1705 889 974 1472
4409 4 2 24 62 1477 1703 1425 1476
4410 4 2 24 62 1450 1414 1467 1694
4411 4 2 24 62 1441 1408 1452 1686
4412 4 2 24 62 1451 1687 1463 1713
4413 4 2 24 62 1706 1468 1698 1426
4414 4 2 24 62 1459 1405 1468 1685
4415 4 2 24 62 1411 1444 1463 1687
4416 4 2 24 62 897 1697 1443 989
4417 4 2 24 62 1419 1454 1455 1710
4418 4 2 24 62 1468 1706 1445 1426
4419 4 2 24 62 1426 1459 1468 1698
4420 4 2 24 62 964 886 1445 1426
4421 4 2 24 62 1428 966 888 1472
4422 4 2 24 62 1425 1703 1457 1451
4423 4 2 24 62 1415 1721 1460 1470
4424 4 2 24 62 1424 987 895 1466
4425 4 2 24 62 1428 1469 1470 1701
4426 4 2 24 62 1472 1435 1480 1705
4427 4 2 24 62 892 1439 1478 977
4428 4 2 24 62 1722 1435 1705 1480
4429 4 2 24 62 1696 1481 1483 1423
4430 4 2 24 62 990 898 1437 1702
4431 4 2 24 62 1474 1439 1475 1707
4432 4 2 24 62 1722 1481 1483 1696
4433 4 2 24 62 1475 1707 1439 1479
4434 4 2 24 62 1426 1459 1698 1460
4435 4 2 24 62 990 898 1711 1437
4436 4 2 24 62 1420 890 975 1696
4437 4 2 24 62 1419 1697 897 989
4438 4 2 24 62 1703 1425 1476 1478
4439 4 2 24 62 1457 1703 1425 1477
4440 4 2 24 62 1481 975 890 1696
4441 4 2 24 62 976 1451 1703 891
4442 4 2 24 62 1442 1465 1466 1704
4443 4 2 24 62 1465 1442 1485 1704
4444 4 2 24 62 1723 1442 1704 1485
4445 4 2 24 62 975 890 976 914
4446 4 2 24 62 891 976 890 914
4447 4 2 24 62 891 890 976 1451
4448 4 2 24 62 935 292 300 304
4449 4 2 24 62 910 300 292 304
4450 4 2 24 62 910 292 300 312
4451 4 2 24 62 925 301 293 305
4452 4 2 24 62 912 301 293 313
4453 4 2 24 62 912 293 301 305
4454 4 2 24 62 916 294 302 314
4455 4 2 24 62 916 302 294 306
4456 4 2 24 62 928 294 302 306
4457 4 2 24 62 918 295 303 307
4458 4 2 24 62 918 303 295 315
4459 4 2 24 62 932 303 295 307
4460 4 2 24 62 1423 1690 1483 1696
4461 4 2 24 62 1423 1483 1690 1448
4462 4 2 24 62 1684 1483 1690 1696
4463 4 2 24 62 1684 1690 1483 1448
4464 4 2 24 62 1460 1692 1698 1721
4465 4 2 24 62 1460 1698 1692 1459
4466 4 2 24 62 1713 1420 890 975
4467 4 2 24 62 890 1420 1713 1451
4468 4 2 24 62 890 976 1713 975
4469 4 2 24 62 1713 976 890 1451
4470 4 2 24 62 1460 1698 965 1721
4471 4 2 24 62 1460 965 1698 1426
4472 4 2 24 62 1461 1700 986 1424
4473 4 2 24 62 986 1700 1461 1720
4474 4 2 24 62 986 985 893 916
4475 4 2 24 62 986 893 985 1427
4476 4 2 24 62 966 888 965 1428
4477 4 2 24 62 986 987 895 1424
4478 4 2 24 62 986 895 987 918
4479 4 2 24 62 916 294 893 929
4480 4 2 24 62 916 893 294 985
4481 4 2 24 62 1407 1688 1717 1682
4482 4 2 24 62 1717 1688 1407 1484
4483 4 2 24 62 918 295 895 987
4484 4 2 24 62 918 895 295 931
4485 4 2 24 62 964 965 886 1426
4486 4 2 24 62 964 886 965 910
4487 4 2 24 62 1681 1430 1421 1714
4488 4 2 24 62 1681 1421 1430 1403
4489 4 2 24 62 292 300 899 935
4490 4 2 24 62 921 300 899 991
4491 4 2 24 62 921 899 300 935
4492 4 2 24 62 294 302 892 928
4493 4 2 24 62 915 302 892 977
4494 4 2 24 62 915 892 302 928
4495 4 2 24 62 913 889 301 974
4496 4 2 24 62 913 301 889 925
4497 4 2 24 62 293 889 301 925
4498 4 2 24 62 924 923 965 887
4499 4 2 24 62 924 965 923 911
4500 4 2 24 62 922 965 923 887
4501 4 2 24 62 922 923 965 911
4502 4 2 24 62 929 930 986 917
4503 4 2 24 62 929 986 930 894
4504 4 2 24 62 931 986 930 917
4505 4 2 24 62 931 930 986 894
4506 4 2 24 62 919 896 303 988
4507 4 2 24 62 919 303 896 932
4508 4 2 24 62 295 896 303 932
4509 4 2 24 62 910 292 886 922
4510 4 2 24 62 910 886 292 964
4511 4 2 24 62 1460 965 1470 1721
4512 4 2 24 62 1460 1470 965 887
4513 4 2 24 62 965 912 888 966
4514 4 2 24 62 965 888 912 924
4515 4 2 24 62 293 888 912 966
4516 4 2 24 62 293 912 888 924
4517 4 2 24 62 988 1443 1442 1723
4518 4 2 24 62 988 1442 1443 896
4519 4 2 24 62 1426 1706 964 1698
4520 4 2 24 62 1426 964 1706 1445
4521 4 2 24 62 1722 889 1705 1435
4522 4 2 24 62 1722 1705 889 974
4523 4 2 24 62 1711 1408 1454 1686
4524 4 2 24 62 1454 1408 1711 1438
4525 4 2 24 62 1461 1693 1473 1720
4526 4 2 24 62 1461 1473 1693 1416
4527 4 2 24 62 1461 986 1427 894
4528 4 2 24 62 1461 1427 986 1720
4529 4 2 24 62 991 1445 1436 1706
4530 4 2 24 62 1436 1445 991 899
4531 4 2 24 62 919 897 920 933
4532 4 2 24 62 919 920 897 989
4533 4 2 24 62 898 920 897 933
4534 4 2 24 62 890 913 914 975
4535 4 2 24 62 914 913 890 926
4536 4 2 24 62 898 921 920 934
4537 4 2 24 62 898 920 921 990
4538 4 2 24 62 915 891 914 976
4539 4 2 24 62 914 891 915 927
4540 4 2 24 62 920 990 897 989
4541 4 2 24 62 920 897 990 898
4542 4 2 24 62 1438 1711 897 898
4543 4 2 24 62 897 990 1711 989
4544 4 2 24 62 897 1711 990 898
4545 4 2 24 62 892 977 891 915
4546 4 2 24 62 892 891 977 1478
4547 4 2 24 62 976 891 977 915
4548 4 2 24 62 976 977 891 1478
4549 4 2 24 62 975 974 890 913
4550 4 2 24 62 975 890 974 1481
4551 4 2 24 62 889 890 974 913
4552 4 2 24 62 889 974 890 1481
4553 4 2 24 62 989 988 897 919
4554 4 2 24 62 989 897 988 1443
4555 4 2 24 62 896 897 988 919
4556 4 2 24 62 896 988 897 1443
4557 4 2 24 62 990 991 898 1436
4558 4 2 24 62 990 898 991 921
4559 4 2 24 62 899 898 991 1436
4560 4 2 24 62 899 991 898 921
4561 4 2 24 62 1479 314 892 294
4562 4 2 24 62 1479 892 314 977
4563 4 2 24 62 302 892 314 294
4564 4 2 24 62 302 314 892 977
4565 4 2 24 62 1472 313 889 974
4566 4 2 24 62 1472 889 313 293
4567 4 2 24 62 301 889 313 974
4568 4 2 24 62 301 313 889 293
4569 4 2 24 62 312 1445 899 991
4570 4 2 24 62 899 1445 312 292
4571 4 2 24 62 899 300 312 991
4572 4 2 24 62 312 300 899 292
4573 4 2 24 62 1442 315 896 988
4574 4 2 24 62 1442 896 315 295
4575 4 2 24 62 303 896 315 988
4576 4 2 24 62 303 315 896 295
4577 4 2 24 62 1711 897 1419 1438
4578 4 2 24 62 1711 1419 897 989
4579 4 2 25 63 1946 1944 1957 1965
4580 4 2 25 63 1650 1946 1944 1957
4581 4 2 25 63 1613 1951 1944 1964
4582 4 2 25 63 1667 1650 1944 1957
4583 4 2 25 63 1650 1944 1946 1956
4584 4 2 25 63 1668 1951 1960 1968
4585 4 2 25 63 1680 1944 1667 1956
4586 4 2 25 63 1950 1951 1668 1962
4587 4 2 25 63 1946 1957 1650 1965
4588 4 2 25 63 1943 1951 1950 1962
4589 4 2 25 63 1595 1943 1951 1961
4590 4 2 25 63 1667 1944 1650 1956
4591 4 2 25 63 1576 1949 1571 1951
4592 4 2 25 63 1558 1556 1567 1970
4593 4 2 25 63 1571 1951 1949 1968
4594 4 2 25 63 1613 1574 1944 1951
4595 4 2 25 63 1668 1951 1950 1960
4596 4 2 25 63 1946 1956 1952 1973
4597 4 2 25 63 1590 1584 1560 1967
4598 4 2 25 63 1949 1951 1943 1968
4599 4 2 25 63 1574 1944 1951 1960
4600 4 2 25 63 1552 1946 1556 1967
4601 4 2 25 63 1943 1947 1605 1949
4602 4 2 25 63 1593 1576 1571 1951
4603 4 2 25 63 1943 1949 1605 1951
4604 4 2 25 63 1954 1970 1965 1971
4605 4 2 25 63 1944 1957 1950 1960
4606 4 2 25 63 1593 1951 1571 1968
4607 4 2 25 63 1613 1944 1574 1959
4608 4 2 25 63 1556 1967 1946 1970
4609 4 2 25 63 1609 1950 1635 1961
4610 4 2 25 63 1575 1622 1959 1967
4611 4 2 25 63 1576 1605 1949 1951
4612 4 2 25 63 1682 1688 1717 1966
4613 4 2 25 63 1602 1944 1613 1959
4614 4 2 25 63 1652 1667 1680 1944
4615 4 2 25 63 1558 1967 1556 1970
4616 4 2 25 63 1637 1965 1954 1970
4617 4 2 25 63 1650 1956 1946 1973
4618 4 2 25 63 1578 1960 1951 1968
4619 4 2 25 63 1950 1951 1944 1960
4620 4 2 25 63 1635 1950 1609 1954
4621 4 2 25 63 1603 1970 1954 1971
4622 4 2 25 63 1950 1961 1609 1964
4623 4 2 25 63 1648 1618 1638 1955
4624 4 2 25 63 1584 1590 1575 1967
4625 4 2 25 63 1680 1667 1650 1956
4626 4 2 25 63 1609 1954 1950 1964
4627 4 2 25 63 1946 1967 1959 1971
4628 4 2 25 63 1653 1950 1679 1957
4629 4 2 25 63 1675 1952 1956 1973
4630 4 2 25 63 1574 1956 1944 1960
4631 4 2 25 63 1668 1960 1660 1968
4632 4 2 25 63 1950 1957 1668 1960
4633 4 2 25 63 1589 1576 1605 1949
4634 4 2 25 63 1552 1963 1946 1973
4635 4 2 25 63 1597 1951 1613 1964
4636 4 2 25 63 1667 1944 1652 1957
4637 4 2 25 63 1593 1578 1951 1968
4638 4 2 25 63 1679 1950 1633 1957
4639 4 2 25 63 1595 1947 1943 1961
4640 4 2 25 63 1648 1638 1945 1955
4641 4 2 25 63 1675 1952 1588 1956
4642 4 2 25 63 1552 1553 1963 1973
4643 4 2 25 63 1554 1584 1952 1967
4644 4 2 25 63 1944 1956 1574 1959
4645 4 2 25 63 1622 1599 1959 1967
4646 4 2 25 63 1598 1605 1947 1949
4647 4 2 25 63 1944 1946 1956 1959
4648 4 2 25 63 1554 1560 1584 1967
4649 4 2 25 63 1605 1595 1943 1951
4650 4 2 25 63 1605 1943 1595 1947
4651 4 2 25 63 1603 1637 1954 1970
4652 4 2 25 63 1567 1606 1558 1970
4653 4 2 25 63 1702 1685 1953 1974
4654 4 2 25 63 1682 1717 1693 1966
4655 4 2 25 63 1946 1594 1967 1971
4656 4 2 25 63 1602 1613 1944 1964
4657 4 2 25 63 1588 1952 1675 1973
4658 4 2 25 63 1944 1956 1680 1960
4659 4 2 25 63 1652 1944 1680 1960
4660 4 2 25 63 1946 1952 1552 1973
4661 4 2 25 63 1575 1959 1952 1967
4662 4 2 25 63 1552 1952 1946 1967
4663 4 2 25 63 1637 1634 1954 1965
4664 4 2 25 63 1589 1571 1576 1949
4665 4 2 25 63 1638 1955 1618 1961
4666 4 2 25 63 1593 1951 1578 1960
4667 4 2 25 63 1613 1582 1574 1951
4668 4 2 25 63 1652 1957 1944 1960
4669 4 2 25 63 1626 1635 1950 1961
4670 4 2 25 63 1946 1963 1556 1970
4671 4 2 25 63 1638 1945 1955 1961
4672 4 2 25 63 1602 1621 1613 1964
4673 4 2 25 63 1555 1952 1561 1973
4674 4 2 25 63 1944 1951 1950 1964
4675 4 2 25 63 1946 1944 1965 1971
4676 4 2 25 63 1639 1950 1661 1962
4677 4 2 25 63 1620 1589 1605 1949
4678 4 2 25 63 1686 1711 1702 1663
4679 4 2 25 63 1584 1575 1952 1967
4680 4 2 25 63 1584 1563 1554 1952
4681 4 2 25 63 1965 1970 1946 1971
4682 4 2 25 63 1626 1945 1961 1962
4683 4 2 25 63 1609 1635 1604 1961
4684 4 2 25 63 1626 1961 1950 1962
4685 4 2 25 63 1680 1956 1664 1960
4686 4 2 25 63 1578 1660 1960 1968
4687 4 2 25 63 1621 1597 1613 1964
4688 4 2 25 63 1946 1965 1963 1970
4689 4 2 25 63 1574 1951 1570 1960
4690 4 2 25 63 1649 1957 1954 1965
4691 4 2 25 63 1668 1957 1652 1960
4692 4 2 25 63 1555 1563 1561 1952
4693 4 2 25 63 1944 1946 1959 1971
4694 4 2 25 63 1623 1582 1613 1951
4695 4 2 25 63 1722 1684 1705 1949
4696 4 2 25 63 1603 1637 1634 1954
4697 4 2 25 63 1952 1956 1946 1959
4698 4 2 25 63 1557 1963 1553 1973
4699 4 2 25 63 1606 1967 1558 1970
4700 4 2 25 63 1651 1962 1668 1968
4701 4 2 25 63 1590 1560 1615 1967
4702 4 2 25 63 1633 1661 1639 1950
4703 4 2 25 63 1598 1605 1595 1947
4704 4 2 25 63 1702 1686 1663 1953
4705 4 2 25 63 1661 1633 1639 1679
4706 4 2 25 63 1635 1627 1950 1954
4707 4 2 25 63 1661 1633 1679 1950
4708 4 2 25 63 1712 1607 1696 1713
4709 4 2 25 63 1950 1951 1943 1961
4710 4 2 25 63 1684 1949 1722 1972
4711 4 2 25 63 1666 1963 1946 1965
4712 4 2 25 63 1696 1684 1722 1972
4713 4 2 25 63 1611 1964 1602 1971
4714 4 2 25 63 1552 1557 1553 1973
4715 4 2 25 63 1639 1626 1950 1962
4716 4 2 25 63 1711 1686 1710 1948
4717 4 2 25 63 1623 1576 1582 1951
4718 4 2 25 63 1666 1946 1650 1965
4719 4 2 25 63 1668 1677 1652 1957
4720 4 2 25 63 1959 1967 1594 1971
4721 4 2 25 63 1611 1621 1602 1964
4722 4 2 25 63 1667 1658 1650 1957
4723 4 2 25 63 1597 1623 1613 1951
4724 4 2 25 63 1963 1965 1625 1970
4725 4 2 25 63 1626 1638 1635 1961
4726 4 2 25 63 1715 1717 1688 1958
4727 4 2 25 63 1675 1956 1656 1973
4728 4 2 25 63 1563 1584 1554 1560
4729 4 2 25 63 1702 1708 1686 1953
4730 4 2 25 63 1574 1582 1570 1951
4731 4 2 25 63 1693 1717 1689 1969
4732 4 2 25 63 1561 1952 1587 1973
4733 4 2 25 63 1558 1552 1556 1967
4734 4 2 25 63 1587 1588 1675 1973
4735 4 2 25 63 1638 1604 1635 1961
4736 4 2 25 63 1627 1633 1950 1957
4737 4 2 25 63 1587 1952 1588 1973
4738 4 2 25 63 1669 1679 1633 1957
4739 4 2 25 63 1573 1956 1574 1960
4740 4 2 25 63 1658 1650 1957 1965
4741 4 2 25 63 1686 1694 1719 1953
4742 4 2 25 63 1952 1959 1946 1967
4743 4 2 25 63 1566 1553 1557 1963
4744 4 2 25 63 1661 1679 1653 1950
4745 4 2 25 63 1602 1964 1944 1971
4746 4 2 25 63 1632 1957 1649 1965
4747 4 2 25 63 1628 1648 1638 1945
4748 4 2 25 63 1639 1676 1631 1962
4749 4 2 25 63 1654 1946 1666 1963
4750 4 2 25 63 1590 1615 1575 1967
4751 4 2 25 63 1950 1954 1627 1957
4752 4 2 25 63 1954 1965 1944 1971
4753 4 2 25 63 1695 1687 1709 1958
4754 4 2 25 63 1694 1681 1719 1958
4755 4 2 25 63 1626 1945 1638 1961
4756 4 2 25 63 1653 1661 1950 1962
4757 4 2 25 63 1944 1959 1602 1971
4758 4 2 25 63 1649 1627 1954 1957
4759 4 2 25 63 1609 1644 1635 1954
4760 4 2 25 63 1615 1622 1575 1967
4761 4 2 25 63 1626 1633 1639 1950
4762 4 2 25 63 1705 1684 1701 1949
4763 4 2 25 63 1714 1681 1694 1972
4764 4 2 25 63 1653 1679 1669 1957
4765 4 2 25 63 1603 1634 1608 1954
4766 4 2 25 63 1595 1951 1612 1961
4767 4 2 25 63 1620 1605 1598 1949
4768 4 2 25 63 1610 1575 1622 1959
4769 4 2 25 63 1557 1662 1566 1963
4770 4 2 25 63 1687 1713 1703 1955
4771 4 2 25 63 1688 1948 1717 1966
4772 4 2 25 63 1627 1632 1633 1957
4773 4 2 25 63 1652 1680 1664 1960
4774 4 2 25 63 1667 1652 1677 1957
4775 4 2 25 63 1587 1572 1588 1952
4776 4 2 25 63 1649 1632 1627 1957
4777 4 2 25 63 1954 1957 1944 1965
4778 4 2 25 63 1665 1583 1578 1960
4779 4 2 25 63 1676 1631 1962 1966
4780 4 2 25 63 1669 1633 1632 1957
4781 4 2 25 63 1570 1951 1593 1960
4782 4 2 25 63 1951 1961 1950 1964
4783 4 2 25 63 1556 1963 1564 1970
4784 4 2 25 63 1686 1719 1710 1948
4785 4 2 25 63 1574 1956 1569 1959
4786 4 2 25 63 1567 1600 1606 1970
4787 4 2 25 63 1610 1622 1599 1959
4788 4 2 25 63 1607 1713 1712 1947
4789 4 2 25 63 1687 1712 1713 1947
4790 4 2 25 63 1588 1952 1572 1956
4791 4 2 25 63 1654 1650 1666 1946
4792 4 2 25 63 1569 1952 1575 1959
4793 4 2 25 63 1630 1963 1666 1965
4794 4 2 25 63 1631 1945 1626 1962
4795 4 2 25 63 1702 1685 1708 1953
4796 4 2 25 63 1650 1656 1956 1973
4797 4 2 25 63 1717 1693 1966 1969
4798 4 2 25 63 1587 1675 1670 1973
4799 4 2 25 63 1661 1676 1639 1962
4800 4 2 25 63 1710 1719 1688 1948
4801 4 2 25 63 1659 1580 1664 1956
4802 4 2 25 63 1668 1950 1653 1957
4803 4 2 25 63 1696 1607 1712 1947
4804 4 2 25 63 1612 1609 1961 1964
4805 4 2 25 63 1717 1958 1689 1969
4806 4 2 25 63 1722 1705 1617 1949
4807 4 2 25 63 1630 1625 1963 1965
4808 4 2 25 63 1623 1605 1576 1951
4809 4 2 25 63 1639 1631 1626 1962
4810 4 2 25 63 1570 1593 1578 1960
4811 4 2 25 63 1638 1618 1604 1961
4812 4 2 25 63 1569 1956 1952 1959
4813 4 2 25 63 1625 1629 1963 1970
4814 4 2 25 63 1718 1712 1687 1947
4815 4 2 25 63 1662 1963 1557 1973
4816 4 2 25 63 1573 1664 1956 1960
4817 4 2 25 63 1693 1700 1682 1966
4818 4 2 25 63 1653 1950 1668 1962
4819 4 2 25 63 1658 1957 1632 1965
4820 4 2 25 63 1686 1948 1663 1953
4821 4 2 25 63 1577 1589 1620 1949
4822 4 2 25 63 1945 1962 1631 1966
4823 4 2 25 63 1950 1961 1943 1962
4824 4 2 25 63 1630 1666 1636 1965
4825 4 2 25 63 1660 1651 1668 1968
4826 4 2 25 63 1944 1950 1957 1964
4827 4 2 25 63 1612 1961 1951 1964
4828 4 2 25 63 1635 1644 1627 1954
4829 4 2 25 63 1687 1947 1713 1955
4830 4 2 25 63 1584 1572 1563 1952
4831 4 2 25 63 1608 1644 1609 1954
4832 4 2 25 63 1567 1556 1562 1970
4833 4 2 25 63 1578 1660 1665 1960
4834 4 2 25 63 1554 1555 1552 1952
4835 4 2 25 63 1716 1691 1692 1972
4836 4 2 25 63 1573 1664 1580 1956
4837 4 2 25 63 1683 1689 1709 1955
4838 4 2 25 63 1677 1668 1653 1957
4839 4 2 25 63 1711 1663 1686 1948
4840 4 2 25 63 1948 1953 1943 1968
4841 4 2 25 63 1609 1596 1954 1964
4842 4 2 25 63 1636 1658 1632 1965
4843 4 2 25 63 1637 1625 1965 1970
4844 4 2 25 63 1569 1575 1581 1959
4845 4 2 25 63 1702 1953 1672 1974
4846 4 2 25 63 1581 1574 1569 1959
4847 4 2 25 63 1576 1593 1582 1951
4848 4 2 25 63 1658 1666 1650 1965
4849 4 2 25 63 1637 1625 1634 1965
4850 4 2 25 63 1599 1622 1615 1967
4851 4 2 25 63 1580 1659 1588 1956
4852 4 2 25 63 1684 1692 1701 1949
4853 4 2 25 63 1556 1564 1562 1970
4854 4 2 25 63 1556 1553 1564 1963
4855 4 2 25 63 1552 1952 1555 1973
4856 4 2 25 63 1618 1955 1601 1961
4857 4 2 25 63 1635 1627 1626 1950
4858 4 2 25 63 1694 1691 1714 1972
4859 4 2 25 63 1675 1588 1659 1956
4860 4 2 25 63 1697 1688 1682 1966
4861 4 2 25 63 1600 1970 1603 1971
4862 4 2 25 63 1697 1710 1688 1948
4863 4 2 25 63 1584 1575 1572 1952
4864 4 2 25 63 1603 1608 1624 1954
4865 4 2 25 63 1554 1952 1552 1967
4866 4 2 25 63 1572 1952 1569 1956
4867 4 2 25 63 1669 1632 1658 1957
4868 4 2 25 63 1705 1701 1577 1949
4869 4 2 25 63 1694 1686 1708 1953
4870 4 2 25 63 1624 1603 1954 1971
4871 4 2 25 63 1644 1608 1634 1954
4872 4 2 25 63 1605 1612 1595 1951
4873 4 2 25 63 1630 1678 1666 1963
4874 4 2 25 63 1626 1627 1633 1950
4875 4 2 25 63 1588 1572 1569 1956
4876 4 2 25 63 1657 1953 1948 1968
4877 4 2 25 63 1629 1564 1963 1970
4878 4 2 25 63 1954 1957 1950 1964
4879 4 2 25 63 1593 1571 1578 1968
4880 4 2 25 63 1596 1964 1611 1971
4881 4 2 25 63 1717 1948 1688 1958
4882 4 2 25 63 1575 1610 1581 1959
4883 4 2 25 63 1668 1665 1660 1960
4884 4 2 25 63 1712 1690 1696 1972
4885 4 2 25 63 1675 1659 1656 1956
4886 4 2 25 63 1702 1663 1657 1953
4887 4 2 25 63 1630 1625 1629 1963
4888 4 2 25 63 1561 1587 1670 1973
4889 4 2 25 63 1582 1593 1570 1951
4890 4 2 25 63 1944 1957 1954 1964
4891 4 2 25 63 1717 1948 1945 1966
4892 4 2 25 63 1564 1643 1562 1970
4893 4 2 25 63 1680 1659 1664 1956
4894 4 2 25 63 1628 1638 1626 1945
4895 4 2 25 63 1953 1968 1672 1974
4896 4 2 25 63 1570 1578 1583 1960
4897 4 2 25 63 1573 1569 1574 1956
4898 4 2 25 63 1694 1719 1953 1958
4899 4 2 25 63 1605 1623 1597 1951
4900 4 2 25 63 1594 1959 1599 1967
4901 4 2 25 63 1620 1617 1577 1949
4902 4 2 25 63 1689 1695 1709 1958
4903 4 2 25 63 1569 1572 1575 1952
4904 4 2 25 63 1651 1657 1948 1968
4905 4 2 25 63 1655 1676 1962 1966
4906 4 2 25 63 1604 1612 1609 1961
4907 4 2 25 63 1712 1696 1947 1972
4908 4 2 25 63 1945 1948 1717 1958
4909 4 2 25 63 1662 1654 1566 1963
4910 4 2 25 63 1696 1598 1947 1972
4911 4 2 25 63 1614 1567 1562 1970
4912 4 2 25 63 1597 1612 1605 1951
4913 4 2 25 63 1596 1954 1964 1971
4914 4 2 25 63 1717 1966 1945 1969
4915 4 2 25 63 1610 1602 1581 1959
4916 4 2 25 63 1709 1947 1687 1955
4917 4 2 25 63 952 1664 1659 1580
4918 4 2 25 63 1630 1636 1625 1965
4919 4 2 25 63 1573 1574 1570 1960
4920 4 2 25 63 1583 954 1665 1578
4921 4 2 25 63 1687 1947 1709 1958
4922 4 2 25 63 1583 1665 1664 1960
4923 4 2 25 63 1649 1954 1634 1965
4924 4 2 25 63 1641 1629 1564 1963
4925 4 2 25 63 1603 969 1608 1634
4926 4 2 25 63 1609 1596 1608 1954
4927 4 2 25 63 1597 1612 1951 1964
4928 4 2 25 63 1702 1657 1672 1953
4929 4 2 25 63 1686 1719 1948 1953
4930 4 2 25 63 1636 1666 1658 1965
4931 4 2 25 63 1681 1715 1719 1958
4932 4 2 25 63 1583 1664 1573 1960
4933 4 2 25 63 1690 1684 1696 1972
4934 4 2 25 63 1723 1673 1697 1966
4935 4 2 25 63 1555 1554 1563 1952
4936 4 2 25 63 1680 1650 1659 1956
4937 4 2 25 63 1650 1656 1659 1956
4938 4 2 25 63 1945 1943 1961 1962
4939 4 2 25 63 1705 1577 1617 1949
4940 4 2 25 63 1631 1628 1626 1945
4941 4 2 25 63 1624 1596 1611 1971
4942 4 2 25 63 1620 1598 1617 1949
4943 4 2 25 63 1658 1636 1632 980
4944 4 2 25 63 1700 1966 1693 1969
4945 4 2 25 63 1703 1709 1687 1955
4946 4 2 25 63 1594 1600 1603 1971
4947 4 2 25 63 1696 1598 1607 1947
4948 4 2 25 63 974 1696 1722 1617
4949 4 2 25 63 1615 1560 1565 1967
4950 4 2 25 63 1624 1954 1596 1971
4951 4 2 25 63 1713 1947 1607 1955
4952 4 2 25 63 1631 1966 1640 1969
4953 4 2 25 63 1673 1697 988 1723
4954 4 2 25 63 1642 1955 1648 1969
4955 4 2 25 63 1689 1709 1955 1958
4956 4 2 25 63 1697 1948 1688 1966
4957 4 2 25 63 1616 1618 1648 1955
4958 4 2 25 63 1564 1629 1643 1970
4959 4 2 25 63 1631 1945 1966 1969
4960 4 2 25 63 1577 1571 1589 1949
4961 4 2 25 63 1554 1565 1560 1967
4962 4 2 25 63 1571 1968 1949 1974
4963 4 2 25 63 1604 1618 1601 1961
4964 4 2 25 63 1598 1949 1947 1972
4965 4 2 25 63 1943 1947 1945 1961
4966 4 2 25 63 1596 1624 1608 1954
4967 4 2 25 63 1664 952 1573 1580
4968 4 2 25 63 1645 1678 1630 1963
4969 4 2 25 63 1720 1700 1693 1969
4970 4 2 25 63 1718 1690 1712 1972
4971 4 2 25 63 1579 1672 1968 1974
4972 4 2 25 63 1567 1614 1600 1970
4973 4 2 25 63 1672 1706 1579 1592
4974 4 2 25 63 1706 1579 1592 1698
4975 4 2 25 63 1672 1953 1657 1968
4976 4 2 25 63 1689 1955 1683 1969
4977 4 2 25 63 1580 1588 1569 1956
4978 4 2 25 63 1720 1640 1700 1969
4979 4 2 25 63 1693 1689 1683 1969
4980 4 2 25 63 1717 1945 1958 1969
4981 4 2 25 63 1717 1715 1689 1958
4982 4 2 25 63 1665 1668 1652 1960
4983 4 2 25 63 1708 1685 1691 1953
4984 4 2 25 63 1663 1948 1657 1953
4985 4 2 25 63 1944 1964 1954 1971
4986 4 2 25 63 1691 1692 1972 1974
4987 4 2 25 63 1615 1590 1575 1622
4988 4 2 25 63 1721 1701 1692 1974
4989 4 2 25 63 1603 1619 1637 1970
4990 4 2 25 63 1561 1670 1568 1973
4991 4 2 25 63 1591 1617 1705 1577
4992 4 2 25 63 1697 1682 1723 1966
4993 4 2 25 63 954 1660 1665 1578
4994 4 2 25 63 1708 1691 1694 1953
4995 4 2 25 63 1601 1955 1947 1961
4996 4 2 25 63 953 1665 1664 1583
4997 4 2 25 63 1579 1968 1571 1974
4998 4 2 25 63 1596 1621 1611 1964
4999 4 2 25 63 1691 1685 1692 1974
5000 4 2 25 63 1669 1658 1632 980
5001 4 2 25 63 1561 1568 1555 1973
5002 4 2 25 63 1947 1955 1945 1961
5003 4 2 25 63 1697 1655 1663 1948
5004 4 2 25 63 1674 1579 1672 1968
5005 4 2 25 63 1701 1586 1577 1949
5006 4 2 25 63 1671 1678 1645 1963
5007 4 2 25 63 969 1603 1637 1634
5008 4 2 25 63 1586 1949 1701 1974
5009 4 2 25 63 1610 1575 1581 1622
5010 4 2 25 63 1634 1649 1627 1954
5011 4 2 25 63 1656 1670 1675 1973
5012 4 2 25 63 1612 1596 1609 1964
5013 4 2 25 63 1701 1949 1692 1974
5014 4 2 25 63 1651 1657 1663 1948
5015 4 2 25 63 1585 1660 1578 1968
5016 4 2 25 63 979 1666 1630 1678
5017 4 2 25 63 1628 1631 1640 1969
5018 4 2 25 63 1583 1664 953 1573
5019 4 2 25 63 1628 1945 1631 1969
5020 4 2 25 63 1718 1712 1947 1972
5021 4 2 25 63 1654 1666 1678 1963
5022 4 2 25 63 1697 1655 1948 1966
5023 4 2 25 63 1655 1962 1948 1966
5024 4 2 25 63 1711 990 1702 1663
5025 4 2 25 63 1576 961 1623 1582
5026 4 2 25 63 1622 1575 1581 958
5027 4 2 25 63 1706 1672 1579 1974
5028 4 2 25 63 1616 1648 1642 1955
5029 4 2 25 63 1585 1578 1571 1968
5030 4 2 25 63 1653 1668 1661 1962
5031 4 2 25 63 1660 1585 1674 1968
5032 4 2 25 63 1644 1634 1627 1954
5033 4 2 25 63 1585 1571 1579 1968
5034 4 2 25 63 1606 1594 1599 1967
5035 4 2 25 63 1640 1966 1700 1969
5036 4 2 25 63 1650 1662 1656 1973
5037 4 2 25 63 1689 1958 1955 1969
5038 4 2 25 63 1948 1962 1945 1966
5039 4 2 25 63 1622 1581 1610 958
5040 4 2 25 63 1945 1947 1943 1958
5041 4 2 25 63 1683 1707 1699 1969
5042 4 2 25 63 1645 1641 1559 1963
5043 4 2 25 63 1610 1581 1602 959
5044 4 2 25 63 1604 1638 1635 971
5045 4 2 25 63 1666 1630 1636 979
5046 4 2 25 63 1666 1636 1658 980
5047 4 2 25 63 1595 1601 1947 1961
5048 4 2 25 63 1585 1579 1674 1968
5049 4 2 25 63 1564 1559 1641 1963
5050 4 2 25 63 1625 1649 1634 1965
5051 4 2 25 63 1718 1695 1681 1958
5052 4 2 25 63 1586 1701 1721 1974
5053 4 2 25 63 1579 1698 1706 1974
5054 4 2 25 63 1647 1637 1619 1970
5055 4 2 25 63 1945 1948 1943 1962
5056 4 2 25 63 1706 1698 1685 1974
5057 4 2 25 63 1652 1664 1665 1960
5058 4 2 25 63 1661 1655 1676 1962
5059 4 2 25 63 983 1631 1639 1676
5060 4 2 25 63 1557 1552 1555 1973
5061 4 2 25 63 1644 1608 969 1634
5062 4 2 25 63 1573 1580 1569 1956
5063 4 2 25 63 1605 961 1623 1576
5064 4 2 25 63 1669 1632 1633 981
5065 4 2 25 63 1677 1653 1669 1957
5066 4 2 25 63 1599 1594 1610 1959
5067 4 2 25 63 1691 1953 1685 1974
5068 4 2 25 63 1679 1669 1633 981
5069 4 2 25 63 1562 1643 1614 1970
5070 4 2 25 63 1660 955 1674 1585
5071 4 2 25 63 955 1660 1578 1585
5072 4 2 25 63 1566 1654 1671 1963
5073 4 2 25 63 1948 1953 1719 1958
5074 4 2 25 63 1566 1671 1559 1963
5075 4 2 25 63 1698 1721 1586 965
5076 4 2 25 63 1587 1563 1561 936
5077 4 2 25 63 1562 1564 943 1643
5078 4 2 25 63 1636 1632 1649 1965
5079 4 2 25 63 1655 1651 1948 1962
5080 4 2 25 63 1629 1641 1630 1963
5081 4 2 25 63 1558 1554 1552 1967
5082 4 2 25 63 1947 1955 1709 1958
5083 4 2 25 63 1720 1699 986 1969
5084 4 2 25 63 1707 1955 1642 1969
5085 4 2 25 63 964 1706 1592 1698
5086 4 2 25 63 1694 1953 1691 1972
5087 4 2 25 63 1607 975 1696 1713
5088 4 2 25 63 1604 1635 1609 971
5089 4 2 25 63 1683 1955 1707 1969
5090 4 2 25 63 1577 1586 1571 1949
5091 4 2 25 63 1574 1613 960 1582
5092 4 2 25 63 1704 1700 1640 1966
5093 4 2 25 63 1631 1676 1646 1966
5094 4 2 25 63 1566 1559 1553 1963
5095 4 2 25 63 1702 990 1657 1663
5096 4 2 25 63 1603 1619 968 1637
5097 4 2 25 63 1663 1697 1711 989
5098 4 2 25 63 960 1613 1623 1582
5099 4 2 25 63 1639 1661 983 1676
5100 4 2 25 63 1683 1703 1707 1955
5101 4 2 25 63 1647 1619 1614 1970
5102 4 2 25 63 1721 1586 965 1701
5103 4 2 25 63 1645 1559 1671 1963
5104 4 2 25 63 1943 1953 1949 1968
5105 4 2 25 63 1657 1651 1660 1968
5106 4 2 25 63 1603 1600 1619 1970
5107 4 2 25 63 1667 1677 1658 1957
5108 4 2 25 63 1553 1559 1564 1963
5109 4 2 25 63 1594 1611 1602 1971
5110 4 2 25 63 1615 1565 1599 1967
5111 4 2 25 63 940 1599 1565 1967
5112 4 2 25 63 1651 1661 1668 1962
5113 4 2 25 63 1608 970 1609 1644
5114 4 2 25 63 964 1592 1579 1698
5115 4 2 25 63 1691 1972 1953 1974
5116 4 2 25 63 1628 1642 1648 1969
5117 4 2 25 63 1603 1624 1594 1971
5118 4 2 25 63 1586 1571 1949 1974
5119 4 2 25 63 1638 1604 1618 972
5120 4 2 25 63 986 985 1642 1699
5121 4 2 25 63 1646 1676 1673 1966
5122 4 2 25 63 1704 1682 1700 1966
5123 4 2 25 63 1607 975 1598 1696
5124 4 2 25 63 1564 944 1629 1641
5125 4 2 25 63 1703 977 1707 1616
5126 4 2 25 63 989 1663 1697 1655
5127 4 2 25 63 1683 1709 1703 1955
5128 4 2 25 63 1678 1645 1630 978
5129 4 2 25 63 1591 1705 966 1577
5130 4 2 25 63 1633 1639 1679 982
5131 4 2 25 63 1945 1943 1948 1958
5132 4 2 25 63 1697 1673 1655 1966
5133 4 2 25 63 1691 1716 1714 1972
5134 4 2 25 63 1565 1558 940 1967
5135 4 2 25 63 1663 1655 1651 1948
5136 4 2 25 63 1660 954 955 1578
5137 4 2 25 63 1594 1602 1959 1971
5138 4 2 25 63 1641 1645 1630 1963
5139 4 2 25 63 1705 1701 966 1577
5140 4 2 25 63 1598 1595 1607 1947
5141 4 2 25 63 1670 1656 1568 1973
5142 4 2 25 63 1674 1672 1657 1968
5143 4 2 25 63 1631 1646 1676 984
5144 4 2 25 63 1716 1684 1690 1972
5145 4 2 25 63 1702 1672 991 1706
5146 4 2 25 63 1603 968 969 1637
5147 4 2 25 63 1576 1605 962 1589
5148 4 2 25 63 948 1568 1656 1973
5149 4 2 25 63 1949 1968 1953 1974
5150 4 2 25 63 1629 944 1564 1643
5151 4 2 25 63 957 1575 1590 1622
5152 4 2 25 63 1703 1616 1707 1955
5153 4 2 25 63 1572 1563 1587 937
5154 4 2 25 63 1595 1604 1601 1961
5155 4 2 25 63 1707 1616 1642 1955
5156 4 2 25 63 1699 1707 1642 1969
5157 4 2 25 63 1637 1629 1625 1970
5158 4 2 25 63 951 952 1659 1580
5159 4 2 25 63 1583 1573 1570 1960
5160 4 2 25 63 1563 1572 1584 937
5161 4 2 25 63 1669 1658 1677 1957
5162 4 2 25 63 1595 1601 1607 1947
5163 4 2 25 63 936 1587 1563 937
5164 4 2 25 63 943 1564 944 1643
5165 4 2 25 63 975 974 1617 1696
5166 4 2 25 63 1565 939 1615 940
5167 4 2 25 63 946 1566 947 1671
5168 4 2 25 63 1635 1609 970 1644
5169 4 2 25 63 1605 1620 962 1589
5170 4 2 25 63 989 988 1673 1697
5171 4 2 25 63 1721 1698 1586 1974
5172 4 2 25 63 1947 1949 1943 1972
5173 4 2 25 63 991 990 1672 1702
5174 4 2 25 63 1704 1640 1646 1966
5175 4 2 25 63 977 976 1616 1703
5176 4 2 25 63 986 1640 1720 1969
5177 4 2 25 63 1604 1595 1612 1961
5178 4 2 25 63 1662 1557 1566 947
5179 4 2 25 63 1642 986 1699 1969
5180 4 2 25 63 1586 1579 1571 1974
5181 4 2 25 63 1706 991 312 1592
5182 4 2 25 63 1638 1604 972 971
5183 4 2 25 63 1606 941 1567 1558
5184 4 2 25 63 1689 1715 1695 1958
5185 4 2 25 63 1597 1621 1612 1964
5186 4 2 25 63 1705 313 974 1591
5187 4 2 25 63 1647 1614 1643 1970
5188 4 2 25 63 966 965 1586 1701
5189 4 2 25 63 1695 1715 1681 1958
5190 4 2 25 63 1676 1646 1673 984
5191 4 2 25 63 1639 1661 1679 982
5192 4 2 25 63 1692 1949 1972 1974
5193 4 2 25 63 1554 1558 1565 1967
5194 4 2 25 63 1647 968 1619 1637
5195 4 2 25 63 1601 976 1607 1955
5196 4 2 25 63 1618 1648 1638 972
5197 4 2 25 63 1605 962 961 1576
5198 4 2 25 63 1672 990 1657 1702
5199 4 2 25 63 1607 1947 1601 1955
5200 4 2 25 63 1590 1615 957 1622
5201 4 2 25 63 1625 1636 1649 1965
5202 4 2 25 63 1704 1723 1682 1966
5203 4 2 25 63 1610 1594 1602 1959
5204 4 2 25 63 947 1566 1662 1654
5205 4 2 25 63 952 953 1664 1573
5206 4 2 25 63 949 1670 948 1568
5207 4 2 25 63 1614 941 942 1567
5208 4 2 25 63 1671 1645 1678 978
5209 4 2 25 63 1577 963 1620 1589
5210 4 2 25 63 1945 1955 1947 1958
5211 4 2 25 63 975 1617 1598 1696
5212 4 2 25 63 989 1673 1655 1697
5213 4 2 25 63 1606 941 1600 1567
5214 4 2 25 63 1670 1656 948 1568
5215 4 2 25 63 1614 1600 941 1567
5216 4 2 25 63 1557 1555 1568 1973
5217 4 2 25 63 963 1617 1591 1577
5218 4 2 25 63 964 965 1698 1586
5219 4 2 25 63 1654 947 1566 1671
5220 4 2 25 63 1599 1565 1615 940
5221 4 2 25 63 1584 1563 938 1560
5222 4 2 25 63 1655 1661 1651 1962
5223 4 2 25 63 1718 1714 1690 1972
5224 4 2 25 63 1559 1566 946 1671
5225 4 2 25 63 939 1560 1565 1615
5226 4 2 25 63 948 1557 1568 1973
5227 4 2 25 63 1574 1613 959 960
5228 4 2 25 63 1657 1660 1674 1968
5229 4 2 25 63 1579 956 1672 1592
5230 4 2 25 63 981 1669 1632 980
5231 4 2 25 63 1654 1678 1671 1963
5232 4 2 25 63 1617 963 1620 1577
5233 4 2 25 63 966 1701 1586 1577
5234 4 2 25 63 1955 1958 1945 1969
5235 4 2 25 63 1672 991 1706 1592
5236 4 2 25 63 1705 974 1617 1591
5237 4 2 25 63 953 954 1665 1583
5238 4 2 25 63 945 1641 1564 1559
5239 4 2 25 63 1596 1612 1621 1964
5240 4 2 25 63 1635 1609 971 970
5241 4 2 25 63 980 1666 1636 979
5242 4 2 25 63 1585 956 1674 1579
5243 4 2 25 63 1615 1560 1590 309
5244 4 2 25 63 1579 1586 1698 1974
5245 4 2 25 63 1671 1559 1645 311
5246 4 2 25 63 1699 1693 1683 1969
5247 4 2 25 63 1699 1720 1693 1969
5248 4 2 25 63 1943 1958 1947 1972
5249 4 2 25 63 1671 946 1559 311
5250 4 2 25 63 1615 939 1560 309
5251 4 2 25 63 1943 1953 1958 1972
5252 4 2 25 63 1718 1947 1958 1972
5253 4 2 25 63 1670 949 308 1561
5254 4 2 25 63 1614 942 310 1562
5255 4 2 25 63 940 1606 1599 1967
5256 4 2 25 63 1630 979 1678 978
5257 4 2 25 63 1698 1579 964 1586
5258 4 2 25 63 1672 1674 956 1579
5259 4 2 25 63 1943 1953 1948 1958
5260 4 2 25 63 1640 986 1720 1700
5261 4 2 25 63 313 1617 974 1591
5262 4 2 25 63 1588 1675 950 1587
5263 4 2 25 63 1673 1646 1704 315
5264 4 2 25 63 949 1670 1568 1561
5265 4 2 25 63 942 1614 1567 1562
5266 4 2 25 63 1608 969 970 1644
5267 4 2 25 63 1622 957 1575 958
5268 4 2 25 63 1647 1643 1629 1970
5269 4 2 25 63 987 315 1704 1646
5270 4 2 25 63 1606 940 1558 1967
5271 4 2 25 63 1704 1673 1723 1966
5272 4 2 25 63 986 1628 1640 1969
5273 4 2 25 63 991 1672 312 1592
5274 4 2 25 63 938 1590 1584 1560
5275 4 2 25 63 1647 1629 1637 1970
5276 4 2 25 63 1698 1692 1685 1974
5277 4 2 25 63 1631 1646 1640 1966
5278 4 2 25 63 1721 1692 1698 1974
5279 4 2 25 63 1704 1646 1673 1966
5280 4 2 25 63 1628 986 1642 1969
5281 4 2 25 63 1662 948 1656 1973
5282 4 2 25 63 985 1642 1699 1707
5283 4 2 25 63 1648 1616 973 1618
5284 4 2 25 63 1949 1953 1943 1972
5285 4 2 25 63 1614 967 1619 1647
5286 4 2 25 63 982 1639 1661 983
5287 4 2 25 63 1614 1619 1600 1970
5288 4 2 25 63 1676 983 1631 984
5289 4 2 25 63 314 985 1707 1642
5290 4 2 25 63 1704 988 1673 315
5291 4 2 25 63 1624 1611 1594 1971
5292 4 2 25 63 1601 1618 1616 1955
5293 4 2 25 63 945 1645 1641 1559
5294 4 2 25 63 981 1633 1679 982
5295 4 2 25 63 958 1581 1610 959
5296 4 2 25 63 308 1670 1561 1587
5297 4 2 25 63 310 1614 1562 1643
5298 4 2 25 63 977 314 1707 1616
5299 4 2 25 63 1690 1714 1716 1972
5300 4 2 25 63 1953 1972 1949 1974
5301 4 2 25 63 1670 950 1675 1587
5302 4 2 25 63 948 1662 1557 1973
5303 4 2 25 63 1707 314 1642 1616
5304 4 2 25 63 1617 313 963 1591
5305 4 2 25 63 962 1620 963 1589
5306 4 2 25 63 961 960 1623 1582
5307 4 2 25 63 1705 1617 974 1722
5308 4 2 25 63 988 1723 1704 1673
5309 4 2 25 63 1584 938 1563 937
5310 4 2 25 63 938 1590 1560 309
5311 4 2 25 63 1559 945 1645 311
5312 4 2 25 63 1616 1642 1648 973
5313 4 2 25 63 1587 1561 308 936
5314 4 2 25 63 943 310 1562 1643
5315 4 2 25 63 956 1674 955 1585
5316 4 2 25 63 1672 956 312 1592
5317 4 2 25 63 1564 944 1641 945
5318 4 2 25 63 1614 967 1647 1643
5319 4 2 25 63 309 1590 1615 957
5320 4 2 25 63 951 1675 950 1588
5321 4 2 25 63 966 313 1705 1591
5322 4 2 25 63 1614 310 967 1643
5323 4 2 25 63 314 1642 1616 973
5324 4 2 25 63 978 1671 1645 311
5325 4 2 25 63 984 1646 1673 315
5326 4 2 25 63 1670 308 950 1587
5327 4 2 25 63 1673 1676 1655 1966
5328 4 2 25 63 312 964 1706 1592
5329 4 2 25 63 975 976 1713 1607
5330 4 2 25 63 989 990 1711 1663
5331 4 2 25 63 1618 973 1648 972
5332 4 2 25 63 968 1619 967 1647
5333 4 2 25 63 986 987 1700 1640
5334 4 2 25 63 1557 1662 948 947
5335 4 2 25 63 941 1606 940 1558
5336 4 2 25 63 1962 1968 1951 1668
5337 4 2 25 63 1951 1968 1962 1943
5338 4 2 25 63 1963 1552 1556 1553
5339 4 2 25 63 1963 1556 1552 1946
5340 4 2 25 63 1613 1959 1581 1602
5341 4 2 25 63 1581 1959 1613 1574
5342 4 2 25 63 1581 959 1613 1602
5343 4 2 25 63 1613 959 1581 1574
5344 4 2 25 63 1968 1962 1948 1651
5345 4 2 25 63 1968 1948 1962 1943
5346 4 2 25 63 1974 1702 1706 1672
5347 4 2 25 63 1974 1706 1702 1685
5348 4 2 25 63 1648 1969 1945 1628
5349 4 2 25 63 1945 1969 1648 1955
5350 4 2 25 63 1971 1600 1946 1594
5351 4 2 25 63 1971 1946 1600 1970
5352 4 2 25 63 1948 1711 1697 1710
5353 4 2 25 63 1948 1697 1711 1663
5354 4 2 25 63 1970 1606 1946 1600
5355 4 2 25 63 1970 1946 1606 1967
5356 4 2 25 63 1594 1946 1606 1600
5357 4 2 25 63 1594 1606 1946 1967
5358 4 2 25 63 1662 1963 1946 1654
5359 4 2 25 63 1946 1963 1662 1973
5360 4 2 25 63 1946 1650 1662 1654
5361 4 2 25 63 1662 1650 1946 1973
5362 4 2 25 63 1659 1588 951 1580
5363 4 2 25 63 951 1588 1659 1675
5364 4 2 25 63 1587 1563 1952 1561
5365 4 2 25 63 1952 1563 1587 1572
5366 4 2 25 63 1958 1694 1972 1953
5367 4 2 25 63 1958 1972 1694 1681
5368 4 2 25 63 1688 1958 1719 1715
5369 4 2 25 63 1719 1958 1688 1948
5370 4 2 25 63 1696 1617 1972 1722
5371 4 2 25 63 1696 1972 1617 1598
5372 4 2 25 63 1949 1972 1617 1722
5373 4 2 25 63 1949 1617 1972 1598
5374 4 2 25 63 1958 1687 1718 1695
5375 4 2 25 63 1958 1718 1687 1947
5376 4 2 25 63 1692 1972 1684 1716
5377 4 2 25 63 1684 1972 1692 1949
5378 4 2 25 63 976 1955 1713 1607
5379 4 2 25 63 1713 1955 976 1703
5380 4 2 25 63 1704 1640 987 1646
5381 4 2 25 63 1704 987 1640 1700
5382 4 2 25 63 1955 976 1616 1601
5383 4 2 25 63 1955 1616 976 1703
5384 4 2 25 63 1972 1681 1718 1714
5385 4 2 25 63 1972 1718 1681 1958
5386 4 2 23 64 595 594 1888 2006
5387 4 2 23 64 246 782 231 1522
5388 4 2 23 64 1403 816 1430 1257
5389 4 2 23 64 1237 263 267 1982
5390 4 2 23 64 1437 159 587 1996
5391 4 2 23 64 76 734 80 195
5392 4 2 23 64 639 180 49 197
5393 4 2 23 64 76 734 195 673
5394 4 2 23 64 1436 585 161 2007
5395 4 2 23 64 792 482 1182 1889
5396 4 2 23 64 1528 791 1517 1509
5397 4 2 23 64 589 588 1885 2004
5398 4 2 23 64 751 484 1180 804
5399 4 2 23 64 1186 1892 770 606
5400 4 2 23 64 231 782 609 1877
5401 4 2 23 64 1242 1241 809 1980
5402 4 2 23 64 1475 154 569 2017
5403 4 2 23 64 606 1184 771 759
5404 4 2 23 64 483 1182 482 1889
5405 4 2 23 64 793 1181 753 482
5406 4 2 23 64 1517 790 1524 1509
5407 4 2 23 64 1182 749 1914 483
5408 4 2 23 64 1167 1193 696 695
5409 4 2 23 64 692 1166 693 1192
5410 4 2 23 64 1914 749 1183 483
5411 4 2 23 64 771 605 233 1184
5412 4 2 23 64 694 1195 1169 695
5413 4 2 23 64 1168 693 1194 694
5414 4 2 23 64 1518 1507 1547 786
5415 4 2 23 64 782 1185 231 609
5416 4 2 23 64 568 1521 1888 567
5417 4 2 23 64 790 1517 791 1509
5418 4 2 23 64 1506 1518 1543 784
5419 4 2 23 64 1427 569 570 2017
5420 4 2 23 64 752 749 1914 1182
5421 4 2 23 64 580 581 1419 1995
5422 4 2 23 64 752 749 1183 1914
5423 4 2 23 64 595 1888 1521 2006
5424 4 2 23 64 577 158 1443 2014
5425 4 2 23 64 1522 1867 1897 1877
5426 4 2 23 64 265 1242 809 1980
5427 4 2 23 64 484 751 1183 805
5428 4 2 23 64 782 246 1221 1522
5429 4 2 23 64 1877 231 782 1522
5430 4 2 23 64 484 1180 804 485
5431 4 2 23 64 1052 1450 1257 817
5432 4 2 23 64 482 753 792 1182
5433 4 2 23 64 1877 1848 1897 1990
5434 4 2 23 64 606 770 1186 759
5435 4 2 23 64 748 751 484 1180
5436 4 2 23 64 574 256 815 1994
5437 4 2 23 64 759 606 1184 756
5438 4 2 23 64 484 804 805 485
5439 4 2 23 64 1877 1867 162 1522
5440 4 2 23 64 1524 239 1209 1517
5441 4 2 23 64 753 1181 750 482
5442 4 2 23 64 1184 771 605 606
5443 4 2 23 64 588 1511 1426 161
5444 4 2 23 64 328 1422 274 1259
5445 4 2 23 64 770 605 771 606
5446 4 2 23 64 484 751 748 1183
5447 4 2 23 64 161 513 1436 146
5448 4 2 23 64 513 161 1436 585
5449 4 2 23 64 1181 793 481 482
5450 4 2 23 64 793 792 481 482
5451 4 2 23 64 133 1033 138 4
5452 4 2 23 64 1215 781 1214 1978
5453 4 2 23 64 583 510 1437 584
5454 4 2 23 64 256 574 815 1982
5455 4 2 23 64 1409 1152 328 1048
5456 4 2 23 64 816 1403 1430 1421
5457 4 2 23 64 1242 803 1241 1980
5458 4 2 23 64 750 753 482 1182
5459 4 2 23 64 1229 799 1230 1979
5460 4 2 23 64 790 1517 1524 1209
5461 4 2 23 64 1044 1043 1989 2003
5462 4 2 23 64 759 1186 606 756
5463 4 2 23 64 239 1524 1209 250
5464 4 2 23 64 1203 1202 777 1981
5465 4 2 23 64 1442 1501 156 579
5466 4 2 23 64 563 1420 564 1986
5467 4 2 23 64 751 484 804 805
5468 4 2 23 64 1429 115 459 1152
5469 4 2 23 64 1899 579 156 2013
5470 4 2 23 64 1877 162 231 1522
5471 4 2 23 64 1519 267 1533 813
5472 4 2 23 64 609 162 231 1877
5473 4 2 23 64 1475 569 1427 2017
5474 4 2 23 64 606 771 770 759
5475 4 2 23 64 1041 1987 1042 2003
5476 4 2 23 64 815 1253 1919 271
5477 4 2 23 64 1523 908 1505 1996
5478 4 2 23 64 753 792 793 482
5479 4 2 23 64 1877 1897 1522 1990
5480 4 2 23 64 1429 819 1403 1422
5481 4 2 23 64 792 1889 1182 2009
5482 4 2 23 64 814 1253 270 1919
5483 4 2 23 64 1892 1186 770 2008
5484 4 2 23 64 1043 1240 1044 1989
5485 4 2 23 64 819 1429 1403 1261
5486 4 2 23 64 1486 816 1255 1051
5487 4 2 23 64 564 1527 565 1981
5488 4 2 23 64 1405 511 1842 512
5489 4 2 23 64 1544 241 776 1543
5490 4 2 23 64 231 230 162 609
5491 4 2 23 64 1509 1897 1885 1848
5492 4 2 23 64 1041 1228 1042 1987
5493 4 2 23 64 581 1859 199 1979
5494 4 2 23 64 200 583 582 1995
5495 4 2 23 64 585 1436 586 2007
5496 4 2 23 64 1250 1911 1058 326
5497 4 2 23 64 1867 160 1851 1978
5498 4 2 23 64 485 804 805 1989
5499 4 2 23 64 1059 1250 327 1911
5500 4 2 23 64 1436 1405 511 1418
5501 4 2 23 64 605 770 771 1988
5502 4 2 23 64 788 1522 1547 1524
5503 4 2 23 64 483 1182 1889 2009
5504 4 2 23 64 582 1438 581 1995
5505 4 2 23 64 481 792 793 1987
5506 4 2 23 64 605 232 233 1184
5507 4 2 23 64 1533 1496 813 796
5508 4 2 23 64 609 782 783 1990
5509 4 2 23 64 1421 1403 1471 821
5510 4 2 23 64 588 146 1426 514
5511 4 2 23 64 581 580 1859 1979
5512 4 2 23 64 774 1201 1037 2006
5513 4 2 23 64 738 739 703 1175
5514 4 2 23 64 1537 1531 1499 808
5515 4 2 23 64 739 740 701 1174
5516 4 2 23 64 1912 1038 1039 2010
5517 4 2 23 64 1257 1450 1403 817
5518 4 2 23 64 146 588 1426 161
5519 4 2 23 64 1437 587 1436 1996
5520 4 2 23 64 230 231 1185 609
5521 4 2 23 64 1885 586 1897 2007
5522 4 2 23 64 1405 513 512 1837
5523 4 2 23 64 578 1501 1443 579
5524 4 2 23 64 1508 595 594 2018
5525 4 2 23 64 497 572 498 1461
5526 4 2 23 64 1533 1496 796 1550
5527 4 2 23 64 1898 1885 588 2007
5528 4 2 23 64 222 738 704 1172
5529 4 2 23 64 224 700 740 1173
5530 4 2 23 64 1856 583 200 1978
5531 4 2 23 64 651 650 548 549
5532 4 2 23 64 1182 1914 792 2009
5533 4 2 23 64 1183 805 1914 2009
5534 4 2 23 64 584 583 1856 1978
5535 4 2 23 64 770 1186 1906 2008
5536 4 2 23 64 1043 1920 1042 2009
5537 4 2 23 64 612 10 114 14
5538 4 2 23 64 156 502 1466 141
5539 4 2 23 64 566 1546 565 1481
5540 4 2 23 64 43 642 167 47
5541 4 2 23 64 708 185 70 66
5542 4 2 23 64 15 610 452 166
5543 4 2 23 64 1414 1422 1450 1254
5544 4 2 23 64 244 762 777 2011
5545 4 2 23 64 781 761 245 2016
5546 4 2 23 64 10 612 114 454
5547 4 2 23 64 642 43 167 613
5548 4 2 23 64 1429 1259 819 1422
5549 4 2 23 64 199 1866 705 2000
5550 4 2 23 64 647 185 708 66
5551 4 2 23 64 765 693 1194 766
5552 4 2 23 64 185 650 651 549
5553 4 2 23 64 695 765 1195 764
5554 4 2 23 64 777 240 1203 1981
5555 4 2 23 64 1429 1410 1471 458
5556 4 2 23 64 1417 1421 1471 821
5557 4 2 23 64 545 1413 544 464
5558 4 2 23 64 1421 1055 125 272
5559 4 2 23 64 1409 1057 1422 1441
5560 4 2 23 64 502 156 1466 576
5561 4 2 23 64 782 609 783 2008
5562 4 2 23 64 486 456 619 487
5563 4 2 23 64 618 651 548 549
5564 4 2 23 64 577 1443 578 2014
5565 4 2 23 64 791 1517 1208 774
5566 4 2 23 64 486 1049 456 487
5567 4 2 23 64 766 234 692 1192
5568 4 2 23 64 696 764 1193 237
5569 4 2 23 64 1510 794 1536 1503
5570 4 2 23 64 1182 483 1914 2009
5571 4 2 23 64 246 1215 249 1978
5572 4 2 23 64 265 261 1242 1980
5573 4 2 23 64 816 1051 1430 1257
5574 4 2 23 64 1845 1912 1038 2005
5575 4 2 23 64 1845 1039 1912 2005
5576 4 2 23 64 559 1425 1530 558
5577 4 2 23 64 1532 1876 559 558
5578 4 2 23 64 255 1230 254 1979
5579 4 2 23 64 1914 483 1183 2009
5580 4 2 23 64 1421 1403 821 1164
5581 4 2 23 64 580 158 157 2014
5582 4 2 23 64 619 456 114 487
5583 4 2 23 64 691 1865 200 2016
5584 4 2 23 64 649 648 556 555
5585 4 2 23 64 802 742 1139 801
5586 4 2 23 64 800 742 801 1138
5587 4 2 23 64 743 1139 802 742
5588 4 2 23 64 741 742 800 1138
5589 4 2 23 64 169 651 618 549
5590 4 2 23 64 780 768 1151 779
5591 4 2 23 64 1150 768 778 779
5592 4 2 23 64 769 1151 780 768
5593 4 2 23 64 767 768 778 1150
5594 4 2 23 64 568 1888 1512 1895
5595 4 2 23 64 1885 585 586 2007
5596 4 2 23 64 456 1049 114 487
5597 4 2 23 64 213 65 655 69
5598 4 2 23 64 170 462 12 16
5599 4 2 23 64 44 186 625 48
5600 4 2 23 64 1847 1871 567 2012
5601 4 2 23 64 557 1896 154 2017
5602 4 2 23 64 496 1427 495 569
5603 4 2 23 64 718 68 187 72
5604 4 2 23 64 13 117 620 9
5605 4 2 23 64 45 172 652 41
5606 4 2 23 64 1240 813 1044 1519
5607 4 2 23 64 655 213 69 716
5608 4 2 23 64 625 186 654 48
5609 4 2 23 64 170 622 462 16
5610 4 2 23 64 172 45 652 189
5611 4 2 23 64 620 173 117 13
5612 4 2 23 64 1229 1230 798 1497
5613 4 2 23 64 1414 273 1254 330
5614 4 2 23 64 1865 1856 200 2016
5615 4 2 23 64 1058 326 2006 2019
5616 4 2 23 64 1059 327 1040 1911
5617 4 2 23 64 65 213 655 188
5618 4 2 23 64 186 44 625 171
5619 4 2 23 64 620 117 460 9
5620 4 2 23 64 652 41 172 623
5621 4 2 23 64 580 157 1852 1979
5622 4 2 23 64 1522 1867 162 1978
5623 4 2 23 64 1058 1911 1037 326
5624 4 2 23 64 68 718 187 657
5625 4 2 23 64 222 223 704 705
5626 4 2 23 64 224 225 699 700
5627 4 2 23 64 270 814 1919 1044
5628 4 2 23 64 271 1919 815 1041
5629 4 2 23 64 227 799 745 2000
5630 4 2 23 64 228 746 803 1997
5631 4 2 23 64 770 1198 771 1988
5632 4 2 23 64 115 1152 1409 1048
5633 4 2 23 64 1237 256 263 1982
5634 4 2 23 64 693 765 1194 694
5635 4 2 23 64 1225 793 792 1987
5636 4 2 23 64 1888 1895 595 1512
5637 4 2 23 64 1885 1897 1509 2007
5638 4 2 23 64 813 1234 1533 796
5639 4 2 23 64 568 522 1435 523
5640 4 2 23 64 1222 783 782 1990
5641 4 2 23 64 765 695 1195 694
5642 4 2 23 64 804 1249 805 1989
5643 4 2 23 64 649 182 648 555
5644 4 2 23 64 1890 1873 484 805
5645 4 2 23 64 1877 782 609 1990
5646 4 2 23 64 557 1887 1896 2017
5647 4 2 23 64 1522 782 1877 1990
5648 4 2 23 64 1230 255 798 1497
5649 4 2 23 64 1532 1876 560 559
5650 4 2 23 64 1039 2004 1040 2005
5651 4 2 23 64 1214 781 245 1978
5652 4 2 23 64 1546 565 564 1527
5653 4 2 23 64 200 582 674 1995
5654 4 2 23 64 803 260 1241 1980
5655 4 2 23 64 799 1229 259 1979
5656 4 2 23 64 1851 160 584 1978
5657 4 2 23 64 588 161 1898 2007
5658 4 2 23 64 1422 1414 273 1254
5659 4 2 23 64 1421 1160 1164 821
5660 4 2 23 64 648 617 556 555
5661 4 2 23 64 494 616 455 493
5662 4 2 23 64 595 1508 594 2006
5663 4 2 23 64 562 561 1451 1986
5664 4 2 23 64 767 764 1193 695
5665 4 2 23 64 766 1192 693 769
5666 4 2 23 64 1410 1458 1471 457
5667 4 2 23 64 741 1175 738 703
5668 4 2 23 64 741 1137 259 223
5669 4 2 23 64 743 260 1136 225
5670 4 2 23 64 1137 741 259 800
5671 4 2 23 64 260 743 1136 802
5672 4 2 23 64 1174 701 743 740
5673 4 2 23 64 541 1055 125 1412
5674 4 2 23 64 575 576 1540 2013
5675 4 2 23 64 1038 2005 1037 2006
5676 4 2 23 64 769 235 1192 1985
5677 4 2 23 64 767 1193 236 1984
5678 4 2 23 64 1845 1038 1912 2010
5679 4 2 23 64 236 767 244 1149
5680 4 2 23 64 235 769 1148 245
5681 4 2 23 64 244 767 778 1149
5682 4 2 23 64 245 769 1148 780
5683 4 2 23 64 1412 1421 1444 1055
5684 4 2 23 64 578 579 1886 2013
5685 4 2 23 64 1845 1912 1039 2010
5686 4 2 23 64 791 1211 1040 2004
5687 4 2 23 64 1537 784 1518 1506
5688 4 2 23 64 1202 1203 776 1544
5689 4 2 23 64 1509 1897 1848 1990
5690 4 2 23 64 326 242 1200 2006
5691 4 2 23 64 774 1037 1200 2006
5692 4 2 23 64 1430 1052 1450 1257
5693 4 2 23 64 1429 1409 115 1152
5694 4 2 23 64 115 1429 459 1431
5695 4 2 23 64 605 771 1878 1988
5696 4 2 23 64 1866 199 1859 2000
5697 4 2 23 64 222 223 1172 704
5698 4 2 23 64 781 1215 246 1978
5699 4 2 23 64 1173 225 224 700
5700 4 2 23 64 1509 1848 1885 2004
5701 4 2 23 64 497 571 572 1461
5702 4 2 23 64 1443 158 1419 2014
5703 4 2 23 64 156 579 1501 2013
5704 4 2 23 64 1403 1421 816 1164
5705 4 2 23 64 1058 1250 326 2019
5706 4 2 23 64 1242 261 803 1980
5707 4 2 23 64 648 182 617 555
5708 4 2 23 64 455 616 166 493
5709 4 2 23 64 753 793 792 1915
5710 4 2 23 64 1420 1546 565 564
5711 4 2 23 64 1040 1912 1039 2005
5712 4 2 23 64 1230 799 254 1979
5713 4 2 23 64 1907 770 771 759
5714 4 2 23 64 590 1059 591 1983
5715 4 2 23 64 564 565 1857 1981
5716 4 2 23 64 485 1873 805 484
5717 4 2 23 64 267 270 1238 1999
5718 4 2 23 64 1461 571 572 1982
5719 4 2 23 64 231 1522 162 1978
5720 4 2 23 64 1481 1504 567 566
5721 4 2 23 64 263 1982 814 1999
5722 4 2 23 64 1185 782 757 2008
5723 4 2 23 64 1845 1038 1872 2005
5724 4 2 23 64 1195 694 768 765
5725 4 2 23 64 458 1046 1429 1155
5726 4 2 23 64 768 694 1194 765
5727 4 2 23 64 1505 908 909 1996
5728 4 2 23 64 632 469 535 534
5729 4 2 23 64 597 664 633 596
5730 4 2 23 64 575 1540 576 1424
5731 4 2 23 64 535 469 1050 534
5732 4 2 23 64 1419 581 1438 1995
5733 4 2 23 64 1916 751 804 805
5734 4 2 23 64 1912 1037 1038 2005
5735 4 2 23 64 1195 695 767 1992
5736 4 2 23 64 511 1437 1436 1418
5737 4 2 23 64 769 693 1194 1992
5738 4 2 23 64 482 792 1874 1889
5739 4 2 23 64 1887 570 569 2017
5740 4 2 23 64 578 1886 1894 2013
5741 4 2 23 64 1207 1528 242 251
5742 4 2 23 64 511 1437 1418 144
5743 4 2 23 64 1436 161 1511 2007
5744 4 2 23 64 1407 1443 1485 504
5745 4 2 23 64 558 1876 1849 1991
5746 4 2 23 64 246 1522 231 1978
5747 4 2 23 64 568 1435 155 1512
5748 4 2 23 64 1476 1841 140 533
5749 4 2 23 64 745 799 259 2000
5750 4 2 23 64 803 746 225 1997
5751 4 2 23 64 146 1436 1468 513
5752 4 2 23 64 1847 567 1888 1521
5753 4 2 23 64 1167 1193 695 1984
5754 4 2 23 64 1192 1166 693 1985
5755 4 2 23 64 1524 1517 1545 239
5756 4 2 23 64 1849 1999 1887 2017
5757 4 2 23 64 1541 811 1510 1531
5758 4 2 23 64 1850 1894 1886 2013
5759 4 2 23 64 701 1174 743 1992
5760 4 2 23 64 1175 703 741 1992
5761 4 2 23 64 1425 560 559 1530
5762 4 2 23 64 559 1532 1530 560
5763 4 2 23 64 1536 1510 1496 253
5764 4 2 23 64 769 693 766 1194
5765 4 2 23 64 275 821 1160 1421
5766 4 2 23 64 767 695 1193 1984
5767 4 2 23 64 1192 693 769 1985
5768 4 2 23 64 1195 764 767 695
5769 4 2 23 64 1874 481 792 482
5770 4 2 23 64 576 1899 156 2013
5771 4 2 23 64 254 1223 255 1993
5772 4 2 23 64 1253 814 263 1982
5773 4 2 23 64 1044 1989 1864 2003
5774 4 2 23 64 1872 605 770 606
5775 4 2 23 64 1892 770 606 1872
5776 4 2 23 64 565 566 1871 2012
5777 4 2 23 64 1166 1192 692 1985
5778 4 2 23 64 1873 1989 1043 2003
5779 4 2 23 64 1193 1167 696 1984
5780 4 2 23 64 1845 1875 1039 2005
5781 4 2 23 64 1864 814 1044 2003
5782 4 2 23 64 1885 1898 585 2007
5783 4 2 23 64 1429 1409 1431 115
5784 4 2 23 64 1160 816 1421 1164
5785 4 2 23 64 816 1486 1430 1051
5786 4 2 23 64 1530 561 1451 560
5787 4 2 23 64 768 1195 767 1992
5788 4 2 23 64 768 769 1194 1992
5789 4 2 23 64 263 270 267 1999
5790 4 2 23 64 1509 1522 1897 1990
5791 4 2 23 64 1441 1422 1163 1057
5792 4 2 23 64 1407 1443 504 1447
5793 4 2 23 64 1450 1257 1403 1430
5794 4 2 23 64 1496 1519 813 812
5795 4 2 23 64 1450 818 1254 1422
5796 4 2 23 64 1430 1413 1467 464
5797 4 2 23 64 593 592 1058 1983
5798 4 2 23 64 1455 493 1803 1794
5799 4 2 23 64 259 223 2000 2002
5800 4 2 23 64 260 1997 225 2001
5801 4 2 23 64 123 535 469 1050
5802 4 2 23 64 742 743 1174 1992
5803 4 2 23 64 258 798 1513 1497
5804 4 2 23 64 1531 1548 1231 1510
5805 4 2 23 64 327 1250 1059 1983
5806 4 2 23 64 742 1175 741 1992
5807 4 2 23 64 199 705 674 2002
5808 4 2 23 64 594 595 521 2018
5809 4 2 23 64 1496 1510 1541 266
5810 4 2 23 64 1851 162 1867 1978
5811 4 2 23 64 699 205 698 2001
5812 4 2 23 64 200 1995 674 2002
5813 4 2 23 64 588 1549 589 1426
5814 4 2 23 64 137 1852 1869 1979
5815 4 2 23 64 1202 776 243 1544
5816 4 2 23 64 814 1982 572 1999
5817 4 2 23 64 574 1982 256 1994
5818 4 2 23 64 1547 1522 249 1551
5819 4 2 23 64 1437 584 159 1996
5820 4 2 23 64 557 140 1439 154
5821 4 2 23 64 140 557 1439 533
5822 4 2 23 64 1848 589 1885 2004
5823 4 2 23 64 1850 1879 1894 1993
5824 4 2 23 64 242 1528 1508 2019
5825 4 2 23 64 693 1168 1194 1992
5826 4 2 23 64 1169 695 1195 1992
5827 4 2 23 64 1531 1502 1541 810
5828 4 2 23 64 568 902 1512 567
5829 4 2 23 64 1874 1042 1987 2003
5830 4 2 23 64 692 766 1192 693
5831 4 2 23 64 816 1486 1421 1430
5832 4 2 23 64 1920 1043 1044 2003
5833 4 2 23 64 1551 248 1547 1507
5834 4 2 23 64 1541 1531 810 811
5835 4 2 23 64 465 1486 121 1156
5836 4 2 23 64 243 244 1202 1981
5837 4 2 23 64 1809 1462 1446 1786
5838 4 2 23 64 1551 248 245 1214
5839 4 2 23 64 816 1486 1255 1421
5840 4 2 23 64 1236 1496 266 253
5841 4 2 23 64 764 696 1193 695
5842 4 2 23 64 1422 1403 1450 818
5843 4 2 23 64 1520 771 1198 1988
5844 4 2 23 64 777 1202 244 1981
5845 4 2 23 64 1232 1548 1513 1503
5846 4 2 23 64 1261 1403 1471 1429
5847 4 2 23 64 796 1041 1226 1550
5848 4 2 23 64 1431 459 1410 1429
5849 4 2 23 64 1427 496 570 569
5850 4 2 23 64 1217 245 780 1985
5851 4 2 23 64 244 1216 778 1984
5852 4 2 23 64 1222 782 1522 1990
5853 4 2 23 64 583 582 1995 1996
5854 4 2 23 64 1895 568 155 1512
5855 4 2 23 64 1042 1920 1041 2003
5856 4 2 23 64 790 1213 1039 1990
5857 4 2 23 64 1044 1864 1989 1999
5858 4 2 23 64 263 256 1253 1982
5859 4 2 23 64 775 1038 1201 1988
5860 4 2 23 64 749 748 1183 484
5861 4 2 23 64 159 510 1437 144
5862 4 2 23 64 272 816 1021 1255
5863 4 2 23 64 1535 786 1507 1518
5864 4 2 23 64 585 1898 161 2007
5865 4 2 23 64 1497 1538 1523 1995
5866 4 2 23 64 755 756 606 1186
5867 4 2 23 64 228 803 261 1997
5868 4 2 23 64 505 504 1443 1447
5869 4 2 23 64 1429 1152 328 1409
5870 4 2 23 64 1436 161 146 1445
5871 4 2 23 64 1158 1467 464 1430
5872 4 2 23 64 583 1438 582 1996
5873 4 2 23 64 273 1025 818 1254
5874 4 2 23 64 1534 574 575 1994
5875 4 2 23 64 227 254 799 2000
5876 4 2 23 64 1500 557 558 1478
5877 4 2 23 64 1521 1508 595 2006
5878 4 2 23 64 750 749 1182 482
5879 4 2 23 64 1501 578 1443 2014
5880 4 2 23 64 240 771 1196 2012
5881 4 2 23 64 595 1895 155 1512
5882 4 2 23 64 575 1540 1534 2013
5883 4 2 23 64 577 578 1894 2014
5884 4 2 23 64 605 1878 771 2012
5885 4 2 23 64 1020 132 150 3
5886 4 2 23 64 1044 1238 270 1999
5887 4 2 23 64 529 561 560 1451
5888 4 2 23 64 1470 1428 887 1983
5889 4 2 23 64 1847 1988 1878 2012
5890 4 2 23 64 1516 1427 570 2017
5891 4 2 23 64 793 795 1503 1225
5892 4 2 23 64 594 593 1508 1428
5893 4 2 23 64 1549 1505 1511 2007
5894 4 2 23 64 807 806 1231 1548
5895 4 2 23 64 510 159 1437 584
5896 4 2 23 64 705 2000 223 2002
5897 4 2 23 64 699 225 1997 2001
5898 4 2 23 64 574 573 815 1982
5899 4 2 23 64 605 771 233 2012
5900 4 2 23 64 1043 812 1240 1989
5901 4 2 23 64 502 575 1424 501
5902 4 2 23 64 560 1860 1876 1980
5903 4 2 23 64 1058 2006 593 2019
5904 4 2 23 64 485 805 1873 1989
5905 4 2 23 64 1505 587 159 1996
5906 4 2 23 64 500 1461 499 573
5907 4 2 23 64 749 484 1183 483
5908 4 2 23 64 898 1437 1436 1996
5909 4 2 23 64 1437 583 584 1996
5910 4 2 23 64 797 1042 1228 1987
5911 4 2 23 64 570 571 1427 1516
5912 4 2 23 64 253 1510 1496 266
5913 4 2 23 64 558 1532 1876 1991
5914 4 2 23 64 257 271 256 1994
5915 4 2 23 64 1405 1418 1842 511
5916 4 2 23 64 694 1169 1195 1992
5917 4 2 23 64 1194 1168 694 1992
5918 4 2 23 64 482 749 1182 483
5919 4 2 23 64 1461 1424 894 1982
5920 4 2 23 64 1463 529 528 1411
5921 4 2 23 64 582 581 199 1995
5922 4 2 23 64 754 1185 757 2008
5923 4 2 23 64 789 1522 1222 788
5924 4 2 23 64 1857 1981 565 2012
5925 4 2 23 64 1511 161 1436 1445
5926 4 2 23 64 1461 894 1427 1982
5927 4 2 23 64 1546 564 1420 1986
5928 4 2 23 64 806 1548 1535 1513
5929 4 2 23 64 1422 1403 818 1165
5930 4 2 23 64 1041 1994 1987 2003
5931 4 2 23 64 1231 806 1232 1548
5932 4 2 23 64 199 674 1995 2002
5933 4 2 23 64 1543 1520 1544 241
5934 4 2 23 64 1516 571 1427 1982
5935 4 2 23 64 589 590 1426 1525
5936 4 2 23 64 223 704 705 2002
5937 4 2 23 64 244 236 762 2011
5938 4 2 23 64 235 245 761 2016
5939 4 2 23 64 699 700 225 2001
5940 4 2 23 64 205 1986 698 2001
5941 4 2 23 64 1210 327 251 2019
5942 4 2 23 64 594 1847 1888 2006
5943 4 2 23 64 1511 1426 161 1445
5944 4 2 23 64 571 1516 570 1999
5945 4 2 23 64 1464 1407 1465 1826
5946 4 2 23 64 248 1551 1547 787
5947 4 2 23 64 1867 160 1505 587
5948 4 2 23 64 1885 588 1549 2004
5949 4 2 23 64 1161 818 1165 1422
5950 4 2 23 64 609 1990 783 2008
5951 4 2 23 64 1240 1519 1044 1989
5952 4 2 23 64 1511 1426 1549 588
5953 4 2 23 64 1878 1871 1847 2012
5954 4 2 23 64 569 1896 1887 2017
5955 4 2 23 64 1508 594 1428 2018
5956 4 2 23 64 1786 1799 1809 1462
5957 4 2 23 64 648 556 187 649
5958 4 2 23 64 589 1549 588 2004
5959 4 2 23 64 1546 1481 1420 565
5960 4 2 23 64 241 1203 240 1544
5961 4 2 23 64 575 502 1424 576
5962 4 2 23 64 511 1437 587 1436
5963 4 2 23 64 271 815 256 1994
5964 4 2 23 64 569 154 1896 2017
5965 4 2 23 64 1038 1872 2005 2006
5966 4 2 23 64 814 1044 270 1999
5967 4 2 23 64 605 1872 770 1988
5968 4 2 23 64 481 1874 792 1987
5969 4 2 23 64 1509 2004 1885 2007
5970 4 2 23 64 650 548 189 651
5971 4 2 23 64 1899 1886 579 2013
5972 4 2 23 64 814 1864 1044 1999
5973 4 2 23 64 1847 567 1521 2012
5974 4 2 23 64 1524 1209 250 790
5975 4 2 23 64 1406 1474 1476 1841
5976 4 2 23 64 560 561 1860 1980
5977 4 2 23 64 257 1226 271 1994
5978 4 2 23 64 703 739 710 702
5979 4 2 23 64 296 900 1511 1487
5980 4 2 23 64 1057 1054 1163 1441
5981 4 2 23 64 701 739 702 710
5982 4 2 23 64 229 748 485 1180
5983 4 2 23 64 1222 1522 782 788
5984 4 2 23 64 1223 254 793 1993
5985 4 2 23 64 901 1983 1428 2019
5986 4 2 23 64 1550 257 1226 796
5987 4 2 23 64 1452 1163 273 1054
5988 4 2 23 64 1462 1416 1473 1799
5989 4 2 23 64 1219 779 778 1992
5990 4 2 23 64 1444 1421 1162 1055
5991 4 2 23 64 780 779 1218 1992
5992 4 2 23 64 819 1161 1165 1422
5993 4 2 23 64 558 1849 1887 1500
5994 4 2 23 64 756 232 605 1184
5995 4 2 23 64 1505 160 159 587
5996 4 2 23 64 256 1982 1534 1994
5997 4 2 23 64 298 905 1539 1492
5998 4 2 23 64 1422 1403 1165 819
5999 4 2 23 64 1444 1421 1453 1162
6000 4 2 23 64 579 1501 1443 907
6001 4 2 23 64 566 1546 1504 565
6002 4 2 23 64 1546 1527 564 1986
6003 4 2 23 64 1873 805 1890 1989
6004 4 2 23 64 530 529 560 1451
6005 4 2 23 64 1879 1850 1987 1993
6006 4 2 23 64 1875 2004 1039 2005
6007 4 2 23 64 1058 593 1983 2019
6008 4 2 23 64 1421 1417 1453 275
6009 4 2 23 64 582 199 674 1995
6010 4 2 23 64 1465 141 1466 502
6011 4 2 23 64 1785 1798 1810 1446
6012 4 2 23 64 581 580 1979 1995
6013 4 2 23 64 739 738 703 709
6014 4 2 23 64 814 815 1252 1982
6015 4 2 23 64 1167 695 1169 1984
6016 4 2 23 64 1042 1920 2003 2009
6017 4 2 23 64 801 1245 802 1992
6018 4 2 23 64 1166 1168 693 1985
6019 4 2 23 64 709 710 703 739
6020 4 2 23 64 1246 801 800 1992
6021 4 2 23 64 777 233 240 1981
6022 4 2 23 64 1043 2003 1920 2009
6023 4 2 23 64 1171 705 704 2002
6024 4 2 23 64 230 754 609 1185
6025 4 2 23 64 1979 1995 580 2014
6026 4 2 23 64 699 1170 700 2001
6027 4 2 23 64 1832 1825 1840 1480
6028 4 2 23 64 739 711 701 740
6029 4 2 23 64 710 711 701 739
6030 4 2 23 64 118 1417 1153 1049
6031 4 2 23 64 1519 1999 1849 2017
6032 4 2 23 64 1878 1988 771 2012
6033 4 2 23 64 488 138 487 1033
6034 4 2 23 64 549 1863 699 1997
6035 4 2 23 64 1516 571 1982 1999
6036 4 2 23 64 1785 1431 1818 1813
6037 4 2 23 64 1461 500 574 573
6038 4 2 23 64 1803 1057 493 1441
6039 4 2 23 64 704 738 709 703
6040 4 2 23 64 616 116 494 455
6041 4 2 23 64 617 556 171 648
6042 4 2 23 64 156 1540 1466 576
6043 4 2 23 64 131 1463 1444 474
6044 4 2 23 64 1512 1488 901 297
6045 4 2 23 64 1521 1888 1847 2006
6046 4 2 23 64 701 711 700 740
6047 4 2 23 64 616 556 171 617
6048 4 2 23 64 812 1519 813 1240
6049 4 2 23 64 245 235 769 1985
6050 4 2 23 64 245 769 780 1985
6051 4 2 23 64 1525 590 1460 1983
6052 4 2 23 64 236 244 767 1984
6053 4 2 23 64 244 778 767 1984
6054 4 2 23 64 786 1217 780 1985
6055 4 2 23 64 1403 1261 1471 820
6056 4 2 23 64 1049 118 486 456
6057 4 2 23 64 1410 1429 459 458
6058 4 2 23 64 206 183 649 555
6059 4 2 23 64 456 173 486 619
6060 4 2 23 64 1043 1042 1921 2009
6061 4 2 23 64 784 778 1216 1984
6062 4 2 23 64 256 815 1253 1982
6063 4 2 23 64 548 619 173 618
6064 4 2 23 64 1887 1849 570 1999
6065 4 2 23 64 723 392 663 398
6066 4 2 23 64 1050 469 119 534
6067 4 2 23 64 633 664 190 596
6068 4 2 23 64 174 469 632 534
6069 4 2 23 64 162 230 231 1978
6070 4 2 23 64 1222 1522 789 1990
6071 4 2 23 64 1228 1041 796 1550
6072 4 2 23 64 400 661 662 394
6073 4 2 23 64 658 370 630 376
6074 4 2 23 64 814 1252 572 1982
6075 4 2 23 64 1416 1462 1809 1799
6076 4 2 23 64 596 632 174 633
6077 4 2 23 64 758 1906 1186 2008
6078 4 2 23 64 344 628 467 350
6079 4 2 23 64 1425 1530 558 1478
6080 4 2 23 64 1887 1999 570 2017
6081 4 2 23 64 1189 761 231 2016
6082 4 2 23 64 762 1191 233 2011
6083 4 2 23 64 158 143 1443 1419
6084 4 2 23 64 392 723 663 662
6085 4 2 23 64 370 658 630 629
6086 4 2 23 64 1887 558 1500 557
6087 4 2 23 64 1429 459 458 1155
6088 4 2 23 64 1480 1472 1428 2018
6089 4 2 23 64 1163 1452 1422 1441
6090 4 2 23 64 699 1863 205 1997
6091 4 2 23 64 720 483 484 749
6092 4 2 23 64 1551 249 1215 1978
6093 4 2 23 64 574 1534 1982 1994
6094 4 2 23 64 1494 1540 907 299
6095 4 2 23 64 906 299 1540 1491
6096 4 2 23 64 1872 1038 1845 2010
6097 4 2 23 64 628 344 467 468
6098 4 2 23 64 467 350 628 627
6099 4 2 23 64 630 658 376 659
6100 4 2 23 64 627 626 467 352
6101 4 2 23 64 400 661 722 662
6102 4 2 23 64 722 662 723 400
6103 4 2 23 64 821 275 1032 1258
6104 4 2 23 64 1038 1988 1872 2006
6105 4 2 23 64 1248 804 261 1991
6106 4 2 23 64 1874 1889 792 1987
6107 4 2 23 64 701 1167 1169 1984
6108 4 2 23 64 184 185 651 549
6109 4 2 23 64 568 1521 1512 1888
6110 4 2 23 64 1039 1038 1913 2010
6111 4 2 23 64 204 698 1986 2001
6112 4 2 23 64 1166 703 1168 1985
6113 4 2 23 64 329 1049 1482 487
6114 4 2 23 64 755 606 726 607
6115 4 2 23 64 200 2002 691 2016
6116 4 2 23 64 758 1186 755 2008
6117 4 2 23 64 522 1483 1832 1840
6118 4 2 23 64 1427 905 1475 2017
6119 4 2 23 64 564 525 1420 526
6120 4 2 23 64 1412 1433 1486 121
6121 4 2 23 64 1547 787 1551 249
6122 4 2 23 64 711 700 740 224
6123 4 2 23 64 770 1872 1892 2010
6124 4 2 23 64 1470 593 1428 1983
6125 4 2 23 64 154 1539 1475 1439
6126 4 2 23 64 792 1987 1889 2009
6127 4 2 23 64 481 1987 793 1993
6128 4 2 23 64 483 720 482 749
6129 4 2 23 64 711 209 700 224
6130 4 2 23 64 535 1452 1792 534
6131 4 2 23 64 1418 511 1804 1842
6132 4 2 23 64 753 227 1917 1140
6133 4 2 23 64 608 755 726 607
6134 4 2 23 64 1869 1852 157 2014
6135 4 2 23 64 1514 1987 1850 1993
6136 4 2 23 64 392 398 74 663
6137 4 2 23 64 819 274 1259 1028
6138 4 2 23 64 804 1989 485 1991
6139 4 2 23 64 1550 257 1533 1534
6140 4 2 23 64 1873 1864 1849 1989
6141 4 2 23 64 748 720 484 749
6142 4 2 23 64 720 748 484 719
6143 4 2 23 64 75 400 661 79
6144 4 2 23 64 376 51 55 658
6145 4 2 23 64 19 352 626 23
6146 4 2 23 64 350 18 628 22
6147 4 2 23 64 50 660 374 54
6148 4 2 23 64 400 75 661 394
6149 4 2 23 64 370 658 51 376
6150 4 2 23 64 812 813 1496 1235
6151 4 2 23 64 566 523 1481 524
6152 4 2 23 64 1514 1850 1987 1994
6153 4 2 23 64 1215 1551 1214 787
6154 4 2 23 64 1520 1543 1545 773
6155 4 2 23 64 774 1521 1201 2006
6156 4 2 23 64 18 350 628 344
6157 4 2 23 64 1422 1414 1452 273
6158 4 2 23 64 1443 1442 579 907
6159 4 2 23 64 1890 1989 805 2009
6160 4 2 23 64 1252 814 269 2003
6161 4 2 23 64 768 694 1195 1992
6162 4 2 23 64 1875 1990 1039 2004
6163 4 2 23 64 370 658 629 51
6164 4 2 23 64 251 327 1528 2019
6165 4 2 23 64 904 298 1539 1490
6166 4 2 23 64 1194 694 768 1992
6167 4 2 23 64 1451 1542 1420 1986
6168 4 2 23 64 1786 1833 1834 1410
6169 4 2 23 64 1875 1845 1039 2010
6170 4 2 23 64 814 1253 815 1982
6171 4 2 23 64 1876 1860 136 1991
6172 4 2 23 64 482 720 750 749
6173 4 2 23 64 243 1543 784 1506
6174 4 2 23 64 661 79 400 722
6175 4 2 23 64 639 373 640 379
6176 4 2 23 64 765 693 736 694
6177 4 2 23 64 743 225 1173 1984
6178 4 2 23 64 223 741 1172 1985
6179 4 2 23 64 560 1876 1532 1980
6180 4 2 23 64 595 1521 1888 1512
6181 4 2 23 64 1484 1455 1789 494
6182 4 2 23 64 720 482 750 721
6183 4 2 23 64 1035 355 636 349
6184 4 2 23 64 1505 1436 587 1996
6185 4 2 23 64 765 695 694 736
6186 4 2 23 64 344 628 18 468
6187 4 2 23 64 119 148 1414 534
6188 4 2 23 64 1215 1214 1551 1978
6189 4 2 23 64 1036 353 637 347
6190 4 2 23 64 703 710 707 702
6191 4 2 23 64 371 669 377 641
6192 4 2 23 64 1252 268 815 2003
6193 4 2 23 64 297 902 1512 1489
6194 4 2 23 64 1199 239 1197 1988
6195 4 2 23 64 581 1979 199 1995
6196 4 2 23 64 701 710 702 707
6197 4 2 23 64 500 501 1424 574
6198 4 2 23 64 1445 161 146 1426
6199 4 2 23 64 697 1862 603 2011
6200 4 2 23 64 568 902 1435 1512
6201 4 2 23 64 909 296 1511 1493
6202 4 2 23 64 674 691 200 2002
6203 4 2 23 64 608 755 754 726
6204 4 2 23 64 1462 1809 1446 1416
6205 4 2 23 64 204 697 698 2001
6206 4 2 23 64 636 1035 349 1034
6207 4 2 23 64 143 1443 1447 505
6208 4 2 23 64 580 1852 1859 1979
6209 4 2 23 64 797 1228 1550 1987
6210 4 2 23 64 815 573 1252 1982
6211 4 2 23 64 254 227 793 1993
6212 4 2 23 64 371 669 641 640
6213 4 2 23 64 1475 1539 154 2017
6214 4 2 23 64 1041 1228 1987 1994
6215 4 2 23 64 725 726 608 754
6216 4 2 23 64 1518 779 1218 785
6217 4 2 23 64 347 637 1036 1035
6218 4 2 23 64 1980 1997 260 2001
6219 4 2 23 64 1848 1877 1875 1990
6220 4 2 23 64 1035 355 637 636
6221 4 2 23 64 353 1036 637 638
6222 4 2 23 64 733 395 672 673
6223 4 2 23 64 672 732 403 733
6224 4 2 23 64 581 507 580 1419
6225 4 2 23 64 1879 1850 1874 1987
6226 4 2 23 64 619 114 168 487
6227 4 2 23 64 114 1049 329 487
6228 4 2 23 64 522 1483 1840 1480
6229 4 2 23 64 1869 577 1894 2014
6230 4 2 23 64 1870 1845 1872 2005
6231 4 2 23 64 1887 1500 1849 2017
6232 4 2 23 64 325 1058 1251 2005
6233 4 2 23 64 1251 1059 324 2005
6234 4 2 23 64 101 439 1141 1918
6235 4 2 23 64 448 111 1910 1145
6236 4 2 23 64 651 169 184 549
6237 4 2 23 64 271 1041 815 1994
6238 4 2 23 64 168 169 619 487
6239 4 2 23 64 710 709 703 706
6240 4 2 23 64 1503 1510 794 795
6241 4 2 23 64 1441 493 1803 1455
6242 4 2 23 64 1172 704 223 1985
6243 4 2 23 64 1171 1166 692 1985
6244 4 2 23 64 437 104 1140 1917
6245 4 2 23 64 1173 225 700 1984
6246 4 2 23 64 110 446 1909 1144
6247 4 2 23 64 706 710 707 703
6248 4 2 23 64 696 1167 1170 1984
6249 4 2 23 64 233 771 240 2012
6250 4 2 23 64 765 693 766 736
6251 4 2 23 64 1873 1864 1989 2003
6252 4 2 23 64 1821 1434 1449 1415
6253 4 2 23 64 1417 118 1482 1049
6254 4 2 23 64 707 711 701 710
6255 4 2 23 64 711 707 701 708
6256 4 2 23 64 1500 1539 557 1478
6257 4 2 23 64 765 695 736 764
6258 4 2 23 64 736 695 735 764
6259 4 2 23 64 588 1885 1549 2007
6260 4 2 23 64 693 736 737 766
6261 4 2 23 64 1433 1430 1486 465
6262 4 2 23 64 1431 1785 1446 1813
6263 4 2 23 64 1892 2008 770 2010
6264 4 2 23 64 1059 1058 1251 1983
6265 4 2 23 64 1504 1481 567 902
6266 4 2 23 64 1495 1518 1547 785
6267 4 2 23 64 1462 1410 1786 1834
6268 4 2 23 64 1410 1446 1462 1786
6269 4 2 23 64 1409 1057 1441 493
6270 4 2 23 64 636 17 355 21
6271 4 2 23 64 401 76 734 80
6272 4 2 23 64 1824 496 1473 1474
6273 4 2 23 64 639 49 373 379
6274 4 2 23 64 349 636 17 355
6275 4 2 23 64 1442 1501 1540 156
6276 4 2 23 64 564 1527 1981 1986
6277 4 2 23 64 248 1551 245 2002
6278 4 2 23 64 558 1849 1500 1991
6279 4 2 23 64 506 580 507 1419
6280 4 2 23 64 571 572 1982 1999
6281 4 2 23 64 347 353 20 1036
6282 4 2 23 64 52 377 641 371
6283 4 2 23 64 773 1198 1520 771
6284 4 2 23 64 259 223 745 2000
6285 4 2 23 64 260 803 225 1997
6286 4 2 23 64 1856 1851 584 1978
6287 4 2 23 64 768 778 779 1992
6288 4 2 23 64 767 778 768 1992
6289 4 2 23 64 768 779 780 1992
6290 4 2 23 64 768 780 769 1992
6291 4 2 23 64 901 1525 1983 2019
6292 4 2 23 64 1446 1810 1464 1798
6293 4 2 23 64 764 696 695 735
6294 4 2 23 64 459 1431 1410 477
6295 4 2 23 64 619 548 486 487
6296 4 2 23 64 636 349 17 1034
6297 4 2 23 64 701 1169 702 1992
6298 4 2 23 64 1168 703 702 1992
6299 4 2 23 64 257 1550 1226 1994
6300 4 2 23 64 649 183 182 555
6301 4 2 23 64 455 113 328 493
6302 4 2 23 64 692 766 693 737
6303 4 2 23 64 1404 1480 1469 1825
6304 4 2 23 64 487 329 114 1033
6305 4 2 23 64 1865 597 1856 2016
6306 4 2 23 64 580 1419 1538 1995
6307 4 2 23 64 1502 1248 265 261
6308 4 2 23 64 1252 573 572 1982
6309 4 2 23 64 566 1546 1481 1504
6310 4 2 23 64 1443 1419 1538 2014
6311 4 2 23 64 1413 1433 1434 1836
6312 4 2 23 64 1429 1046 1471 1261
6313 4 2 23 64 184 185 549 684
6314 4 2 23 64 1871 1857 565 2012
6315 4 2 23 64 1505 586 587 1436
6316 4 2 23 64 1442 1501 579 907
6317 4 2 23 64 703 706 709 704
6318 4 2 23 64 525 564 1420 565
6319 4 2 23 64 207 222 704 705
6320 4 2 23 64 1876 1880 1849 1991
6321 4 2 23 64 209 224 699 700
6322 4 2 23 64 580 157 1979 2014
6323 4 2 23 64 1484 134 494 1789
6324 4 2 23 64 1471 1153 1047 457
6325 4 2 23 64 576 1424 1466 502
6326 4 2 23 64 471 541 125 1412
6327 4 2 23 64 1913 1038 238 2010
6328 4 2 23 64 1409 1057 493 328
6329 4 2 23 64 1219 778 1984 1992
6330 4 2 23 64 780 1218 1985 1992
6331 4 2 23 64 496 497 1427 570
6332 4 2 23 64 742 801 802 1992
6333 4 2 23 64 802 743 742 1992
6334 4 2 23 64 701 711 708 700
6335 4 2 23 64 257 256 1534 1994
6336 4 2 23 64 1438 1995 582 1996
6337 4 2 23 64 223 705 222 2000
6338 4 2 23 64 574 1461 573 1982
6339 4 2 23 64 1427 571 1461 1982
6340 4 2 23 64 800 801 742 1992
6341 4 2 23 64 741 800 742 1992
6342 4 2 23 64 224 699 225 1997
6343 4 2 23 64 501 575 1424 574
6344 4 2 23 64 1059 1250 1058 1983
6345 4 2 23 64 1500 558 1530 1478
6346 4 2 23 64 327 1525 1983 2004
6347 4 2 23 64 242 251 1528 2019
6348 4 2 23 64 1541 812 1519 1496
6349 4 2 23 64 1458 1834 1812 479
6350 4 2 23 64 1406 1462 1473 1808
6351 4 2 23 64 804 1249 1989 1991
6352 4 2 23 64 1404 1433 1448 1817
6353 4 2 23 64 1469 1480 520 1825
6354 4 2 23 64 1473 497 498 1461
6355 4 2 23 64 1439 1474 140 1476
6356 4 2 23 64 1873 1846 1893 2003
6357 4 2 23 64 512 511 587 1436
6358 4 2 23 64 1505 1867 587 1897
6359 4 2 23 64 588 515 514 1426
6360 4 2 23 64 1433 1404 1434 1811
6361 4 2 23 64 1845 1870 1875 2005
6362 4 2 23 64 1058 592 1251 1983
6363 4 2 23 64 515 589 590 1426
6364 4 2 23 64 788 1522 782 1221
6365 4 2 23 64 1464 1407 1826 1810
6366 4 2 23 64 1857 1862 564 1981
6367 4 2 23 64 485 1873 1880 1989
6368 4 2 23 64 148 119 1414 1440
6369 4 2 23 64 1057 493 328 1027
6370 4 2 23 64 204 1862 697 2011
6371 4 2 23 64 1229 258 259 1497
6372 4 2 23 64 816 817 1403 1164
6373 4 2 23 64 1509 1990 1848 2004
6374 4 2 23 64 1500 1539 1516 2017
6375 4 2 23 64 496 1427 1474 495
6376 4 2 23 64 207 706 206 704
6377 4 2 23 64 207 706 704 709
6378 4 2 23 64 1512 1472 1435 155
6379 4 2 23 64 1921 1042 252 2009
6380 4 2 23 64 1059 1251 591 1983
6381 4 2 23 64 208 708 209 700
6382 4 2 23 64 247 1039 1913 2010
6383 4 2 23 64 258 1985 259 2002
6384 4 2 23 64 1857 165 604 2012
6385 4 2 23 64 1849 1989 1864 1999
6386 4 2 23 64 793 1987 1225 1993
6387 4 2 23 64 1420 564 526 527
6388 4 2 23 64 246 249 1221 1522
6389 4 2 23 64 209 711 700 708
6390 4 2 23 64 146 514 1468 1426
6391 4 2 23 64 748 229 485 719
6392 4 2 23 64 795 793 1503 1223
6393 4 2 23 64 757 758 1908 1146
6394 4 2 23 64 1911 1250 1058 2005
6395 4 2 23 64 1911 1059 1250 2005
6396 4 2 23 64 327 326 1250 2019
6397 4 2 23 64 1919 814 1253 2003
6398 4 2 23 64 1919 1253 815 2003
6399 4 2 23 64 1406 1824 1474 1841
6400 4 2 23 64 1045 328 1429 1152
6401 4 2 23 64 485 719 229 212
6402 4 2 23 64 758 759 1907 1147
6403 4 2 23 64 1514 1850 1994 2013
6404 4 2 23 64 751 752 1916 1142
6405 4 2 23 64 905 1427 894 1982
6406 4 2 23 64 575 1540 1515 1534
6407 4 2 23 64 752 753 1915 1143
6408 4 2 23 64 1043 1921 262 2009
6409 4 2 23 64 1475 140 154 1439
6410 4 2 23 64 136 229 212 485
6411 4 2 23 64 140 1474 1841 1476
6412 4 2 23 64 1873 1849 1880 1989
6413 4 2 23 64 514 515 1823 1468
6414 4 2 23 64 704 645 703 706
6415 4 2 23 64 1467 1158 1450 1430
6416 4 2 23 64 819 1259 1429 1045
6417 4 2 23 64 1832 1480 1840 1483
6418 4 2 23 64 764 696 735 237
6419 4 2 23 64 1460 887 1525 1983
6420 4 2 23 64 520 1822 1469 1825
6421 4 2 23 64 737 234 692 766
6422 4 2 23 64 166 113 455 493
6423 4 2 23 64 1480 1404 1483 1832
6424 4 2 23 64 1214 245 1551 1978
6425 4 2 23 64 735 237 696 220
6426 4 2 23 64 260 1243 264 1984
6427 4 2 23 64 211 226 137 481
6428 4 2 23 64 258 1244 259 1985
6429 4 2 23 64 801 807 1245 1992
6430 4 2 23 64 1418 1414 148 534
6431 4 2 23 64 234 737 692 219
6432 4 2 23 64 1531 265 1233 809
6433 4 2 23 64 1515 894 1424 1982
6434 4 2 23 64 801 1246 807 1992
6435 4 2 23 64 578 1443 504 579
6436 4 2 23 64 1041 1550 1228 1994
6437 4 2 23 64 182 167 617 555
6438 4 2 23 64 148 1816 1418 1804
6439 4 2 23 64 163 598 179 676
6440 4 2 23 64 167 166 617 555
6441 4 2 23 64 1852 1979 157 2014
6442 4 2 23 64 1546 1420 1542 1986
6443 4 2 23 64 1878 1872 605 1988
6444 4 2 23 64 1166 1171 704 1985
6445 4 2 23 64 1427 571 497 1461
6446 4 2 23 64 1419 1438 1538 1995
6447 4 2 23 64 1167 700 1170 1984
6448 4 2 23 64 258 1229 798 1497
6449 4 2 23 64 564 1420 563 527
6450 4 2 23 64 1418 1788 1792 534
6451 4 2 23 64 1849 1880 1989 1991
6452 4 2 23 64 162 230 215 609
6453 4 2 23 64 265 1502 261 1980
6454 4 2 23 64 616 556 493 494
6455 4 2 23 64 804 810 1249 1502
6456 4 2 23 64 1540 575 1515 1424
6457 4 2 23 64 684 185 549 699
6458 4 2 23 64 1454 473 1408 508
6459 4 2 23 64 1057 1422 1163 274
6460 4 2 23 64 1404 1822 1469 1801
6461 4 2 23 64 1026 179 535 149
6462 4 2 23 64 1406 1473 1474 1824
6463 4 2 23 64 232 756 605 727
6464 4 2 23 64 199 1497 1979 2002
6465 4 2 23 64 1456 1463 526 527
6466 4 2 23 64 1042 797 1227 1987
6467 4 2 23 64 1440 148 119 547
6468 4 2 23 64 593 520 519 1428
6469 4 2 23 64 138 488 487 152
6470 4 2 23 64 674 705 691 2002
6471 4 2 23 64 698 697 699 2001
6472 4 2 23 64 1501 1443 907 2014
6473 4 2 23 64 727 605 232 217
6474 4 2 23 64 1879 1874 481 1987
6475 4 2 23 64 1411 1444 1453 131
6476 4 2 23 64 258 259 1497 2002
6477 4 2 23 64 561 529 562 1451
6478 4 2 23 64 736 693 733 694
6479 4 2 23 64 684 685 185 700
6480 4 2 23 64 1426 1525 1460 887
6481 4 2 23 64 1535 1499 1548 806
6482 4 2 23 64 1448 1412 1456 1793
6483 4 2 23 64 820 1471 1046 1261
6484 4 2 23 64 695 736 733 694
6485 4 2 23 64 1038 775 1199 1988
6486 4 2 23 64 1433 1404 1811 1817
6487 4 2 23 64 1418 1414 1440 148
6488 4 2 23 64 232 233 1191 2011
6489 4 2 23 64 1189 231 230 2016
6490 4 2 23 64 1522 788 1547 249
6491 4 2 23 64 254 255 1979 1993
6492 4 2 23 64 1239 812 1043 1989
6493 4 2 23 64 328 274 1057 1027
6494 4 2 23 64 754 230 609 725
6495 4 2 23 64 473 1454 126 508
6496 4 2 23 64 1020 1796 541 150
6497 4 2 23 64 1436 146 1468 1445
6498 4 2 23 64 811 810 1541 1249
6499 4 2 23 64 1849 1989 1519 1991
6500 4 2 23 64 725 230 609 215
6501 4 2 23 64 262 1914 805 2009
6502 4 2 23 64 1435 1480 1483 522
6503 4 2 23 64 1538 907 1443 2014
6504 4 2 23 64 1251 592 591 1983
6505 4 2 23 64 1026 179 149 536
6506 4 2 23 64 1847 1872 1878 1988
6507 4 2 23 64 1530 1425 560 1451
6508 4 2 23 64 1906 238 770 2010
6509 4 2 23 64 1857 604 1862 2011
6510 4 2 23 64 1039 1212 790 1990
6511 4 2 23 64 1516 1427 905 1982
6512 4 2 23 64 1455 494 493 1794
6513 4 2 23 64 529 528 562 1451
6514 4 2 23 64 609 1875 1877 1990
6515 4 2 23 64 1210 326 327 2019
6516 4 2 23 64 242 1210 251 2019
6517 4 2 23 64 327 1528 1525 2004
6518 4 2 23 64 1893 1846 1874 2003
6519 4 2 23 64 1832 1825 1480 1404
6520 4 2 23 64 1801 1415 1469 1434
6521 4 2 23 64 1868 698 205 1986
6522 4 2 23 64 1424 1461 574 1982
6523 4 2 23 64 773 1520 1196 771
6524 4 2 23 64 555 1866 1859 2000
6525 4 2 23 64 155 595 1512 2018
6526 4 2 23 64 1868 205 562 1986
6527 4 2 23 64 758 1908 1146 447
6528 4 2 23 64 327 1040 1211 2004
6529 4 2 23 64 815 1994 1041 2003
6530 4 2 23 64 1463 131 1805 474
6531 4 2 23 64 695 736 735 732
6532 4 2 23 64 1538 1438 1419 897
6533 4 2 23 64 736 693 737 733
6534 4 2 23 64 734 733 737 693
6535 4 2 23 64 887 1428 901 1983
6536 4 2 23 64 1825 1822 1469 1404
6537 4 2 23 64 252 792 1914 2009
6538 4 2 23 64 1040 327 1059 2004
6539 4 2 23 64 695 736 732 733
6540 4 2 23 64 1142 438 752 1916
6541 4 2 23 64 1433 1486 121 465
6542 4 2 23 64 575 1850 1886 2013
6543 4 2 23 64 1461 1464 500 499
6544 4 2 23 64 595 155 521 2018
6545 4 2 23 64 1418 144 1437 510
6546 4 2 23 64 1521 774 1201 1517
6547 4 2 23 64 1863 1860 561 1980
6548 4 2 23 64 1907 758 1147 447
6549 4 2 23 64 1867 1505 160 1978
6550 4 2 23 64 745 1176 1177 2000
6551 4 2 23 64 746 1179 1178 1997
6552 4 2 23 64 816 817 1022 1257
6553 4 2 23 64 500 1424 1461 574
6554 4 2 23 64 1158 464 1052 1430
6555 4 2 23 64 785 1518 1547 786
6556 4 2 23 64 1454 473 1441 1408
6557 4 2 23 64 770 772 1198 1988
6558 4 2 23 64 261 804 228 1991
6559 4 2 23 64 609 608 1875 2008
6560 4 2 23 64 794 1225 792 1987
6561 4 2 23 64 672 693 694 733
6562 4 2 23 64 793 227 254 1917
6563 4 2 23 64 804 228 1918 261
6564 4 2 23 64 438 752 1915 1143
6565 4 2 23 64 1906 770 2008 2010
6566 4 2 23 64 233 240 771 1909
6567 4 2 23 64 694 672 733 695
6568 4 2 23 64 1855 1870 1872 2005
6569 4 2 23 64 231 1910 782 246
6570 4 2 23 64 817 818 1024 1256
6571 4 2 23 64 576 156 1540 2013
6572 4 2 23 64 1808 1799 1462 1473
6573 4 2 23 64 1519 267 1516 1533
6574 4 2 23 64 1542 1451 1420 903
6575 4 2 23 64 590 1983 1525 2004
6576 4 2 23 64 1040 1059 1911 2005
6577 4 2 23 64 512 587 586 1436
6578 4 2 23 64 1538 1419 1443 897
6579 4 2 23 64 1037 326 1200 2006
6580 4 2 23 64 510 1437 1418 1408
6581 4 2 23 64 535 1026 1054 330
6582 4 2 23 64 714 213 715 1997
6583 4 2 23 64 1054 128 1026 1800
6584 4 2 23 64 1037 1058 326 2006
6585 4 2 23 64 1487 1426 1511 1445
6586 4 2 23 64 691 219 234 692
6587 4 2 23 64 1433 1434 1836 1811
6588 4 2 23 64 149 179 535 163
6589 4 2 23 64 1041 271 1226 1994
6590 4 2 23 64 776 1203 241 1544
6591 4 2 23 64 155 147 521 2018
6592 4 2 23 64 696 220 237 697
6593 4 2 23 64 1869 1979 1852 2014
6594 4 2 23 64 1911 1058 1037 2005
6595 4 2 23 64 596 535 534 632
6596 4 2 23 64 252 1987 792 2009
6597 4 2 23 64 1894 578 1501 2014
6598 4 2 23 64 1861 1874 1994 2003
6599 4 2 23 64 126 507 1455 1794
6600 4 2 23 64 1475 905 1539 2017
6601 4 2 23 64 1222 789 783 1990
6602 4 2 23 64 704 206 207 705
6603 4 2 23 64 1851 596 162 1978
6604 4 2 23 64 805 1249 811 1989
6605 4 2 23 64 1836 545 1413 544
6606 4 2 23 64 238 1988 770 2010
6607 4 2 23 64 1455 1803 1441 1794
6608 4 2 23 64 1519 1500 1849 1991
6609 4 2 23 64 208 209 699 700
6610 4 2 23 64 590 1426 1525 1460
6611 4 2 23 64 262 805 1989 2009
6612 4 2 23 64 671 732 672 695
6613 4 2 23 64 733 673 672 693
6614 4 2 23 64 673 733 734 693
6615 4 2 23 64 735 732 696 695
6616 4 2 23 64 737 693 692 734
6617 4 2 23 64 1458 1834 479 1410
6618 4 2 23 64 123 535 1050 330
6619 4 2 23 64 1812 1462 1458 1819
6620 4 2 23 64 672 732 733 695
6621 4 2 23 64 1863 1980 205 1997
6622 4 2 23 64 1203 1544 1202 1981
6623 4 2 23 64 1487 1426 1445 886
6624 4 2 23 64 1859 1852 556 2000
6625 4 2 23 64 1546 1542 1420 903
6626 4 2 23 64 1163 1452 1441 1054
6627 4 2 23 64 1850 1861 1874 1994
6628 4 2 23 64 1786 1833 1410 1446
6629 4 2 23 64 1987 1994 1874 2003
6630 4 2 23 64 1831 1841 1406 1476
6631 4 2 23 64 1177 1176 744 2000
6632 4 2 23 64 270 263 814 1999
6633 4 2 23 64 747 1178 1179 1997
6634 4 2 23 64 782 783 1908 2008
6635 4 2 23 64 199 1979 1859 2000
6636 4 2 23 64 1413 1449 1787 1434
6637 4 2 23 64 1416 1461 1473 498
6638 4 2 23 64 1461 572 499 573
6639 4 2 23 64 1824 496 1808 1473
6640 4 2 23 64 1875 1870 1858 2005
6641 4 2 23 64 1439 1478 904 1490
6642 4 2 23 64 1869 1894 1993 2014
6643 4 2 23 64 141 579 1442 156
6644 4 2 23 64 535 179 178 632
6645 4 2 23 64 1496 797 1550 1536
6646 4 2 23 64 1547 1507 248 786
6647 4 2 23 64 1548 795 1510 1503
6648 4 2 23 64 1483 1423 524 1448
6649 4 2 23 64 188 213 548 650
6650 4 2 23 64 1499 1245 807 1992
6651 4 2 23 64 1864 1873 1893 2003
6652 4 2 23 64 1409 493 1441 1455
6653 4 2 23 64 555 705 1866 2000
6654 4 2 23 64 1463 130 527 1456
6655 4 2 23 64 817 816 1403 1257
6656 4 2 23 64 483 720 484 717
6657 4 2 23 64 1428 1469 1480 520
6658 4 2 23 64 1508 901 1428 2019
6659 4 2 23 64 244 778 109 1149
6660 4 2 23 64 236 105 767 1149
6661 4 2 23 64 1463 131 1444 1411
6662 4 2 23 64 701 700 1167 1984
6663 4 2 23 64 1163 1452 273 1422
6664 4 2 23 64 703 1166 704 1985
6665 4 2 23 64 199 1995 1497 2002
6666 4 2 23 64 670 677 678 692
6667 4 2 23 64 521 1480 520 1428
6668 4 2 23 64 821 820 1403 1260
6669 4 2 23 64 684 700 185 699
6670 4 2 23 64 275 1421 1162 1453
6671 4 2 23 64 787 1215 1551 249
6672 4 2 23 64 1045 1429 819 1261
6673 4 2 23 64 1435 522 1483 523
6674 4 2 23 64 477 458 1410 459
6675 4 2 23 64 726 607 606 723
6676 4 2 23 64 1147 446 1907 447
6677 4 2 23 64 219 734 692 218
6678 4 2 23 64 557 1500 1887 2017
6679 4 2 23 64 1418 1408 1792 510
6680 4 2 23 64 1020 132 1796 150
6681 4 2 23 64 1886 576 575 2013
6682 4 2 23 64 1056 1444 1162 1055
6683 4 2 23 64 271 815 1253 256
6684 4 2 23 64 1465 502 501 1826
6685 4 2 23 64 1143 1915 438 437
6686 4 2 23 64 251 327 1211 1528
6687 4 2 23 64 732 221 220 696
6688 4 2 23 64 220 732 696 735
6689 4 2 23 64 1417 118 1458 1482
6690 4 2 23 64 734 219 692 737
6691 4 2 23 64 486 1482 1049 487
6692 4 2 23 64 483 720 717 482
6693 4 2 23 64 1894 1879 1869 1993
6694 4 2 23 64 794 253 1231 1510
6695 4 2 23 64 1463 130 1456 1444
6696 4 2 23 64 594 520 593 1428
6697 4 2 23 64 112 780 245 1148
6698 4 2 23 64 235 769 108 1148
6699 4 2 23 64 1850 1874 1987 1994
6700 4 2 23 64 1508 1512 595 2018
6701 4 2 23 64 1432 1458 1462 1819
6702 4 2 23 64 793 1225 1503 1993
6703 4 2 23 64 149 179 163 536
6704 4 2 23 64 1868 562 563 1986
6705 4 2 23 64 608 726 723 607
6706 4 2 23 64 1044 814 1919 2003
6707 4 2 23 64 1849 1519 1989 1999
6708 4 2 23 64 716 720 484 719
6709 4 2 23 64 1867 1522 1897 1505
6710 4 2 23 64 179 1026 535 178
6711 4 2 23 64 129 472 128 508
6712 4 2 23 64 243 1202 1544 1981
6713 4 2 23 64 598 163 179 536
6714 4 2 23 64 1188 761 1189 2016
6715 4 2 23 64 1908 448 1146 447
6716 4 2 23 64 720 716 484 717
6717 4 2 23 64 1410 1812 1458 1834
6718 4 2 23 64 137 1979 1869 1993
6719 4 2 23 64 1190 1191 762 2011
6720 4 2 23 64 1501 907 1538 2014
6721 4 2 23 64 103 259 800 1137
6722 4 2 23 64 223 741 1137 99
6723 4 2 23 64 1253 270 263 814
6724 4 2 23 64 1177 227 745 2000
6725 4 2 23 64 338 453 612 332
6726 4 2 23 64 340 452 453 334
6727 4 2 23 64 746 228 1179 1997
6728 4 2 23 64 1806 1484 1839 1447
6729 4 2 23 64 898 1436 909 1996
6730 4 2 23 64 1498 1542 1530 1986
6731 4 2 23 64 438 1142 439 1916
6732 4 2 23 64 1886 1899 576 2013
6733 4 2 23 64 699 185 208 700
6734 4 2 23 64 815 1041 1919 2003
6735 4 2 23 64 1405 1449 1820 1783
6736 4 2 23 64 516 1415 517 1802
6737 4 2 23 64 1855 2005 1872 2006
6738 4 2 23 64 609 1875 1990 2008
6739 4 2 23 64 707 386 380 708
6740 4 2 23 64 1454 126 507 1455
6741 4 2 23 64 210 187 137 556
6742 4 2 23 64 1469 1404 1801 1434
6743 4 2 23 64 1861 1893 1874 2003
6744 4 2 23 64 1252 815 268 573
6745 4 2 23 64 696 732 671 695
6746 4 2 23 64 1478 1439 892 1490
6747 4 2 23 64 1405 1418 1440 1816
6748 4 2 23 64 1406 1824 1808 1473
6749 4 2 23 64 693 692 734 673
6750 4 2 23 64 782 1908 757 2008
6751 4 2 23 64 1468 515 1426 514
6752 4 2 23 64 1426 1549 589 1525
6753 4 2 23 64 453 612 332 454
6754 4 2 23 64 588 515 1426 589
6755 4 2 23 64 1410 478 458 477
6756 4 2 23 64 611 338 453 612
6757 4 2 23 64 453 610 340 611
6758 4 2 23 64 482 720 717 721
6759 4 2 23 64 717 721 718 482
6760 4 2 23 64 1405 1449 1459 1820
6761 4 2 23 64 1850 575 574 1994
6762 4 2 23 64 786 1535 1218 1518
6763 4 2 23 64 767 695 1984 1992
6764 4 2 23 64 1046 1471 1154 458
6765 4 2 23 64 693 769 1985 1992
6766 4 2 23 64 380 646 707 708
6767 4 2 23 64 646 380 647 708
6768 4 2 23 64 646 707 706 388
6769 4 2 23 64 452 340 453 610
6770 4 2 23 64 1826 501 1465 1464
6771 4 2 23 64 804 1502 1249 1991
6772 4 2 23 64 1847 1521 1988 2012
6773 4 2 23 64 726 606 727 723
6774 4 2 23 64 802 260 102 1136
6775 4 2 23 64 743 225 1136 98
6776 4 2 23 64 294 892 1479 1490
6777 4 2 23 64 752 431 1143 432
6778 4 2 23 64 432 433 1142 752
6779 4 2 23 64 1502 1541 1249 1989
6780 4 2 23 64 801 434 435 1139
6781 4 2 23 64 435 436 801 1138
6782 4 2 23 64 742 428 1139 429
6783 4 2 23 64 430 742 1138 429
6784 4 2 23 64 485 748 484 1180
6785 4 2 23 64 1880 485 1989 1991
6786 4 2 23 64 905 894 1515 1982
6787 4 2 23 64 100 227 753 1140
6788 4 2 23 64 724 723 727 606
6789 4 2 23 64 1463 1805 131 528
6790 4 2 23 64 1418 1408 1452 1792
6791 4 2 23 64 253 266 1231 1510
6792 4 2 23 64 450 449 1151 779
6793 4 2 23 64 779 451 1150 450
6794 4 2 23 64 443 768 444 1151
6795 4 2 23 64 768 445 444 1150
6796 4 2 23 64 1256 1450 1052 817
6797 4 2 23 64 440 758 441 1147
6798 4 2 23 64 758 442 441 1146
6799 4 2 23 64 1802 1459 1415 1449
6800 4 2 23 64 578 1894 1501 2013
6801 4 2 23 64 132 130 1796 527
6802 4 2 23 64 1484 115 476 1431
6803 4 2 23 64 1026 1054 330 273
6804 4 2 23 64 1863 684 549 699
6805 4 2 23 64 725 726 723 608
6806 4 2 23 64 1532 1498 1530 1980
6807 4 2 23 64 1043 1989 1873 2009
6808 4 2 23 64 1545 239 1495 1524
6809 4 2 23 64 784 1216 1537 1984
6810 4 2 23 64 293 889 1489 1472
6811 4 2 23 64 725 723 722 608
6812 4 2 23 64 1424 1465 502 501
6813 4 2 23 64 143 158 580 1419
6814 4 2 23 64 195 734 692 673
6815 4 2 23 64 1537 784 1219 1518
6816 4 2 23 64 725 95 230 91
6817 4 2 23 64 269 1252 572 814
6818 4 2 23 64 481 1879 1987 1993
6819 4 2 23 64 1466 1540 1424 576
6820 4 2 23 64 1525 887 901 1983
6821 4 2 23 64 1020 1796 1055 541
6822 4 2 23 64 670 692 673 195
6823 4 2 23 64 43 364 642 47
6824 4 2 23 64 11 340 452 15
6825 4 2 23 64 708 386 66 70
6826 4 2 23 64 10 612 338 14
6827 4 2 23 64 572 1252 269 268
6828 4 2 23 64 644 184 1258 185
6829 4 2 23 64 334 11 340 452
6830 4 2 23 64 612 332 10 338
6831 4 2 23 64 485 748 719 484
6832 4 2 23 64 1410 1431 1446 1833
6833 4 2 23 64 123 1026 535 330
6834 4 2 23 64 565 1504 566 2012
6835 4 2 23 64 188 213 136 548
6836 4 2 23 64 1816 148 1418 1440
6837 4 2 23 64 1243 260 802 1984
6838 4 2 23 64 1244 800 259 1985
6839 4 2 23 64 1498 1986 205 2001
6840 4 2 23 64 684 203 205 1863
6841 4 2 23 64 1541 812 1239 1989
6842 4 2 23 64 578 1501 579 2013
6843 4 2 23 64 205 1980 1498 2001
6844 4 2 23 64 708 380 66 386
6845 4 2 23 64 1427 1516 905 2017
6846 4 2 23 64 676 195 194 597
6847 4 2 23 64 1044 1989 1519 1999
6848 4 2 23 64 820 821 1403 1164
6849 4 2 23 64 343 337 620 461
6850 4 2 23 64 1413 1433 1836 544
6851 4 2 23 64 610 15 452 340
6852 4 2 23 64 332 612 10 454
6853 4 2 23 64 1026 178 123 535
6854 4 2 23 64 1520 1196 771 2012
6855 4 2 23 64 1479 1439 1539 1490
6856 4 2 23 64 1885 2004 1549 2007
6857 4 2 23 64 1485 504 1838 1407
6858 4 2 23 64 1512 1489 1488 297
6859 4 2 23 64 1052 1450 1158 1430
6860 4 2 23 64 458 1046 1471 1429
6861 4 2 23 64 904 1539 1439 1490
6862 4 2 23 64 1875 1858 2004 2005
6863 4 2 23 64 341 335 621 462
6864 4 2 23 64 625 365 653 359
6865 4 2 23 64 657 389 717 383
6866 4 2 23 64 391 385 655 717
6867 4 2 23 64 380 708 66 647
6868 4 2 23 64 194 179 676 597
6869 4 2 23 64 337 460 620 461
6870 4 2 23 64 463 1157 119 1467
6871 4 2 23 64 268 572 1252 573
6872 4 2 23 64 1504 565 1527 1981
6873 4 2 23 64 1444 1056 1162 1453
6874 4 2 23 64 575 1994 1850 2013
6875 4 2 23 64 1526 1498 809 264
6876 4 2 23 64 574 1861 815 573
6877 4 2 23 64 128 129 508 509
6878 4 2 23 64 697 1862 682 603
6879 4 2 23 64 657 383 717 656
6880 4 2 23 64 656 655 385 717
6881 4 2 23 64 1869 1879 137 1993
6882 4 2 23 64 1408 473 129 508
6883 4 2 23 64 1474 1824 496 495
6884 4 2 23 64 1862 682 202 204
6885 4 2 23 64 625 359 653 624
6886 4 2 23 64 461 621 335 462
6887 4 2 23 64 389 657 717 718
6888 4 2 23 64 365 625 653 654
6889 4 2 23 64 621 341 462 622
6890 4 2 23 64 716 391 655 717
6891 4 2 23 64 367 652 653 624
6892 4 2 23 64 621 343 620 461
6893 4 2 23 64 1535 1985 1218 1992
6894 4 2 23 64 1505 586 1436 2007
6895 4 2 23 64 143 580 506 1419
6896 4 2 23 64 1550 1987 1228 1994
6897 4 2 23 64 111 761 781 246
6898 4 2 23 64 1418 1414 534 1452
6899 4 2 23 64 1801 1415 1821 518
6900 4 2 23 64 1258 551 686 685
6901 4 2 23 64 1026 179 536 178
6902 4 2 23 64 204 202 1862 563
6903 4 2 23 64 1405 1459 1468 1823
6904 4 2 23 64 1875 1848 1990 2004
6905 4 2 23 64 244 1981 243 2001
6906 4 2 23 64 756 605 606 1184
6907 4 2 23 64 463 1053 1157 1467
6908 4 2 23 64 756 605 727 606
6909 4 2 23 64 1856 1978 200 2016
6910 4 2 23 64 1512 1472 1489 1435
6911 4 2 23 64 292 899 1445 1493
6912 4 2 23 64 157 577 1869 2014
6913 4 2 23 64 1519 1849 1500 2017
6914 4 2 23 64 240 1544 1203 1981
6915 4 2 23 64 821 820 1260 1031
6916 4 2 23 64 440 759 758 1147
6917 4 2 23 64 758 757 442 1146
6918 4 2 23 64 1259 688 553 689
6919 4 2 23 64 769 1151 768 443
6920 4 2 23 64 445 768 767 1150
6921 4 2 23 64 779 780 449 1151
6922 4 2 23 64 778 779 451 1150
6923 4 2 23 64 1434 1415 1821 1801
6924 4 2 23 64 1484 115 134 476
6925 4 2 23 64 1499 1537 1245 1992
6926 4 2 23 64 743 1139 742 428
6927 4 2 23 64 742 741 430 1138
6928 4 2 23 64 802 434 801 1139
6929 4 2 23 64 801 436 800 1138
6930 4 2 23 64 752 431 753 1143
6931 4 2 23 64 751 433 752 1142
6932 4 2 23 64 1431 1785 1818 1407
6933 4 2 23 64 597 596 1856 2016
6934 4 2 23 64 1038 1872 1988 2010
6935 4 2 23 64 1471 1047 1153 1417
6936 4 2 23 64 586 587 1897 1505
6937 4 2 23 64 1424 1464 1465 501
6938 4 2 23 64 255 1497 1230 1979
6939 4 2 23 64 1534 1994 575 2013
6940 4 2 23 64 904 1425 1530 891
6941 4 2 23 64 1876 1532 1980 1991
6942 4 2 23 64 1245 1984 802 1992
6943 4 2 23 64 126 127 508 507
6944 4 2 23 64 487 1482 329 1453
6945 4 2 23 64 65 391 655 69
6946 4 2 23 64 625 48 365 44
6947 4 2 23 64 341 12 462 16
6948 4 2 23 64 652 41 367 45
6949 4 2 23 64 343 9 13 620
6950 4 2 23 64 389 72 68 718
6951 4 2 23 64 1425 1530 1478 904
6952 4 2 23 64 337 620 9 343
6953 4 2 23 64 1440 1413 1449 1814
6954 4 2 23 64 1246 800 1985 1992
6955 4 2 23 64 91 230 725 215
6956 4 2 23 64 1437 1438 583 1996
6957 4 2 23 64 728 729 214 2016
6958 4 2 23 64 391 385 65 655
6959 4 2 23 64 335 341 12 462
6960 4 2 23 64 383 389 68 657
6961 4 2 23 64 359 365 44 625
6962 4 2 23 64 820 1029 819 1261
6963 4 2 23 64 620 337 9 460
6964 4 2 23 64 1470 887 1460 1983
6965 4 2 23 64 1503 255 1223 1993
6966 4 2 23 64 902 1489 889 1435
6967 4 2 23 64 784 1495 1518 1543
6968 4 2 23 64 231 1978 230 2016
6969 4 2 23 64 1469 1801 518 1415
6970 4 2 23 64 527 6 1796 132
6971 4 2 23 64 199 1979 1497 1995
6972 4 2 23 64 129 472 508 473
6973 4 2 23 64 730 731 217 2011
6974 4 2 23 64 560 559 531 1425
6975 4 2 23 64 69 391 655 716
6976 4 2 23 64 48 625 365 654
6977 4 2 23 64 16 341 622 462
6978 4 2 23 64 507 1454 1455 506
6979 4 2 23 64 725 95 754 230
6980 4 2 23 64 727 94 232 756
6981 4 2 23 64 1169 1984 695 1992
6982 4 2 23 64 1452 1418 1792 534
6983 4 2 23 64 567 523 1481 566
6984 4 2 23 64 785 1518 779 1219
6985 4 2 23 64 601 680 681 1255
6986 4 2 23 64 693 1985 1168 1992
6987 4 2 23 64 1440 1783 1814 1449
6988 4 2 23 64 1484 1818 1407 1431
6989 4 2 23 64 93 237 764 735
6990 4 2 23 64 34 563 1862 202
6991 4 2 23 64 1484 115 1431 1409
6992 4 2 23 64 767 1984 778 1992
6993 4 2 23 64 224 86 711 82
6994 4 2 23 64 330 1053 123 1254
6995 4 2 23 64 200 583 1523 1978
6996 4 2 23 64 1213 791 1509 790
6997 4 2 23 64 68 389 718 657
6998 4 2 23 64 1785 1810 1826 1407
6999 4 2 23 64 780 1985 769 1992
7000 4 2 23 64 1512 567 902 1504
7001 4 2 23 64 737 234 766 96
7002 4 2 23 64 1042 1874 1987 2009
7003 4 2 23 64 1034 331 124 1255
7004 4 2 23 64 201 200 583 582
7005 4 2 23 64 269 572 1864 814
7006 4 2 23 64 1053 1036 123 1254
7007 4 2 23 64 754 609 608 725
7008 4 2 23 64 1053 1052 1036 1256
7009 4 2 23 64 1052 1051 1035 1257
7010 4 2 23 64 1034 331 1255 1051
7011 4 2 23 64 556 187 186 648
7012 4 2 23 64 1410 1812 1834 1462
7013 4 2 23 64 1036 1052 1035 1256
7014 4 2 23 64 84 226 721 88
7015 4 2 23 64 1035 1034 1257 1051
7016 4 2 23 64 1058 1983 1250 2019
7017 4 2 23 64 1229 1230 1497 1979
7018 4 2 23 64 1439 1539 1475 1479
7019 4 2 23 64 775 1201 1517 1988
7020 4 2 23 64 1462 1784 1432 1819
7021 4 2 23 64 770 1988 1872 2010
7022 4 2 23 64 1431 1785 1407 1446
7023 4 2 23 64 1225 1987 1503 1993
7024 4 2 23 64 325 591 1251 592
7025 4 2 23 64 1894 1501 1993 2014
7026 4 2 23 64 130 1796 1444 1055
7027 4 2 23 64 893 294 1479 1492
7028 4 2 23 64 1862 604 603 2011
7029 4 2 23 64 1508 1428 901 2018
7030 4 2 23 64 189 188 548 650
7031 4 2 23 64 118 117 486 456
7032 4 2 23 64 1511 909 1436 2007
7033 4 2 23 64 1489 1512 1488 1472
7034 4 2 23 64 1807 1483 524 1448
7035 4 2 23 64 676 195 597 691
7036 4 2 23 64 821 1260 1403 1471
7037 4 2 23 64 1847 1872 1988 2006
7038 4 2 23 64 1782 1404 1817 1811
7039 4 2 23 64 818 817 1165 1403
7040 4 2 23 64 199 198 581 582
7041 4 2 23 64 558 1500 1532 1991
7042 4 2 23 64 1188 1189 760 2016
7043 4 2 23 64 897 1443 1538 907
7044 4 2 23 64 1190 763 1191 2011
7045 4 2 23 64 1539 1492 1475 1479
7046 4 2 23 64 1530 903 904 891
7047 4 2 23 64 273 1414 1452 330
7048 4 2 23 64 1444 1796 1456 1412
7049 4 2 23 64 519 520 1469 1428
7050 4 2 23 64 120 119 469 534
7051 4 2 23 64 1481 1546 1420 890
7052 4 2 23 64 137 187 186 556
7053 4 2 23 64 896 295 1442 1494
7054 4 2 23 64 691 218 219 692
7055 4 2 23 64 598 599 1254 677
7056 4 2 23 64 601 602 1255 681
7057 4 2 23 64 1894 1993 1501 2013
7058 4 2 23 64 119 120 148 534
7059 4 2 23 64 773 241 1520 1543
7060 4 2 23 64 212 716 485 719
7061 4 2 23 64 716 212 485 213
7062 4 2 23 64 715 209 714 1997
7063 4 2 23 64 1409 1455 1484 494
7064 4 2 23 64 1416 1446 1464 1798
7065 4 2 23 64 1463 529 1451 528
7066 4 2 23 64 1875 1039 1990 2010
7067 4 2 23 64 808 1231 1233 1531
7068 4 2 23 64 1424 1464 501 500
7069 4 2 23 64 1425 530 560 1451
7070 4 2 23 64 1467 1413 545 464
7071 4 2 23 64 1054 1452 330 273
7072 4 2 23 64 459 476 115 1431
7073 4 2 23 64 792 1224 794 1987
7074 4 2 23 64 1461 1464 499 1416
7075 4 2 23 64 134 170 116 494
7076 4 2 23 64 717 656 484 483
7077 4 2 23 64 1796 1456 130 1444
7078 4 2 23 64 704 223 1985 2002
7079 4 2 23 64 770 1197 772 1988
7080 4 2 23 64 1452 535 1414 534
7081 4 2 23 64 700 1984 225 2001
7082 4 2 23 64 711 209 224 82
7083 4 2 23 64 252 1227 1224 1987
7084 4 2 23 64 783 1990 247 2008
7085 4 2 23 64 200 1523 583 1995
7086 4 2 23 64 585 513 586 1436
7087 4 2 23 64 1219 1984 1537 1992
7088 4 2 23 64 1856 596 1851 1978
7089 4 2 23 64 1197 238 1199 1988
7090 4 2 23 64 1022 1021 816 1255
7091 4 2 23 64 132 1020 1796 1055
7092 4 2 23 64 804 810 1502 1248
7093 4 2 23 64 591 1460 590 1983
7094 4 2 23 64 1515 1516 905 1982
7095 4 2 23 64 229 485 136 1991
7096 4 2 23 64 1511 1436 899 1445
7097 4 2 23 64 205 684 1863 699
7098 4 2 23 64 226 84 721 211
7099 4 2 23 64 1521 1988 1201 2006
7100 4 2 23 64 1035 636 1257 1034
7101 4 2 23 64 562 205 203 1863
7102 4 2 23 64 909 908 898 1996
7103 4 2 23 64 1036 637 1256 1035
7104 4 2 23 64 741 99 430 1137
7105 4 2 23 64 800 103 1137 436
7106 4 2 23 64 751 97 433 1141
7107 4 2 23 64 1459 1823 515 1468
7108 4 2 23 64 1035 636 637 1257
7109 4 2 23 64 1036 637 638 1256
7110 4 2 23 64 890 903 902 1546
7111 4 2 23 64 1839 1818 1484 1806
7112 4 2 23 64 789 1522 1524 1990
7113 4 2 23 64 248 1507 1551 2002
7114 4 2 23 64 200 676 201 1865
7115 4 2 23 64 1875 1858 1848 2004
7116 4 2 23 64 224 86 740 711
7117 4 2 23 64 815 1861 574 1994
7118 4 2 23 64 1807 1832 1483 1448
7119 4 2 23 64 1540 1494 1466 1491
7120 4 2 23 64 158 577 157 2014
7121 4 2 23 64 1439 1478 1539 904
7122 4 2 23 64 811 1249 1541 1989
7123 4 2 23 64 719 229 85 748
7124 4 2 23 64 811 1247 805 1989
7125 4 2 23 64 1507 245 248 1217
7126 4 2 23 64 482 656 717 483
7127 4 2 23 64 818 1025 1024 1254
7128 4 2 23 64 1831 1841 1476 533
7129 4 2 23 64 904 1478 1425 891
7130 4 2 23 64 789 1220 783 1990
7131 4 2 23 64 757 107 442 1145
7132 4 2 23 64 767 105 445 1149
7133 4 2 23 64 778 109 1149 451
7134 4 2 23 64 607 723 662 606
7135 4 2 23 64 210 718 211 481
7136 4 2 23 64 204 1986 1981 2001
7137 4 2 23 64 1239 262 1247 1989
7138 4 2 23 64 1434 1821 1449 1787
7139 4 2 23 64 1511 899 1493 1445
7140 4 2 23 64 127 1027 1803 1057
7141 4 2 23 64 1412 121 543 1433
7142 4 2 23 64 97 101 1141 1918
7143 4 2 23 64 324 591 1251 325
7144 4 2 23 64 1489 1512 1435 902
7145 4 2 23 64 226 721 88 750
7146 4 2 23 64 1245 1499 807 808
7147 4 2 23 64 189 188 136 548
7148 4 2 23 64 478 461 458 477
7149 4 2 23 64 701 743 1984 1992
7150 4 2 23 64 656 484 655 717
7151 4 2 23 64 1538 580 1995 2014
7152 4 2 23 64 572 498 1461 499
7153 4 2 23 64 781 245 1978 2016
7154 4 2 23 64 703 1985 741 1992
7155 4 2 23 64 594 1508 593 2006
7156 4 2 23 64 497 571 1427 570
7157 4 2 23 64 458 479 461 478
7158 4 2 23 64 716 655 484 717
7159 4 2 23 64 200 1978 2002 2016
7160 4 2 23 64 136 212 213 485
7161 4 2 23 64 512 586 513 1436
7162 4 2 23 64 216 724 217 605
7163 4 2 23 64 249 1522 246 1978
7164 4 2 23 64 292 886 1487 1445
7165 4 2 23 64 259 1985 223 2002
7166 4 2 23 64 1487 1426 900 1511
7167 4 2 23 64 1223 793 1503 1993
7168 4 2 23 64 467 546 545 464
7169 4 2 23 64 1540 1494 1491 299
7170 4 2 23 64 808 1243 802 1984
7171 4 2 23 64 608 607 723 662
7172 4 2 23 64 797 1536 1227 1987
7173 4 2 23 64 666 197 667 1998
7174 4 2 23 64 676 692 195 691
7175 4 2 23 64 800 1244 806 1985
7176 4 2 23 64 1862 697 682 204
7177 4 2 23 64 674 582 201 675
7178 4 2 23 64 98 743 428 1136
7179 4 2 23 64 434 102 1136 802
7180 4 2 23 64 100 753 431 1140
7181 4 2 23 64 1426 1487 900 886
7182 4 2 23 64 225 1984 260 2001
7183 4 2 23 64 1462 1784 1406 1432
7184 4 2 23 64 605 727 724 217
7185 4 2 23 64 229 714 747 1997
7186 4 2 23 64 494 137 134 170
7187 4 2 23 64 438 752 1914 1915
7188 4 2 23 64 544 467 545 464
7189 4 2 23 64 758 1907 1906 447
7190 4 2 23 64 530 1457 529 1451
7191 4 2 23 64 1220 1212 247 1990
7192 4 2 23 64 1916 438 752 1914
7193 4 2 23 64 812 1519 1240 1989
7194 4 2 23 64 137 210 211 481
7195 4 2 23 64 1889 1987 1874 2009
7196 4 2 23 64 1492 1539 1475 905
7197 4 2 23 64 758 1906 1908 447
7198 4 2 23 64 713 211 744 2000
7199 4 2 23 64 1467 1414 119 1440
7200 4 2 23 64 1473 1427 1474 496
7201 4 2 23 64 717 657 656 482
7202 4 2 23 64 106 440 1144 759
7203 4 2 23 64 107 111 1145 1910
7204 4 2 23 64 108 443 1148 769
7205 4 2 23 64 112 780 1148 449
7206 4 2 23 64 1530 1451 1542 903
7207 4 2 23 64 540 539 1255 1021
7208 4 2 23 64 462 458 461 477
7209 4 2 23 64 477 462 458 459
7210 4 2 23 64 479 460 457 461
7211 4 2 23 64 1803 126 1441 1794
7212 4 2 23 64 556 186 171 648
7213 4 2 23 64 494 170 116 616
7214 4 2 23 64 1433 1412 151 543
7215 4 2 23 64 1807 1832 1448 1404
7216 4 2 23 64 717 657 482 718
7217 4 2 23 64 245 1551 1978 2002
7218 4 2 23 64 1535 807 1246 1992
7219 4 2 23 64 1408 1792 129 1452
7220 4 2 23 64 1876 1980 1860 1991
7221 4 2 23 64 457 458 479 461
7222 4 2 23 64 556 170 616 171
7223 4 2 23 64 537 536 1254 1025
7224 4 2 23 64 771 1988 1520 2012
7225 4 2 23 64 723 663 662 606
7226 4 2 23 64 466 467 463 546
7227 4 2 23 64 1247 266 1239 1541
7228 4 2 23 64 722 215 609 214
7229 4 2 23 64 1042 1987 252 2009
7230 4 2 23 64 1525 1508 1528 2019
7231 4 2 23 64 1417 1049 1482 329
7232 4 2 23 64 1415 1802 1449 1821
7233 4 2 23 64 1539 1492 1479 1490
7234 4 2 23 64 1045 328 1259 1429
7235 4 2 23 64 1536 797 1550 1987
7236 4 2 23 64 119 463 1467 547
7237 4 2 23 64 1451 1411 1457 529
7238 4 2 23 64 215 722 609 725
7239 4 2 23 64 463 467 464 546
7240 4 2 23 64 171 137 186 556
7241 4 2 23 64 1512 1488 1472 2018
7242 4 2 23 64 486 117 173 456
7243 4 2 23 64 492 491 1259 1028
7244 4 2 23 64 559 531 1425 558
7245 4 2 23 64 148 120 174 534
7246 4 2 23 64 556 137 170 171
7247 4 2 23 64 1472 155 1512 2018
7248 4 2 23 64 1041 1226 1550 1994
7249 4 2 23 64 1548 795 1232 1231
7250 4 2 23 64 743 260 225 1984
7251 4 2 23 64 743 802 260 1984
7252 4 2 23 64 223 259 741 1985
7253 4 2 23 64 259 800 741 1985
7254 4 2 23 64 467 468 464 544
7255 4 2 23 64 464 468 465 544
7256 4 2 23 64 797 1228 796 1550
7257 4 2 23 64 1507 258 1513 1497
7258 4 2 23 64 1873 1989 1890 2009
7259 4 2 23 64 548 173 172 618
7260 4 2 23 64 162 215 214 609
7261 4 2 23 64 155 147 1435 522
7262 4 2 23 64 489 488 1258 1032
7263 4 2 23 64 815 1861 1994 2003
7264 4 2 23 64 1461 1427 1473 497
7265 4 2 23 64 1450 1403 1256 818
7266 4 2 23 64 893 1475 1427 905
7267 4 2 23 64 662 661 722 608
7268 4 2 23 64 722 662 608 723
7269 4 2 23 64 1533 1515 1534 257
7270 4 2 23 64 522 1435 155 568
7271 4 2 23 64 1251 1058 325 592
7272 4 2 23 64 195 218 691 692
7273 4 2 23 64 1406 1784 1462 1808
7274 4 2 23 64 1546 1481 902 890
7275 4 2 23 64 691 692 234 2002
7276 4 2 23 64 1783 1440 1405 1449
7277 4 2 23 64 696 697 237 2001
7278 4 2 23 64 1858 1059 591 590
7279 4 2 23 64 550 551 1258 685
7280 4 2 23 64 118 117 135 486
7281 4 2 23 64 1475 893 1492 905
7282 4 2 23 64 190 175 633 596
7283 4 2 23 64 469 174 120 534
7284 4 2 23 64 583 59 201 582
7285 4 2 23 64 516 1415 1460 517
7286 4 2 23 64 691 705 1171 2002
7287 4 2 23 64 1546 1481 1504 902
7288 4 2 23 64 1024 1023 817 1256
7289 4 2 23 64 493 1409 494 1455
7290 4 2 23 64 697 1170 699 2001
7291 4 2 23 64 1176 745 223 2000
7292 4 2 23 64 553 554 1259 689
7293 4 2 23 64 746 1178 225 1997
7294 4 2 23 64 130 132 1796 1055
7295 4 2 23 64 174 596 633 175
7296 4 2 23 64 1879 481 137 1993
7297 4 2 23 64 508 31 128 509
7298 4 2 23 64 817 1022 1257 1023
7299 4 2 23 64 1498 1980 260 2001
7300 4 2 23 64 890 1420 1451 903
7301 4 2 23 64 1871 165 1857 2012
7302 4 2 23 64 806 1499 1548 807
7303 4 2 23 64 1909 106 110 1144
7304 4 2 23 64 293 888 1472 1488
7305 4 2 23 64 241 1544 240 2012
7306 4 2 23 64 324 1251 591 1059
7307 4 2 23 64 565 1546 1504 1527
7308 4 2 23 64 572 573 1461 1982
7309 4 2 23 64 1435 889 902 1481
7310 4 2 23 64 621 461 478 477
7311 4 2 23 64 507 32 1794 127
7312 4 2 23 64 60 581 1859 198
7313 4 2 23 64 140 1476 533 1439
7314 4 2 23 64 118 135 1458 1482
7315 4 2 23 64 262 1989 1043 2009
7316 4 2 23 64 116 459 476 115
7317 4 2 23 64 1496 266 812 1236
7318 4 2 23 64 1038 1988 238 2010
7319 4 2 23 64 520 1480 521 1825
7320 4 2 23 64 479 621 461 478
7321 4 2 23 64 534 162 174 148
7322 4 2 23 64 189 136 172 548
7323 4 2 23 64 260 1980 803 1997
7324 4 2 23 64 1504 1521 567 2012
7325 4 2 23 64 562 33 1863 203
7326 4 2 23 64 1847 1855 1872 2006
7327 4 2 23 64 1022 1021 1255 539
7328 4 2 23 64 799 1979 259 2000
7329 4 2 23 64 467 545 546 627
7330 4 2 23 64 1025 1024 1254 537
7331 4 2 23 64 1031 1032 1258 821
7332 4 2 23 64 1459 1405 1820 1823
7333 4 2 23 64 245 235 2002 2016
7334 4 2 23 64 548 173 136 172
7335 4 2 23 64 179 638 1254 178
7336 4 2 23 64 636 181 180 1255
7337 4 2 23 64 127 32 508 507
7338 4 2 23 64 329 454 114 1258
7339 4 2 23 64 329 454 1258 1047
7340 4 2 23 64 452 328 113 1259
7341 4 2 23 64 454 1046 1260 1047
7342 4 2 23 64 1465 1466 1424 502
7343 4 2 23 64 5 528 1797 133
7344 4 2 23 64 198 60 581 582
7345 4 2 23 64 167 642 613 1259
7346 4 2 23 64 627 467 545 544
7347 4 2 23 64 531 530 560 1425
7348 4 2 23 64 1459 1426 1468 515
7349 4 2 23 64 1023 1022 1257 538
7350 4 2 23 64 461 621 462 477
7351 4 2 23 64 622 462 621 477
7352 4 2 23 64 479 620 460 461
7353 4 2 23 64 1024 538 1023 1256
7354 4 2 23 64 180 636 1255 639
7355 4 2 23 64 637 641 638 1256
7356 4 2 23 64 452 1045 328 1259
7357 4 2 23 64 453 1045 1261 1046
7358 4 2 23 64 1046 454 1260 453
7359 4 2 23 64 453 1045 452 1261
7360 4 2 23 64 1472 888 1428 2018
7361 4 2 23 64 582 675 199 198
7362 4 2 23 64 592 593 1470 1983
7363 4 2 23 64 115 116 134 476
7364 4 2 23 64 620 479 621 461
7365 4 2 23 64 639 180 197 1255
7366 4 2 23 64 1847 1988 1521 2006
7367 4 2 23 64 626 467 466 546
7368 4 2 23 64 621 479 620 624
7369 4 2 23 64 470 124 471 1998
7370 4 2 23 64 120 466 463 547
7371 4 2 23 64 120 463 119 547
7372 4 2 23 64 772 239 1204 1495
7373 4 2 23 64 1817 151 543 1433
7374 4 2 23 64 175 190 162 596
7375 4 2 23 64 1501 1540 156 2013
7376 4 2 23 64 327 1250 1983 2019
7377 4 2 23 64 701 1984 1169 1992
7378 4 2 23 64 295 1466 1442 1494
7379 4 2 23 64 1029 1028 819 1259
7380 4 2 23 64 1537 1518 1219 1992
7381 4 2 23 64 1454 473 126 1441
7382 4 2 23 64 627 626 546 467
7383 4 2 23 64 1022 538 539 1257
7384 4 2 23 64 1440 119 1467 547
7385 4 2 23 64 1024 538 1256 537
7386 4 2 23 64 1168 1985 703 1992
7387 4 2 23 64 596 174 162 175
7388 4 2 23 64 789 1522 788 1524
7389 4 2 23 64 465 122 121 543
7390 4 2 23 64 507 126 127 1794
7391 4 2 23 64 113 452 1259 166
7392 4 2 23 64 125 1486 471 1412
7393 4 2 23 64 628 467 544 468
7394 4 2 23 64 628 467 627 544
7395 4 2 23 64 1499 1245 1537 808
7396 4 2 23 64 1505 909 1436 1996
7397 4 2 23 64 468 122 465 543
7398 4 2 23 64 583 59 1856 201
7399 4 2 23 64 1550 257 796 1533
7400 4 2 23 64 1038 1199 238 1988
7401 4 2 23 64 114 612 1258 454
7402 4 2 23 64 610 1259 452 166
7403 4 2 23 64 611 612 453 1260
7404 4 2 23 64 453 610 611 1261
7405 4 2 23 64 523 1483 1481 524
7406 4 2 23 64 1439 1474 1475 140
7407 4 2 23 64 599 538 1256 600
7408 4 2 23 64 1498 1980 205 1986
7409 4 2 23 64 31 509 1792 128
7410 4 2 23 64 539 540 1255 602
7411 4 2 23 64 612 453 1260 454
7412 4 2 23 64 452 453 1261 610
7413 4 2 23 64 656 653 484 483
7414 4 2 23 64 600 599 678 1256
7415 4 2 23 64 1424 1461 1464 500
7416 4 2 23 64 253 1227 1536 1224
7417 4 2 23 64 599 538 537 1256
7418 4 2 23 64 538 601 539 1257
7419 4 2 23 64 1455 1447 1484 1789
7420 4 2 23 64 1039 247 1212 1990
7421 4 2 23 64 546 1835 1413 1814
7422 4 2 23 64 537 598 1254 536
7423 4 2 23 64 598 537 1254 599
7424 4 2 23 64 539 602 1255 601
7425 4 2 23 64 1528 327 1211 2004
7426 4 2 23 64 1795 1432 135 1482
7427 4 2 23 64 1506 243 1544 1981
7428 4 2 23 64 1168 1169 694 1992
7429 4 2 23 64 744 226 1177 2000
7430 4 2 23 64 494 137 170 556
7431 4 2 23 64 229 747 1179 1997
7432 4 2 23 64 227 1177 226 2000
7433 4 2 23 64 229 1179 228 1997
7434 4 2 23 64 247 1990 1039 2010
7435 4 2 23 64 170 556 616 494
7436 4 2 23 64 1505 1897 586 2007
7437 4 2 23 64 818 817 1403 1256
7438 4 2 23 64 508 1438 1408 1454
7439 4 2 23 64 526 1463 1420 527
7440 4 2 23 64 173 135 117 486
7441 4 2 23 64 148 120 119 547
7442 4 2 23 64 516 1415 1802 1459
7443 4 2 23 64 499 1798 1464 500
7444 4 2 23 64 482 653 656 483
7445 4 2 23 64 204 1981 697 2001
7446 4 2 23 64 1435 147 155 1472
7447 4 2 23 64 653 484 655 656
7448 4 2 23 64 1537 784 1506 1216
7449 4 2 23 64 607 662 659 606
7450 4 2 23 64 784 1495 785 1518
7451 4 2 23 64 173 620 117 480
7452 4 2 23 64 620 117 480 460
7453 4 2 23 64 1477 1831 1406 1476
7454 4 2 23 64 1504 565 1981 2012
7455 4 2 23 64 200 676 1865 691
7456 4 2 23 64 804 1918 751 1916
7457 4 2 23 64 487 1453 1056 1797
7458 4 2 23 64 484 655 652 653
7459 4 2 23 64 168 612 169 1258
7460 4 2 23 64 612 169 1258 615
7461 4 2 23 64 167 610 166 1259
7462 4 2 23 64 167 610 1259 613
7463 4 2 23 64 1502 1989 1249 1991
7464 4 2 23 64 614 612 611 1260
7465 4 2 23 64 611 610 614 1261
7466 4 2 23 64 614 615 612 1260
7467 4 2 23 64 614 610 613 1261
7468 4 2 23 64 729 760 230 2016
7469 4 2 23 64 84 83 713 1121
7470 4 2 23 64 81 714 82 1120
7471 4 2 23 64 1417 118 1153 1458
7472 4 2 23 64 1807 1832 1404 1782
7473 4 2 23 64 581 198 199 1859
7474 4 2 23 64 1410 1812 1462 1458
7475 4 2 23 64 702 1169 1168 1992
7476 4 2 23 64 1426 1511 1549 900
7477 4 2 23 64 1908 757 1910 782
7478 4 2 23 64 1227 252 1042 1987
7479 4 2 23 64 796 1533 257 1234
7480 4 2 23 64 1509 1522 1505 1897
7481 4 2 23 64 1507 258 1497 2002
7482 4 2 23 64 1433 1412 1448 151
7483 4 2 23 64 753 1917 793 1915
7484 4 2 23 64 262 1239 1043 1989
7485 4 2 23 64 1231 810 1233 1531
7486 4 2 23 64 619 548 173 486
7487 4 2 23 64 1503 794 1225 795
7488 4 2 23 64 242 326 1210 2019
7489 4 2 23 64 217 763 730 2011
7490 4 2 23 64 906 905 894 1515
7491 4 2 23 64 1427 497 496 1473
7492 4 2 23 64 1838 1843 503 1485
7493 4 2 23 64 662 608 607 659
7494 4 2 23 64 635 1976 634 1998
7495 4 2 23 64 802 1984 743 1992
7496 4 2 23 64 1491 1466 295 1494
7497 4 2 23 64 901 1508 1525 2019
7498 4 2 23 64 1532 1519 1502 1991
7499 4 2 23 64 653 657 482 656
7500 4 2 23 64 741 1985 800 1992
7501 4 2 23 64 1909 1907 771 759
7502 4 2 23 64 896 897 907 1443
7503 4 2 23 64 1541 1502 1249 810
7504 4 2 23 64 522 147 1435 1480
7505 4 2 23 64 1260 489 1031 490
7506 4 2 23 64 554 491 1259 492
7507 4 2 23 64 551 490 1260 552
7508 4 2 23 64 490 553 1261 552
7509 4 2 23 64 1890 483 1889 2009
7510 4 2 23 64 887 900 1525 901
7511 4 2 23 64 890 1546 1420 903
7512 4 2 23 64 1522 1505 1867 1978
7513 4 2 23 64 153 493 139 1975
7514 4 2 23 64 1029 1261 490 491
7515 4 2 23 64 820 819 1403 1261
7516 4 2 23 64 198 690 199 1866
7517 4 2 23 64 492 167 554 1975
7518 4 2 23 64 653 657 654 482
7519 4 2 23 64 1816 1814 1440 1783
7520 4 2 23 64 632 596 174 534
7521 4 2 23 64 897 1538 908 907
7522 4 2 23 64 488 489 1258 550
7523 4 2 23 64 551 550 1258 489
7524 4 2 23 64 554 553 1259 491
7525 4 2 23 64 490 551 1260 489
7526 4 2 23 64 490 553 491 1261
7527 4 2 23 64 1512 901 1488 2018
7528 4 2 23 64 663 660 662 606
7529 4 2 23 64 122 628 176 543
7530 4 2 23 64 109 236 1149 105
7531 4 2 23 64 760 1189 230 2016
7532 4 2 23 64 176 628 177 543
7533 4 2 23 64 803 1980 261 1997
7534 4 2 23 64 763 232 1191 2011
7535 4 2 23 64 173 548 136 486
7536 4 2 23 64 662 660 659 606
7537 4 2 23 64 655 213 716 485
7538 4 2 23 64 188 213 655 485
7539 4 2 23 64 116 170 134 476
7540 4 2 23 64 1515 1533 267 257
7541 4 2 23 64 1040 2004 1059 2005
7542 4 2 23 64 595 1521 1512 1508
7543 4 2 23 64 696 1170 697 2001
7544 4 2 23 64 692 691 1171 2002
7545 4 2 23 64 1505 1509 1897 2007
7546 4 2 23 64 628 177 543 631
7547 4 2 23 64 235 761 1188 2016
7548 4 2 23 64 812 1541 1239 266
7549 4 2 23 64 762 236 1190 2011
7550 4 2 23 64 254 1979 227 1993
7551 4 2 23 64 141 503 1843 1485
7552 4 2 23 64 820 1029 1261 1030
7553 4 2 23 64 1412 1448 151 1793
7554 4 2 23 64 1791 149 536 1026
7555 4 2 23 64 254 1979 799 2000
7556 4 2 23 64 1451 1530 1425 891
7557 4 2 23 64 1456 1420 525 526
7558 4 2 23 64 86 747 85 1120
7559 4 2 23 64 87 88 744 1121
7560 4 2 23 64 166 167 492 1975
7561 4 2 23 64 1903 1853 1901 685
7562 4 2 23 64 490 1031 1260 1030
7563 4 2 23 64 1802 1787 1814 1449
7564 4 2 23 64 1495 784 785 1204
7565 4 2 23 64 661 659 608 662
7566 4 2 23 64 661 659 658 608
7567 4 2 23 64 1261 490 1030 1029
7568 4 2 23 64 1494 1540 1442 907
7569 4 2 23 64 1787 1835 1449 1413
7570 4 2 23 64 820 1031 1030 1260
7571 4 2 23 64 608 1891 1875 2008
7572 4 2 23 64 598 163 1854 676
7573 4 2 23 64 492 139 1791 1027
7574 4 2 23 64 1861 1850 574 1994
7575 4 2 23 64 162 534 174 596
7576 4 2 23 64 624 484 653 483
7577 4 2 23 64 1032 1031 1258 489
7578 4 2 23 64 1029 1028 1259 491
7579 4 2 23 64 486 136 173 135
7580 4 2 23 64 1493 1511 1445 1487
7581 4 2 23 64 1787 1801 1811 1434
7582 4 2 23 64 153 554 1854 690
7583 4 2 23 64 1801 1469 518 519
7584 4 2 23 64 1518 1535 1218 1992
7585 4 2 23 64 889 890 902 1481
7586 4 2 23 64 1819 1458 1812 480
7587 4 2 23 64 1450 1256 1403 817
7588 4 2 23 64 1448 1817 1807 1782
7589 4 2 23 64 495 1474 1824 1841
7590 4 2 23 64 1535 1499 806 807
7591 4 2 23 64 127 472 473 508
7592 4 2 23 64 295 895 1466 1491
7593 4 2 23 64 484 652 623 624
7594 4 2 23 64 6 150 1796 132
7595 4 2 23 64 245 1217 1507 1985
7596 4 2 23 64 507 508 126 1454
7597 4 2 23 64 1435 1489 889 1472
7598 4 2 23 64 1028 1791 1778 1777
7599 4 2 23 64 1790 1032 1779 1776
7600 4 2 23 64 777 244 109 762
7601 4 2 23 64 803 228 101 746
7602 4 2 23 64 593 1855 1058 592
7603 4 2 23 64 103 745 799 259
7604 4 2 23 64 718 187 657 481
7605 4 2 23 64 652 484 653 624
7606 4 2 23 64 659 630 607 606
7607 4 2 23 64 624 653 482 483
7608 4 2 23 64 634 1976 635 2015
7609 4 2 23 64 476 137 170 134
7610 4 2 23 64 1862 34 202 164
7611 4 2 23 64 1246 807 1535 806
7612 4 2 23 64 689 1900 1902 1854
7613 4 2 23 64 174 120 148 547
7614 4 2 23 64 258 1507 1985 2002
7615 4 2 23 64 92 91 729 1131
7616 4 2 23 64 90 89 730 1130
7617 4 2 23 64 1507 1217 786 1985
7618 4 2 23 64 1791 1025 1778 1777
7619 4 2 23 64 677 1854 1902 1900
7620 4 2 23 64 1776 1021 1779 1790
7621 4 2 23 64 1531 1510 1231 811
7622 4 2 23 64 1814 1449 1835 1413
7623 4 2 23 64 1518 1218 779 1992
7624 4 2 23 64 108 112 235 1148
7625 4 2 23 64 1860 1863 548 1997
7626 4 2 23 64 240 1981 233 2012
7627 4 2 23 64 897 1538 1438 908
7628 4 2 23 64 107 111 1910 246
7629 4 2 23 64 33 203 152 1863
7630 4 2 23 64 1459 1449 1802 1820
7631 4 2 23 64 1814 1787 1835 1449
7632 4 2 23 64 505 1806 1839 1447
7633 4 2 23 64 1530 1500 1478 904
7634 4 2 23 64 1445 292 1493 1487
7635 4 2 23 64 630 607 608 659
7636 4 2 23 64 1413 1440 1467 546
7637 4 2 23 64 1231 266 811 1510
7638 4 2 23 64 1037 2005 1058 2006
7639 4 2 23 64 1436 899 909 1511
7640 4 2 23 64 1786 1798 1813 1446
7641 4 2 23 64 133 5 138 1797
7642 4 2 23 64 1229 1497 259 1979
7643 4 2 23 64 653 625 624 482
7644 4 2 23 64 653 625 482 654
7645 4 2 23 64 1819 1784 1432 1815
7646 4 2 23 64 126 1454 1441 1455
7647 4 2 23 64 535 1054 1452 330
7648 4 2 23 64 898 899 909 1436
7649 4 2 23 64 625 621 624 482
7650 4 2 23 64 1792 510 1408 509
7651 4 2 23 64 223 103 99 1137
7652 4 2 23 64 1832 1483 1448 1404
7653 4 2 23 64 1435 1472 1480 147
7654 4 2 23 64 661 191 214 609
7655 4 2 23 64 214 661 609 722
7656 4 2 23 64 129 1792 1408 509
7657 4 2 23 64 112 245 781 761
7658 4 2 23 64 590 589 1848 2004
7659 4 2 23 64 106 233 777 762
7660 4 2 23 64 1865 691 597 2016
7661 4 2 23 64 104 745 227 799
7662 4 2 23 64 746 225 102 803
7663 4 2 23 64 1536 1224 1227 1987
7664 4 2 23 64 1455 494 1794 1789
7665 4 2 23 64 1247 1541 1239 1989
7666 4 2 23 64 1792 1788 1418 510
7667 4 2 23 64 1516 570 1999 2017
7668 4 2 23 64 629 658 630 608
7669 4 2 23 64 1488 293 1489 1472
7670 4 2 23 64 558 531 1425 532
7671 4 2 23 64 136 213 188 485
7672 4 2 23 64 630 626 629 608
7673 4 2 23 64 94 763 93 1130
7674 4 2 23 64 95 96 760 1131
7675 4 2 23 64 630 658 659 608
7676 4 2 23 64 1248 1502 804 1991
7677 4 2 23 64 1494 1540 1466 1442
7678 4 2 23 64 608 627 630 626
7679 4 2 23 64 675 582 199 674
7680 4 2 23 64 504 1838 503 1485
7681 4 2 23 64 137 187 210 481
7682 4 2 23 64 1514 1501 1993 2013
7683 4 2 23 64 1493 909 899 1511
7684 4 2 23 64 1252 269 1893 2003
7685 4 2 23 64 419 766 736 425
7686 4 2 23 64 1792 129 128 509
7687 4 2 23 64 819 820 1403 1165
7688 4 2 23 64 605 165 1878 2012
7689 4 2 23 64 485 719 716 484
7690 4 2 23 64 1787 1836 1413 1434
7691 4 2 23 64 1815 1784 1406 1831
7692 4 2 23 64 1248 261 1502 1991
7693 4 2 23 64 273 818 1161 1422
7694 4 2 23 64 893 894 905 1427
7695 4 2 23 64 549 548 1863 1997
7696 4 2 23 64 501 1826 1810 1464
7697 4 2 23 64 1521 1517 1201 1988
7698 4 2 23 64 744 222 713 2000
7699 4 2 23 64 1406 1815 1831 1477
7700 4 2 23 64 704 1985 1171 2002
7701 4 2 23 64 1506 1527 1498 2001
7702 4 2 23 64 1170 1984 700 2001
7703 4 2 23 64 1515 894 906 1424
7704 4 2 23 64 1509 1549 2004 2007
7705 4 2 23 64 1840 147 522 1480
7706 4 2 23 64 1516 1515 1533 267
7707 4 2 23 64 1252 1893 268 2003
7708 4 2 23 64 747 714 209 1997
7709 4 2 23 64 225 98 102 1136
7710 4 2 23 64 412 709 739 406
7711 4 2 23 64 1518 779 1219 1992
7712 4 2 23 64 519 518 592 1470
7713 4 2 23 64 892 904 1478 1490
7714 4 2 23 64 1246 1985 1535 1992
7715 4 2 23 64 244 777 1981 2011
7716 4 2 23 64 214 191 162 609
7717 4 2 23 64 1516 1515 267 1982
7718 4 2 23 64 252 1224 792 1987
7719 4 2 23 64 894 895 906 1424
7720 4 2 23 64 692 1171 1985 2002
7721 4 2 23 64 1525 1426 900 887
7722 4 2 23 64 571 570 1849 1999
7723 4 2 23 64 808 1231 1531 807
7724 4 2 23 64 555 1859 556 2000
7725 4 2 23 64 459 477 476 1431
7726 4 2 23 64 696 1984 1170 2001
7727 4 2 23 64 236 109 1149 244
7728 4 2 23 64 204 697 1981 2011
7729 4 2 23 64 1525 327 1983 2019
7730 4 2 23 64 118 486 1482 1049
7731 4 2 23 64 213 714 212 1997
7732 4 2 23 64 1795 1432 1815 135
7733 4 2 23 64 135 118 486 1482
7734 4 2 23 64 887 901 1428 888
7735 4 2 23 64 892 891 1478 904
7736 4 2 23 64 1443 143 1447 1419
7737 4 2 23 64 594 593 1847 2006
7738 4 2 23 64 1539 1500 904 1478
7739 4 2 23 64 1789 1484 134 1806
7740 4 2 23 64 1234 1533 267 813
7741 4 2 23 64 1795 1432 1482 1457
7742 4 2 23 64 652 189 188 485
7743 4 2 23 64 1197 770 238 1988
7744 4 2 23 64 1056 1444 131 1453
7745 4 2 23 64 546 1467 463 547
7746 4 2 23 64 1503 1987 1536 1993
7747 4 2 23 64 1444 1056 131 474
7748 4 2 23 64 727 605 724 606
7749 4 2 23 64 150 540 1020 1790
7750 4 2 23 64 1245 1537 1984 1992
7751 4 2 23 64 199 690 705 1866
7752 4 2 23 64 424 754 755 726
7753 4 2 23 64 188 655 652 485
7754 4 2 23 64 262 805 1247 1989
7755 4 2 23 64 173 117 135 480
7756 4 2 23 64 815 268 1861 2003
7757 4 2 23 64 272 1421 1055 1162
7758 4 2 23 64 1542 1527 1546 1986
7759 4 2 23 64 1403 1260 820 1471
7760 4 2 23 64 130 1463 474 1444
7761 4 2 23 64 245 235 1985 2002
7762 4 2 23 64 244 1984 236 2001
7763 4 2 23 64 201 200 1856 583
7764 4 2 23 64 814 1864 269 2003
7765 4 2 23 64 425 765 766 736
7766 4 2 23 64 1802 1783 1820 1449
7767 4 2 23 64 765 427 764 736
7768 4 2 23 64 245 235 112 1148
7769 4 2 23 64 511 145 144 1418
7770 4 2 23 64 1406 1432 1815 1477
7771 4 2 23 64 557 533 1478 1439
7772 4 2 23 64 138 488 1790 1033
7773 4 2 23 64 1869 1993 1979 2014
7774 4 2 23 64 1484 134 115 1409
7775 4 2 23 64 419 766 737 736
7776 4 2 23 64 897 898 908 1438
7777 4 2 23 64 525 1793 1807 1448
7778 4 2 23 64 1501 1442 1540 907
7779 4 2 23 64 1463 529 1411 1451
7780 4 2 23 64 550 152 1853 684
7781 4 2 23 64 508 129 1408 509
7782 4 2 23 64 1855 325 1058 592
7783 4 2 23 64 1423 1481 1483 524
7784 4 2 23 64 1505 1436 909 2007
7785 4 2 23 64 479 457 1458 1410
7786 4 2 23 64 1426 886 900 887
7787 4 2 23 64 709 412 739 738
7788 4 2 23 64 268 815 1861 573
7789 4 2 23 64 187 654 481 186
7790 4 2 23 64 739 406 709 710
7791 4 2 23 64 711 739 410 740
7792 4 2 23 64 720 413 750 749
7793 4 2 23 64 720 748 415 749
7794 4 2 23 64 1220 247 783 1990
7795 4 2 23 64 654 187 481 657
7796 4 2 23 64 466 546 463 547
7797 4 2 23 64 192 660 193 605
7798 4 2 23 64 660 193 605 663
7799 4 2 23 64 790 1509 1213 1990
7800 4 2 23 64 1801 1811 1434 1782
7801 4 2 23 64 754 757 1187 2008
7802 4 2 23 64 901 888 1488 2018
7803 4 2 23 64 1047 1154 1471 457
7804 4 2 23 64 609 725 722 608
7805 4 2 23 64 1910 231 107 246
7806 4 2 23 64 578 504 1443 505
7807 4 2 23 64 1981 1986 1527 2001
7808 4 2 23 64 1508 593 2006 2019
7809 4 2 23 64 223 103 1137 259
7810 4 2 23 64 32 1794 127 1803
7811 4 2 23 64 1527 1986 1498 2001
7812 4 2 23 64 468 544 543 465
7813 4 2 23 64 1479 892 1439 1490
7814 4 2 23 64 325 1251 1870 2005
7815 4 2 23 64 1157 1414 119 1467
7816 4 2 23 64 228 101 1918 261
7817 4 2 23 64 1477 532 1831 1476
7818 4 2 23 64 903 1530 1451 891
7819 4 2 23 64 1870 1251 324 2005
7820 4 2 23 64 1054 128 1800 129
7821 4 2 23 64 60 1859 1866 198
7822 4 2 23 64 1864 571 1849 1999
7823 4 2 23 64 1412 541 1796 542
7824 4 2 23 64 1500 1519 1532 1991
7825 4 2 23 64 1432 1458 135 1482
7826 4 2 23 64 1539 905 1516 2017
7827 4 2 23 64 658 191 609 190
7828 4 2 23 64 1803 127 126 1794
7829 4 2 23 64 172 652 485 189
7830 4 2 23 64 172 652 623 485
7831 4 2 23 64 1539 1492 1490 298
7832 4 2 23 64 623 620 172 485
7833 4 2 23 64 172 620 173 485
7834 4 2 23 64 1816 1440 1405 1783
7835 4 2 23 64 191 658 609 661
7836 4 2 23 64 136 480 173 135
7837 4 2 23 64 1814 1802 1449 1783
7838 4 2 23 64 204 1981 1862 2011
7839 4 2 23 64 1540 1442 156 1466
7840 4 2 23 64 1793 151 1412 542
7841 4 2 23 64 1136 102 225 260
7842 4 2 23 64 491 492 1829 1028
7843 4 2 23 64 540 539 1021 1830
7844 4 2 23 64 1508 901 1512 2018
7845 4 2 23 64 1415 516 1460 1459
7846 4 2 23 64 243 1506 784 1216
7847 4 2 23 64 1846 1873 1890 2009
7848 4 2 23 64 532 1831 1815 1477
7849 4 2 23 64 1442 1443 896 907
7850 4 2 23 64 1432 1784 1406 1815
7851 4 2 23 64 240 233 110 1909
7852 4 2 23 64 1519 1516 1999 2017
7853 4 2 23 64 1503 1514 1529 1993
7854 4 2 23 64 479 458 457 1410
7855 4 2 23 64 536 537 1829 1025
7856 4 2 23 64 488 489 1830 1032
7857 4 2 23 64 599 598 1883 677
7858 4 2 23 64 1216 1506 1537 1984
7859 4 2 23 64 577 578 1443 505
7860 4 2 23 64 890 1451 891 903
7861 4 2 23 64 104 227 1917 254
7862 4 2 23 64 1445 146 1468 1426
7863 4 2 23 64 1455 1441 126 1794
7864 4 2 23 64 1511 1493 296 1487
7865 4 2 23 64 554 553 1883 689
7866 4 2 23 64 135 1458 1432 480
7867 4 2 23 64 29 30 1791 1777
7868 4 2 23 64 58 57 1854 1900
7869 4 2 23 64 7 8 1790 1776
7870 4 2 23 64 1891 1875 2008 2010
7871 4 2 23 64 252 1914 262 2009
7872 4 2 23 64 1506 243 1981 2001
7873 4 2 23 64 1176 222 744 2000
7874 4 2 23 64 224 1178 747 1997
7875 4 2 23 64 907 896 1442 1494
7876 4 2 23 64 217 604 232 2011
7877 4 2 23 64 460 620 479 480
7878 4 2 23 64 1784 1799 1462 1808
7879 4 2 23 64 325 1855 1058 2005
7880 4 2 23 64 155 1472 147 2018
7881 4 2 23 64 1470 593 519 1428
7882 4 2 23 64 625 186 481 654
7883 4 2 23 64 186 171 625 481
7884 4 2 23 64 901 1428 888 2018
7885 4 2 23 64 497 498 1799 1473
7886 4 2 23 64 136 188 189 485
7887 4 2 23 64 895 906 1424 1466
7888 4 2 23 64 1536 1987 1514 1993
7889 4 2 23 64 36 35 1853 1901
7890 4 2 23 64 1484 1407 1839 1447
7891 4 2 23 64 1833 477 1410 1431
7892 4 2 23 64 532 531 1425 1477
7893 4 2 23 64 478 458 479 1410
7894 4 2 23 64 151 1817 1448 1433
7895 4 2 23 64 660 177 631 605
7896 4 2 23 64 1535 1499 807 1992
7897 4 2 23 64 518 1469 1415 1470
7898 4 2 23 64 1906 247 238 2010
7899 4 2 23 64 1480 521 147 2018
7900 4 2 23 64 186 187 137 481
7901 4 2 23 64 486 1482 487 1797
7902 4 2 23 64 546 466 626 547
7903 4 2 23 64 1507 1513 258 1985
7904 4 2 23 64 1866 199 198 1859
7905 4 2 23 64 1506 1981 1527 2001
7906 4 2 23 64 628 544 543 468
7907 4 2 23 64 1855 1847 593 2006
7908 4 2 23 64 1059 591 324 1858
7909 4 2 23 64 535 1050 1414 534
7910 4 2 23 64 1819 135 1432 480
7911 4 2 23 64 629 175 658 609
7912 4 2 23 64 1499 1535 1537 1992
7913 4 2 23 64 1021 1790 1830 1779
7914 4 2 23 64 677 1854 1883 1902
7915 4 2 23 64 1791 1025 1829 1778
7916 4 2 23 64 1799 498 1809 1416
7917 4 2 23 64 175 626 174 609
7918 4 2 23 64 175 629 626 609
7919 4 2 23 64 1526 1506 1498 2001
7920 4 2 23 64 1404 1448 1807 1782
7921 4 2 23 64 591 517 590 1460
7922 4 2 23 64 1790 1032 1830 1779
7923 4 2 23 64 1028 1791 1829 1778
7924 4 2 23 64 1481 1435 1483 523
7925 4 2 23 64 1817 1448 1404 1782
7926 4 2 23 64 483 479 624 484
7927 4 2 23 64 582 674 201 200
7928 4 2 23 64 1811 1434 1782 1404
7929 4 2 23 64 273 818 1422 1254
7930 4 2 23 64 1802 517 1821 1415
7931 4 2 23 64 1425 532 1477 1476
7932 4 2 23 64 1880 136 485 1991
7933 4 2 23 64 1536 794 1224 1987
7934 4 2 23 64 908 1438 898 1996
7935 4 2 23 64 239 1545 1495 772
7936 4 2 23 64 523 1483 524 1807
7937 4 2 23 64 1483 523 1832 1807
7938 4 2 23 64 1437 898 1438 1996
7939 4 2 23 64 1856 59 1865 201
7940 4 2 23 64 1883 1854 689 1902
7941 4 2 23 64 487 1453 1797 1411
7942 4 2 23 64 1908 1906 758 2008
7943 4 2 23 64 1057 473 1054 1441
7944 4 2 23 64 758 755 1187 2008
7945 4 2 23 64 786 1204 1206 1547
7946 4 2 23 64 261 1980 1502 1991
7947 4 2 23 64 1824 1831 1841 1406
7948 4 2 23 64 1792 31 128 1800
7949 4 2 23 64 1909 759 1144 446
7950 4 2 23 64 437 753 1917 1140
7951 4 2 23 64 162 191 190 609
7952 4 2 23 64 1859 1979 1852 2000
7953 4 2 23 64 147 1472 1480 2018
7954 4 2 23 64 1059 590 1858 2004
7955 4 2 23 64 1503 1536 1514 1993
7956 4 2 23 64 234 219 691 2016
7957 4 2 23 64 482 621 478 477
7958 4 2 23 64 471 1486 121 1412
7959 4 2 23 64 220 237 697 2011
7960 4 2 23 64 324 1059 1858 2005
7961 4 2 23 64 1799 1786 1812 1462
7962 4 2 23 64 1490 1492 1479 294
7963 4 2 23 64 327 1525 1528 2019
7964 4 2 23 64 1529 1993 1501 2014
7965 4 2 23 64 1440 546 1413 1814
7966 4 2 23 64 1892 1891 607 2008
7967 4 2 23 64 546 1467 545 464
7968 4 2 23 64 1145 448 757 1910
7969 4 2 23 64 249 1551 1522 1978
7970 4 2 23 64 751 1141 439 1918
7971 4 2 23 64 627 608 545 546
7972 4 2 23 64 773 241 1196 1520
7973 4 2 23 64 1213 1990 1509 2004
7974 4 2 23 64 1819 1432 1458 480
7975 4 2 23 64 688 1882 552 553
7976 4 2 23 64 1881 600 680 601
7977 4 2 23 64 1881 551 686 552
7978 4 2 23 64 599 678 1882 600
7979 4 2 23 64 739 405 410 411
7980 4 2 23 64 405 412 411 739
7981 4 2 23 64 1057 126 1803 127
7982 4 2 23 64 1790 1021 1830 540
7983 4 2 23 64 1412 1796 1793 542
7984 4 2 23 64 1031 489 1827 490
7985 4 2 23 64 101 228 1918 97
7986 4 2 23 64 1022 538 1827 539
7987 4 2 23 64 498 1799 1473 1416
7988 4 2 23 64 1798 1813 1446 1785
7989 4 2 23 64 1787 1802 1821 1449
7990 4 2 23 64 538 1024 1828 537
7991 4 2 23 64 1029 490 1828 491
7992 4 2 23 64 1491 906 895 1466
7993 4 2 23 64 1881 1904 1882 552
7994 4 2 23 64 600 1904 1882 1881
7995 4 2 23 64 1025 1791 1829 536
7996 4 2 23 64 1854 677 1883 598
7997 4 2 23 64 89 93 421 735
7998 4 2 23 64 157 143 142 505
7999 4 2 23 64 1791 1028 1829 492
8000 4 2 23 64 1823 1820 1459 515
8001 4 2 23 64 189 172 136 485
8002 4 2 23 64 1788 1418 148 534
8003 4 2 23 64 418 95 725 91
8004 4 2 23 64 727 94 416 90
8005 4 2 23 64 1525 1426 1549 900
8006 4 2 23 64 538 1828 1780 1827
8007 4 2 23 64 1827 1828 1780 490
8008 4 2 23 64 608 627 626 546
8009 4 2 23 64 173 136 172 485
8010 4 2 23 64 737 96 419 92
8011 4 2 23 64 1204 788 1206 1547
8012 4 2 23 64 1523 583 1995 1996
8013 4 2 23 64 134 1484 494 1409
8014 4 2 23 64 1032 1790 1830 488
8015 4 2 23 64 777 109 106 762
8016 4 2 23 64 761 112 111 781
8017 4 2 23 64 406 83 87 709
8018 4 2 23 64 596 1978 1856 2016
8019 4 2 23 64 600 678 1904 679
8020 4 2 23 64 81 85 409 719
8021 4 2 23 64 171 186 137 481
8022 4 2 23 64 739 406 405 412
8023 4 2 23 64 484 655 716 485
8024 4 2 23 64 263 271 1253 256
8025 4 2 23 64 1854 1883 689 554
8026 4 2 23 64 137 170 171 481
8027 4 2 23 64 711 86 404 82
8028 4 2 23 64 720 413 414 407
8029 4 2 23 64 422 726 416 423
8030 4 2 23 64 720 414 415 408
8031 4 2 23 64 407 408 414 720
8032 4 2 23 64 415 720 408 409
8033 4 2 23 64 552 687 1904 688
8034 4 2 23 64 88 407 721 84
8035 4 2 23 64 726 423 424 417
8036 4 2 23 64 423 726 416 417
8037 4 2 23 64 417 418 424 726
8038 4 2 23 64 1024 538 1780 1023
8039 4 2 23 64 766 419 96 425
8040 4 2 23 64 1030 490 1780 1029
8041 4 2 23 64 245 2002 1978 2016
8042 4 2 23 64 1857 1862 1981 2011
8043 4 2 23 64 507 1454 506 1419
8044 4 2 23 64 736 425 426 419
8045 4 2 23 64 427 420 736 426
8046 4 2 23 64 426 736 419 420
8047 4 2 23 64 420 427 736 421
8048 4 2 23 64 1514 1501 1529 1993
8049 4 2 23 64 247 2008 1990 2010
8050 4 2 23 64 1059 2004 1858 2005
8051 4 2 23 64 463 1467 546 464
8052 4 2 23 64 215 214 729 2016
8053 4 2 23 64 1414 1050 535 330
8054 4 2 23 64 709 412 87 406
8055 4 2 23 64 1536 797 1227 253
8056 4 2 23 64 102 101 746 803
8057 4 2 23 64 745 104 103 799
8058 4 2 23 64 233 106 110 1909
8059 4 2 23 64 1540 1424 906 1466
8060 4 2 23 64 1480 1428 521 2018
8061 4 2 23 64 162 174 148 609
8062 4 2 23 64 552 1904 1882 688
8063 4 2 23 64 1904 1882 678 600
8064 4 2 23 64 366 359 360 624
8065 4 2 23 64 390 383 384 717
8066 4 2 23 64 366 361 624 360
8067 4 2 23 64 384 717 385 390
8068 4 2 23 64 372 373 379 640
8069 4 2 23 64 333 338 453 339
8070 4 2 23 64 340 333 453 339
8071 4 2 23 64 634 667 197 1998
8072 4 2 23 64 343 336 337 461
8073 4 2 23 64 338 333 453 332
8074 4 2 23 64 333 340 453 334
8075 4 2 23 64 381 382 388 646
8076 4 2 23 64 357 358 364 614
8077 4 2 23 64 237 236 2001 2011
8078 4 2 23 64 410 711 86 404
8079 4 2 23 64 1501 1534 1540 2013
8080 4 2 23 64 1444 1056 474 1055
8081 4 2 23 64 1207 251 791 1528
8082 4 2 23 64 234 2002 235 2016
8083 4 2 23 64 502 1465 1843 1826
8084 4 2 23 64 1471 1260 820 1046
8085 4 2 23 64 773 1204 1205 1543
8086 4 2 23 64 1881 1884 601 1903
8087 4 2 23 64 1884 1881 551 1903
8088 4 2 23 64 355 1035 348 349
8089 4 2 23 64 374 369 375 630
8090 4 2 23 64 398 393 399 723
8091 4 2 23 64 630 375 376 369
8092 4 2 23 64 393 723 400 399
8093 4 2 23 64 121 543 1433 465
8094 4 2 23 64 396 397 403 672
8095 4 2 23 64 368 369 374 630
8096 4 2 23 64 398 393 723 392
8097 4 2 23 64 369 376 630 370
8098 4 2 23 64 345 352 467 346
8099 4 2 23 64 393 400 662 394
8100 4 2 23 64 538 1024 1780 1828
8101 4 2 23 64 490 1828 1780 1029
8102 4 2 23 64 335 336 342 621
8103 4 2 23 64 335 342 341 621
8104 4 2 23 64 359 366 365 653
8105 4 2 23 64 383 390 389 717
8106 4 2 23 64 361 366 624 367
8107 4 2 23 64 336 621 343 342
8108 4 2 23 64 385 391 390 717
8109 4 2 23 64 356 363 614 357
8110 4 2 23 64 380 381 387 707
8111 4 2 23 64 380 387 386 707
8112 4 2 23 64 363 356 614 362
8113 4 2 23 64 614 363 364 357
8114 4 2 23 64 381 707 388 387
8115 4 2 23 64 383 384 717 656
8116 4 2 23 64 717 384 385 656
8117 4 2 23 64 338 611 453 339
8118 4 2 23 64 453 340 339 611
8119 4 2 23 64 1534 1501 1514 2013
8120 4 2 23 64 477 1410 478 1833
8121 4 2 23 64 1482 1417 329 1453
8122 4 2 23 64 446 1907 759 1147
8123 4 2 23 64 753 1915 1143 437
8124 4 2 23 64 395 402 733 396
8125 4 2 23 64 371 669 378 377
8126 4 2 23 64 637 347 353 354
8127 4 2 23 64 402 395 733 401
8128 4 2 23 64 396 733 403 402
8129 4 2 23 64 344 351 467 345
8130 4 2 23 64 351 344 467 350
8131 4 2 23 64 351 467 345 352
8132 4 2 23 64 504 1839 1838 1407
8133 4 2 23 64 1529 1538 1979 2014
8134 4 2 23 64 1876 136 1880 1991
8135 4 2 23 64 1811 1787 1434 1836
8136 4 2 23 64 162 190 175 609
8137 4 2 23 64 663 605 606 724
8138 4 2 23 64 551 489 1258 615
8139 4 2 23 64 1846 1889 1874 2009
8140 4 2 23 64 335 336 621 461
8141 4 2 23 64 366 359 624 653
8142 4 2 23 64 624 367 366 653
8143 4 2 23 64 621 336 343 461
8144 4 2 23 64 380 381 707 646
8145 4 2 23 64 363 362 614 643
8146 4 2 23 64 707 381 388 646
8147 4 2 23 64 614 363 643 364
8148 4 2 23 64 145 159 160 587
8149 4 2 23 64 491 1259 613 553
8150 4 2 23 64 1855 1058 2005 2006
8151 4 2 23 64 162 174 609 175
8152 4 2 23 64 374 375 659 630
8153 4 2 23 64 375 630 376 659
8154 4 2 23 64 392 393 723 662
8155 4 2 23 64 532 1815 531 1477
8156 4 2 23 64 1779 1781 1031 1827
8157 4 2 23 64 1498 1527 1542 1986
8158 4 2 23 64 1779 1022 1781 1827
8159 4 2 23 64 808 1537 1243 1984
8160 4 2 23 64 1902 1882 1904 688
8161 4 2 23 64 1882 678 1902 1904
8162 4 2 23 64 1024 1778 1780 1828
8163 4 2 23 64 1778 1029 1780 1828
8164 4 2 23 64 1779 539 1827 1830
8165 4 2 23 64 1827 1779 1830 489
8166 4 2 23 64 1828 1829 1778 491
8167 4 2 23 64 537 1778 1828 1829
8168 4 2 23 64 599 1902 1883 1882
8169 4 2 23 64 1902 1883 1882 553
8170 4 2 23 64 715 208 209 1997
8171 4 2 23 64 58 61 1900 62
8172 4 2 23 64 61 58 1900 57
8173 4 2 23 64 3 4 7 1776
8174 4 2 23 64 4 8 7 1776
8175 4 2 23 64 29 26 1777 25
8176 4 2 23 64 26 30 29 1777
8177 4 2 23 64 1467 546 1440 547
8178 4 2 23 64 733 395 396 672
8179 4 2 23 64 733 396 403 672
8180 4 2 23 64 350 467 351 627
8181 4 2 23 64 351 467 352 627
8182 4 2 23 64 723 393 400 662
8183 4 2 23 64 657 718 481 482
8184 4 2 23 64 1253 270 1919 271
8185 4 2 23 64 1515 906 1540 1424
8186 4 2 23 64 506 1455 507 1794
8187 4 2 23 64 413 720 414 749
8188 4 2 23 64 525 1423 1420 1456
8189 4 2 23 64 1527 1506 1544 1981
8190 4 2 23 64 414 720 415 749
8191 4 2 23 64 406 739 405 710
8192 4 2 23 64 1418 145 144 510
8193 4 2 23 64 1871 1878 165 2012
8194 4 2 23 64 422 726 423 755
8195 4 2 23 64 423 726 424 755
8196 4 2 23 64 1545 1197 239 1988
8197 4 2 23 64 1875 1891 1845 2010
8198 4 2 23 64 528 131 1463 1411
8199 4 2 23 64 1845 1892 1872 2010
8200 4 2 23 64 612 1258 489 615
8201 4 2 23 64 490 614 1260 552
8202 4 2 23 64 36 40 39 1901
8203 4 2 23 64 39 36 1901 35
8204 4 2 23 64 1430 1486 465 1156
8205 4 2 23 64 1908 1146 448 757
8206 4 2 23 64 490 1261 614 552
8207 4 2 23 64 610 491 1259 613
8208 4 2 23 64 751 439 1142 1916
8209 4 2 23 64 1514 1987 1550 1994
8210 4 2 23 64 425 736 426 765
8211 4 2 23 64 1782 1822 1404 1801
8212 4 2 23 64 426 736 427 765
8213 4 2 23 64 691 2002 234 2016
8214 4 2 23 64 237 2001 697 2011
8215 4 2 23 64 709 412 738 87
8216 4 2 23 64 489 1827 1779 1031
8217 4 2 23 64 419 766 96 737
8218 4 2 23 64 539 1779 1827 1022
8219 4 2 23 64 688 1902 1882 553
8220 4 2 23 64 599 678 1902 1882
8221 4 2 23 64 1778 537 1828 1024
8222 4 2 23 64 1029 1828 1778 491
8223 4 2 23 64 1505 1549 1509 2007
8224 4 2 23 64 1519 1516 267 1999
8225 4 2 23 64 410 711 740 86
8226 4 2 23 64 1404 1782 1801 1434
8227 4 2 23 64 1535 1507 786 1985
8228 4 2 23 64 608 661 722 609
8229 4 2 23 64 1519 1541 1502 1989
8230 4 2 23 64 1420 1456 1463 526
8231 4 2 23 64 1032 1031 489 1779
8232 4 2 23 64 1779 539 1021 1022
8233 4 2 23 64 227 1979 254 2000
8234 4 2 23 64 1902 677 678 599
8235 4 2 23 64 1778 537 1024 1025
8236 4 2 23 64 491 613 1261 553
8237 4 2 23 64 1046 1045 1429 1155
8238 4 2 23 64 1028 1029 1778 491
8239 4 2 23 64 592 593 519 1470
8240 4 2 23 64 551 1260 489 615
8241 4 2 23 64 1260 611 614 490
8242 4 2 23 64 1231 810 1531 811
8243 4 2 23 64 1536 1550 1514 1987
8244 4 2 23 64 111 761 246 107
8245 4 2 23 64 1052 1051 1430 1159
8246 4 2 23 64 1261 614 611 490
8247 4 2 23 64 553 688 1902 689
8248 4 2 23 64 127 473 126 508
8249 4 2 23 64 1529 1538 1497 1979
8250 4 2 23 64 1523 1995 200 2002
8251 4 2 23 64 257 1534 1550 1994
8252 4 2 23 64 1905 1881 1903 686
8253 4 2 23 64 1903 1881 1905 680
8254 4 2 23 64 331 1051 1486 1255
8255 4 2 23 64 680 681 1903 601
8256 4 2 23 64 686 551 1903 685
8257 4 2 23 64 1835 1787 1836 1413
8258 4 2 23 64 128 129 1792 1800
8259 4 2 23 64 1052 1053 1450 1256
8260 4 2 23 64 518 1415 517 1470
8261 4 2 23 64 167 1259 492 554
8262 4 2 23 64 226 744 211 2000
8263 4 2 23 64 325 324 1870 1251
8264 4 2 23 64 1797 1482 487 1411
8265 4 2 23 64 1467 463 1158 464
8266 4 2 23 64 1159 464 465 1430
8267 4 2 23 64 610 613 1261 491
8268 4 2 23 64 479 1812 1458 480
8269 4 2 23 64 134 1818 1484 476
8270 4 2 23 64 516 590 517 1460
8271 4 2 23 64 1531 265 1502 810
8272 4 2 23 64 612 489 1260 615
8273 4 2 23 64 1176 223 222 2000
8274 4 2 23 64 169 488 1258 550
8275 4 2 23 64 1178 224 225 1997
8276 4 2 23 64 1551 248 1214 787
8277 4 2 23 64 1509 1524 1522 1990
8278 4 2 23 64 1446 1416 1809 1798
8279 4 2 23 64 485 620 173 480
8280 4 2 23 64 212 714 229 1997
8281 4 2 23 64 1543 776 243 1205
8282 4 2 23 64 590 1848 1858 2004
8283 4 2 23 64 1538 1995 1979 2014
8284 4 2 23 64 1431 1446 1833 1813
8285 4 2 23 64 1259 166 167 492
8286 4 2 23 64 1520 1988 1521 2012
8287 4 2 23 64 1812 1799 1462 1784
8288 4 2 23 64 1540 906 1491 1466
8289 4 2 23 64 1454 1419 1455 506
8290 4 2 23 64 200 1978 1523 2002
8291 4 2 23 64 219 218 691 2016
8292 4 2 23 64 1911 1250 327 326
8293 4 2 23 64 1842 1837 1405 512
8294 4 2 23 64 1058 1855 593 2006
8295 4 2 23 64 811 1541 1247 1989
8296 4 2 23 64 488 169 1258 168
8297 4 2 23 64 794 1510 1536 253
8298 4 2 23 64 1508 2006 326 2019
8299 4 2 23 64 1541 812 1496 266
8300 4 2 23 64 1475 1492 893 1479
8301 4 2 23 64 551 1903 1881 686
8302 4 2 23 64 680 1903 1881 601
8303 4 2 23 64 1425 558 532 1478
8304 4 2 23 64 1465 1442 141 1485
8305 4 2 23 64 1538 1529 1501 2014
8306 4 2 23 64 1549 1525 1528 2004
8307 4 2 23 64 58 59 62 1865
8308 4 2 23 64 1906 783 247 2008
8309 4 2 23 64 1793 1456 1796 1412
8310 4 2 23 64 1472 1488 888 2018
8311 4 2 23 64 789 250 1524 1204
8312 4 2 23 64 1779 539 1830 1021
8313 4 2 23 64 1829 1778 491 1028
8314 4 2 23 64 1779 1830 489 1032
8315 4 2 23 64 1778 537 1025 1829
8316 4 2 23 64 677 1902 1883 599
8317 4 2 23 64 652 655 484 485
8318 4 2 23 64 631 177 543 605
8319 4 2 23 64 1031 1258 489 454
8320 4 2 23 64 1856 200 201 1865
8321 4 2 23 64 791 251 1211 1528
8322 4 2 23 64 1902 1883 553 689
8323 4 2 23 64 1029 1259 452 491
8324 4 2 23 64 1260 453 490 1030
8325 4 2 23 64 490 453 1261 1030
8326 4 2 23 64 1252 1893 269 268
8327 4 2 23 64 1495 789 1524 1204
8328 4 2 23 64 1860 1980 1863 1997
8329 4 2 23 64 1457 530 1425 1451
8330 4 2 23 64 1511 1505 909 2007
8331 4 2 23 64 1812 1786 1834 1462
8332 4 2 23 64 626 174 609 547
8333 4 2 23 64 197 666 196 1998
8334 4 2 23 64 1507 248 786 1217
8335 4 2 23 64 1432 1795 1815 1457
8336 4 2 23 64 1162 275 1453 1056
8337 4 2 23 64 1792 1800 1452 535
8338 4 2 23 64 1457 1411 1482 1795
8339 4 2 23 64 1532 1502 1498 1980
8340 4 2 23 64 1786 1813 1833 1446
8341 4 2 23 64 1544 1981 240 2012
8342 4 2 23 64 1032 1258 168 488
8343 4 2 23 64 245 1507 248 2002
8344 4 2 23 64 1906 1908 783 2008
8345 4 2 23 64 541 603 542 1976
8346 4 2 23 64 612 489 1258 454
8347 4 2 23 64 660 605 606 663
8348 4 2 23 64 491 610 1259 452
8349 4 2 23 64 329 1047 1417 1153
8350 4 2 23 64 181 635 634 1998
8351 4 2 23 64 1051 331 1486 1156
8352 4 2 23 64 250 247 1220 1212
8353 4 2 23 64 1537 1535 1518 1992
8354 4 2 23 64 233 1981 2011 2012
8355 4 2 23 64 1519 1989 1502 1991
8356 4 2 23 64 238 239 1197 1199
8357 4 2 23 64 657 481 654 482
8358 4 2 23 64 1047 329 1417 1258
8359 4 2 23 64 453 611 1260 490
8360 4 2 23 64 453 490 1261 611
8361 4 2 23 64 1818 1407 1839 1484
8362 4 2 23 64 1052 1053 1158 1450
8363 4 2 23 64 25 32 1803 29
8364 4 2 23 64 486 1482 1797 1795
8365 4 2 23 64 1798 499 1464 1416
8366 4 2 23 64 1802 516 1459 1820
8367 4 2 23 64 1413 1467 545 546
8368 4 2 23 64 262 266 1239 1247
8369 4 2 23 64 1502 1980 1532 1991
8370 4 2 23 64 819 274 1422 1259
8371 4 2 23 64 1820 1783 1823 1405
8372 4 2 23 64 179 1254 677 598
8373 4 2 23 64 623 652 484 485
8374 4 2 23 64 150 1020 540 1998
8375 4 2 23 64 609 174 148 547
8376 4 2 23 64 1457 1432 1477 1815
8377 4 2 23 64 453 1260 820 1030
8378 4 2 23 64 453 820 1261 1030
8379 4 2 23 64 228 803 101 261
8380 4 2 23 64 107 761 246 231
8381 4 2 23 64 1509 790 1524 1990
8382 4 2 23 64 480 136 173 485
8383 4 2 23 64 1806 1789 1484 1447
8384 4 2 23 64 1021 540 1020 1998
8385 4 2 23 64 1990 2008 1875 2010
8386 4 2 23 64 602 682 164 1998
8387 4 2 23 64 1784 1462 1812 1819
8388 4 2 23 64 658 661 608 609
8389 4 2 23 64 137 476 170 481
8390 4 2 23 64 1227 253 252 1224
8391 4 2 23 64 1526 1984 1506 2001
8392 4 2 23 64 1519 1500 1516 2017
8393 4 2 23 64 682 602 681 1998
8394 4 2 23 64 1541 1519 812 1989
8395 4 2 23 64 1031 1260 821 1047
8396 4 2 23 64 818 1053 1450 1254
8397 4 2 23 64 1548 795 1503 1232
8398 4 2 23 64 252 262 1921 2009
8399 4 2 23 64 274 1259 1028 328
8400 4 2 23 64 326 1508 242 2006
8401 4 2 23 64 763 217 232 2011
8402 4 2 23 64 1497 1979 1538 1995
8403 4 2 23 64 819 1045 1261 1029
8404 4 2 23 64 1794 506 1455 1789
8405 4 2 23 64 1260 1031 454 1047
8406 4 2 23 64 1259 113 1028 328
8407 4 2 23 64 1513 1535 806 1985
8408 4 2 23 64 156 141 1466 1442
8409 4 2 23 64 248 1547 1206 787
8410 4 2 23 64 452 1261 1045 1029
8411 4 2 23 64 230 215 729 2016
8412 4 2 23 64 254 104 227 799
8413 4 2 23 64 140 495 1841 1474
8414 4 2 23 64 240 110 233 777
8415 4 2 23 64 1912 1040 1037 2005
8416 4 2 23 64 660 606 605 631
8417 4 2 23 64 1453 487 1482 1411
8418 4 2 23 64 636 601 539 1255
8419 4 2 23 64 638 599 1254 537
8420 4 2 23 64 625 654 481 482
8421 4 2 23 64 453 820 1260 1046
8422 4 2 23 64 820 453 1261 1046
8423 4 2 23 64 1522 788 249 1221
8424 4 2 23 64 1414 535 1452 330
8425 4 2 23 64 1915 753 1917 437
8426 4 2 23 64 1518 1218 786 785
8427 4 2 23 64 133 131 1805 528
8428 4 2 23 64 759 1909 1907 446
8429 4 2 23 64 1545 772 1197 1988
8430 4 2 23 64 667 634 177 2015
8431 4 2 23 64 3 6 2 132
8432 4 2 23 64 1469 1428 1470 519
8433 4 2 23 64 1801 1787 1821 1434
8434 4 2 23 64 608 629 658 609
8435 4 2 23 64 247 1913 238 2010
8436 4 2 23 64 626 629 608 609
8437 4 2 23 64 519 1801 1469 1822
8438 4 2 23 64 547 1440 148 1816
8439 4 2 23 64 544 1433 543 465
8440 4 2 23 64 271 263 1253 270
8441 4 2 23 64 1793 151 1807 1448
8442 4 2 23 64 439 751 1918 1916
8443 4 2 23 64 1798 1786 1809 1446
8444 4 2 23 64 1499 807 808 1531
8445 4 2 23 64 221 731 730 2011
8446 4 2 23 64 1458 118 1153 457
8447 4 2 23 64 329 1417 275 1453
8448 4 2 23 64 757 448 1908 1910
8449 4 2 23 64 682 681 696 1998
8450 4 2 23 64 1514 1994 1534 2013
8451 4 2 23 64 759 440 446 1147
8452 4 2 23 64 729 728 219 2016
8453 4 2 23 64 1457 530 1795 1815
8454 4 2 23 64 1484 1818 134 1806
8455 4 2 23 64 1051 1052 1430 1257
8456 4 2 23 64 121 1486 471 1156
8457 4 2 23 64 1527 1544 1504 1981
8458 4 2 23 64 1843 141 1485 1465
8459 4 2 23 64 265 1531 1233 810
8460 4 2 23 64 1414 1050 119 534
8461 4 2 23 64 1044 1041 1920 2003
8462 4 2 23 64 1159 1052 464 1430
8463 4 2 23 64 1544 1504 1981 2012
8464 4 2 23 64 431 753 1143 437
8465 4 2 23 64 1868 205 203 562
8466 4 2 23 64 498 1461 499 1416
8467 4 2 23 64 1814 547 1816 1440
8468 4 2 23 64 539 601 636 1257
8469 4 2 23 64 638 599 537 1256
8470 4 2 23 64 1146 442 448 757
8471 4 2 23 64 1808 1784 1824 1406
8472 4 2 23 64 479 485 480 620
8473 4 2 23 64 241 1520 1544 2012
8474 4 2 23 64 105 109 236 762
8475 4 2 23 64 1798 499 1416 1809
8476 4 2 23 64 202 204 1868 563
8477 4 2 23 64 433 439 1142 751
8478 4 2 23 64 101 228 97 746
8479 4 2 23 64 223 99 103 745
8480 4 2 23 64 747 209 224 1997
8481 4 2 23 64 529 1457 530 1795
8482 4 2 23 64 545 1835 1413 546
8483 4 2 23 64 527 1805 1463 528
8484 4 2 23 64 531 1815 1457 1477
8485 4 2 23 64 518 519 1469 1470
8486 4 2 23 64 713 222 207 2000
8487 4 2 23 64 544 1433 1836 1811
8488 4 2 23 64 179 536 1254 598
8489 4 2 23 64 1800 129 1792 1452
8490 4 2 23 64 1 5 138 133
8491 4 2 23 64 138 4 1 133
8492 4 2 23 64 769 449 1151 443
8493 4 2 23 64 445 778 451 1150
8494 4 2 23 64 1046 1045 1261 1429
8495 4 2 23 64 1818 1484 476 1431
8496 4 2 23 64 8 1 138 4
8497 4 2 23 64 1 8 138 5
8498 4 2 23 64 743 434 1139 428
8499 4 2 23 64 1138 800 430 436
8500 4 2 23 64 536 179 1254 178
8501 4 2 23 64 1252 815 814 2003
8502 4 2 23 64 609 546 626 547
8503 4 2 23 64 274 819 1422 1161
8504 4 2 23 64 547 546 1440 1814
8505 4 2 23 64 816 272 1421 1255
8506 4 2 23 64 1521 1520 1545 1988
8507 4 2 23 64 112 235 761 108
8508 4 2 23 64 233 110 106 777
8509 4 2 23 64 1457 530 1815 531
8510 4 2 23 64 745 104 227 100
8511 4 2 23 64 98 225 102 746
8512 4 2 23 64 1505 1978 1523 1996
8513 4 2 23 64 242 1508 326 2019
8514 4 2 23 64 683 202 698 1868
8515 4 2 23 64 132 3 6 150
8516 4 2 23 64 1526 1537 1506 1984
8517 4 2 23 64 1059 1251 1058 2005
8518 4 2 23 64 1507 1535 1513 1985
8519 4 2 23 64 774 775 1201 1517
8520 4 2 23 64 608 607 1891 2008
8521 4 2 23 64 1523 1507 1497 2002
8522 4 2 23 64 1543 243 784 1205
8523 4 2 23 64 500 1798 1464 1810
8524 4 2 23 64 445 767 778 1150
8525 4 2 23 64 449 769 1151 780
8526 4 2 23 64 1861 268 1893 2003
8527 4 2 23 64 192 193 667 2015
8528 4 2 23 64 696 697 682 1998
8529 4 2 23 64 1055 130 474 1444
8530 4 2 23 64 3 7 6 150
8531 4 2 23 64 1138 800 741 430
8532 4 2 23 64 434 743 1139 802
8533 4 2 23 64 539 1022 1034 1255
8534 4 2 23 64 1476 1425 532 1478
8535 4 2 23 64 1036 1024 537 1254
8536 4 2 23 64 529 1411 1457 1795
8537 4 2 23 64 697 2001 1981 2011
8538 4 2 23 64 634 635 177 2015
8539 4 2 23 64 1864 1893 269 2003
8540 4 2 23 64 1156 465 1430 1051
8541 4 2 23 64 538 1035 1257 1023
8542 4 2 23 64 1035 538 1256 1023
8543 4 2 23 64 1550 1534 1514 1994
8544 4 2 23 64 152 1853 684 36
8545 4 2 23 64 1468 1823 514 1844
8546 4 2 23 64 540 602 150 1998
8547 4 2 23 64 1478 533 1476 1439
8548 4 2 23 64 1521 1545 1517 1988
8549 4 2 23 64 1492 1490 298 294
8550 4 2 23 64 1489 297 293 1488
8551 4 2 23 64 292 296 1493 1487
8552 4 2 23 64 745 103 223 259
8553 4 2 23 64 543 606 631 605
8554 4 2 23 64 1034 636 539 1255
8555 4 2 23 64 236 109 244 762
8556 4 2 23 64 1036 537 638 1254
8557 4 2 23 64 142 1806 505 1447
8558 4 2 23 64 1551 1507 1523 2002
8559 4 2 23 64 816 1034 1022 1255
8560 4 2 23 64 1047 1046 1471 1154
8561 4 2 23 64 1482 486 135 1795
8562 4 2 23 64 1024 1036 818 1254
8563 4 2 23 64 476 1813 1818 1431
8564 4 2 23 64 814 815 1253 2003
8565 4 2 23 64 1799 497 1473 1808
8566 4 2 23 64 803 225 102 260
8567 4 2 23 64 1979 1993 1529 2014
8568 4 2 23 64 811 1541 1510 266
8569 4 2 23 64 542 603 604 1976
8570 4 2 23 64 235 112 761 245
8571 4 2 23 64 1457 530 531 1425
8572 4 2 23 64 1156 1430 1486 1051
8573 4 2 23 64 546 609 626 608
8574 4 2 23 64 1044 1919 1041 2003
8575 4 2 23 64 202 1868 34 563
8576 4 2 23 64 1035 538 1257 637
8577 4 2 23 64 1035 1256 538 637
8578 4 2 23 64 1833 1813 477 1431
8579 4 2 23 64 1782 1822 1825 1404
8580 4 2 23 64 203 33 1868 562
8581 4 2 23 64 1411 529 1797 1795
8582 4 2 23 64 1548 1232 1513 806
8583 4 2 23 64 1491 295 299 1494
8584 4 2 23 64 1059 1058 1250 2005
8585 4 2 23 64 1425 531 1457 1477
8586 4 2 23 64 5 133 1805 528
8587 4 2 23 64 1804 145 511 1418
8588 4 2 23 64 1260 821 1047 1471
8589 4 2 23 64 473 1057 126 1441
8590 4 2 23 64 325 1870 1855 2005
8591 4 2 23 64 203 683 205 1868
8592 4 2 23 64 690 1866 555 705
8593 4 2 23 64 146 1844 513 1468
8594 4 2 23 64 1549 1528 1509 2004
8595 4 2 23 64 245 1985 1507 2002
8596 4 2 23 64 493 1057 1803 1027
8597 4 2 23 64 1047 1046 1260 1471
8598 4 2 23 64 1520 1521 1504 2012
8599 4 2 23 64 142 1789 1806 1447
8600 4 2 23 64 1040 1911 1037 2005
8601 4 2 23 64 124 125 272 331
8602 4 2 23 64 1412 542 151 2015
8603 4 2 23 64 477 1813 476 1431
8604 4 2 23 64 1023 1052 1257 817
8605 4 2 23 64 1824 1784 1831 1406
8606 4 2 23 64 329 1417 1258 275
8607 4 2 23 64 1480 1840 521 1825
8608 4 2 23 64 1023 1256 1052 817
8609 4 2 23 64 544 543 1433 1811
8610 4 2 23 64 1052 1023 1257 1035
8611 4 2 23 64 1906 2008 247 2010
8612 4 2 23 64 763 237 730 2011
8613 4 2 23 64 1256 1052 1035 1023
8614 4 2 23 64 1803 139 493 1027
8615 4 2 23 64 1866 555 153 690
8616 4 2 23 64 760 729 219 2016
8617 4 2 23 64 697 603 1998 2011
8618 4 2 23 64 164 150 602 1998
8619 4 2 23 64 1870 324 1858 2005
8620 4 2 23 64 135 1815 1819 1432
8621 4 2 23 64 1465 1442 1466 141
8622 4 2 23 64 1783 1405 1816 1842
8623 4 2 23 64 435 429 742 1139
8624 4 2 23 64 742 429 435 1138
8625 4 2 23 64 1523 1522 1551 1978
8626 4 2 23 64 444 450 1151 779
8627 4 2 23 64 1150 450 444 779
8628 4 2 23 64 1785 1826 1838 1407
8629 4 2 23 64 1036 1053 818 1254
8630 4 2 23 64 1051 1034 816 1255
8631 4 2 23 64 1834 478 479 1410
8632 4 2 23 64 691 676 1865 597
8633 4 2 23 64 697 603 682 1998
8634 4 2 23 64 1523 1497 1995 2002
8635 4 2 23 64 1818 1785 1839 1407
8636 4 2 23 64 525 1793 1456 526
8637 4 2 23 64 1797 1482 1411 1795
8638 4 2 23 64 1188 760 234 2016
8639 4 2 23 64 1891 2008 1892 2010
8640 4 2 23 64 1807 151 1817 1448
8641 4 2 23 64 1460 517 1415 1470
8642 4 2 23 64 763 1190 237 2011
8643 4 2 23 64 1782 1825 1832 1404
8644 4 2 23 64 143 142 505 1447
8645 4 2 23 64 1517 239 1209 775
8646 4 2 23 64 164 603 541 1998
8647 4 2 23 64 109 105 106 762
8648 4 2 23 64 111 108 761 107
8649 4 2 23 64 475 133 474 1805
8650 4 2 23 64 180 634 197 1998
8651 4 2 23 64 1476 532 1831 533
8652 4 2 23 64 1890 1889 1846 2009
8653 4 2 23 64 1054 1800 1026 535
8654 4 2 23 64 529 1797 528 1411
8655 4 2 23 64 1800 149 1026 535
8656 4 2 23 64 97 98 101 746
8657 4 2 23 64 99 100 103 745
8658 4 2 23 64 110 109 106 777
8659 4 2 23 64 108 111 761 112
8660 4 2 23 64 1865 676 163 597
8661 4 2 23 64 1793 1456 526 1796
8662 4 2 23 64 1433 543 1817 1811
8663 4 2 23 64 102 101 98 746
8664 4 2 23 64 104 103 100 745
8665 4 2 23 64 248 1547 786 1206
8666 4 2 23 64 330 1414 1050 1157
8667 4 2 23 64 742 801 435 1139
8668 4 2 23 64 801 742 435 1138
8669 4 2 23 64 1785 1838 1839 1407
8670 4 2 23 64 545 1835 1836 1413
8671 4 2 23 64 205 683 698 1868
8672 4 2 23 64 1845 1891 1892 2010
8673 4 2 23 64 1505 1522 1523 1978
8674 4 2 23 64 768 444 1151 779
8675 4 2 23 64 768 1150 444 779
8676 4 2 23 64 437 431 753 1140
8677 4 2 23 64 759 440 1144 446
8678 4 2 23 64 1164 820 1165 1403
8679 4 2 23 64 235 1188 234 2016
8680 4 2 23 64 237 1190 236 2011
8681 4 2 23 64 502 141 1843 1465
8682 4 2 23 64 1165 1164 1403 817
8683 4 2 23 64 433 1141 439 751
8684 4 2 23 64 1145 448 442 757
8685 4 2 23 64 790 1517 1209 775
8686 4 2 23 64 784 1518 785 1219
8687 4 2 23 64 1469 1822 520 519
8688 4 2 23 64 145 1418 1788 510
8689 4 2 23 64 1547 1206 787 249
8690 4 2 23 64 541 1020 150 1998
8691 4 2 23 64 743 1136 434 428
8692 4 2 23 64 430 800 1137 436
8693 4 2 23 64 164 682 603 1998
8694 4 2 23 64 443 449 1148 769
8695 4 2 23 64 445 778 1149 451
8696 4 2 23 64 1837 1783 1842 1405
8697 4 2 23 64 1544 1520 1504 2012
8698 4 2 23 64 603 1976 541 1998
8699 4 2 23 64 517 518 1821 1415
8700 4 2 23 64 516 1459 1820 515
8701 4 2 23 64 272 816 1421 1160
8702 4 2 23 64 181 634 180 1998
8703 4 2 23 64 1523 1978 1551 2002
8704 4 2 23 64 1410 1834 478 1833
8705 4 2 23 64 800 430 1137 741
8706 4 2 23 64 434 802 1136 743
8707 4 2 23 64 165 543 151 2015
8708 4 2 23 64 523 522 1483 1832
8709 4 2 23 64 778 445 1149 767
8710 4 2 23 64 769 449 1148 780
8711 4 2 23 64 1823 1783 1837 1405
8712 4 2 23 64 521 147 1840 1480
8713 4 2 23 64 1057 126 1441 1803
8714 4 2 23 64 698 202 204 1868
8715 4 2 23 64 794 253 1536 1224
8716 4 2 23 64 219 728 218 2016
8717 4 2 23 64 221 730 220 2011
8718 4 2 23 64 148 1804 1418 1788
8719 4 2 23 64 752 438 432 1143
8720 4 2 23 64 1142 438 432 752
8721 4 2 23 64 1421 1162 1160 275
8722 4 2 23 64 1414 119 1050 1157
8723 4 2 23 64 1464 1810 501 500
8724 4 2 23 64 447 758 1147 441
8725 4 2 23 64 447 1146 758 441
8726 4 2 23 64 541 150 164 1998
8727 4 2 23 64 635 122 176 2015
8728 4 2 23 64 177 192 667 2015
8729 4 2 23 64 1808 496 497 1473
8730 4 2 23 64 1053 1450 1256 818
8731 4 2 23 64 1513 258 1232 798
8732 4 2 23 64 1452 1800 129 1054
8733 4 2 23 64 196 221 696 1998
8734 4 2 23 64 474 133 131 1805
8735 4 2 23 64 774 775 1517 1208
8736 4 2 23 64 465 1159 1430 1051
8737 4 2 23 64 176 177 635 2015
8738 4 2 23 64 146 514 1844 1468
8739 4 2 23 64 1153 1049 1417 329
8740 4 2 23 64 499 1809 498 1416
8741 4 2 23 64 1429 1152 459 1045
8742 4 2 23 64 234 760 219 2016
8743 4 2 23 64 1161 1163 273 1422
8744 4 2 23 64 220 730 237 2011
8745 4 2 23 64 165 605 543 2015
8746 4 2 23 64 1422 1161 1163 274
8747 4 2 23 64 542 604 165 2015
8748 4 2 23 64 810 1502 1248 265
8749 4 2 23 64 1054 1452 1800 535
8750 4 2 23 64 165 151 542 2015
8751 4 2 23 64 1045 459 1429 1155
8752 4 2 23 64 258 1513 1232 806
8753 4 2 23 64 170 171 481 1977
8754 4 2 23 64 272 1160 1421 1162
8755 4 2 23 64 1517 790 1208 775
8756 4 2 23 64 1901 1853 36 684
8757 4 2 23 64 1486 331 125 471
8758 4 2 23 64 1418 1804 145 1788
8759 4 2 23 64 456 13 173 619
8760 4 2 23 64 1543 241 776 1205
8761 4 2 23 64 617 171 44 648
8762 4 2 23 64 616 12 116 455
8763 4 2 23 64 1206 1547 788 249
8764 4 2 23 64 36 40 1901 684
8765 4 2 23 64 617 47 182 648
8766 4 2 23 64 649 71 206 712
8767 4 2 23 64 616 166 15 455
8768 4 2 23 64 114 10 456 619
8769 4 2 23 64 651 42 169 618
8770 4 2 23 64 471 1486 331 1156
8771 4 2 23 64 602 197 681 1998
8772 4 2 23 64 1541 1247 266 811
8773 4 2 23 64 542 1976 604 2015
8774 4 2 23 64 211 84 713 744
8775 4 2 23 64 714 209 82 747
8776 4 2 23 64 476 170 481 1977
8777 4 2 23 64 714 85 229 747
8778 4 2 23 64 87 222 713 744
8779 4 2 23 64 602 180 197 1998
8780 4 2 23 64 763 1130 90 730
8781 4 2 23 64 760 92 219 729
8782 4 2 23 64 760 1131 92 729
8783 4 2 23 64 763 90 217 730
8784 4 2 23 64 1503 1223 255 795
8785 4 2 23 64 763 237 93 730
8786 4 2 23 64 760 230 95 729
8787 4 2 23 64 95 1131 760 729
8788 4 2 23 64 747 82 714 1120
8789 4 2 23 64 93 1130 763 730
8790 4 2 23 64 744 84 713 1121
8791 4 2 23 64 795 255 1503 1232
8792 4 2 23 64 744 713 87 1121
8793 4 2 23 64 747 714 85 1120
8794 4 2 23 64 121 543 122 2015
8795 4 2 23 64 666 77 221 731
8796 4 2 23 64 634 53 197 667
8797 4 2 23 64 664 190 55 633
8798 4 2 23 64 728 214 79 665
8799 4 2 23 64 23 174 469 632
8800 4 2 23 64 635 18 122 470
8801 4 2 23 64 1235 1496 812 797
8802 4 2 23 64 812 1496 1236 797
8803 4 2 23 64 241 773 1205 1543
8804 4 2 23 64 1803 25 139 1027
8805 4 2 23 64 1866 153 61 690
8806 4 2 23 64 26 30 149 1800
8807 4 2 23 64 62 163 58 1865
8808 4 2 23 64 61 57 153 1866
8809 4 2 23 64 25 29 1803 139
8810 4 2 23 64 1545 772 239 1197
8811 4 2 23 64 26 1026 1800 149
8812 4 2 23 64 192 605 193 2015
8813 4 2 23 64 676 163 62 1865
8814 4 2 23 64 122 543 176 2015
8815 4 2 23 64 176 543 177 2015
8816 4 2 23 64 170 12 616 16
8817 4 2 23 64 186 48 44 648
8818 4 2 23 64 213 65 69 650
8819 4 2 23 64 649 72 187 68
8820 4 2 23 64 117 13 456 9
8821 4 2 23 64 13 117 456 173
8822 4 2 23 64 213 188 65 650
8823 4 2 23 64 12 170 616 116
8824 4 2 23 64 186 44 171 648
8825 4 2 23 64 114 14 10 619
8826 4 2 23 64 46 169 651 42
8827 4 2 23 64 167 47 617 43
8828 4 2 23 64 185 70 66 715
8829 4 2 23 64 183 71 649 67
8830 4 2 23 64 114 14 619 168
8831 4 2 23 64 47 167 617 182
8832 4 2 23 64 169 46 651 184
8833 4 2 23 64 185 208 70 715
8834 4 2 23 64 71 183 649 206
8835 4 2 23 64 88 84 226 744
8836 4 2 23 64 224 82 747 86
8837 4 2 23 64 257 267 1234 1533
8838 4 2 23 64 177 605 192 2015
8839 4 2 23 64 84 211 226 744
8840 4 2 23 64 82 224 747 209
8841 4 2 23 64 91 230 729 95
8842 4 2 23 64 230 91 729 215
8843 4 2 23 64 49 197 634 53
8844 4 2 23 64 469 24 123 20
8845 4 2 23 64 633 56 179 52
8846 4 2 23 64 665 80 195 76
8847 4 2 23 64 73 77 196 666
8848 4 2 23 64 77 221 196 666
8849 4 2 23 64 197 49 634 180
8850 4 2 23 64 75 79 214 665
8851 4 2 23 64 666 78 193 74
8852 4 2 23 64 22 122 635 18
8853 4 2 23 64 175 51 55 633
8854 4 2 23 64 667 177 54 192
8855 4 2 23 64 175 55 190 633
8856 4 2 23 64 122 22 635 176
8857 4 2 23 64 1130 90 94 763
8858 4 2 23 64 75 214 191 665
8859 4 2 23 64 543 605 177 2015
8860 4 2 23 64 1131 92 96 760
8861 4 2 23 64 1131 95 91 729
8862 4 2 23 64 1130 93 89 730
8863 4 2 23 64 86 82 747 1120
8864 4 2 23 64 88 84 744 1121
8865 4 2 23 64 713 83 87 1121
8866 4 2 23 64 714 81 85 1120
8867 4 2 23 64 676 201 1865 62
8868 4 2 23 64 68 71 67 649
8869 4 2 23 64 171 625 481 1977
8870 4 2 23 64 11 12 15 455
8871 4 2 23 64 170 622 171 1977
8872 4 2 23 64 171 622 625 1977
8873 4 2 23 64 214 75 661 79
8874 4 2 23 64 75 214 661 191
8875 4 2 23 64 74 77 73 666
8876 4 2 23 64 122 22 628 18
8877 4 2 23 64 12 616 15 455
8878 4 2 23 64 665 80 76 79
8879 4 2 23 64 23 19 20 469
8880 4 2 23 64 27 28 31 472
8881 4 2 23 64 1803 25 1027 127
8882 4 2 23 64 63 64 675 60
8883 4 2 23 64 469 24 20 23
8884 4 2 23 64 469 24 23 632
8885 4 2 23 64 55 52 56 633
8886 4 2 23 64 665 80 79 728
8887 4 2 23 64 52 55 51 633
8888 4 2 23 64 55 56 664 633
8889 4 2 23 64 665 76 75 79
8890 4 2 23 64 175 629 658 51
8891 4 2 23 64 214 661 722 79
8892 4 2 23 64 1207 1517 791 774
8893 4 2 23 64 1517 1207 242 774
8894 4 2 23 64 2 5 1 475
8895 4 2 23 64 37 683 34 38
8896 4 2 23 64 18 22 21 635
8897 4 2 23 64 1496 813 796 1235
8898 4 2 23 64 1207 1517 242 1528
8899 4 2 23 64 122 22 176 628
8900 4 2 23 64 666 78 74 77
8901 4 2 23 64 666 78 77 731
8902 4 2 23 64 50 53 49 634
8903 4 2 23 64 1517 790 791 1208
8904 4 2 23 64 1528 1508 1517 242
8905 4 2 23 64 45 46 651 42
8906 4 2 23 64 1496 1533 813 1519
8907 4 2 23 64 175 658 55 51
8908 4 2 23 64 47 48 648 44
8909 4 2 23 64 616 12 15 16
8910 4 2 23 64 47 617 44 648
8911 4 2 23 64 617 47 44 43
8912 4 2 23 64 71 68 72 649
8913 4 2 23 64 72 71 649 712
8914 4 2 23 64 139 492 554 1975
8915 4 2 23 64 139 554 153 1975
8916 4 2 23 64 660 50 177 54
8917 4 2 23 64 13 456 10 619
8918 4 2 23 64 50 660 177 631
8919 4 2 23 64 66 69 65 650
8920 4 2 23 64 1405 1436 511 512
8921 4 2 23 64 128 1026 1800 26
8922 4 2 23 64 69 715 66 70
8923 4 2 23 64 456 13 10 9
8924 4 2 23 64 198 690 1866 61
8925 4 2 23 64 13 14 619 10
8926 4 2 23 64 1207 1517 1528 791
8927 4 2 23 64 379 53 639 49
8928 4 2 23 64 379 639 53 668
8929 4 2 23 64 197 639 53 49
8930 4 2 23 64 197 53 639 668
8931 4 2 23 64 513 1405 1436 1468
8932 4 2 23 64 513 1436 1405 512
8933 4 2 23 64 638 20 353 1036
8934 4 2 23 64 638 353 20 24
8935 4 2 23 64 1254 123 638 1036
8936 4 2 23 64 123 20 638 1036
8937 4 2 23 64 123 638 20 24
8938 4 2 23 64 52 377 670 641
8939 4 2 23 64 670 377 52 56
8940 4 2 23 64 179 52 670 641
8941 4 2 23 64 670 52 179 56
8942 4 2 23 64 17 124 636 1034
8943 4 2 23 64 1255 636 124 1034
8944 4 2 23 64 1255 124 636 181
8945 4 2 23 64 2017 557 1539 154
8946 4 2 23 64 2017 1539 557 1500
8947 4 2 23 64 242 1517 1521 1508
8948 4 2 23 64 242 1521 1517 774
8949 4 2 23 64 1451 1420 563 1986
8950 4 2 23 64 563 562 1451 1986
8951 4 2 23 64 584 1996 1505 159
8952 4 2 23 64 1505 1996 584 1978
8953 4 2 23 64 1505 160 584 159
8954 4 2 23 64 584 160 1505 1978
8955 4 2 23 64 243 1544 1543 1506
8956 4 2 23 64 243 1543 1544 776
8957 4 2 23 64 145 144 587 511
8958 4 2 23 64 145 587 144 159
8959 4 2 23 64 1437 587 144 511
8960 4 2 23 64 1437 144 587 159
8961 4 2 23 64 458 457 1471 1154
8962 4 2 23 64 458 1471 457 1410
8963 4 2 23 64 1497 798 1503 255
8964 4 2 23 64 1497 1503 798 1513
8965 4 2 23 64 1232 1503 798 255
8966 4 2 23 64 1232 798 1503 1513
8967 4 2 23 64 758 757 2008 1187
8968 4 2 23 64 758 2008 757 1908
8969 4 2 23 64 770 759 1906 1186
8970 4 2 23 64 770 1906 759 1907
8971 4 2 23 64 758 1906 759 1186
8972 4 2 23 64 758 759 1906 1907
8973 4 2 23 64 752 751 1914 1183
8974 4 2 23 64 752 1914 751 1916
8975 4 2 23 64 805 1914 751 1183
8976 4 2 23 64 805 751 1914 1916
8977 4 2 23 64 792 753 1914 1182
8978 4 2 23 64 792 1914 753 1915
8979 4 2 23 64 752 1914 753 1182
8980 4 2 23 64 752 753 1914 1915
8981 4 2 23 64 2007 588 1511 1549
8982 4 2 23 64 2007 1511 588 161
8983 4 2 23 64 631 630 660 606
8984 4 2 23 64 659 630 660 374
8985 4 2 23 64 659 660 630 606
8986 4 2 23 64 158 157 505 143
8987 4 2 23 64 505 157 158 577
8988 4 2 23 64 505 1443 158 143
8989 4 2 23 64 158 1443 505 577
8990 4 2 23 64 554 1975 690 153
8991 4 2 23 64 644 1258 169 615
8992 4 2 23 64 362 42 644 46
8993 4 2 23 64 42 169 644 46
8994 4 2 23 64 42 644 169 615
8995 4 2 23 64 455 11 166 15
8996 4 2 23 64 455 166 11 113
8997 4 2 23 64 452 166 11 15
8998 4 2 23 64 452 11 166 113
8999 4 2 23 64 706 183 704 645
9000 4 2 23 64 388 706 67 71
9001 4 2 23 64 67 183 706 645
9002 4 2 23 64 67 706 183 71
9003 4 2 23 64 1427 495 1475 1474
9004 4 2 23 64 1427 1475 495 569
9005 4 2 23 64 154 495 1475 569
9006 4 2 23 64 1417 821 275 1421
9007 4 2 23 64 1417 275 821 1258
9008 4 2 23 64 1992 703 742 1175
9009 4 2 23 64 1992 742 703 702
9010 4 2 23 64 739 742 703 1175
9011 4 2 23 64 739 703 742 702
9012 4 2 23 64 739 701 742 1174
9013 4 2 23 64 739 742 701 702
9014 4 2 23 64 1992 742 701 1174
9015 4 2 23 64 1992 701 742 702
9016 4 2 23 64 140 495 1475 154
9017 4 2 23 64 140 1475 495 1474
9018 4 2 23 64 548 618 487 619
9019 4 2 23 64 548 487 618 549
9020 4 2 23 64 169 487 618 619
9021 4 2 23 64 169 618 487 549
9022 4 2 23 64 1983 2004 1059 327
9023 4 2 23 64 1059 2004 1983 590
9024 4 2 23 64 1439 557 1539 1478
9025 4 2 23 64 1439 1539 557 154
9026 4 2 23 64 205 1997 2001 699
9027 4 2 23 64 2001 1997 205 1980
9028 4 2 23 64 1057 328 1422 274
9029 4 2 23 64 1057 1422 328 1409
9030 4 2 23 64 718 210 187 481
9031 4 2 23 64 718 187 210 72
9032 4 2 23 64 2000 199 2002 705
9033 4 2 23 64 2000 2002 199 1979
9034 4 2 23 64 604 667 1976 603
9035 4 2 23 64 1998 1976 667 603
9036 4 2 23 64 1998 667 1976 634
9037 4 2 23 64 1998 1976 470 635
9038 4 2 23 64 1998 1976 471 470
9039 4 2 23 64 1998 471 1976 541
9040 4 2 23 64 166 616 555 493
9041 4 2 23 64 166 555 616 617
9042 4 2 23 64 556 555 616 493
9043 4 2 23 64 556 616 555 617
9044 4 2 23 64 1826 1838 1465 1843
9045 4 2 23 64 1826 1465 1838 1407
9046 4 2 23 64 1485 1465 1838 1843
9047 4 2 23 64 1485 1838 1465 1407
9048 4 2 23 64 669 641 670 377
9049 4 2 23 64 639 640 668 379
9050 4 2 23 64 669 668 640 379
9051 4 2 23 64 1153 1458 1471 1417
9052 4 2 23 64 1153 1471 1458 457
9053 4 2 23 64 25 127 32 28
9054 4 2 23 64 32 127 25 1803
9055 4 2 23 64 60 198 57 64
9056 4 2 23 64 60 57 198 1866
9057 4 2 23 64 61 57 198 64
9058 4 2 23 64 61 198 57 1866
9059 4 2 23 64 2019 593 1428 1508
9060 4 2 23 64 2019 1428 593 1983
9061 4 2 23 64 464 465 1413 544
9062 4 2 23 64 464 1413 465 1430
9063 4 2 23 64 1433 1413 465 544
9064 4 2 23 64 1433 465 1413 1430
9065 4 2 23 64 2014 580 1419 1538
9066 4 2 23 64 2014 1419 580 158
9067 4 2 23 64 738 704 741 703
9068 4 2 23 64 738 741 704 1172
9069 4 2 23 64 1985 741 704 703
9070 4 2 23 64 1985 704 741 1172
9071 4 2 23 64 1984 700 743 701
9072 4 2 23 64 1984 743 700 1173
9073 4 2 23 64 740 743 700 701
9074 4 2 23 64 740 700 743 1173
9075 4 2 23 64 596 633 535 632
9076 4 2 23 64 596 535 633 597
9077 4 2 23 64 179 535 633 632
9078 4 2 23 64 179 633 535 597
9079 4 2 23 64 821 1417 1047 1471
9080 4 2 23 64 1047 1417 821 1258
9081 4 2 23 64 1986 1530 1451 1542
9082 4 2 23 64 1986 1451 1530 561
9083 4 2 23 64 562 1863 1980 205
9084 4 2 23 64 1980 1863 562 561
9085 4 2 23 64 1980 1986 562 205
9086 4 2 23 64 562 1986 1980 561
9087 4 2 23 64 62 201 59 63
9088 4 2 23 64 62 59 201 1865
9089 4 2 23 64 26 128 30 1800
9090 4 2 23 64 26 30 128 27
9091 4 2 23 64 31 30 128 1800
9092 4 2 23 64 31 128 30 27
9093 4 2 23 64 535 469 178 123
9094 4 2 23 64 535 178 469 632
9095 4 2 23 64 24 178 469 123
9096 4 2 23 64 24 469 178 632
9097 4 2 23 64 56 633 194 664
9098 4 2 23 64 56 194 633 179
9099 4 2 23 64 597 194 633 664
9100 4 2 23 64 597 633 194 179
9101 4 2 23 64 1868 204 1986 563
9102 4 2 23 64 1868 1986 204 698
9103 4 2 23 64 521 594 1428 520
9104 4 2 23 64 521 1428 594 2018
9105 4 2 23 64 1980 1986 1530 561
9106 4 2 23 64 1530 1986 1980 1498
9107 4 2 23 64 556 649 210 187
9108 4 2 23 64 72 210 649 187
9109 4 2 23 64 72 649 210 712
9110 4 2 23 64 1985 1218 786 1535
9111 4 2 23 64 1985 786 1218 780
9112 4 2 23 64 805 1890 1183 484
9113 4 2 23 64 805 1183 1890 2009
9114 4 2 23 64 483 1183 1890 484
9115 4 2 23 64 483 1890 1183 2009
9116 4 2 23 64 1810 1407 1446 1464
9117 4 2 23 64 1810 1446 1407 1785
9118 4 2 23 64 567 1512 1521 1504
9119 4 2 23 64 567 1521 1512 568
9120 4 2 23 64 806 258 1985 1244
9121 4 2 23 64 806 1985 258 1513
9122 4 2 23 64 1447 504 1839 505
9123 4 2 23 64 1447 1839 504 1407
9124 4 2 23 64 138 1797 1033 133
9125 4 2 23 64 138 1033 1797 487
9126 4 2 23 64 1056 1033 1797 133
9127 4 2 23 64 1056 1797 1033 487
9128 4 2 23 64 2008 755 1892 1186
9129 4 2 23 64 2008 1892 755 607
9130 4 2 23 64 606 1892 755 1186
9131 4 2 23 64 606 755 1892 607
9132 4 2 23 64 608 2008 755 607
9133 4 2 23 64 2015 543 1412 121
9134 4 2 23 64 2015 1412 543 151
9135 4 2 23 64 137 211 2000 226
9136 4 2 23 64 1997 699 209 224
9137 4 2 23 64 549 152 550 684
9138 4 2 23 64 1185 2008 609 782
9139 4 2 23 64 2004 1213 1039 1040
9140 4 2 23 64 2004 1039 1213 1990
9141 4 2 23 64 1993 1979 2000 137
9142 4 2 23 64 2000 1979 1993 227
9143 4 2 23 64 212 136 1997 229
9144 4 2 23 64 162 1978 2016 230
9145 4 2 23 64 2016 1978 162 596
9146 4 2 23 64 2016 215 162 230
9147 4 2 23 64 2006 1201 1038 1988
9148 4 2 23 64 2006 1038 1201 1037
9149 4 2 23 64 568 902 1481 1435
9150 4 2 23 64 1481 902 568 567
9151 4 2 23 64 1481 523 568 1435
9152 4 2 23 64 568 523 1481 567
9153 4 2 23 64 1481 566 525 565
9154 4 2 23 64 1481 1420 525 1423
9155 4 2 23 64 525 1420 1481 565
9156 4 2 23 64 139 1975 1027 492
9157 4 2 23 64 139 1027 1975 493
9158 4 2 23 64 718 721 481 482
9159 4 2 23 64 718 481 721 211
9160 4 2 23 64 226 721 481 211
9161 4 2 23 64 705 2000 207 222
9162 4 2 23 64 708 701 646 707
9163 4 2 23 64 702 646 701 707
9164 4 2 23 64 646 702 703 707
9165 4 2 23 64 703 706 646 707
9166 4 2 23 64 646 703 645 706
9167 4 2 23 64 643 614 644 362
9168 4 2 23 64 643 642 614 364
9169 4 2 23 64 19 346 626 352
9170 4 2 23 64 19 626 346 466
9171 4 2 23 64 467 626 346 352
9172 4 2 23 64 467 346 626 466
9173 4 2 23 64 50 368 660 631
9174 4 2 23 64 50 660 368 374
9175 4 2 23 64 630 660 368 631
9176 4 2 23 64 630 368 660 374
9177 4 2 23 64 1028 1975 492 1027
9178 4 2 23 64 1975 493 113 166
9179 4 2 23 64 796 797 1496 1235
9180 4 2 23 64 1496 797 796 1550
9181 4 2 23 64 1412 1421 125 1486
9182 4 2 23 64 1412 125 1421 1055
9183 4 2 23 64 721 481 750 226
9184 4 2 23 64 721 750 481 482
9185 4 2 23 64 1181 750 481 226
9186 4 2 23 64 1181 481 750 482
9187 4 2 23 64 1993 2013 1850 1514
9188 4 2 23 64 1850 2013 1993 1894
9189 4 2 23 64 169 488 549 487
9190 4 2 23 64 169 549 488 550
9191 4 2 23 64 152 549 488 487
9192 4 2 23 64 152 488 549 550
9193 4 2 23 64 398 74 724 78
9194 4 2 23 64 398 724 74 663
9195 4 2 23 64 605 193 724 663
9196 4 2 23 64 724 74 193 78
9197 4 2 23 64 724 193 74 663
9198 4 2 23 64 506 1419 1447 143
9199 4 2 23 64 1447 1419 506 1455
9200 4 2 23 64 1447 142 506 143
9201 4 2 23 64 1979 1497 1993 255
9202 4 2 23 64 1979 1993 1497 1529
9203 4 2 23 64 1503 1993 1497 255
9204 4 2 23 64 1503 1497 1993 1529
9205 4 2 23 64 1419 507 1438 581
9206 4 2 23 64 1419 1438 507 1454
9207 4 2 23 64 582 1438 507 581
9208 4 2 23 64 76 401 673 395
9209 4 2 23 64 76 673 401 734
9210 4 2 23 64 733 673 401 395
9211 4 2 23 64 733 401 673 734
9212 4 2 23 64 726 422 756 755
9213 4 2 23 64 756 606 726 755
9214 4 2 23 64 726 606 756 727
9215 4 2 23 64 168 487 488 169
9216 4 2 23 64 229 1991 1997 228
9217 4 2 23 64 1997 1991 229 136
9218 4 2 23 64 1984 264 2001 1526
9219 4 2 23 64 1984 2001 264 260
9220 4 2 23 64 1498 2001 264 1526
9221 4 2 23 64 1498 264 2001 260
9222 4 2 23 64 1997 699 208 209
9223 4 2 23 64 1985 1246 806 800
9224 4 2 23 64 1985 806 1246 1535
9225 4 2 23 64 549 184 550 169
9226 4 2 23 64 550 184 549 684
9227 4 2 23 64 589 1525 2004 590
9228 4 2 23 64 2004 1525 589 1549
9229 4 2 23 64 179 163 597 535
9230 4 2 23 64 179 597 163 676
9231 4 2 23 64 216 78 666 731
9232 4 2 23 64 666 78 216 193
9233 4 2 23 64 507 508 1438 582
9234 4 2 23 64 507 1438 508 1454
9235 4 2 23 64 1510 795 1231 794
9236 4 2 23 64 1510 1231 795 1548
9237 4 2 23 64 1032 168 1033 488
9238 4 2 23 64 487 168 1033 114
9239 4 2 23 64 487 1033 168 488
9240 4 2 23 64 1204 788 1495 789
9241 4 2 23 64 1204 1495 788 1547
9242 4 2 23 64 1524 1495 788 789
9243 4 2 23 64 1524 788 1495 1547
9244 4 2 23 64 1254 1414 1053 1450
9245 4 2 23 64 1254 1053 1414 330
9246 4 2 23 64 1157 1414 1053 330
9247 4 2 23 64 1975 493 328 113
9248 4 2 23 64 328 493 1975 1027
9249 4 2 23 64 213 136 1997 212
9250 4 2 23 64 1997 136 213 548
9251 4 2 23 64 558 1532 1530 559
9252 4 2 23 64 558 1530 1532 1500
9253 4 2 23 64 591 1460 1470 517
9254 4 2 23 64 1470 1460 591 1983
9255 4 2 23 64 1470 518 591 517
9256 4 2 23 64 1796 1055 1412 1444
9257 4 2 23 64 1412 1055 1796 541
9258 4 2 23 64 524 1481 525 1423
9259 4 2 23 64 524 525 1481 566
9260 4 2 23 64 214 162 2016 215
9261 4 2 23 64 1999 572 1864 571
9262 4 2 23 64 1999 1864 572 814
9263 4 2 23 64 1987 794 1503 1536
9264 4 2 23 64 1987 1503 794 1225
9265 4 2 23 64 185 208 708 70
9266 4 2 23 64 527 1796 1456 130
9267 4 2 23 64 527 1456 1796 526
9268 4 2 23 64 1548 1531 807 1499
9269 4 2 23 64 1548 807 1531 1231
9270 4 2 23 64 1254 536 123 1025
9271 4 2 23 64 1254 123 536 178
9272 4 2 23 64 1026 123 536 1025
9273 4 2 23 64 1026 536 123 178
9274 4 2 23 64 723 724 663 606
9275 4 2 23 64 723 663 724 398
9276 4 2 23 64 1986 563 1981 564
9277 4 2 23 64 1986 1981 563 204
9278 4 2 23 64 1862 1981 563 564
9279 4 2 23 64 1862 563 1981 204
9280 4 2 23 64 734 195 218 80
9281 4 2 23 64 734 218 195 692
9282 4 2 23 64 233 605 165 232
9283 4 2 23 64 233 165 605 2012
9284 4 2 23 64 604 233 165 232
9285 4 2 23 64 604 165 233 2012
9286 4 2 23 64 2011 233 604 232
9287 4 2 23 64 2011 604 233 2012
9288 4 2 23 64 1418 1842 1816 1405
9289 4 2 23 64 1816 1842 1418 1804
9290 4 2 23 64 2003 2009 1873 1846
9291 4 2 23 64 1873 2009 2003 1043
9292 4 2 23 64 2003 2009 1874 1042
9293 4 2 23 64 1874 2009 2003 1846
9294 4 2 23 64 183 645 689 704
9295 4 2 23 64 703 689 645 704
9296 4 2 23 64 692 673 678 670
9297 4 2 23 64 692 678 673 693
9298 4 2 23 64 2006 242 1521 1508
9299 4 2 23 64 125 331 1421 272
9300 4 2 23 64 125 1421 331 1486
9301 4 2 23 64 1255 1421 331 272
9302 4 2 23 64 1255 331 1421 1486
9303 4 2 23 64 231 2016 246 1978
9304 4 2 23 64 231 246 2016 761
9305 4 2 23 64 781 246 2016 1978
9306 4 2 23 64 781 2016 246 761
9307 4 2 23 64 701 687 646 702
9308 4 2 23 64 696 671 680 695
9309 4 2 23 64 646 382 706 645
9310 4 2 23 64 646 706 382 388
9311 4 2 23 64 67 706 382 645
9312 4 2 23 64 67 382 706 388
9313 4 2 23 64 358 43 642 613
9314 4 2 23 64 642 43 358 364
9315 4 2 23 64 642 614 358 613
9316 4 2 23 64 358 614 642 364
9317 4 2 23 64 566 2012 567 1871
9318 4 2 23 64 567 2012 566 1504
9319 4 2 23 64 42 356 644 615
9320 4 2 23 64 42 644 356 362
9321 4 2 23 64 614 644 356 615
9322 4 2 23 64 614 356 644 362
9323 4 2 23 64 2015 667 1976 604
9324 4 2 23 64 2015 1976 667 634
9325 4 2 23 64 671 672 680 695
9326 4 2 23 64 694 680 672 695
9327 4 2 23 64 694 672 678 693
9328 4 2 23 64 673 678 672 693
9329 4 2 23 64 239 1524 1204 1495
9330 4 2 23 64 239 1204 1524 250
9331 4 2 23 64 1910 107 757 1145
9332 4 2 23 64 1910 757 107 231
9333 4 2 23 64 1979 259 2002 1497
9334 4 2 23 64 1979 2002 259 2000
9335 4 2 23 64 605 217 165 232
9336 4 2 23 64 604 165 217 232
9337 4 2 23 64 732 196 696 671
9338 4 2 23 64 73 732 196 77
9339 4 2 23 64 73 196 732 671
9340 4 2 23 64 403 732 73 77
9341 4 2 23 64 1448 525 1456 1423
9342 4 2 23 64 1448 1456 525 1793
9343 4 2 23 64 164 682 1862 603
9344 4 2 23 64 763 90 232 217
9345 4 2 23 64 763 232 90 94
9346 4 2 23 64 727 232 90 217
9347 4 2 23 64 727 90 232 94
9348 4 2 23 64 730 89 237 93
9349 4 2 23 64 730 237 89 220
9350 4 2 23 64 735 237 89 93
9351 4 2 23 64 735 89 237 220
9352 4 2 23 64 760 92 234 219
9353 4 2 23 64 760 234 92 96
9354 4 2 23 64 737 234 92 219
9355 4 2 23 64 737 92 234 96
9356 4 2 23 64 612 114 168 14
9357 4 2 23 64 612 168 114 1258
9358 4 2 23 64 41 361 652 367
9359 4 2 23 64 41 652 361 623
9360 4 2 23 64 624 652 361 367
9361 4 2 23 64 624 361 652 623
9362 4 2 23 64 1998 666 603 667
9363 4 2 23 64 604 603 666 667
9364 4 2 23 64 106 1909 759 1144
9365 4 2 23 64 106 759 1909 233
9366 4 2 23 64 2011 777 233 762
9367 4 2 23 64 2011 233 777 1981
9368 4 2 23 64 670 692 194 677
9369 4 2 23 64 670 194 692 195
9370 4 2 23 64 676 194 692 677
9371 4 2 23 64 676 692 194 195
9372 4 2 23 64 804 1991 1180 228
9373 4 2 23 64 804 1180 1991 485
9374 4 2 23 64 229 1180 1991 228
9375 4 2 23 64 229 1991 1180 485
9376 4 2 23 64 1451 563 528 562
9377 4 2 23 64 680 696 668 671
9378 4 2 23 64 196 668 696 671
9379 4 2 23 64 668 672 680 671
9380 4 2 23 64 672 679 680 694
9381 4 2 23 64 672 678 679 694
9382 4 2 23 64 1988 772 1520 1545
9383 4 2 23 64 1988 1520 772 1198
9384 4 2 23 64 773 1520 772 1545
9385 4 2 23 64 773 772 1520 1198
9386 4 2 23 64 609 754 2008 1185
9387 4 2 23 64 609 2008 754 608
9388 4 2 23 64 1863 684 152 549
9389 4 2 23 64 719 81 229 212
9390 4 2 23 64 719 229 81 85
9391 4 2 23 64 714 229 81 212
9392 4 2 23 64 714 81 229 85
9393 4 2 23 64 680 681 668 696
9394 4 2 23 64 179 676 677 194
9395 4 2 23 64 677 676 179 598
9396 4 2 23 64 1918 97 751 1141
9397 4 2 23 64 1918 751 97 228
9398 4 2 23 64 1984 784 1219 1537
9399 4 2 23 64 1984 1219 784 778
9400 4 2 23 64 642 167 182 1259
9401 4 2 23 64 642 182 167 47
9402 4 2 23 64 202 164 682 1862
9403 4 2 23 64 202 682 164 39
9404 4 2 23 64 704 709 222 207
9405 4 2 23 64 704 222 709 738
9406 4 2 23 64 87 709 222 738
9407 4 2 23 64 1140 227 104 100
9408 4 2 23 64 1140 104 227 1917
9409 4 2 23 64 253 797 1496 1536
9410 4 2 23 64 253 1496 797 1236
9411 4 2 23 64 2004 791 1528 1509
9412 4 2 23 64 2004 1528 791 1211
9413 4 2 23 64 479 483 621 478
9414 4 2 23 64 479 621 483 624
9415 4 2 23 64 482 621 483 478
9416 4 2 23 64 482 483 621 624
9417 4 2 23 64 686 1258 615 551
9418 4 2 23 64 615 1258 686 644
9419 4 2 23 64 237 2001 1984 696
9420 4 2 23 64 1984 2001 237 236
9421 4 2 23 64 1984 1193 237 696
9422 4 2 23 64 237 1193 1984 236
9423 4 2 23 64 2002 234 1985 692
9424 4 2 23 64 2002 1985 234 235
9425 4 2 23 64 1192 1985 234 692
9426 4 2 23 64 1192 234 1985 235
9427 4 2 23 64 124 471 541 125
9428 4 2 23 64 124 541 471 1998
9429 4 2 23 64 688 1259 613 642
9430 4 2 23 64 613 1259 688 553
9431 4 2 23 64 545 606 627 544
9432 4 2 23 64 631 606 627 630
9433 4 2 23 64 128 31 472 27
9434 4 2 23 64 128 472 31 508
9435 4 2 23 64 684 152 203 1863
9436 4 2 23 64 462 116 170 12
9437 4 2 23 64 627 628 606 631
9438 4 2 23 64 627 606 628 544
9439 4 2 23 64 543 606 628 631
9440 4 2 23 64 543 628 606 544
9441 4 2 23 64 174 626 120 547
9442 4 2 23 64 466 120 626 547
9443 4 2 23 64 466 626 120 19
9444 4 2 23 64 2004 1213 791 1509
9445 4 2 23 64 2004 791 1213 1040
9446 4 2 23 64 2012 241 1196 240
9447 4 2 23 64 2012 1196 241 1520
9448 4 2 23 64 1978 1996 583 1523
9449 4 2 23 64 583 1996 1978 584
9450 4 2 23 64 468 628 122 543
9451 4 2 23 64 468 122 628 18
9452 4 2 23 64 608 607 627 545
9453 4 2 23 64 608 627 607 630
9454 4 2 23 64 606 627 607 545
9455 4 2 23 64 606 607 627 630
9456 4 2 23 64 624 623 479 620
9457 4 2 23 64 624 479 623 484
9458 4 2 23 64 485 479 623 620
9459 4 2 23 64 485 623 479 484
9460 4 2 23 64 267 1999 1982 263
9461 4 2 23 64 1982 1999 267 1516
9462 4 2 23 64 1547 785 1204 1495
9463 4 2 23 64 1204 785 1547 786
9464 4 2 23 64 94 416 756 727
9465 4 2 23 64 94 756 416 422
9466 4 2 23 64 726 756 416 727
9467 4 2 23 64 726 416 756 422
9468 4 2 23 64 95 418 754 424
9469 4 2 23 64 95 754 418 725
9470 4 2 23 64 726 754 418 424
9471 4 2 23 64 726 418 754 725
9472 4 2 23 64 93 421 764 427
9473 4 2 23 64 93 764 421 735
9474 4 2 23 64 736 764 421 427
9475 4 2 23 64 736 421 764 735
9476 4 2 23 64 1478 558 533 557
9477 4 2 23 64 85 409 748 415
9478 4 2 23 64 85 748 409 719
9479 4 2 23 64 720 748 409 415
9480 4 2 23 64 720 409 748 719
9481 4 2 23 64 405 404 739 410
9482 4 2 23 64 405 739 404 710
9483 4 2 23 64 711 739 404 410
9484 4 2 23 64 711 404 739 710
9485 4 2 23 64 88 407 750 721
9486 4 2 23 64 88 750 407 413
9487 4 2 23 64 720 750 407 721
9488 4 2 23 64 720 407 750 413
9489 4 2 23 64 601 1903 602 681
9490 4 2 23 64 601 602 1903 1884
9491 4 2 23 64 1853 1903 602 1884
9492 4 2 23 64 1853 1903 550 685
9493 4 2 23 64 1853 550 1903 1884
9494 4 2 23 64 551 550 1903 685
9495 4 2 23 64 551 1903 550 1884
9496 4 2 23 64 177 660 192 605
9497 4 2 23 64 177 192 660 54
9498 4 2 23 64 34 202 683 1868
9499 4 2 23 64 34 683 202 38
9500 4 2 23 64 658 175 190 609
9501 4 2 23 64 658 190 175 55
9502 4 2 23 64 184 1258 550 169
9503 4 2 23 64 1988 239 775 1199
9504 4 2 23 64 554 1259 182 167
9505 4 2 23 64 182 1259 554 689
9506 4 2 23 64 528 527 1451 1463
9507 4 2 23 64 528 1451 527 563
9508 4 2 23 64 1420 1451 527 1463
9509 4 2 23 64 1420 527 1451 563
9510 4 2 23 64 494 116 1048 455
9511 4 2 23 64 1048 494 493 1409
9512 4 2 23 64 493 494 1048 455
9513 4 2 23 64 1048 493 328 1409
9514 4 2 23 64 328 493 1048 455
9515 4 2 23 64 524 1448 525 1807
9516 4 2 23 64 525 1448 524 1423
9517 4 2 23 64 670 179 194 56
9518 4 2 23 64 218 80 665 728
9519 4 2 23 64 665 80 218 195
9520 4 2 23 64 808 264 1531 1233
9521 4 2 23 64 809 264 1531 1526
9522 4 2 23 64 809 1531 264 1233
9523 4 2 23 64 206 183 706 71
9524 4 2 23 64 206 706 183 704
9525 4 2 23 64 2011 1857 2012 1981
9526 4 2 23 64 2011 2012 1857 604
9527 4 2 23 64 1881 1904 687 1905
9528 4 2 23 64 687 1904 1881 552
9529 4 2 23 64 687 686 1881 1905
9530 4 2 23 64 1881 686 687 552
9531 4 2 23 64 680 1881 679 600
9532 4 2 23 64 680 679 1881 1905
9533 4 2 23 64 1904 679 1881 600
9534 4 2 23 64 1904 1881 679 1905
9535 4 2 23 64 1021 1020 1790 1776
9536 4 2 23 64 1021 1790 1020 540
9537 4 2 23 64 1028 1027 1791 1777
9538 4 2 23 64 1028 1791 1027 492
9539 4 2 23 64 1032 1033 1790 488
9540 4 2 23 64 1032 1790 1033 1776
9541 4 2 23 64 1026 1025 1791 1777
9542 4 2 23 64 1026 1791 1025 536
9543 4 2 23 64 1022 1827 1023 1781
9544 4 2 23 64 1022 1023 1827 538
9545 4 2 23 64 1780 1023 1827 1781
9546 4 2 23 64 1780 1827 1023 538
9547 4 2 23 64 1827 1031 1030 1781
9548 4 2 23 64 1030 1031 1827 490
9549 4 2 23 64 1030 1780 1827 1781
9550 4 2 23 64 1827 1780 1030 490
9551 4 2 23 64 677 676 1854 1900
9552 4 2 23 64 1854 676 677 598
9553 4 2 23 64 690 689 1854 1900
9554 4 2 23 64 690 1854 689 554
9555 4 2 23 64 684 685 1853 550
9556 4 2 23 64 684 1853 685 1901
9557 4 2 23 64 731 604 217 2011
9558 4 2 23 64 2000 1852 137 1979
9559 4 2 23 64 2000 137 1852 556
9560 4 2 23 64 379 372 669 378
9561 4 2 23 64 379 669 372 640
9562 4 2 23 64 371 669 372 378
9563 4 2 23 64 371 372 669 640
9564 4 2 23 64 664 195 597 194
9565 4 2 23 64 355 348 637 354
9566 4 2 23 64 355 637 348 1035
9567 4 2 23 64 347 637 348 354
9568 4 2 23 64 347 348 637 1035
9569 4 2 23 64 2001 243 1984 1506
9570 4 2 23 64 2001 1984 243 244
9571 4 2 23 64 1216 1984 243 1506
9572 4 2 23 64 1216 243 1984 244
9573 4 2 23 64 1470 592 591 518
9574 4 2 23 64 1470 591 592 1983
9575 4 2 23 64 198 60 675 64
9576 4 2 23 64 675 60 198 582
9577 4 2 23 64 1255 197 602 180
9578 4 2 23 64 602 197 1255 681
9579 4 2 23 64 179 677 670 194
9580 4 2 23 64 169 184 644 46
9581 4 2 23 64 644 184 169 1258
9582 4 2 23 64 532 1478 533 1476
9583 4 2 23 64 533 1478 532 558
9584 4 2 23 64 1791 149 1777 30
9585 4 2 23 64 1791 1777 149 1026
9586 4 2 23 64 26 1777 149 30
9587 4 2 23 64 26 149 1777 1026
9588 4 2 23 64 1204 1543 784 1205
9589 4 2 23 64 1204 784 1543 1495
9590 4 2 23 64 163 1854 1900 58
9591 4 2 23 64 1900 1854 163 676
9592 4 2 23 64 1900 62 163 58
9593 4 2 23 64 163 62 1900 676
9594 4 2 23 64 1997 1860 136 548
9595 4 2 23 64 1260 489 454 1031
9596 4 2 23 64 1260 454 489 612
9597 4 2 23 64 491 1261 452 1029
9598 4 2 23 64 491 452 1261 610
9599 4 2 23 64 1031 1258 1047 821
9600 4 2 23 64 1047 1258 1031 454
9601 4 2 23 64 1259 1029 1045 819
9602 4 2 23 64 1045 1029 1259 452
9603 4 2 23 64 39 164 1901 682
9604 4 2 23 64 39 1901 164 35
9605 4 2 23 64 1853 164 1901 35
9606 4 2 23 64 3 150 1776 7
9607 4 2 23 64 3 1776 150 1020
9608 4 2 23 64 1790 1776 150 7
9609 4 2 23 64 1790 150 1776 1020
9610 4 2 23 64 1984 808 1245 802
9611 4 2 23 64 1984 1245 808 1537
9612 4 2 23 64 2011 244 2001 1981
9613 4 2 23 64 2011 2001 244 236
9614 4 2 23 64 264 1984 1537 1526
9615 4 2 23 64 1537 1984 264 1243
9616 4 2 23 64 264 808 1537 1243
9617 4 2 23 64 34 38 164 35
9618 4 2 23 64 34 164 38 202
9619 4 2 23 64 39 164 38 35
9620 4 2 23 64 39 38 164 202
9621 4 2 23 64 1256 637 600 538
9622 4 2 23 64 636 1255 680 601
9623 4 2 23 64 680 1255 636 639
9624 4 2 23 64 221 696 697 220
9625 4 2 23 64 697 696 221 1998
9626 4 2 23 64 697 2011 221 220
9627 4 2 23 64 221 2011 697 1998
9628 4 2 23 64 61 153 1900 690
9629 4 2 23 64 61 1900 153 57
9630 4 2 23 64 1854 1900 153 690
9631 4 2 23 64 1854 153 1900 57
9632 4 2 23 64 479 457 480 1458
9633 4 2 23 64 479 480 457 460
9634 4 2 23 64 117 457 480 460
9635 4 2 23 64 135 118 480 117
9636 4 2 23 64 135 480 118 1458
9637 4 2 23 64 457 480 118 117
9638 4 2 23 64 457 118 480 1458
9639 4 2 23 64 25 139 1777 29
9640 4 2 23 64 25 1777 139 1027
9641 4 2 23 64 1791 1777 139 29
9642 4 2 23 64 1791 139 1777 1027
9643 4 2 23 64 540 1255 180 181
9644 4 2 23 64 180 1255 540 602
9645 4 2 23 64 180 1998 540 181
9646 4 2 23 64 540 1998 180 602
9647 4 2 23 64 1977 481 622 625
9648 4 2 23 64 203 33 40 37
9649 4 2 23 64 1053 1467 1158 1450
9650 4 2 23 64 1158 1467 1053 463
9651 4 2 23 64 36 33 203 152
9652 4 2 23 64 203 33 36 40
9653 4 2 23 64 203 684 36 152
9654 4 2 23 64 36 684 203 40
9655 4 2 23 64 1048 115 494 1409
9656 4 2 23 64 1048 494 115 116
9657 4 2 23 64 134 494 115 1409
9658 4 2 23 64 134 115 494 116
9659 4 2 23 64 4 138 1776 1033
9660 4 2 23 64 4 1776 138 8
9661 4 2 23 64 1790 1776 138 1033
9662 4 2 23 64 1790 138 1776 8
9663 4 2 23 64 133 5 475 1
9664 4 2 23 64 475 5 133 1805
9665 4 2 23 64 481 482 622 625
9666 4 2 23 64 481 622 482 477
9667 4 2 23 64 621 622 482 625
9668 4 2 23 64 621 482 622 477
9669 4 2 23 64 275 1056 329 1453
9670 4 2 23 64 275 329 1056 1033
9671 4 2 23 64 487 329 1056 1453
9672 4 2 23 64 487 1056 329 1033
9673 4 2 23 64 605 216 165 217
9674 4 2 23 64 165 216 604 217
9675 4 2 23 64 604 216 731 217
9676 4 2 23 64 221 666 1998 196
9677 4 2 23 64 1975 328 1028 113
9678 4 2 23 64 528 131 1797 133
9679 4 2 23 64 528 1797 131 1411
9680 4 2 23 64 1056 1797 131 133
9681 4 2 23 64 221 196 732 77
9682 4 2 23 64 221 732 196 696
9683 4 2 23 64 123 178 638 24
9684 4 2 23 64 123 638 178 1254
9685 4 2 23 64 193 216 724 78
9686 4 2 23 64 193 724 216 605
9687 4 2 23 64 6 1805 132 527
9688 4 2 23 64 272 124 1255 1021
9689 4 2 23 64 272 1255 124 331
9690 4 2 23 64 539 1034 1257 636
9691 4 2 23 64 539 1257 1034 1022
9692 4 2 23 64 1036 537 1256 638
9693 4 2 23 64 1036 1256 537 1024
9694 4 2 23 64 1212 250 1990 1220
9695 4 2 23 64 789 1990 250 1220
9696 4 2 23 64 789 250 1990 1524
9697 4 2 23 64 1034 816 1257 1051
9698 4 2 23 64 1257 816 1034 1022
9699 4 2 23 64 1036 818 1256 1024
9700 4 2 23 64 1256 818 1036 1053
9701 4 2 23 64 66 69 185 715
9702 4 2 23 64 66 185 69 650
9703 4 2 23 64 69 213 185 715
9704 4 2 23 64 69 185 213 650
9705 4 2 23 64 42 618 45 41
9706 4 2 23 64 42 45 618 651
9707 4 2 23 64 172 45 618 41
9708 4 2 23 64 1998 1021 181 124
9709 4 2 23 64 1998 181 1021 540
9710 4 2 23 64 1255 181 1021 124
9711 4 2 23 64 1255 1021 181 540
9712 4 2 23 64 53 667 50 54
9713 4 2 23 64 53 50 667 634
9714 4 2 23 64 177 50 667 54
9715 4 2 23 64 177 667 50 634
9716 4 2 23 64 548 189 618 172
9717 4 2 23 64 548 618 189 651
9718 4 2 23 64 45 618 189 172
9719 4 2 23 64 45 189 618 651
9720 4 2 23 64 636 21 124 17
9721 4 2 23 64 636 124 21 181
9722 4 2 23 64 626 23 120 19
9723 4 2 23 64 626 120 23 174
9724 4 2 23 64 469 120 23 19
9725 4 2 23 64 469 23 120 174
9726 4 2 23 64 328 1422 1429 1409
9727 4 2 23 64 328 1429 1422 1259
9728 4 2 23 64 28 31 127 32
9729 4 2 23 64 28 127 31 472
9730 4 2 23 64 508 127 31 32
9731 4 2 23 64 508 31 127 472
9732 4 2 23 64 63 60 201 59
9733 4 2 23 64 63 201 60 675
9734 4 2 23 64 582 201 60 59
9735 4 2 23 64 582 60 201 675
9736 4 2 23 64 757 231 782 1185
9737 4 2 23 64 757 782 231 1910
9738 4 2 23 64 18 470 21 17
9739 4 2 23 64 18 21 470 635
9740 4 2 23 64 124 21 470 17
9741 4 2 23 64 233 759 771 1184
9742 4 2 23 64 233 771 759 1909
9743 4 2 23 64 227 753 793 1181
9744 4 2 23 64 227 793 753 1917
9745 4 2 23 64 751 228 804 1180
9746 4 2 23 64 751 804 228 1918
9747 4 2 23 64 170 1977 462 622
9748 4 2 23 64 481 477 462 622
9749 4 2 23 64 1977 481 462 622
9750 4 2 23 64 34 1868 203 33
9751 4 2 23 64 203 1868 34 683
9752 4 2 23 64 203 37 34 33
9753 4 2 23 64 34 37 203 683
9754 4 2 23 64 560 1980 1530 561
9755 4 2 23 64 1530 1980 560 1532
9756 4 2 23 64 260 1241 1498 264
9757 4 2 23 64 260 1498 1241 1980
9758 4 2 23 64 809 1498 1241 264
9759 4 2 23 64 809 1241 1498 1980
9760 4 2 23 64 1531 1537 264 808
9761 4 2 23 64 1531 264 1537 1526
9762 4 2 23 64 1438 1995 908 1538
9763 4 2 23 64 1438 908 1995 1996
9764 4 2 23 64 1523 908 1995 1538
9765 4 2 23 64 1523 1995 908 1996
9766 4 2 23 64 755 754 2008 608
9767 4 2 23 64 2008 754 755 1187
9768 4 2 23 64 73 397 732 403
9769 4 2 23 64 73 732 397 671
9770 4 2 23 64 672 732 397 403
9771 4 2 23 64 672 397 732 671
9772 4 2 23 64 666 604 216 731
9773 4 2 23 64 474 1805 130 475
9774 4 2 23 64 132 130 1805 475
9775 4 2 23 64 132 1805 130 527
9776 4 2 23 64 1991 1860 1997 1980
9777 4 2 23 64 1991 1997 1860 136
9778 4 2 23 64 689 645 688 703
9779 4 2 23 64 645 646 688 703
9780 4 2 23 64 702 688 646 703
9781 4 2 23 64 642 646 688 645
9782 4 2 23 64 183 642 689 645
9783 4 2 23 64 688 689 642 645
9784 4 2 23 64 688 642 689 1259
9785 4 2 23 64 643 644 686 647
9786 4 2 23 64 687 688 646 702
9787 4 2 23 64 731 604 603 666
9788 4 2 23 64 731 603 604 2011
9789 4 2 23 64 1998 221 603 666
9790 4 2 23 64 1998 603 221 2011
9791 4 2 23 64 221 731 603 666
9792 4 2 23 64 221 603 731 2011
9793 4 2 23 64 673 678 669 672
9794 4 2 23 64 669 670 678 673
9795 4 2 23 64 668 669 680 672
9796 4 2 23 64 642 643 688 646
9797 4 2 23 64 687 688 643 646
9798 4 2 23 64 83 713 222 207
9799 4 2 23 64 222 713 83 87
9800 4 2 23 64 222 709 83 207
9801 4 2 23 64 83 709 222 87
9802 4 2 23 64 665 195 597 664
9803 4 2 23 64 596 665 597 664
9804 4 2 23 64 190 665 596 664
9805 4 2 23 64 684 185 550 184
9806 4 2 23 64 684 550 185 685
9807 4 2 23 64 1258 550 185 184
9808 4 2 23 64 1258 185 550 685
9809 4 2 23 64 182 689 642 1259
9810 4 2 23 64 182 642 689 183
9811 4 2 23 64 170 116 1977 476
9812 4 2 23 64 170 1977 116 462
9813 4 2 23 64 116 459 1977 476
9814 4 2 23 64 116 1977 459 462
9815 4 2 23 64 197 639 681 668
9816 4 2 23 64 197 681 639 1255
9817 4 2 23 64 680 681 639 668
9818 4 2 23 64 680 639 681 1255
9819 4 2 23 64 1903 1901 602 681
9820 4 2 23 64 1903 602 1901 1853
9821 4 2 23 64 682 602 1901 681
9822 4 2 23 64 164 602 1901 682
9823 4 2 23 64 164 1901 602 1853
9824 4 2 23 64 600 680 640 669
9825 4 2 23 64 668 640 680 669
9826 4 2 23 64 680 639 640 668
9827 4 2 23 64 641 678 669 670
9828 4 2 23 64 261 1997 1991 228
9829 4 2 23 64 1991 1997 261 1980
9830 4 2 23 64 492 1975 113 166
9831 4 2 23 64 113 1975 492 1028
9832 4 2 23 64 113 1259 492 166
9833 4 2 23 64 492 1259 113 1028
9834 4 2 23 64 605 193 165 216
9835 4 2 23 64 605 165 193 2015
9836 4 2 23 64 165 193 604 216
9837 4 2 23 64 165 604 193 2015
9838 4 2 23 64 604 193 666 216
9839 4 2 23 64 265 1531 1526 809
9840 4 2 23 64 265 1526 1531 1502
9841 4 2 23 64 1498 265 1526 809
9842 4 2 23 64 1498 1526 265 1502
9843 4 2 23 64 1980 265 1498 809
9844 4 2 23 64 1980 1498 265 1502
9845 4 2 23 64 678 641 677 670
9846 4 2 23 64 179 677 641 670
9847 4 2 23 64 774 2006 242 1521
9848 4 2 23 64 774 242 2006 1200
9849 4 2 23 64 510 509 1437 1408
9850 4 2 23 64 1437 509 510 583
9851 4 2 23 64 509 1438 1437 1408
9852 4 2 23 64 1437 1438 509 583
9853 4 2 23 64 1438 582 509 583
9854 4 2 23 64 1975 167 555 166
9855 4 2 23 64 555 493 1975 166
9856 4 2 23 64 182 555 1975 167
9857 4 2 23 64 1975 554 182 167
9858 4 2 23 64 206 712 555 649
9859 4 2 23 64 712 556 555 649
9860 4 2 23 64 712 210 556 649
9861 4 2 23 64 508 509 1438 582
9862 4 2 23 64 1438 509 508 1408
9863 4 2 23 64 1976 541 1412 542
9864 4 2 23 64 1412 541 1976 471
9865 4 2 23 64 1412 2015 1976 542
9866 4 2 23 64 1424 574 1515 1982
9867 4 2 23 64 1424 1515 574 575
9868 4 2 23 64 1534 1515 574 1982
9869 4 2 23 64 1534 574 1515 575
9870 4 2 23 64 129 1054 1441 1452
9871 4 2 23 64 1441 1054 129 473
9872 4 2 23 64 1441 1408 129 1452
9873 4 2 23 64 129 1408 1441 473
9874 4 2 23 64 1258 275 114 329
9875 4 2 23 64 1033 114 275 329
9876 4 2 23 64 191 665 596 190
9877 4 2 23 64 596 162 191 190
9878 4 2 23 64 644 686 614 643
9879 4 2 23 64 614 615 686 644
9880 4 2 23 64 642 614 688 643
9881 4 2 23 64 1044 1238 1519 813
9882 4 2 23 64 1044 1519 1238 1999
9883 4 2 23 64 267 1519 1238 813
9884 4 2 23 64 267 1238 1519 1999
9885 4 2 23 64 1027 1028 328 274
9886 4 2 23 64 1027 328 1028 1975
9887 4 2 23 64 153 555 1975 690
9888 4 2 23 64 153 1975 555 493
9889 4 2 23 64 504 503 1443 1485
9890 4 2 23 64 1443 503 504 579
9891 4 2 23 64 503 1442 1443 1485
9892 4 2 23 64 1443 1442 503 579
9893 4 2 23 64 503 141 1442 1485
9894 4 2 23 64 1442 141 503 579
9895 4 2 23 64 506 1447 1789 142
9896 4 2 23 64 1789 1447 506 1455
9897 4 2 23 64 1459 516 1426 515
9898 4 2 23 64 1459 1426 516 1460
9899 4 2 23 64 590 1426 516 515
9900 4 2 23 64 590 516 1426 1460
9901 4 2 23 64 1837 1823 1468 1844
9902 4 2 23 64 1468 1823 1837 1405
9903 4 2 23 64 1468 513 1837 1844
9904 4 2 23 64 1837 513 1468 1405
9905 4 2 23 64 700 708 185 208
9906 4 2 23 64 712 211 556 210
9907 4 2 23 64 137 556 211 210
9908 4 2 23 64 137 211 556 2000
9909 4 2 23 64 1258 168 275 1032
9910 4 2 23 64 1258 275 168 114
9911 4 2 23 64 1033 275 168 1032
9912 4 2 23 64 1033 168 275 114
9913 4 2 23 64 481 227 1181 226
9914 4 2 23 64 227 137 481 1993
9915 4 2 23 64 481 137 227 226
9916 4 2 23 64 227 2000 137 1993
9917 4 2 23 64 137 2000 227 226
9918 4 2 23 64 1414 1053 1467 1157
9919 4 2 23 64 1414 1467 1053 1450
9920 4 2 23 64 689 1975 554 182
9921 4 2 23 64 554 1975 689 690
9922 4 2 23 64 183 555 1975 182
9923 4 2 23 64 689 183 1975 182
9924 4 2 23 64 214 665 596 191
9925 4 2 23 64 596 162 214 191
9926 4 2 23 64 214 162 596 2016
9927 4 2 23 64 665 218 597 195
9928 4 2 23 64 691 597 218 195
9929 4 2 23 64 691 218 597 2016
9930 4 2 23 64 1237 267 1515 1982
9931 4 2 23 64 1237 1515 267 257
9932 4 2 23 64 1534 256 1515 1982
9933 4 2 23 64 1534 1515 256 257
9934 4 2 23 64 256 1237 1515 1982
9935 4 2 23 64 256 1515 1237 257
9936 4 2 23 64 696 1998 197 196
9937 4 2 23 64 197 1998 696 681
9938 4 2 23 64 197 668 696 196
9939 4 2 23 64 696 668 197 681
9940 4 2 23 64 123 1254 273 330
9941 4 2 23 64 273 1254 123 1025
9942 4 2 23 64 273 1026 123 330
9943 4 2 23 64 123 1026 273 1025
9944 4 2 23 64 239 1517 1988 775
9945 4 2 23 64 1988 1517 239 1545
9946 4 2 23 64 1453 131 1797 1411
9947 4 2 23 64 1797 131 1453 1056
9948 4 2 23 64 773 1545 1495 1543
9949 4 2 23 64 1495 1545 773 772
9950 4 2 23 64 1495 1204 773 1543
9951 4 2 23 64 773 1204 1495 772
9952 4 2 23 64 125 1055 1020 272
9953 4 2 23 64 125 1020 1055 541
9954 4 2 23 64 1998 1020 124 541
9955 4 2 23 64 124 125 1020 272
9956 4 2 23 64 124 1020 125 541
9957 4 2 23 64 679 678 669 600
9958 4 2 23 64 669 678 679 672
9959 4 2 23 64 669 680 679 600
9960 4 2 23 64 679 680 669 672
9961 4 2 23 64 728 218 597 665
9962 4 2 23 64 728 597 218 2016
9963 4 2 23 64 596 728 597 665
9964 4 2 23 64 596 597 728 2016
9965 4 2 23 64 214 728 596 665
9966 4 2 23 64 214 596 728 2016
9967 4 2 23 64 21 181 470 635
9968 4 2 23 64 21 470 181 124
9969 4 2 23 64 1998 470 181 635
9970 4 2 23 64 1998 181 470 124
9971 4 2 23 64 600 680 637 640
9972 4 2 23 64 639 637 680 640
9973 4 2 23 64 637 680 636 639
9974 4 2 23 64 179 638 677 1254
9975 4 2 23 64 179 677 638 641
9976 4 2 23 64 132 6 5 1805
9977 4 2 23 64 5 6 132 2
9978 4 2 23 64 5 475 132 1805
9979 4 2 23 64 132 475 5 2
9980 4 2 23 64 250 1990 790 1212
9981 4 2 23 64 250 790 1990 1524
9982 4 2 23 64 213 548 549 1997
9983 4 2 23 64 549 548 213 650
9984 4 2 23 64 213 185 549 650
9985 4 2 23 64 185 700 647 708
9986 4 2 23 64 704 689 1975 690
9987 4 2 23 64 704 1975 689 183
9988 4 2 23 64 555 705 1975 690
9989 4 2 23 64 705 704 1975 690
9990 4 2 23 64 713 211 556 712
9991 4 2 23 64 556 211 713 2000
9992 4 2 23 64 713 556 555 712
9993 4 2 23 64 555 556 713 2000
9994 4 2 23 64 713 555 206 712
9995 4 2 23 64 667 604 193 666
9996 4 2 23 64 667 193 604 2015
9997 4 2 23 64 206 555 1975 183
9998 4 2 23 64 1975 555 206 705
9999 4 2 23 64 1975 704 206 183
10000 4 2 23 64 206 704 1975 705
10001 4 2 23 64 185 685 647 700
10002 4 2 23 64 686 647 685 700
10003 4 2 23 64 686 644 685 647
10004 4 2 23 64 686 685 644 1258
10005 4 2 23 64 185 685 644 647
10006 4 2 23 64 185 644 685 1258
10007 4 2 23 64 600 640 641 669
10008 4 2 23 64 600 678 641 1256
10009 4 2 23 64 641 678 600 669
10010 4 2 23 64 601 636 637 680
10011 4 2 23 64 637 636 601 1257
10012 4 2 23 64 637 600 601 680
10013 4 2 23 64 551 552 614 686
10014 4 2 23 64 614 552 551 1260
10015 4 2 23 64 614 615 551 686
10016 4 2 23 64 551 615 614 1260
10017 4 2 23 64 1020 1021 124 272
10018 4 2 23 64 1020 124 1021 1998
10019 4 2 23 64 614 688 613 642
10020 4 2 23 64 470 121 1976 471
10021 4 2 23 64 1412 1976 121 471
10022 4 2 23 64 1412 121 1976 2015
10023 4 2 23 64 552 553 614 688
10024 4 2 23 64 552 614 553 1261
10025 4 2 23 64 613 614 553 688
10026 4 2 23 64 613 553 614 1261
10027 4 2 23 64 207 713 555 206
10028 4 2 23 64 555 713 207 2000
10029 4 2 23 64 555 705 207 206
10030 4 2 23 64 207 705 555 2000
10031 4 2 23 64 635 122 1976 470
10032 4 2 23 64 635 1976 122 2015
10033 4 2 23 64 121 1976 122 470
10034 4 2 23 64 121 122 1976 2015
10035 4 2 23 64 208 715 699 1997
10036 4 2 23 64 699 715 208 185
10037 4 2 23 64 715 549 699 1997
10038 4 2 23 64 699 549 715 185
10039 4 2 23 64 715 213 549 1997
10040 4 2 23 64 549 213 715 185
10041 4 2 23 64 227 793 481 1181
10042 4 2 23 64 227 481 793 1993
10043 4 2 23 64 646 647 701 708
10044 4 2 23 64 700 647 701 686
10045 4 2 23 64 700 701 647 708
10046 4 2 23 64 647 701 643 646
10047 4 2 23 64 647 643 701 686
10048 4 2 23 64 687 643 701 646
10049 4 2 23 64 687 701 643 686
10050 4 2 23 64 599 677 638 1254
10051 4 2 23 64 637 600 641 1256
10052 4 2 23 64 637 641 600 640
10053 4 2 23 64 637 538 601 600
10054 4 2 23 64 601 538 637 1257
10055 4 2 23 64 677 641 599 638
10056 4 2 23 64 677 599 641 678
10057 4 2 23 64 1256 599 641 638
10058 4 2 23 64 1256 641 599 678
10059 4 2 23 64 1805 130 1463 474
10060 4 2 23 64 1805 1463 130 527
10061 4 2 23 64 477 476 462 459
10062 4 2 23 64 477 462 476 481
10063 4 2 23 64 1977 462 476 459
10064 4 2 23 64 1977 476 462 481
10065 4 2 23 64 688 687 614 552
10066 4 2 23 64 688 614 687 643
10067 4 2 23 64 686 614 687 552
10068 4 2 23 64 686 687 614 643
10069 4 2 26 80 852 318 281 1399
10070 4 2 26 80 1380 834 1383 1747
10071 4 2 26 80 1339 1760 848 1342
10072 4 2 26 80 1002 1727 840 841
10073 4 2 26 80 316 280 1402 865
10074 4 2 26 80 954 953 993 1726
10075 4 2 26 80 1747 1378 1388 1386
10076 4 2 26 80 1337 1345 1347 1760
10077 4 2 26 80 992 953 1756 1664
10078 4 2 26 80 982 981 1736 1005
10079 4 2 26 80 1010 970 1769 1608
10080 4 2 26 80 970 971 1736 1011
10081 4 2 26 80 1582 960 1574 1726
10082 4 2 26 80 1727 835 834 1328
10083 4 2 26 80 961 999 960 1726
10084 4 2 26 80 1582 961 960 1726
10085 4 2 26 80 319 1729 1590 957
10086 4 2 26 80 1769 971 970 1011
10087 4 2 26 80 981 1632 1736 1004
10088 4 2 26 80 1729 938 1590 1584
10089 4 2 26 80 1001 1347 1345 1760
10090 4 2 26 80 1386 1388 1747 1007
10091 4 2 26 80 1015 1645 945 321
10092 4 2 26 80 1608 1765 1010 1603
10093 4 2 26 80 997 844 1402 280
10094 4 2 26 80 1739 1636 1632 1649
10095 4 2 26 80 281 845 1399 997
10096 4 2 26 80 951 992 1580 1588
10097 4 2 26 80 1609 1769 971 970
10098 4 2 26 80 993 953 954 1756
10099 4 2 26 80 860 283 320 1738
10100 4 2 26 80 1369 848 849 1737
10101 4 2 26 80 1010 1736 970 1644
10102 4 2 26 80 1645 1015 1739 321
10103 4 2 26 80 1728 837 280 316
10104 4 2 26 80 1016 1566 947 946
10105 4 2 26 80 318 852 1773 1399
10106 4 2 26 80 959 1581 1574 998
10107 4 2 26 80 952 992 1573 1580
10108 4 2 26 80 1760 1013 848 1342
10109 4 2 26 80 834 995 1383 1747
10110 4 2 26 80 1366 861 1738 282
10111 4 2 26 80 1632 1636 1004 980
10112 4 2 26 80 316 1402 1773 865
10113 4 2 26 80 1741 1638 1648 972
10114 4 2 26 80 1765 310 967 1614
10115 4 2 26 80 855 1382 1748 856
10116 4 2 26 80 1632 1736 1739 1649
10117 4 2 26 80 1664 1680 1652 1746
10118 4 2 26 80 1018 942 1567 1770
10119 4 2 26 80 953 954 1756 1665
10120 4 2 26 80 1371 1008 859 1363
10121 4 2 26 80 1739 1004 978 321
10122 4 2 26 80 1573 992 953 1726
10123 4 2 26 80 983 1639 1631 1005
10124 4 2 26 80 835 834 1380 1747
10125 4 2 26 80 848 849 1760 1339
10126 4 2 26 80 969 1010 1644 1634
10127 4 2 26 80 992 950 317 1729
10128 4 2 26 80 996 1319 1329 836
10129 4 2 26 80 998 1574 959 960
10130 4 2 26 80 1641 1015 1739 1645
10131 4 2 26 80 998 1574 960 1726
10132 4 2 26 80 1010 1759 1765 1608
10133 4 2 26 80 1010 1769 1759 1608
10134 4 2 26 80 1399 318 281 997
10135 4 2 26 80 307 932 1748 1494
10136 4 2 26 80 1566 1016 1770 946
10137 4 2 26 80 310 1765 942 1614
10138 4 2 26 80 280 1402 997 316
10139 4 2 26 80 967 1619 968 1765
10140 4 2 26 80 1391 1384 859 1008
10141 4 2 26 80 1002 1347 1001 1760
10142 4 2 26 80 1007 1388 1747 1008
10143 4 2 26 80 952 992 953 1573
10144 4 2 26 80 1643 323 967 1739
10145 4 2 26 80 942 941 1018 1567
10146 4 2 26 80 1326 281 843 1728
10147 4 2 26 80 860 320 1008 1738
10148 4 2 26 80 1608 1010 969 1603
10149 4 2 26 80 1015 944 1564 945
10150 4 2 26 80 940 1565 1772 1558
10151 4 2 26 80 942 1018 323 1770
10152 4 2 26 80 1632 1636 1739 1004
10153 4 2 26 80 303 932 1748 307
10154 4 2 26 80 943 944 1564 1015
10155 4 2 26 80 1728 837 316 996
10156 4 2 26 80 925 305 1489 1763
10157 4 2 26 80 1596 1759 1769 1608
10158 4 2 26 80 1004 981 1632 980
10159 4 2 26 80 1016 1770 946 321
10160 4 2 26 80 845 281 1326 1728
10161 4 2 26 80 1009 1738 861 282
10162 4 2 26 80 1664 1756 992 1746
10163 4 2 26 80 1627 1736 1632 1649
10164 4 2 26 80 1738 1366 282 851
10165 4 2 26 80 946 1671 1752 311
10166 4 2 26 80 282 322 1738 851
10167 4 2 26 80 318 843 281 1728
10168 4 2 26 80 1632 1739 1736 1004
10169 4 2 26 80 301 305 925 1763
10170 4 2 26 80 1773 318 1399 997
10171 4 2 26 80 1568 1557 948 1771
10172 4 2 26 80 950 992 1588 1729
10173 4 2 26 80 1005 981 1736 1004
10174 4 2 26 80 978 1752 1671 311
10175 4 2 26 80 1585 1578 955 1726
10176 4 2 26 80 1013 1760 1758 1342
10177 4 2 26 80 1747 995 1383 1745
10178 4 2 26 80 953 992 952 1664
10179 4 2 26 80 1773 997 1402 316
10180 4 2 26 80 1739 1736 1634 1649
10181 4 2 26 80 1735 1372 1364 855
10182 4 2 26 80 953 992 993 1726
10183 4 2 26 80 962 961 999 1605
10184 4 2 26 80 1335 1336 1767 1350
10185 4 2 26 80 1678 979 1752 978
10186 4 2 26 80 1574 1573 1570 1726
10187 4 2 26 80 1383 1392 1380 1747
10188 4 2 26 80 1351 1760 1339 1342
10189 4 2 26 80 323 310 967 1765
10190 4 2 26 80 836 1385 1379 1754
10191 4 2 26 80 971 972 1638 1011
10192 4 2 26 80 960 999 998 1726
10193 4 2 26 80 981 1746 1669 980
10194 4 2 26 80 957 319 1729 998
10195 4 2 26 80 1729 992 1573 1726
10196 4 2 26 80 1338 1335 1336 1768
10197 4 2 26 80 1323 1725 832 1331
10198 4 2 26 80 1661 982 983 1005
10199 4 2 26 80 1338 1344 1768 850
10200 4 2 26 80 970 1010 969 1608
10201 4 2 26 80 1554 1555 1563 1772
10202 4 2 26 80 1739 1636 1630 979
10203 4 2 26 80 1728 845 281 997
10204 4 2 26 80 926 927 914 1757
10205 4 2 26 80 287 299 872 1491
10206 4 2 26 80 866 296 284 1487
10207 4 2 26 80 871 286 1492 298
10208 4 2 26 80 285 297 867 1488
10209 4 2 26 80 934 933 1744 920
10210 4 2 26 80 992 1573 1580 1729
10211 4 2 26 80 1747 1378 1386 1745
10212 4 2 26 80 1337 1345 1760 1758
10213 4 2 26 80 1765 323 310 942
10214 4 2 26 80 1736 970 1011 1010
10215 4 2 26 80 851 322 1738 1014
10216 4 2 26 80 1345 1001 1760 1758
10217 4 2 26 80 1745 1386 1747 1007
10218 4 2 26 80 1009 320 283 1738
10219 4 2 26 80 1643 967 1647 1739
10220 4 2 26 80 280 997 1728 316
10221 4 2 26 80 1679 1746 1669 981
10222 4 2 26 80 1002 843 318 1728
10223 4 2 26 80 311 1752 946 321
10224 4 2 26 80 1739 1004 979 978
10225 4 2 26 80 1005 1746 981 1004
10226 4 2 26 80 914 913 926 1757
10227 4 2 26 80 969 1010 970 1644
10228 4 2 26 80 920 919 933 1744
10229 4 2 26 80 1011 970 1769 1010
10230 4 2 26 80 311 978 1752 321
10231 4 2 26 80 1759 1611 1594 1624
10232 4 2 26 80 993 992 953 1756
10233 4 2 26 80 1010 967 323 1739
10234 4 2 26 80 1381 1393 832 1750
10235 4 2 26 80 1342 1013 847 1352
10236 4 2 26 80 1393 833 995 1383
10237 4 2 26 80 1377 1391 1755 1376
10238 4 2 26 80 1739 1641 1645 1630
10239 4 2 26 80 1771 1568 1557 1555
10240 4 2 26 80 852 1019 318 1773
10241 4 2 26 80 1007 857 1008 1737
10242 4 2 26 80 286 1490 1012 306
10243 4 2 26 80 1554 1772 1565 1558
10244 4 2 26 80 1729 1574 998 1726
10245 4 2 26 80 1773 316 865 1017
10246 4 2 26 80 860 1371 1367 1738
10247 4 2 26 80 873 299 287 1494
10248 4 2 26 80 296 875 284 1493
10249 4 2 26 80 298 870 286 1490
10250 4 2 26 80 868 297 285 1489
10251 4 2 26 80 323 967 1010 1765
10252 4 2 26 80 1001 1727 840 1002
10253 4 2 26 80 846 1761 1341 1352
10254 4 2 26 80 1003 938 1584 937
10255 4 2 26 80 915 914 927 1757
10256 4 2 26 80 1363 1008 858 1737
10257 4 2 26 80 921 920 934 1744
10258 4 2 26 80 1749 984 303 1006
10259 4 2 26 80 1765 1619 968 1603
10260 4 2 26 80 1000 301 963 1764
10261 4 2 26 80 978 1004 1752 321
10262 4 2 26 80 1651 1756 1668 1661
10263 4 2 26 80 319 939 1766 309
10264 4 2 26 80 1639 1633 1736 982
10265 4 2 26 80 1363 858 1368 1737
10266 4 2 26 80 1601 1595 1607 1757
10267 4 2 26 80 944 1015 1641 945
10268 4 2 26 80 1651 1657 1744 1663
10269 4 2 26 80 1746 1666 1658 980
10270 4 2 26 80 1329 1325 1728 837
10271 4 2 26 80 1738 1009 322 282
10272 4 2 26 80 1578 1583 954 1726
10273 4 2 26 80 1574 1729 1573 1726
10274 4 2 26 80 938 1729 1003 1584
10275 4 2 26 80 1762 973 1618 972
10276 4 2 26 80 841 1002 1727 1322
10277 4 2 26 80 1342 1758 1013 1352
10278 4 2 26 80 1383 995 1393 1745
10279 4 2 26 80 1493 284 304 1750
10280 4 2 26 80 281 318 1728 997
10281 4 2 26 80 999 998 1759 960
10282 4 2 26 80 1758 1760 1351 1342
10283 4 2 26 80 1383 1392 1747 1745
10284 4 2 26 80 1661 1746 1653 1679
10285 4 2 26 80 1577 1589 1571 1724
10286 4 2 26 80 1385 996 835 1747
10287 4 2 26 80 1760 1344 849 1014
10288 4 2 26 80 1573 1583 1570 1726
10289 4 2 26 80 1729 1572 1587 937
10290 4 2 26 80 1362 1368 857 1737
10291 4 2 26 80 292 304 935 1493
10292 4 2 26 80 925 305 293 1489
10293 4 2 26 80 306 928 294 1490
10294 4 2 26 80 1373 1365 846 1740
10295 4 2 26 80 860 1008 859 1371
10296 4 2 26 80 983 982 1639 1005
10297 4 2 26 80 1016 946 1752 321
10298 4 2 26 80 1745 1748 1382 856
10299 4 2 26 80 996 1727 1319 835
10300 4 2 26 80 323 1765 1018 942
10301 4 2 26 80 850 1344 1768 1014
10302 4 2 26 80 1385 836 996 1754
10303 4 2 26 80 1748 303 307 1006
10304 4 2 26 80 1329 837 996 836
10305 4 2 26 80 858 859 1008 1363
10306 4 2 26 80 1002 841 842 1322
10307 4 2 26 80 1766 319 309 957
10308 4 2 26 80 1371 860 1008 1738
10309 4 2 26 80 850 851 1370 1014
10310 4 2 26 80 1751 956 1674 955
10311 4 2 26 80 932 307 295 1494
10312 4 2 26 80 1393 995 832 1750
10313 4 2 26 80 1624 1594 1765 1603
10314 4 2 26 80 1766 319 957 998
10315 4 2 26 80 308 950 317 1753
10316 4 2 26 80 841 1727 1327 1322
10317 4 2 26 80 1585 1579 1571 1724
10318 4 2 26 80 1753 317 308 949
10319 4 2 26 80 305 301 1000 1763
10320 4 2 26 80 1612 1605 1595 1769
10321 4 2 26 80 1667 1680 1650 1746
10322 4 2 26 80 1355 1763 289 838
10323 4 2 26 80 292 922 304 1487
10324 4 2 26 80 929 294 1492 306
10325 4 2 26 80 305 924 293 1488
10326 4 2 26 80 1360 849 1014 1737
10327 4 2 26 80 882 291 1364 279
10328 4 2 26 80 1728 1329 837 996
10329 4 2 26 80 1761 846 1013 1352
10330 4 2 26 80 857 1007 1362 1737
10331 4 2 26 80 288 876 1323 276
10332 4 2 26 80 1772 939 319 309
10333 4 2 26 80 1490 1762 1012 306
10334 4 2 26 80 835 1727 1319 1328
10335 4 2 26 80 834 1727 1328 1320
10336 4 2 26 80 1337 1345 1758 1351
10337 4 2 26 80 1386 1378 1392 1745
10338 4 2 26 80 992 317 950 1753
10339 4 2 26 80 307 931 295 1491
10340 4 2 26 80 319 1766 939 1018
10341 4 2 26 80 855 1735 1372 1007
10342 4 2 26 80 1610 1602 1594 1759
10343 4 2 26 80 1727 1327 1321 840
10344 4 2 26 80 832 833 995 1393
10345 4 2 26 80 846 847 1013 1352
10346 4 2 26 80 995 994 1732 832
10347 4 2 26 80 1007 855 1748 856
10348 4 2 26 80 1765 1759 1594 1624
10349 4 2 26 80 1729 1574 1581 998
10350 4 2 26 80 840 1321 1727 1001
10351 4 2 26 80 1725 832 1732 1323
10352 4 2 26 80 1742 1007 855 1006
10353 4 2 26 80 838 1730 1332 1001
10354 4 2 26 80 1018 940 1772 1558
10355 4 2 26 80 959 1610 958 998
10356 4 2 26 80 1557 1016 948 1771
10357 4 2 26 80 1732 995 832 1725
10358 4 2 26 80 995 832 1725 1331
10359 4 2 26 80 995 1727 834 1320
10360 4 2 26 80 968 969 1010 1603
10361 4 2 26 80 1344 1760 1768 1014
10362 4 2 26 80 1364 1735 855 1742
10363 4 2 26 80 1747 1385 996 1754
10364 4 2 26 80 1768 322 851 1014
10365 4 2 26 80 1332 1324 1730 838
10366 4 2 26 80 835 1380 1385 1747
10367 4 2 26 80 1344 1760 849 1339
10368 4 2 26 80 1580 1573 1569 1729
10369 4 2 26 80 1007 855 1735 1742
10370 4 2 26 80 1384 858 859 1008
10371 4 2 26 80 842 841 1002 1343
10372 4 2 26 80 980 1004 1666 979
10373 4 2 26 80 1736 1639 982 1005
10374 4 2 26 80 1753 1675 951 1659
10375 4 2 26 80 836 996 1319 835
10376 4 2 26 80 958 957 1729 998
10377 4 2 26 80 850 1360 849 1014
10378 4 2 26 80 1762 1741 302 973
10379 4 2 26 80 1729 1573 1569 1574
10380 4 2 26 80 1013 848 847 1361
10381 4 2 26 80 995 834 833 1320
10382 4 2 26 80 957 1729 1575 958
10383 4 2 26 80 1768 322 282 851
10384 4 2 26 80 1002 1767 1343 1760
10385 4 2 26 80 1588 992 1580 1729
10386 4 2 26 80 1010 969 968 1637
10387 4 2 26 80 1750 1393 995 1745
10388 4 2 26 80 968 1010 967 1765
10389 4 2 26 80 1758 1761 1013 1352
10390 4 2 26 80 1590 1729 1575 957
10391 4 2 26 80 1775 854 322 282
10392 4 2 26 80 1361 1013 848 1737
10393 4 2 26 80 319 938 1772 309
10394 4 2 26 80 1747 1379 1385 1754
10395 4 2 26 80 320 1008 1755 860
10396 4 2 26 80 1007 1735 1362 1737
10397 4 2 26 80 854 1768 322 282
10398 4 2 26 80 1636 1004 980 979
10399 4 2 26 80 1330 842 1322 1728
10400 4 2 26 80 1008 1363 1738 1737
10401 4 2 26 80 1653 1668 1746 1661
10402 4 2 26 80 848 1369 1361 1737
10403 4 2 26 80 1728 1319 1329 996
10404 4 2 26 80 1363 1371 1008 1738
10405 4 2 26 80 1319 1728 1727 996
10406 4 2 26 80 283 320 1755 860
10407 4 2 26 80 849 1360 1369 1737
10408 4 2 26 80 1639 1736 1631 1005
10409 4 2 26 80 317 308 949 1771
10410 4 2 26 80 1636 1739 1004 979
10411 4 2 26 80 1748 1749 932 303
10412 4 2 26 80 939 1772 319 1018
10413 4 2 26 80 1001 1321 1727 1725
10414 4 2 26 80 1751 1493 304 1750
10415 4 2 26 80 972 1741 1638 1011
10416 4 2 26 80 832 995 833 1331
10417 4 2 26 80 1733 956 955 1585
10418 4 2 26 80 1013 847 846 1373
10419 4 2 26 80 1727 995 1725 1320
10420 4 2 26 80 1758 1760 1337 1351
10421 4 2 26 80 1378 1747 1392 1745
10422 4 2 26 80 1753 1016 317 949
10423 4 2 26 80 320 1755 863 283
10424 4 2 26 80 979 1004 1752 978
10425 4 2 26 80 318 843 1002 1767
10426 4 2 26 80 1579 1585 1733 1724
10427 4 2 26 80 1770 1562 1567 1556
10428 4 2 26 80 939 1565 1772 940
10429 4 2 26 80 840 1345 839 1001
10430 4 2 26 80 1386 1007 856 857
10431 4 2 26 80 1771 1563 1555 1772
10432 4 2 26 80 1582 1576 961 1726
10433 4 2 26 80 863 1774 320 283
10434 4 2 26 80 1749 983 1676 984
10435 4 2 26 80 281 843 318 1767
10436 4 2 26 80 940 1018 1606 941
10437 4 2 26 80 1016 948 1662 947
10438 4 2 26 80 1735 1013 1361 1737
10439 4 2 26 80 925 1764 301 1763
10440 4 2 26 80 1605 1597 1759 1612
10441 4 2 26 80 1764 962 999 1605
10442 4 2 26 80 1731 301 963 1000
10443 4 2 26 80 1643 944 943 1739
10444 4 2 26 80 1338 1344 1760 1768
10445 4 2 26 80 847 848 1013 1342
10446 4 2 26 80 833 834 995 1383
10447 4 2 26 80 837 316 996 1754
10448 4 2 26 80 835 836 996 1385
10449 4 2 26 80 850 849 1344 1014
10450 4 2 26 80 1756 1665 1668 1652
10451 4 2 26 80 1750 1381 1393 1745
10452 4 2 26 80 950 1675 951 1753
10453 4 2 26 80 1746 1658 1669 980
10454 4 2 26 80 1597 1759 1623 1605
10455 4 2 26 80 1336 1767 853 1346
10456 4 2 26 80 948 1016 1557 947
10457 4 2 26 80 940 1018 941 1558
10458 4 2 26 80 838 1763 1000 1001
10459 4 2 26 80 1345 1340 839 1758
10460 4 2 26 80 1382 1386 1745 856
10461 4 2 26 80 1568 948 949 1771
10462 4 2 26 80 1748 855 1007 1006
10463 4 2 26 80 301 313 912 1591
10464 4 2 26 80 837 280 316 1754
10465 4 2 26 80 317 308 1771 936
10466 4 2 26 80 1635 1638 1736 971
10467 4 2 26 80 1007 1745 1386 856
10468 4 2 26 80 1001 1345 839 1758
10469 4 2 26 80 999 1759 1764 1605
10470 4 2 26 80 1613 1759 959 960
10471 4 2 26 80 983 1749 1661 1005
10472 4 2 26 80 983 1661 1749 1676
10473 4 2 26 80 995 994 832 1750
10474 4 2 26 80 963 1620 962 1764
10475 4 2 26 80 1749 1756 1651 1661
10476 4 2 26 80 992 952 951 1580
10477 4 2 26 80 1009 861 1775 282
10478 4 2 26 80 1013 846 1761 1012
10479 4 2 26 80 301 313 1617 974
10480 4 2 26 80 315 988 1673 303
10481 4 2 26 80 1766 957 1622 958
10482 4 2 26 80 949 1016 317 1771
10483 4 2 26 80 1381 832 1395 1750
10484 4 2 26 80 1584 1572 1729 937
10485 4 2 26 80 949 308 1753 1670
10486 4 2 26 80 1736 1627 1635 1644
10487 4 2 26 80 861 1738 862 1366
10488 4 2 26 80 308 950 1753 1670
10489 4 2 26 80 1761 1758 1341 1352
10490 4 2 26 80 1726 1733 1585 1724
10491 4 2 26 80 300 1751 1733 956
10492 4 2 26 80 867 297 901 1488
10493 4 2 26 80 905 298 871 1492
10494 4 2 26 80 296 866 900 1487
10495 4 2 26 80 906 299 1491 872
10496 4 2 26 80 1764 1620 962 1605
10497 4 2 26 80 1632 1736 1627 1633
10498 4 2 26 80 979 1752 1666 1678
10499 4 2 26 80 984 303 1006 1743
10500 4 2 26 80 1769 1609 1612 1596
10501 4 2 26 80 1666 1746 1004 980
10502 4 2 26 80 1759 1610 1602 959
10503 4 2 26 80 1599 1610 1594 1766
10504 4 2 26 80 1019 1775 854 322
10505 4 2 26 80 1752 1650 1753 1746
10506 4 2 26 80 1589 1577 1731 1724
10507 4 2 26 80 1019 854 1768 322
10508 4 2 26 80 1611 1759 1596 1624
10509 4 2 26 80 911 924 912 1724
10510 4 2 26 80 1734 929 916 917
10511 4 2 26 80 1322 1002 1727 1728
10512 4 2 26 80 959 958 1581 998
10513 4 2 26 80 1559 1553 1770 1566
10514 4 2 26 80 1738 1360 1014 1737
10515 4 2 26 80 1562 1770 1564 1556
10516 4 2 26 80 1759 1613 1623 960
10517 4 2 26 80 1761 1354 846 1341
10518 4 2 26 80 840 839 1321 1001
10519 4 2 26 80 856 1007 1362 857
10520 4 2 26 80 1736 1734 1631 1743
10521 4 2 26 80 923 867 924 1730
10522 4 2 26 80 871 929 1740 930
10523 4 2 26 80 1622 1610 1766 958
10524 4 2 26 80 1764 1595 1605 1769
10525 4 2 26 80 1765 968 1010 1603
10526 4 2 26 80 1766 1759 1594 1765
10527 4 2 26 80 1017 1755 863 320
10528 4 2 26 80 1582 1574 1570 1726
10529 4 2 26 80 298 904 870 1490
10530 4 2 26 80 297 868 902 1489
10531 4 2 26 80 907 299 873 1494
10532 4 2 26 80 296 909 875 1493
10533 4 2 26 80 1767 843 842 1350
10534 4 2 26 80 1610 1766 958 998
10535 4 2 26 80 300 921 935 1751
10536 4 2 26 80 935 304 1751 1493
10537 4 2 26 80 1755 1387 864 1377
10538 4 2 26 80 302 915 928 1762
10539 4 2 26 80 946 947 1016 1752
10540 4 2 26 80 1746 981 1004 980
10541 4 2 26 80 304 1733 284 1487
10542 4 2 26 80 287 307 1491 1743
10543 4 2 26 80 992 950 951 1753
10544 4 2 26 80 928 306 1762 1490
10545 4 2 26 80 967 1619 1765 1614
10546 4 2 26 80 1754 1387 1755 1377
10547 4 2 26 80 1017 863 1774 320
10548 4 2 26 80 958 1766 957 998
10549 4 2 26 80 1015 1739 944 1641
10550 4 2 26 80 912 924 1731 1724
10551 4 2 26 80 916 929 1734 1741
10552 4 2 26 80 1759 1594 1610 1766
10553 4 2 26 80 862 1774 283 1009
10554 4 2 26 80 1346 1336 1767 1768
10555 4 2 26 80 1335 1338 1760 1768
10556 4 2 26 80 1584 1729 1003 937
10557 4 2 26 80 937 1563 1771 1772
10558 4 2 26 80 1772 1554 1555 1770
10559 4 2 26 80 984 1673 1749 303
10560 4 2 26 80 1754 1387 864 1755
10561 4 2 26 80 971 1638 1736 1011
10562 4 2 26 80 1736 1734 1638 1628
10563 4 2 26 80 1739 944 943 1015
10564 4 2 26 80 1767 318 281 852
10565 4 2 26 80 1766 940 939 1018
10566 4 2 26 80 1636 1739 1625 1649
10567 4 2 26 80 1656 1662 1650 1752
10568 4 2 26 80 1355 1340 1763 838
10569 4 2 26 80 1747 1391 1384 1376
10570 4 2 26 80 842 1002 1322 1728
10571 4 2 26 80 1637 1647 968 1739
10572 4 2 26 80 939 1615 1766 309
10573 4 2 26 80 280 316 1754 865
10574 4 2 26 80 1764 301 963 1617
10575 4 2 26 80 973 1741 1648 972
10576 4 2 26 80 1387 1754 1379 1377
10577 4 2 26 80 1747 1755 1391 1376
10578 4 2 26 80 1346 1767 853 1768
10579 4 2 26 80 1001 1730 1332 1725
10580 4 2 26 80 1553 1770 1564 1559
10581 4 2 26 80 276 288 832 1323
10582 4 2 26 80 1000 963 999 1764
10583 4 2 26 80 1748 1382 855 1396
10584 4 2 26 80 1004 1752 1666 979
10585 4 2 26 80 1572 1587 1588 1729
10586 4 2 26 80 1764 1607 1595 1757
10587 4 2 26 80 846 1013 1740 1012
10588 4 2 26 80 959 1759 1610 998
10589 4 2 26 80 1006 1749 984 1005
10590 4 2 26 80 1007 1372 855 856
10591 4 2 26 80 1643 1629 944 1739
10592 4 2 26 80 911 965 1586 912
10593 4 2 26 80 839 838 1332 1001
10594 4 2 26 80 1748 1749 303 1006
10595 4 2 26 80 985 986 1642 916
10596 4 2 26 80 1735 1365 1373 1740
10597 4 2 26 80 1640 1646 1631 1743
10598 4 2 26 80 1748 1745 1007 856
10599 4 2 26 80 1746 1668 1756 1661
10600 4 2 26 80 838 1000 1730 1001
10601 4 2 26 80 994 288 1732 832
10602 4 2 26 80 941 1018 1765 942
10603 4 2 26 80 1764 1000 301 1763
10604 4 2 26 80 1771 1557 1016 1770
10605 4 2 26 80 1772 939 940 1018
10606 4 2 26 80 1726 1571 1589 1724
10607 4 2 26 80 1726 1585 1571 1724
10608 4 2 26 80 1594 1599 1765 1606
10609 4 2 26 80 1663 1744 1651 1749
10610 4 2 26 80 1628 1648 1642 1741
10611 4 2 26 80 1364 855 279 291
10612 4 2 26 80 1618 1769 1762 972
10613 4 2 26 80 933 1748 1744 919
10614 4 2 26 80 1728 1326 845 844
10615 4 2 26 80 917 916 1642 986
10616 4 2 26 80 1772 1018 1558 1770
10617 4 2 26 80 291 1742 855 1006
10618 4 2 26 80 1733 956 1585 1579
10619 4 2 26 80 926 913 1763 1757
10620 4 2 26 80 1579 1586 1571 1724
10621 4 2 26 80 1335 1338 1344 1760
10622 4 2 26 80 1385 1379 1747 1376
10623 4 2 26 80 1629 944 1739 1641
10624 4 2 26 80 965 1586 910 911
10625 4 2 26 80 926 927 1757 869
10626 4 2 26 80 1656 1659 1753 1650
10627 4 2 26 80 1397 1384 1747 1388
10628 4 2 26 80 1343 1356 1347 1760
10629 4 2 26 80 1615 1766 309 957
10630 4 2 26 80 933 934 1744 874
10631 4 2 26 80 1016 949 948 1771
10632 4 2 26 80 318 1767 1019 852
10633 4 2 26 80 1743 1631 1736 1005
10634 4 2 26 80 929 1492 1741 306
10635 4 2 26 80 305 1731 924 1488
10636 4 2 26 80 1770 1554 1555 1552
10637 4 2 26 80 1332 1730 1324 1725
10638 4 2 26 80 1595 1607 1764 1598
10639 4 2 26 80 851 1738 1370 1014
10640 4 2 26 80 955 1674 1751 1756
10641 4 2 26 80 1731 999 1589 1726
10642 4 2 26 80 1392 1380 1747 1378
10643 4 2 26 80 1339 1337 1760 1351
10644 4 2 26 80 316 1754 865 1017
10645 4 2 26 80 862 861 1400 1775
10646 4 2 26 80 832 288 1732 1323
10647 4 2 26 80 1490 1012 1761 286
10648 4 2 26 80 880 1348 879 826
10649 4 2 26 80 878 824 879 1348
10650 4 2 26 80 884 831 885 1389
10651 4 2 26 80 829 1389 884 883
10652 4 2 26 80 851 1338 1768 850
10653 4 2 26 80 947 1662 1016 1752
10654 4 2 26 80 1346 1338 1336 1768
10655 4 2 26 80 1738 862 1009 861
10656 4 2 26 80 1003 938 1772 319
10657 4 2 26 80 1589 1731 1726 1724
10658 4 2 26 80 935 304 300 1751
10659 4 2 26 80 1678 1752 1671 978
10660 4 2 26 80 932 1749 1748 919
10661 4 2 26 80 965 966 1586 912
10662 4 2 26 80 1611 1594 1602 1759
10663 4 2 26 80 1759 1605 1612 1769
10664 4 2 26 80 1571 1586 1577 1724
10665 4 2 26 80 928 306 302 1762
10666 4 2 26 80 1761 928 1762 1490
10667 4 2 26 80 1753 1016 949 948
10668 4 2 26 80 862 1009 861 1775
10669 4 2 26 80 855 1364 1742 291
10670 4 2 26 80 986 1628 917 1640
10671 4 2 26 80 1628 917 1642 986
10672 4 2 26 80 855 1748 291 1006
10673 4 2 26 80 1766 1610 1759 998
10674 4 2 26 80 1741 1012 1762 302
10675 4 2 26 80 1762 1616 1601 1618
10676 4 2 26 80 1379 837 836 1754
10677 4 2 26 80 1763 1000 289 838
10678 4 2 26 80 1741 1736 1638 1011
10679 4 2 26 80 853 854 1346 1768
10680 4 2 26 80 1753 1016 948 1662
10681 4 2 26 80 1672 1751 1674 1657
10682 4 2 26 80 1658 1667 1650 1746
10683 4 2 26 80 832 994 288 1750
10684 4 2 26 80 1764 925 913 1763
10685 4 2 26 80 1012 846 1761 290
10686 4 2 26 80 1341 1348 880 826
10687 4 2 26 80 1634 1625 1739 1649
10688 4 2 26 80 1381 885 831 1389
10689 4 2 26 80 1746 1752 1666 1004
10690 4 2 26 80 824 825 879 1348
10691 4 2 26 80 826 825 1348 879
10692 4 2 26 80 928 915 1761 1762
10693 4 2 26 80 998 959 1759 960
10694 4 2 26 80 927 928 1761 870
10695 4 2 26 80 964 965 1586 910
10696 4 2 26 80 935 1493 1751 1750
10697 4 2 26 80 1557 1771 1555 1770
10698 4 2 26 80 1362 1735 1361 1737
10699 4 2 26 80 1651 1663 1749 1655
10700 4 2 26 80 919 303 932 1749
10701 4 2 26 80 1725 1321 1727 1320
10702 4 2 26 80 1738 1367 862 1366
10703 4 2 26 80 958 1729 1581 998
10704 4 2 26 80 913 301 925 1764
10705 4 2 26 80 884 830 1389 829
10706 4 2 26 80 831 830 1389 884
10707 4 2 26 80 1741 916 929 306
10708 4 2 26 80 924 1731 305 912
10709 4 2 26 80 1590 1575 1729 1584
10710 4 2 26 80 1401 1774 864 863
10711 4 2 26 80 1744 1748 933 874
10712 4 2 26 80 1763 1348 879 1761
10713 4 2 26 80 1734 1736 1638 1741
10714 4 2 26 80 936 1771 317 1003
10715 4 2 26 80 869 926 1763 1757
10716 4 2 26 80 844 1728 1326 1325
10717 4 2 26 80 1748 884 1750 1389
10718 4 2 26 80 935 1751 921 1750
10719 4 2 26 80 1746 1756 1749 1661
10720 4 2 26 80 1762 1741 973 1011
10721 4 2 26 80 304 284 994 1750
10722 4 2 26 80 304 1751 994 300
10723 4 2 26 80 286 1740 1492 306
10724 4 2 26 80 1488 285 305 1730
10725 4 2 26 80 1759 1602 1613 959
10726 4 2 26 80 302 1012 1762 306
10727 4 2 26 80 1640 1628 1734 1631
10728 4 2 26 80 843 842 1002 1767
10729 4 2 26 80 1594 1599 1766 1765
10730 4 2 26 80 1733 994 1751 300
10731 4 2 26 80 322 1009 1775 282
10732 4 2 26 80 850 1768 851 1014
10733 4 2 26 80 1605 1759 1764 1769
10734 4 2 26 80 301 313 963 1617
10735 4 2 26 80 1581 1575 1729 958
10736 4 2 26 80 894 930 905 906
10737 4 2 26 80 900 887 923 901
10738 4 2 26 80 1554 1772 1558 1770
10739 4 2 26 80 823 277 877 1324
10740 4 2 26 80 934 935 1750 875
10741 4 2 26 80 828 279 882 1364
10742 4 2 26 80 278 827 881 1365
10743 4 2 26 80 276 822 876 1323
10744 4 2 26 80 1378 1397 1747 1388
10745 4 2 26 80 1337 1347 1356 1760
10746 4 2 26 80 984 1631 1646 1743
10747 4 2 26 80 1673 984 315 303
10748 4 2 26 80 899 292 935 1493
10749 4 2 26 80 889 925 293 1489
10750 4 2 26 80 892 294 928 1490
10751 4 2 26 80 1667 1652 1680 1746
10752 4 2 26 80 1586 912 966 1577
10753 4 2 26 80 1574 1569 1729 1581
10754 4 2 26 80 927 904 870 869
10755 4 2 26 80 934 909 875 874
10756 4 2 26 80 868 902 926 869
10757 4 2 26 80 907 874 933 873
10758 4 2 26 80 1772 1555 1771 1770
10759 4 2 26 80 1771 1003 937 1772
10760 4 2 26 80 837 996 836 1754
10761 4 2 26 80 1642 1734 916 917
10762 4 2 26 80 1012 1761 1762 1490
10763 4 2 26 80 852 853 1019 1773
10764 4 2 26 80 1773 865 864 1017
10765 4 2 26 80 1330 1326 843 1728
10766 4 2 26 80 1591 912 1731 1577
10767 4 2 26 80 1761 927 869 1757
10768 4 2 26 80 972 1762 973 1011
10769 4 2 26 80 1606 1018 1765 941
10770 4 2 26 80 295 896 932 1494
10771 4 2 26 80 997 1728 845 844
10772 4 2 26 80 1774 320 283 1009
10773 4 2 26 80 1774 864 863 1017
10774 4 2 26 80 1605 1595 1764 1598
10775 4 2 26 80 1775 1400 853 854
10776 4 2 26 80 1767 1019 853 1768
10777 4 2 26 80 1755 864 1754 1017
10778 4 2 26 80 1640 1734 917 918
10779 4 2 26 80 1775 853 1019 854
10780 4 2 26 80 993 1733 1751 956
10781 4 2 26 80 301 305 1731 912
10782 4 2 26 80 916 1741 302 306
10783 4 2 26 80 910 964 1579 1586
10784 4 2 26 80 864 1774 1773 1017
10785 4 2 26 80 1571 1589 1576 1726
10786 4 2 26 80 1363 1358 1738 1360
10787 4 2 26 80 1750 1744 934 874
10788 4 2 26 80 936 1563 1771 937
10789 4 2 26 80 292 886 922 1487
10790 4 2 26 80 916 1642 985 314
10791 4 2 26 80 1322 1317 1728 1319
10792 4 2 26 80 893 929 294 1492
10793 4 2 26 80 888 293 924 1488
10794 4 2 26 80 1387 865 1754 864
10795 4 2 26 80 1646 918 987 315
10796 4 2 26 80 963 999 1731 1000
10797 4 2 26 80 1772 1560 939 309
10798 4 2 26 80 1640 918 1646 1743
10799 4 2 26 80 1773 853 1019 1775
10800 4 2 26 80 932 933 1748 873
10801 4 2 26 80 1366 1738 1370 851
10802 4 2 26 80 1360 1738 1363 1737
10803 4 2 26 80 915 1616 1757 1762
10804 4 2 26 80 1353 1768 282 851
10805 4 2 26 80 921 1751 1672 1744
10806 4 2 26 80 1769 1612 1759 1596
10807 4 2 26 80 1655 1749 1651 1661
10808 4 2 26 80 1770 1555 1557 1552
10809 4 2 26 80 1728 1727 1322 1319
10810 4 2 26 80 1637 968 1010 1739
10811 4 2 26 80 956 1751 993 955
10812 4 2 26 80 1567 1558 1770 1556
10813 4 2 26 80 1768 854 1353 282
10814 4 2 26 80 1757 1616 1601 1762
10815 4 2 26 80 1744 1751 1672 1657
10816 4 2 26 80 1769 1604 1609 971
10817 4 2 26 80 1766 1599 940 1606
10818 4 2 26 80 895 295 931 1491
10819 4 2 26 80 927 870 1761 869
10820 4 2 26 80 911 1586 910 1724
10821 4 2 26 80 1657 1744 1756 1651
10822 4 2 26 80 939 1615 940 1766
10823 4 2 26 80 947 946 1671 1752
10824 4 2 26 80 866 900 923 901
10825 4 2 26 80 906 930 905 872
10826 4 2 26 80 1586 911 912 1724
10827 4 2 26 80 1592 1579 1733 910
10828 4 2 26 80 1771 1561 1563 936
10829 4 2 26 80 824 878 1340 1348
10830 4 2 26 80 1382 883 1389 829
10831 4 2 26 80 1003 936 1771 937
10832 4 2 26 80 925 926 1763 868
10833 4 2 26 80 304 994 1751 1750
10834 4 2 26 80 1631 1734 1640 1743
10835 4 2 26 80 901 923 866 867
10836 4 2 26 80 930 871 905 872
10837 4 2 26 80 1736 1734 1628 1631
10838 4 2 26 80 1371 1363 1358 1738
10839 4 2 26 80 1770 1558 1554 1552
10840 4 2 26 80 1771 308 949 1561
10841 4 2 26 80 1757 1601 1595 1769
10842 4 2 26 80 927 1761 915 1757
10843 4 2 26 80 1660 1756 954 1665
10844 4 2 26 80 1599 1766 1765 1606
10845 4 2 26 80 1012 1740 846 290
10846 4 2 26 80 1628 1626 1736 1631
10847 4 2 26 80 1750 934 875 874
10848 4 2 26 80 1579 910 1586 1724
10849 4 2 26 80 928 927 1761 915
10850 4 2 26 80 1749 1744 1748 919
10851 4 2 26 80 917 1642 1734 1628
10852 4 2 26 80 1009 862 1774 1775
10853 4 2 26 80 1763 913 1764 1757
10854 4 2 26 80 1769 972 971 1011
10855 4 2 26 80 1400 1774 862 1775
10856 4 2 26 80 1604 1769 972 971
10857 4 2 26 80 880 1354 1341 826
10858 4 2 26 80 1395 885 831 1381
10859 4 2 26 80 1662 1753 1016 1752
10860 4 2 26 80 1743 1006 984 1005
10861 4 2 26 80 1577 1731 963 1589
10862 4 2 26 80 1003 938 937 1772
10863 4 2 26 80 937 938 1563 1772
10864 4 2 26 80 1761 1763 1348 1758
10865 4 2 26 80 289 1000 1730 838
10866 4 2 26 80 1750 1745 1748 1389
10867 4 2 26 80 1757 1761 915 1762
10868 4 2 26 80 1652 1668 1756 1746
10869 4 2 26 80 828 827 1374 882
10870 4 2 26 80 876 822 823 1333
10871 4 2 26 80 921 1744 934 1750
10872 4 2 26 80 1774 1773 1401 864
10873 4 2 26 80 1577 1586 912 1724
10874 4 2 26 80 1557 1770 1553 1566
10875 4 2 26 80 1319 1317 1728 1329
10876 4 2 26 80 1741 1492 1740 306
10877 4 2 26 80 1488 305 1731 1730
10878 4 2 26 80 827 881 1374 882
10879 4 2 26 80 877 876 823 1333
10880 4 2 26 80 912 1731 301 1591
10881 4 2 26 80 1746 1669 1653 1679
10882 4 2 26 80 1772 938 1563 1560
10883 4 2 26 80 1764 1607 975 1598
10884 4 2 26 80 954 955 993 1756
10885 4 2 26 80 1560 1772 938 309
10886 4 2 26 80 1734 917 1628 1640
10887 4 2 26 80 935 909 934 898
10888 4 2 26 80 927 891 928 904
10889 4 2 26 80 993 1733 956 955
10890 4 2 26 80 932 933 907 897
10891 4 2 26 80 902 925 926 890
10892 4 2 26 80 1748 287 291 1006
10893 4 2 26 80 932 897 907 896
10894 4 2 26 80 898 935 909 899
10895 4 2 26 80 891 928 904 892
10896 4 2 26 80 925 890 902 889
10897 4 2 26 80 934 935 921 1750
10898 4 2 26 80 1744 921 1751 1750
10899 4 2 26 80 289 277 1355 838
10900 4 2 26 80 929 1492 1740 1741
10901 4 2 26 80 1488 1731 924 1730
10902 4 2 26 80 1316 1321 1725 1320
10903 4 2 26 80 1563 1561 1771 1555
10904 4 2 26 80 1735 1357 1362 1361
10905 4 2 26 80 973 1616 1762 1618
10906 4 2 26 80 837 280 1754 1394
10907 4 2 26 80 286 1012 1761 290
10908 4 2 26 80 1650 1753 1656 1752
10909 4 2 26 80 289 285 1000 1763
10910 4 2 26 80 1756 954 955 1660
10911 4 2 26 80 1662 1656 1753 1752
10912 4 2 26 80 1600 1765 1594 1603
10913 4 2 26 80 1755 863 864 1017
10914 4 2 26 80 1375 1393 1381 1745
10915 4 2 26 80 1341 1758 1334 1352
10916 4 2 26 80 1365 1735 1374 1740
10917 4 2 26 80 1651 1744 1756 1749
10918 4 2 26 80 1642 1734 1628 1741
10919 4 2 26 80 1333 1324 1730 1725
10920 4 2 26 80 1757 1595 1764 1769
10921 4 2 26 80 1654 1650 1662 1752
10922 4 2 26 80 1748 933 874 873
10923 4 2 26 80 1561 1771 308 936
10924 4 2 26 80 1724 924 1731 1730
10925 4 2 26 80 929 1740 1734 1741
10926 4 2 26 80 930 905 929 894
10927 4 2 26 80 901 887 923 924
10928 4 2 26 80 906 894 930 931
10929 4 2 26 80 922 900 887 923
10930 4 2 26 80 288 994 284 1750
10931 4 2 26 80 1663 989 1749 1655
10932 4 2 26 80 895 894 906 931
10933 4 2 26 80 900 886 922 887
10934 4 2 26 80 893 894 929 905
10935 4 2 26 80 901 887 924 888
10936 4 2 26 80 854 853 1019 1768
10937 4 2 26 80 1763 868 926 869
10938 4 2 26 80 964 1592 312 910
10939 4 2 26 80 962 999 963 1764
10940 4 2 26 80 1615 1599 940 1766
10941 4 2 26 80 1769 1757 1601 1762
10942 4 2 26 80 942 1765 941 1614
10943 4 2 26 80 1756 1751 1744 1657
10944 4 2 26 80 1342 1334 1758 1352
10945 4 2 26 80 1393 1375 1383 1745
10946 4 2 26 80 278 880 826 1354
10947 4 2 26 80 831 276 885 1395
10948 4 2 26 80 1749 983 984 1005
10949 4 2 26 80 966 912 313 1591
10950 4 2 26 80 287 872 1742 1491
10951 4 2 26 80 866 284 1732 1487
10952 4 2 26 80 963 313 301 1591
10953 4 2 26 80 1360 1363 1359 1737
10954 4 2 26 80 1321 1332 1316 1725
10955 4 2 26 80 878 824 1340 1355
10956 4 2 26 80 883 1382 1396 829
10957 4 2 26 80 932 933 919 1748
10958 4 2 26 80 1727 1318 1322 1319
10959 4 2 26 80 1745 1750 1381 1389
10960 4 2 26 80 928 1761 870 1490
10961 4 2 26 80 1762 1012 1741 1011
10962 4 2 26 80 1612 1621 1759 1596
10963 4 2 26 80 1390 863 864 1755
10964 4 2 26 80 1372 1357 1362 1735
10965 4 2 26 80 1401 1774 862 1400
10966 4 2 26 80 1578 1585 1571 1726
10967 4 2 26 80 1579 1592 964 910
10968 4 2 26 80 1774 1401 1773 1400
10969 4 2 26 80 1674 956 1751 1672
10970 4 2 26 80 1626 1736 1631 1639
10971 4 2 26 80 1588 1580 1569 1729
10972 4 2 26 80 871 286 1740 1492
10973 4 2 26 80 285 867 1730 1488
10974 4 2 26 80 1733 956 1579 1592
10975 4 2 26 80 1361 1359 1362 1737
10976 4 2 26 80 1750 884 885 1389
10977 4 2 26 80 1321 1318 1727 1320
10978 4 2 26 80 1761 1348 879 880
10979 4 2 26 80 925 926 913 1763
10980 4 2 26 80 1348 1761 1758 1341
10981 4 2 26 80 986 987 1640 918
10982 4 2 26 80 873 287 1748 1494
10983 4 2 26 80 288 284 994 1732
10984 4 2 26 80 291 287 1742 1006
10985 4 2 26 80 1560 1565 1772 939
10986 4 2 26 80 1563 1554 1772 1560
10987 4 2 26 80 286 870 1761 1490
10988 4 2 26 80 868 285 1763 1489
10989 4 2 26 80 1333 1316 1324 1725
10990 4 2 26 80 927 928 870 904
10991 4 2 26 80 909 935 934 875
10992 4 2 26 80 1671 1654 947 1752
10993 4 2 26 80 933 932 907 873
10994 4 2 26 80 925 902 926 868
10995 4 2 26 80 1659 1753 1675 1656
10996 4 2 26 80 994 1733 284 304
10997 4 2 26 80 307 287 1006 1743
10998 4 2 26 80 1357 1735 1373 1361
10999 4 2 26 80 870 879 1761 869
11000 4 2 26 80 1591 966 912 1577
11001 4 2 26 80 1374 1357 1735 1365
11002 4 2 26 80 993 1733 994 1751
11003 4 2 26 80 1364 1374 1357 1735
11004 4 2 26 80 875 284 1493 1750
11005 4 2 26 80 1400 1773 1774 1775
11006 4 2 26 80 1606 1765 1594 1600
11007 4 2 26 80 1320 1725 1316 1331
11008 4 2 26 80 972 1769 1762 1011
11009 4 2 26 80 879 878 1348 1763
11010 4 2 26 80 1333 1316 1725 1323
11011 4 2 26 80 878 277 824 1355
11012 4 2 26 80 279 829 883 1396
11013 4 2 26 80 1364 1374 1735 1742
11014 4 2 26 80 1725 1732 1333 1323
11015 4 2 26 80 1336 853 1767 1349
11016 4 2 26 80 1748 884 1389 883
11017 4 2 26 80 1491 1742 287 1743
11018 4 2 26 80 1487 1733 284 1732
11019 4 2 26 80 885 1381 1750 1389
11020 4 2 26 80 1638 1626 1736 1628
11021 4 2 26 80 1666 1650 1654 1752
11022 4 2 26 80 931 307 1743 1491
11023 4 2 26 80 304 922 1733 1487
11024 4 2 26 80 1601 1769 1762 1618
11025 4 2 26 80 1348 1761 1341 880
11026 4 2 26 80 935 875 1493 1750
11027 4 2 26 80 852 1398 1773 1399
11028 4 2 26 80 1398 1773 1402 865
11029 4 2 26 80 880 879 1761 870
11030 4 2 26 80 1359 1368 1362 1737
11031 4 2 26 80 1750 875 884 874
11032 4 2 26 80 873 1748 932 1494
11033 4 2 26 80 1670 1753 949 948
11034 4 2 26 80 1662 947 1654 1752
11035 4 2 26 80 1000 305 285 1730
11036 4 2 26 80 1012 1740 286 306
11037 4 2 26 80 930 1740 871 1742
11038 4 2 26 80 867 923 1732 1730
11039 4 2 26 80 853 1773 1400 1775
11040 4 2 26 80 1565 1772 1554 1560
11041 4 2 26 80 1316 1332 1324 1725
11042 4 2 26 80 1568 1771 1561 1555
11043 4 2 26 80 864 1390 1755 1377
11044 4 2 26 80 955 1751 993 1756
11045 4 2 26 80 1365 1357 1735 1373
11046 4 2 26 80 1756 1674 1751 1657
11047 4 2 26 80 949 1568 1771 1561
11048 4 2 26 80 1755 1390 283 860
11049 4 2 26 80 1328 1727 1318 1320
11050 4 2 26 80 1577 912 1731 1724
11051 4 2 26 80 1357 1372 1364 1735
11052 4 2 26 80 885 875 884 1750
11053 4 2 26 80 1755 1390 863 283
11054 4 2 26 80 1637 1634 1625 1739
11055 4 2 26 80 1323 1316 1725 1331
11056 4 2 26 80 1763 1340 1348 1758
11057 4 2 26 80 1351 1334 1758 1342
11058 4 2 26 80 1392 1383 1375 1745
11059 4 2 26 80 1676 1673 1749 984
11060 4 2 26 80 1368 1359 1363 1737
11061 4 2 26 80 918 1640 1734 1743
11062 4 2 26 80 302 1741 1012 306
11063 4 2 26 80 1731 305 301 1000
11064 4 2 26 80 1640 917 986 918
11065 4 2 26 80 1327 1318 1727 1321
11066 4 2 26 80 1619 1765 1600 1603
11067 4 2 26 80 853 1019 1767 852
11068 4 2 26 80 864 865 1754 1017
11069 4 2 26 80 1753 950 1675 1670
11070 4 2 26 80 1773 1398 853 1400
11071 4 2 26 80 868 925 1489 1763
11072 4 2 26 80 1636 1625 1739 1630
11073 4 2 26 80 304 922 910 1733
11074 4 2 26 80 918 307 1743 931
11075 4 2 26 80 280 1754 1394 865
11076 4 2 26 80 1382 1748 1745 1389
11077 4 2 26 80 910 1579 1733 1724
11078 4 2 26 80 1604 1769 1618 972
11079 4 2 26 80 1727 1318 1319 1328
11080 4 2 26 80 1361 1369 1359 1737
11081 4 2 26 80 1745 1381 1375 1389
11082 4 2 26 80 1334 1348 1758 1341
11083 4 2 26 80 1345 1340 1758 1334
11084 4 2 26 80 1745 1375 1386 1382
11085 4 2 26 80 963 1620 1764 1617
11086 4 2 26 80 1734 1642 916 1741
11087 4 2 26 80 1727 1318 1327 1322
11088 4 2 26 80 867 901 923 924
11089 4 2 26 80 905 929 871 930
11090 4 2 26 80 900 922 866 923
11091 4 2 26 80 872 906 930 931
11092 4 2 26 80 1730 1732 1333 1725
11093 4 2 26 80 874 884 1748 873
11094 4 2 26 80 1611 1759 1621 1596
11095 4 2 26 80 1740 1735 1374 1742
11096 4 2 26 80 1764 1620 1605 1598
11097 4 2 26 80 288 876 1732 1323
11098 4 2 26 80 882 291 1742 1364
11099 4 2 26 80 1763 879 868 869
11100 4 2 26 80 1401 1774 863 283
11101 4 2 26 80 1374 1365 1740 881
11102 4 2 26 80 1349 853 1767 852
11103 4 2 26 80 880 286 870 1761
11104 4 2 26 80 1655 1749 1661 1676
11105 4 2 26 80 1591 1731 963 1577
11106 4 2 26 80 853 852 1398 1773
11107 4 2 26 80 1398 1773 865 864
11108 4 2 26 80 873 287 883 1748
11109 4 2 26 80 1665 1660 1756 1668
11110 4 2 26 80 1324 1730 877 1333
11111 4 2 26 80 1369 1360 1359 1737
11112 4 2 26 80 923 1732 866 867
11113 4 2 26 80 1742 871 930 872
11114 4 2 26 80 1317 1330 1322 1728
11115 4 2 26 80 883 1748 884 873
11116 4 2 26 80 972 973 1741 1011
11117 4 2 26 80 868 878 879 1763
11118 4 2 26 80 1643 1647 1629 1739
11119 4 2 26 80 1353 1338 1768 851
11120 4 2 26 80 1358 1738 1360 1370
11121 4 2 26 80 854 1775 1400 282
11122 4 2 26 80 1398 1773 1401 1400
11123 4 2 26 80 1599 1610 1766 1622
11124 4 2 26 80 880 290 286 1761
11125 4 2 26 80 868 285 878 1763
11126 4 2 26 80 1570 1583 1578 1726
11127 4 2 26 80 287 883 1748 291
11128 4 2 26 80 885 284 875 1750
11129 4 2 26 80 1374 1365 881 827
11130 4 2 26 80 876 822 1333 1323
11131 4 2 26 80 861 1400 1775 282
11132 4 2 26 80 955 1674 1756 1660
11133 4 2 26 80 1324 877 823 1333
11134 4 2 26 80 1374 1364 828 882
11135 4 2 26 80 281 843 1767 1349
11136 4 2 26 80 1600 941 1765 1614
11137 4 2 26 80 1612 1604 1609 1769
11138 4 2 26 80 1742 1374 881 882
11139 4 2 26 80 877 1732 876 1333
11140 4 2 26 80 948 1656 1753 1662
11141 4 2 26 80 1740 1012 1741 306
11142 4 2 26 80 1000 1731 305 1730
11143 4 2 26 80 1773 1398 1401 864
11144 4 2 26 80 304 910 300 1733
11145 4 2 26 80 918 307 303 1743
11146 4 2 26 80 1754 1379 837 1394
11147 4 2 26 80 1753 1670 1656 948
11148 4 2 26 80 289 878 285 1763
11149 4 2 26 80 885 284 1750 288
11150 4 2 26 80 296 304 1487 292
11151 4 2 26 80 1488 924 867 1730
11152 4 2 26 80 929 1740 1492 871
11153 4 2 26 80 1390 1755 1391 860
11154 4 2 26 80 878 1340 1348 1763
11155 4 2 26 80 304 296 1493 292
11156 4 2 26 80 1401 1774 283 862
11157 4 2 26 80 883 1382 1389 1748
11158 4 2 26 80 285 305 293 1488
11159 4 2 26 80 1492 286 306 294
11160 4 2 26 80 1652 1668 1746 1677
11161 4 2 26 80 1640 918 987 1646
11162 4 2 26 80 293 305 285 1489
11163 4 2 26 80 306 286 1490 294
11164 4 2 26 80 1767 843 1350 1349
11165 4 2 26 80 1641 1739 1629 1630
11166 4 2 26 80 1731 963 301 1591
11167 4 2 26 80 957 1615 1766 1622
11168 4 2 26 80 1334 1758 1345 1351
11169 4 2 26 80 1392 1375 1386 1745
11170 4 2 26 80 1491 295 307 287
11171 4 2 26 80 1765 1606 941 1600
11172 4 2 26 80 1741 1648 1642 973
11173 4 2 26 80 295 307 287 1494
11174 4 2 26 80 1346 854 1353 1768
11175 4 2 26 80 1381 1395 885 1750
11176 4 2 26 80 1571 1593 1578 1726
11177 4 2 26 80 1341 1761 1354 880
11178 4 2 26 80 1623 1613 1759 1597
11179 4 2 26 80 867 1732 866 877
11180 4 2 26 80 881 871 1742 872
11181 4 2 26 80 876 866 1732 877
11182 4 2 26 80 872 1742 881 882
11183 4 2 26 80 1740 1374 881 1742
11184 4 2 26 80 1732 877 1730 1333
11185 4 2 26 80 1576 1593 1571 1726
11186 4 2 26 80 1350 1336 1767 1349
11187 4 2 26 80 1621 1759 1597 1612
11188 4 2 26 80 866 288 876 1732
11189 4 2 26 80 872 882 291 1742
11190 4 2 26 80 866 288 1732 284
11191 4 2 26 80 287 872 291 1742
11192 4 2 26 80 1552 1770 1558 1556
11193 4 2 26 80 1557 1770 1552 1553
11194 4 2 26 80 1732 866 922 923
11195 4 2 26 80 872 930 1742 931
11196 4 2 26 80 1733 994 284 1732
11197 4 2 26 80 1006 287 1742 1743
11198 4 2 26 80 994 1733 304 300
11199 4 2 26 80 303 307 1006 1743
11200 4 2 26 80 1000 285 289 1730
11201 4 2 26 80 1740 1012 286 290
11202 4 2 26 80 297 285 293 1488
11203 4 2 26 80 286 1492 298 294
11204 4 2 26 80 1736 1626 1627 1633
11205 4 2 26 80 878 1340 1763 1355
11206 4 2 26 80 1335 1356 1343 1760
11207 4 2 26 80 1397 1747 1384 1376
11208 4 2 26 80 931 1742 1491 1743
11209 4 2 26 80 922 1733 1487 1732
11210 4 2 26 80 883 1382 1748 1396
11211 4 2 26 80 1660 1756 1668 1651
11212 4 2 26 80 1391 1755 1390 1377
11213 4 2 26 80 286 298 1490 294
11214 4 2 26 80 293 285 297 1489
11215 4 2 26 80 1333 1732 876 1323
11216 4 2 26 80 1364 1374 1742 882
11217 4 2 26 80 1572 1588 1569 1729
11218 4 2 26 80 1736 1626 1633 1639
11219 4 2 26 80 1349 1767 281 852
11220 4 2 26 80 304 296 1487 284
11221 4 2 26 80 1668 1746 1677 1653
11222 4 2 26 80 295 1491 299 287
11223 4 2 26 80 290 871 286 1740
11224 4 2 26 80 285 867 289 1730
11225 4 2 26 80 877 867 1732 1730
11226 4 2 26 80 881 871 1740 1742
11227 4 2 26 80 1380 1385 1747 1376
11228 4 2 26 80 1760 1344 1335 1339
11229 4 2 26 80 1493 284 296 304
11230 4 2 26 80 1638 1736 1626 1635
11231 4 2 26 80 287 299 295 1494
11232 4 2 26 80 871 290 881 1740
11233 4 2 26 80 877 289 867 1730
11234 4 2 26 80 1746 1667 1652 1677
11235 4 2 26 80 1358 1367 1371 1738
11236 4 2 26 80 1595 1604 1612 1769
11237 4 2 26 80 1394 1754 1379 1387
11238 4 2 26 80 1570 1578 1593 1726
11239 4 2 26 80 1627 1626 1736 1635
11240 4 2 26 80 1556 1770 1564 1553
11241 4 2 26 80 1382 1745 1375 1389
11242 4 2 26 80 1758 1340 1348 1334
11243 4 2 26 80 1353 1338 1346 1768
11244 4 2 26 80 1576 1582 1593 1726
11245 4 2 26 80 1752 1654 1666 1678
11246 4 2 26 80 1593 1582 1570 1726
11247 4 2 26 80 1325 1728 1317 1329
11248 4 2 26 80 1738 1358 1367 1366
11249 4 2 26 80 1575 1572 1729 1584
11250 4 2 26 80 1397 1380 1747 1376
11251 4 2 26 80 1760 1335 1356 1339
11252 4 2 26 80 1756 1660 1657 1651
11253 4 2 26 80 1754 1394 865 1387
11254 4 2 26 80 1397 1747 1380 1378
11255 4 2 26 80 1356 1337 1760 1339
11256 4 2 26 80 1601 1604 1595 1769
11257 4 2 26 80 1728 1317 1326 1325
11258 4 2 26 80 1769 1601 1604 1618
11259 4 2 26 80 1739 1625 1629 1630
11260 4 2 26 80 1674 1756 1660 1657
11261 4 2 26 80 1575 1729 1569 1581
11262 4 2 26 80 1600 1765 1619 1614
11263 4 2 26 80 1671 1654 1752 1678
11264 4 2 26 80 1629 1647 1637 1739
11265 4 2 26 80 1742 872 931 1491
11266 4 2 26 80 866 922 1487 1732
11267 4 2 26 80 1569 1572 1729 1575
11268 4 2 26 80 1552 1770 1556 1553
11269 4 2 26 80 1766 1615 1599 1622
11270 4 2 26 80 1677 1746 1669 1653
11271 4 2 26 80 1746 1669 1658 1677
11272 4 2 26 80 1358 1738 1370 1366
11273 4 2 26 80 1326 1330 1317 1728
11274 4 2 26 80 1658 1667 1746 1677
11275 4 2 26 80 1602 1611 1759 1621
11276 4 2 26 80 1598 1764 1620 1617
11277 4 2 26 80 1749 1655 1673 1676
11278 4 2 26 80 1670 1675 1753 1656
11279 4 2 26 80 1759 1613 1602 1621
11280 4 2 26 80 1621 1759 1613 1597
11281 4 2 26 80 1629 1637 1625 1739
11282 4 2 26 80 970 1736 1635 1644
11283 4 2 26 80 308 317 1587 936
11284 4 2 26 80 1630 1645 1739 978
11285 4 2 26 80 1665 1756 953 1664
11286 4 2 26 80 992 951 950 1588
11287 4 2 26 80 317 950 308 1587
11288 4 2 26 80 1587 950 1588 1729
11289 4 2 26 80 1587 317 950 1729
11290 4 2 26 80 1590 938 319 309
11291 4 2 26 80 309 319 1590 957
11292 4 2 26 80 1562 323 310 943
11293 4 2 26 80 857 858 1008 1737
11294 4 2 26 80 311 946 1559 321
11295 4 2 26 80 953 1583 1573 1726
11296 4 2 26 80 953 954 1583 1726
11297 4 2 26 80 840 1347 1345 1001
11298 4 2 26 80 1001 840 1347 1002
11299 4 2 26 80 1727 1327 840 841
11300 4 2 26 80 1002 840 1347 841
11301 4 2 26 80 837 1325 1728 280
11302 4 2 26 80 1388 1007 857 1008
11303 4 2 26 80 858 1388 857 1008
11304 4 2 26 80 858 857 1368 1737
11305 4 2 26 80 1007 1386 1388 857
11306 4 2 26 80 283 860 1367 1738
11307 4 2 26 80 1624 1759 1596 1608
11308 4 2 26 80 975 976 1607 914
11309 4 2 26 80 971 1736 1635 970
11310 4 2 26 80 1596 1769 1609 1608
11311 4 2 26 80 967 310 323 1643
11312 4 2 26 80 943 323 310 1643
11313 4 2 26 80 942 323 310 1562
11314 4 2 26 80 1609 1769 970 1608
11315 4 2 26 80 1770 1559 946 321
11316 4 2 26 80 1736 1627 1634 1649
11317 4 2 26 80 1624 1765 1759 1608
11318 4 2 26 80 1608 1624 1765 1603
11319 4 2 26 80 1562 942 323 1770
11320 4 2 26 80 1562 1567 942 1770
11321 4 2 26 80 1736 1627 1644 1634
11322 4 2 26 80 1645 1641 1015 945
11323 4 2 26 80 1633 1632 1736 981
11324 4 2 26 80 981 1736 1633 982
11325 4 2 26 80 1770 1559 1566 946
11326 4 2 26 80 988 989 1673 919
11327 4 2 26 80 978 1645 1739 321
11328 4 2 26 80 979 1630 1739 978
11329 4 2 26 80 311 1645 978 321
11330 4 2 26 80 311 1559 945 321
11331 4 2 26 80 311 945 1645 321
11332 4 2 26 80 990 991 1672 921
11333 4 2 26 80 976 977 1616 915
11334 4 2 26 80 989 990 1663 920
11335 4 2 26 80 974 975 1617 913
11336 4 2 26 80 945 321 1770 1015
11337 4 2 26 80 1770 321 945 1559
11338 4 2 26 80 1770 1564 945 1015
11339 4 2 26 80 945 1564 1770 1559
11340 4 2 26 80 1652 1664 1756 1665
11341 4 2 26 80 1756 1664 1652 1746
11342 4 2 26 80 1564 943 1770 1562
11343 4 2 26 80 1564 1770 943 1015
11344 4 2 26 80 323 1770 943 1562
11345 4 2 26 80 323 943 1770 1015
11346 4 2 26 80 1738 283 862 1367
11347 4 2 26 80 1738 862 283 1009
11348 4 2 26 80 938 319 1729 1590
11349 4 2 26 80 1729 319 938 1003
11350 4 2 26 80 323 943 1739 1643
11351 4 2 26 80 323 1739 943 1015
11352 4 2 26 80 280 1728 844 1325
11353 4 2 26 80 280 844 1728 997
11354 4 2 26 80 967 968 1739 1010
11355 4 2 26 80 967 1739 968 1647
11356 4 2 26 80 835 1727 995 996
11357 4 2 26 80 995 1727 835 834
11358 4 2 26 80 995 1747 835 996
11359 4 2 26 80 835 1747 995 834
11360 4 2 26 80 1384 1388 1008 1747
11361 4 2 26 80 1384 1008 1388 858
11362 4 2 26 80 1347 1343 1002 841
11363 4 2 26 80 1347 1002 1343 1760
11364 4 2 26 80 1737 849 1013 848
11365 4 2 26 80 1737 1013 849 1014
11366 4 2 26 80 1760 1013 849 848
11367 4 2 26 80 1760 849 1013 1014
11368 4 2 26 80 1634 1736 1010 1644
11369 4 2 26 80 1010 1736 1634 1739
11370 4 2 26 80 838 289 1324 1730
11371 4 2 26 80 838 1324 289 277
11372 4 2 26 80 877 1324 289 1730
11373 4 2 26 80 877 289 1324 277
11374 4 2 26 80 846 290 1365 278
11375 4 2 26 80 846 1365 290 1740
11376 4 2 26 80 881 1365 290 278
11377 4 2 26 80 881 290 1365 1740
11378 4 2 26 80 1340 839 1001 838
11379 4 2 26 80 1001 839 1340 1758
11380 4 2 26 80 1001 1763 1340 838
11381 4 2 26 80 1340 1763 1001 1758
11382 4 2 26 80 1746 1005 1661 1749
11383 4 2 26 80 1767 1343 842 1002
11384 4 2 26 80 842 1343 1767 1350
11385 4 2 26 80 1391 1008 1747 1384
11386 4 2 26 80 1747 1008 1391 1755
11387 4 2 26 80 1767 1343 1335 1350
11388 4 2 26 80 1335 1343 1767 1760
11389 4 2 26 80 1557 1566 1016 1770
11390 4 2 26 80 1016 1566 1557 947
11391 4 2 26 80 1558 1567 1018 941
11392 4 2 26 80 1558 1018 1567 1770
11393 4 2 26 80 1587 937 1003 1729
11394 4 2 26 80 1003 937 1587 936
11395 4 2 26 80 1003 317 1587 1729
11396 4 2 26 80 1587 317 1003 936
11397 4 2 26 80 1740 1373 1013 846
11398 4 2 26 80 1740 1013 1373 1735
11399 4 2 26 80 997 1402 1398 1773
11400 4 2 26 80 1398 1402 997 844
11401 4 2 26 80 997 845 1398 844
11402 4 2 26 80 997 1399 1398 845
11403 4 2 26 80 997 1398 1399 1773
11404 4 2 26 80 1763 869 1761 879
11405 4 2 26 80 1763 1761 869 1757
11406 4 2 26 80 874 1748 1750 1744
11407 4 2 26 80 874 1750 1748 884
11408 4 2 26 80 1005 1631 984 1743
11409 4 2 26 80 1005 984 1631 983
11410 4 2 26 80 1741 1628 1638 1734
11411 4 2 26 80 1741 1638 1628 1648
11412 4 2 26 80 930 917 1742 931
11413 4 2 26 80 923 1732 911 922
11414 4 2 26 80 1008 1391 860 859
11415 4 2 26 80 1008 860 1391 1755
11416 4 2 26 80 1742 917 1740 1734
11417 4 2 26 80 1742 1740 917 930
11418 4 2 26 80 929 1740 917 1734
11419 4 2 26 80 929 917 1740 930
11420 4 2 26 80 911 924 1730 923
11421 4 2 26 80 1730 924 911 1724
11422 4 2 26 80 1730 1732 911 923
11423 4 2 26 80 911 1732 1730 1724
11424 4 2 26 80 955 1726 1733 1585
11425 4 2 26 80 1733 1726 955 993
11426 4 2 26 80 1726 955 954 1578
11427 4 2 26 80 1726 954 955 993
11428 4 2 26 80 999 1589 963 1731
11429 4 2 26 80 963 1589 999 962
11430 4 2 26 80 1013 1373 1361 847
11431 4 2 26 80 1361 1373 1013 1735
11432 4 2 26 80 1331 995 1320 1725
11433 4 2 26 80 1331 1320 995 833
11434 4 2 26 80 1767 1335 1768 1336
11435 4 2 26 80 1767 1768 1335 1760
11436 4 2 26 80 1379 1376 1754 1747
11437 4 2 26 80 1379 1754 1376 1377
11438 4 2 26 80 1755 1754 1376 1747
11439 4 2 26 80 1755 1376 1754 1377
11440 4 2 26 80 1634 1010 1637 969
11441 4 2 26 80 1634 1637 1010 1739
11442 4 2 26 80 307 1748 287 1494
11443 4 2 26 80 307 287 1748 1006
11444 4 2 26 80 1332 1001 1321 839
11445 4 2 26 80 1321 1001 1332 1725
11446 4 2 26 80 1007 1372 1362 1735
11447 4 2 26 80 1362 1372 1007 856
11448 4 2 26 80 1763 305 285 1000
11449 4 2 26 80 1763 285 305 1489
11450 4 2 26 80 1606 1018 1766 1765
11451 4 2 26 80 1606 1766 1018 940
11452 4 2 26 80 1666 1746 1650 1752
11453 4 2 26 80 1650 1746 1666 1658
11454 4 2 26 80 842 1728 843 1002
11455 4 2 26 80 843 1728 842 1330
11456 4 2 26 80 1370 1014 1360 850
11457 4 2 26 80 1360 1014 1370 1738
11458 4 2 26 80 300 991 1672 312
11459 4 2 26 80 1672 956 300 312
11460 4 2 26 80 300 956 1672 1751
11461 4 2 26 80 977 1616 302 314
11462 4 2 26 80 973 1616 302 1762
11463 4 2 26 80 973 302 1616 314
11464 4 2 26 80 885 288 1395 276
11465 4 2 26 80 885 1395 288 1750
11466 4 2 26 80 832 1395 288 276
11467 4 2 26 80 832 288 1395 1750
11468 4 2 26 80 878 289 1355 1763
11469 4 2 26 80 878 1355 289 277
11470 4 2 26 80 904 891 869 927
11471 4 2 26 80 904 869 891 903
11472 4 2 26 80 926 869 891 927
11473 4 2 26 80 880 290 1354 278
11474 4 2 26 80 880 1354 290 1761
11475 4 2 26 80 846 1354 290 278
11476 4 2 26 80 846 290 1354 1761
11477 4 2 26 80 890 902 869 926
11478 4 2 26 80 869 902 890 903
11479 4 2 26 80 869 891 890 926
11480 4 2 26 80 890 891 869 903
11481 4 2 26 80 883 291 1396 1748
11482 4 2 26 80 883 1396 291 279
11483 4 2 26 80 855 1396 291 1748
11484 4 2 26 80 855 291 1396 279
11485 4 2 26 80 909 898 874 934
11486 4 2 26 80 909 874 898 908
11487 4 2 26 80 933 874 898 934
11488 4 2 26 80 897 907 874 933
11489 4 2 26 80 874 907 897 908
11490 4 2 26 80 874 898 897 933
11491 4 2 26 80 897 898 874 908
11492 4 2 26 80 1673 919 303 988
11493 4 2 26 80 1673 303 919 1749
11494 4 2 26 80 1617 913 301 974
11495 4 2 26 80 301 913 1617 1764
11496 4 2 26 80 302 916 1642 1741
11497 4 2 26 80 1642 916 302 314
11498 4 2 26 80 1642 973 302 1741
11499 4 2 26 80 302 973 1642 314
11500 4 2 26 80 303 918 1646 315
11501 4 2 26 80 1646 918 303 1743
11502 4 2 26 80 1646 984 303 315
11503 4 2 26 80 303 984 1646 1743
11504 4 2 26 80 910 300 1592 312
11505 4 2 26 80 910 1592 300 1733
11506 4 2 26 80 956 1592 300 312
11507 4 2 26 80 956 300 1592 1733
11508 4 2 26 80 1492 929 905 893
11509 4 2 26 80 905 929 1492 871
11510 4 2 26 80 924 1488 901 888
11511 4 2 26 80 901 1488 924 867
11512 4 2 26 80 931 1491 906 895
11513 4 2 26 80 906 1491 931 872
11514 4 2 26 80 1487 922 900 886
11515 4 2 26 80 900 922 1487 866
11516 4 2 26 80 931 1743 1734 1742
11517 4 2 26 80 1734 1743 931 918
11518 4 2 26 80 1734 917 931 1742
11519 4 2 26 80 931 917 1734 918
11520 4 2 26 80 922 1733 1724 910
11521 4 2 26 80 1724 1733 922 1732
11522 4 2 26 80 1724 911 922 910
11523 4 2 26 80 922 911 1724 1732
11524 4 2 26 80 1493 935 909 875
11525 4 2 26 80 1493 909 935 899
11526 4 2 26 80 932 1494 907 873
11527 4 2 26 80 907 1494 932 896
11528 4 2 26 80 1489 925 902 889
11529 4 2 26 80 1489 902 925 868
11530 4 2 26 80 928 1490 904 892
11531 4 2 26 80 904 1490 928 870
11532 4 2 26 80 992 1753 1664 1746
11533 4 2 26 80 1680 1650 1753 1659
11534 4 2 26 80 1753 1650 1680 1746
11535 4 2 26 80 1664 1680 1753 1659
11536 4 2 26 80 1753 1680 1664 1746
11537 4 2 26 80 1605 961 1759 1623
11538 4 2 26 80 1605 1759 961 999
11539 4 2 26 80 960 1759 961 1623
11540 4 2 26 80 960 961 1759 999
11541 4 2 26 80 1617 975 1764 913
11542 4 2 26 80 1617 1764 975 1598
11543 4 2 26 80 914 915 1607 1757
11544 4 2 26 80 914 1607 915 976
11545 4 2 26 80 1607 915 1601 1757
11546 4 2 26 80 1607 1601 915 976
11547 4 2 26 80 1601 915 1616 1757
11548 4 2 26 80 1601 1616 915 976
11549 4 2 26 80 915 302 1616 1762
11550 4 2 26 80 915 1616 302 977
11551 4 2 26 80 982 981 1746 1679
11552 4 2 26 80 1746 981 982 1005
11553 4 2 26 80 1746 1661 982 1679
11554 4 2 26 80 982 1661 1746 1005
11555 4 2 26 80 1673 989 1749 919
11556 4 2 26 80 1673 1749 989 1655
11557 4 2 26 80 913 914 1764 1757
11558 4 2 26 80 913 1764 914 975
11559 4 2 26 80 1607 1764 914 1757
11560 4 2 26 80 1607 914 1764 975
11561 4 2 26 80 921 300 1672 1751
11562 4 2 26 80 921 1672 300 991
11563 4 2 26 80 920 921 1663 1744
11564 4 2 26 80 920 1663 921 990
11565 4 2 26 80 1663 921 1657 1744
11566 4 2 26 80 1663 1657 921 990
11567 4 2 26 80 1657 921 1672 1744
11568 4 2 26 80 1657 1672 921 990
11569 4 2 26 80 919 920 1749 1744
11570 4 2 26 80 919 1749 920 989
11571 4 2 26 80 1663 1749 920 1744
11572 4 2 26 80 1663 920 1749 989
11573 4 2 26 80 952 951 1753 992
11574 4 2 26 80 1753 951 952 1659
11575 4 2 26 80 1753 1664 952 992
11576 4 2 26 80 952 1664 1753 1659
11577 4 2 26 80 961 962 1726 1576
11578 4 2 26 80 961 1726 962 999
11579 4 2 26 80 1589 1726 962 1576
11580 4 2 26 80 1589 962 1726 999
$EndElements
