0	-0.000112442
9.02693e-16	-0.000112615
1.80539e-15	-0.000112788
2.70808e-15	-0.000112961
3.61077e-15	-0.000113134
4.51347e-15	-0.000113307
5.41616e-15	-0.000113481
6.31885e-15	-0.000113654
7.22155e-15	-0.000113828
8.12424e-15	-0.000114001
9.02693e-15	-0.000114175
9.92963e-15	-0.000114349
1.08323e-14	-0.000114523
1.1735e-14	-0.000114697
1.26377e-14	-0.000114871
1.35404e-14	-0.000115045
1.44431e-14	-0.00011522
1.53458e-14	-0.000115394
1.62485e-14	-0.000115569
1.71512e-14	-0.000115743
1.80539e-14	-0.000115918
1.89566e-14	-0.000116093
1.98593e-14	-0.000116268
2.07619e-14	-0.000116443
2.16646e-14	-0.000116618
2.25673e-14	-0.000116793
2.347e-14	-0.000116968
2.43727e-14	-0.000117144
2.52754e-14	-0.000117319
2.61781e-14	-0.000117495
2.70808e-14	-0.000117671
2.79835e-14	-0.000117846
2.88862e-14	-0.000118022
2.97889e-14	-0.000118198
3.06916e-14	-0.000118374
3.15943e-14	-0.00011855
3.2497e-14	-0.000118727
3.33996e-14	-0.000118903
3.43023e-14	-0.000119079
3.5205e-14	-0.000119256
3.61077e-14	-0.000119433
3.70104e-14	-0.000119609
3.79131e-14	-0.000119786
3.88158e-14	-0.000119963
3.97185e-14	-0.00012014
4.06212e-14	-0.000120317
4.15239e-14	-0.000120494
4.24266e-14	-0.000120671
4.33293e-14	-0.000120848
4.4232e-14	-0.000121026
4.51347e-14	-0.000121203
4.60374e-14	-0.000121381
4.694e-14	-0.000121558
4.78427e-14	-0.000121736
4.87454e-14	-0.000121914
4.96481e-14	-0.000122092
5.05508e-14	-0.00012227
5.14535e-14	-0.000122448
5.23562e-14	-0.000122626
5.32589e-14	-0.000122804
5.41616e-14	-0.000122982
5.50643e-14	-0.000123161
5.5967e-14	-0.000123339
5.68697e-14	-0.000123518
5.77724e-14	-0.000123696
5.86751e-14	-0.000123875
5.95778e-14	-0.000124054
6.04804e-14	-0.000124232
6.13831e-14	-0.000124411
6.22858e-14	-0.00012459
6.31885e-14	-0.000124769
6.40912e-14	-0.000124948
6.49939e-14	-0.000125127
6.58966e-14	-0.000125306
6.67993e-14	-0.000125486
6.7702e-14	-0.000125665
6.86047e-14	-0.000125845
6.95074e-14	-0.000126024
7.04101e-14	-0.000126204
7.13128e-14	-0.000126383
7.22155e-14	-0.000126563
7.31181e-14	-0.000126743
7.40208e-14	-0.000126922
7.49235e-14	-0.000127102
7.58262e-14	-0.000127282
7.67289e-14	-0.000127462
7.76316e-14	-0.000127642
7.85343e-14	-0.000127822
7.9437e-14	-0.000128003
8.03397e-14	-0.000128183
8.12424e-14	-0.000128363
8.21451e-14	-0.000128544
8.30478e-14	-0.000128724
8.39505e-14	-0.000128904
8.48532e-14	-0.000129085
8.57559e-14	-0.000129266
8.66585e-14	-0.000129446
8.75612e-14	-0.000129627
8.84639e-14	-0.000129808
8.93666e-14	-0.000129988
9.02693e-14	-0.000130169
9.1172e-14	-0.00013035
9.20747e-14	-0.000130531
9.29774e-14	-0.000130712
9.38801e-14	-0.000130893
9.47828e-14	-0.000131074
9.56855e-14	-0.000131256
9.65882e-14	-0.000131437
9.74909e-14	-0.000131618
9.83936e-14	-0.000131799
9.92963e-14	-0.000131981
1.00199e-13	-0.000132162
1.01102e-13	-0.000132343
1.02004e-13	-0.000132525
1.02907e-13	-0.000132706
1.0381e-13	-0.000132888
1.04712e-13	-0.00013307
1.05615e-13	-0.000133251
1.06518e-13	-0.000133433
1.0742e-13	-0.000133615
1.08323e-13	-0.000133796
1.09226e-13	-0.000133978
1.10129e-13	-0.00013416
1.11031e-13	-0.000134342
1.11934e-13	-0.000134524
1.12837e-13	-0.000134706
1.13739e-13	-0.000134888
1.14642e-13	-0.00013507
1.15545e-13	-0.000135252
1.16447e-13	-0.000135434
1.1735e-13	-0.000135616
1.18253e-13	-0.000135798
1.19156e-13	-0.00013598
1.20058e-13	-0.000136162
1.20961e-13	-0.000136345
1.21864e-13	-0.000136527
1.22766e-13	-0.000136709
1.23669e-13	-0.000136891
1.24572e-13	-0.000137074
1.25474e-13	-0.000137256
1.26377e-13	-0.000137439
1.2728e-13	-0.000137621
1.28182e-13	-0.000137803
1.29085e-13	-0.000137986
1.29988e-13	-0.000138168
1.30891e-13	-0.000138351
1.31793e-13	-0.000138533
1.32696e-13	-0.000138716
1.33599e-13	-0.000138898
1.34501e-13	-0.000139081
1.35404e-13	-0.000139263
1.36307e-13	-0.000139446
1.37209e-13	-0.000139628
1.38112e-13	-0.000139811
1.39015e-13	-0.000139994
1.39917e-13	-0.000140176
1.4082e-13	-0.000140359
1.41723e-13	-0.000140542
1.42626e-13	-0.000140724
1.43528e-13	-0.000140907
1.44431e-13	-0.00014109
1.45334e-13	-0.000141272
1.46236e-13	-0.000141455
1.47139e-13	-0.000141638
1.48042e-13	-0.00014182
1.48944e-13	-0.000142003
1.49847e-13	-0.000142186
1.5075e-13	-0.000142368
1.51652e-13	-0.000142551
1.52555e-13	-0.000142734
1.53458e-13	-0.000142916
1.54361e-13	-0.000143099
1.55263e-13	-0.000143282
1.56166e-13	-0.000143464
1.57069e-13	-0.000143647
1.57971e-13	-0.00014383
1.58874e-13	-0.000144012
1.59777e-13	-0.000144195
1.60679e-13	-0.000144378
1.61582e-13	-0.00014456
1.62485e-13	-0.000144743
1.63387e-13	-0.000144926
1.6429e-13	-0.000145108
1.65193e-13	-0.000145291
1.66096e-13	-0.000145473
1.66998e-13	-0.000145656
1.67901e-13	-0.000145838
1.68804e-13	-0.000146021
1.69706e-13	-0.000146203
1.70609e-13	-0.000146386
1.71512e-13	-0.000146568
1.72414e-13	-0.000146751
1.73317e-13	-0.000146933
1.7422e-13	-0.000147116
1.75122e-13	-0.000147298
1.76025e-13	-0.00014748
1.76928e-13	-0.000147663
1.77831e-13	-0.000147845
1.78733e-13	-0.000148027
1.79636e-13	-0.00014821
1.80539e-13	-0.000148392
1.81441e-13	-0.000148574
1.82344e-13	-0.000148756
1.83247e-13	-0.000148938
1.84149e-13	-0.00014912
1.85052e-13	-0.000149302
1.85955e-13	-0.000149484
1.86857e-13	-0.000149666
1.8776e-13	-0.000149848
1.88663e-13	-0.00015003
1.89566e-13	-0.000150212
1.90468e-13	-0.000150394
1.91371e-13	-0.000150576
1.92274e-13	-0.000150757
1.93176e-13	-0.000150939
1.94079e-13	-0.000151121
1.94982e-13	-0.000151302
1.95884e-13	-0.000151484
1.96787e-13	-0.000151665
1.9769e-13	-0.000151847
1.98593e-13	-0.000152028
1.99495e-13	-0.00015221
2.00398e-13	-0.000152391
2.01301e-13	-0.000152572
2.02203e-13	-0.000152753
2.03106e-13	-0.000152934
2.04009e-13	-0.000153116
2.04911e-13	-0.000153297
2.05814e-13	-0.000153478
2.06717e-13	-0.000153658
2.07619e-13	-0.000153839
2.08522e-13	-0.00015402
2.09425e-13	-0.000154201
2.10328e-13	-0.000154382
2.1123e-13	-0.000154562
2.12133e-13	-0.000154743
2.13036e-13	-0.000154923
2.13938e-13	-0.000155104
2.14841e-13	-0.000155284
2.15744e-13	-0.000155464
2.16646e-13	-0.000155644
2.17549e-13	-0.000155824
2.18452e-13	-0.000156004
2.19354e-13	-0.000156184
2.20257e-13	-0.000156364
2.2116e-13	-0.000156544
2.22063e-13	-0.000156724
2.22965e-13	-0.000156904
2.23868e-13	-0.000157083
2.24771e-13	-0.000157263
2.25673e-13	-0.000157442
2.26576e-13	-0.000157621
2.27479e-13	-0.000157801
2.28381e-13	-0.00015798
2.29284e-13	-0.000158159
2.30187e-13	-0.000158338
2.31089e-13	-0.000158517
2.31992e-13	-0.000158696
2.32895e-13	-0.000158874
2.33798e-13	-0.000159053
2.347e-13	-0.000159231
2.35603e-13	-0.00015941
2.36506e-13	-0.000159588
2.37408e-13	-0.000159766
2.38311e-13	-0.000159945
2.39214e-13	-0.000160123
2.40116e-13	-0.000160301
2.41019e-13	-0.000160478
2.41922e-13	-0.000160656
2.42824e-13	-0.000160834
2.43727e-13	-0.000161011
2.4463e-13	-0.000161189
2.45533e-13	-0.000161366
2.46435e-13	-0.000161543
2.47338e-13	-0.00016172
2.48241e-13	-0.000161897
2.49143e-13	-0.000162074
2.50046e-13	-0.000162251
2.50949e-13	-0.000162427
2.51851e-13	-0.000162604
2.52754e-13	-0.00016278
2.53657e-13	-0.000162957
2.54559e-13	-0.000163133
2.55462e-13	-0.000163309
2.56365e-13	-0.000163485
2.57268e-13	-0.00016366
2.5817e-13	-0.000163836
2.59073e-13	-0.000164012
2.59976e-13	-0.000164187
2.60878e-13	-0.000164362
2.61781e-13	-0.000164537
2.62684e-13	-0.000164712
2.63586e-13	-0.000164887
2.64489e-13	-0.000165062
2.65392e-13	-0.000165237
2.66294e-13	-0.000165411
2.67197e-13	-0.000165585
2.681e-13	-0.000165759
2.69003e-13	-0.000165933
2.69905e-13	-0.000166107
2.70808e-13	-0.000166281
2.71711e-13	-0.000166455
2.72613e-13	-0.000166628
2.73516e-13	-0.000166801
2.74419e-13	-0.000166975
2.75321e-13	-0.000167148
2.76224e-13	-0.00016732
2.77127e-13	-0.000167493
2.7803e-13	-0.000167666
2.78932e-13	-0.000167838
2.79835e-13	-0.00016801
2.80738e-13	-0.000168182
2.8164e-13	-0.000168354
2.82543e-13	-0.000168526
2.83446e-13	-0.000168697
2.84348e-13	-0.000168869
2.85251e-13	-0.00016904
2.86154e-13	-0.000169211
2.87056e-13	-0.000169382
2.87959e-13	-0.000169553
2.88862e-13	-0.000169723
2.89765e-13	-0.000169894
2.90667e-13	-0.000170064
2.9157e-13	-0.000170234
2.92473e-13	-0.000170404
2.93375e-13	-0.000170574
2.94278e-13	-0.000170743
2.95181e-13	-0.000170912
2.96083e-13	-0.000171081
2.96986e-13	-0.00017125
2.97889e-13	-0.000171419
2.98791e-13	-0.000171588
2.99694e-13	-0.000171756
3.00597e-13	-0.000171924
3.015e-13	-0.000172092
3.02402e-13	-0.00017226
3.03305e-13	-0.000172428
3.04208e-13	-0.000172595
3.0511e-13	-0.000172762
3.06013e-13	-0.000172929
3.06916e-13	-0.000173096
3.07818e-13	-0.000173263
3.08721e-13	-0.000173429
3.09624e-13	-0.000173595
3.10526e-13	-0.000173761
3.11429e-13	-0.000173927
3.12332e-13	-0.000174093
3.13235e-13	-0.000174258
3.14137e-13	-0.000174423
3.1504e-13	-0.000174588
3.15943e-13	-0.000174753
3.16845e-13	-0.000174917
3.17748e-13	-0.000175081
3.18651e-13	-0.000175245
3.19553e-13	-0.000175409
3.20456e-13	-0.000175573
3.21359e-13	-0.000175736
3.22261e-13	-0.000175899
3.23164e-13	-0.000176062
3.24067e-13	-0.000176225
3.2497e-13	-0.000176387
3.25872e-13	-0.00017655
3.26775e-13	-0.000176712
3.27678e-13	-0.000176873
3.2858e-13	-0.000177035
3.29483e-13	-0.000177196
3.30386e-13	-0.000177357
3.31288e-13	-0.000177518
3.32191e-13	-0.000177678
3.33094e-13	-0.000177839
3.33996e-13	-0.000177999
3.34899e-13	-0.000178158
3.35802e-13	-0.000178318
3.36705e-13	-0.000178477
3.37607e-13	-0.000178636
3.3851e-13	-0.000178795
3.39413e-13	-0.000178953
3.40315e-13	-0.000179112
3.41218e-13	-0.00017927
3.42121e-13	-0.000179427
3.43023e-13	-0.000179585
3.43926e-13	-0.000179742
3.44829e-13	-0.000179899
3.45731e-13	-0.000180055
3.46634e-13	-0.000180212
3.47537e-13	-0.000180368
3.4844e-13	-0.000180524
3.49342e-13	-0.000180679
3.50245e-13	-0.000180835
3.51148e-13	-0.000180989
3.5205e-13	-0.000181144
3.52953e-13	-0.000181299
3.53856e-13	-0.000181453
3.54758e-13	-0.000181607
3.55661e-13	-0.00018176
3.56564e-13	-0.000181913
3.57467e-13	-0.000182066
3.58369e-13	-0.000182219
3.59272e-13	-0.000182371
3.60175e-13	-0.000182523
3.61077e-13	-0.000182675
3.6198e-13	-0.000182827
3.62883e-13	-0.000182978
3.63785e-13	-0.000183129
3.64688e-13	-0.000183279
3.65591e-13	-0.000183429
3.66493e-13	-0.000183579
3.67396e-13	-0.000183729
3.68299e-13	-0.000183878
3.69202e-13	-0.000184027
3.70104e-13	-0.000184176
3.71007e-13	-0.000184324
3.7191e-13	-0.000184472
3.72812e-13	-0.00018462
3.73715e-13	-0.000184767
3.74618e-13	-0.000184914
3.7552e-13	-0.000185061
3.76423e-13	-0.000185207
3.77326e-13	-0.000185353
3.78228e-13	-0.000185499
3.79131e-13	-0.000185645
3.80034e-13	-0.00018579
3.80937e-13	-0.000185934
3.81839e-13	-0.000186079
3.82742e-13	-0.000186223
3.83645e-13	-0.000186366
3.84547e-13	-0.00018651
3.8545e-13	-0.000186652
3.86353e-13	-0.000186795
3.87255e-13	-0.000186937
3.88158e-13	-0.000187079
3.89061e-13	-0.000187221
3.89963e-13	-0.000187362
3.90866e-13	-0.000187503
3.91769e-13	-0.000187643
3.92672e-13	-0.000187783
3.93574e-13	-0.000187923
3.94477e-13	-0.000188062
3.9538e-13	-0.000188201
3.96282e-13	-0.00018834
3.97185e-13	-0.000188478
3.98088e-13	-0.000188616
3.9899e-13	-0.000188753
3.99893e-13	-0.000188891
4.00796e-13	-0.000189027
4.01698e-13	-0.000189164
4.02601e-13	-0.000189299
4.03504e-13	-0.000189435
4.04407e-13	-0.00018957
4.05309e-13	-0.000189705
4.06212e-13	-0.000189839
4.07115e-13	-0.000189973
4.08017e-13	-0.000190107
4.0892e-13	-0.00019024
4.09823e-13	-0.000190373
4.10725e-13	-0.000190505
4.11628e-13	-0.000190637
4.12531e-13	-0.000190768
4.13433e-13	-0.0001909
4.14336e-13	-0.00019103
4.15239e-13	-0.000191161
4.16142e-13	-0.00019129
4.17044e-13	-0.00019142
4.17947e-13	-0.000191549
4.1885e-13	-0.000191677
4.19752e-13	-0.000191806
4.20655e-13	-0.000191933
4.21558e-13	-0.000192061
4.2246e-13	-0.000192188
4.23363e-13	-0.000192314
4.24266e-13	-0.00019244
4.25168e-13	-0.000192566
4.26071e-13	-0.000192691
4.26974e-13	-0.000192815
4.27877e-13	-0.00019294
4.28779e-13	-0.000193063
4.29682e-13	-0.000193187
4.30585e-13	-0.00019331
4.31487e-13	-0.000193432
4.3239e-13	-0.000193554
4.33293e-13	-0.000193675
4.34195e-13	-0.000193796
4.35098e-13	-0.000193917
4.36001e-13	-0.000194037
4.36904e-13	-0.000194157
4.37806e-13	-0.000194276
4.38709e-13	-0.000194395
4.39612e-13	-0.000194513
4.40514e-13	-0.000194631
4.41417e-13	-0.000194748
4.4232e-13	-0.000194865
4.43222e-13	-0.000194981
4.44125e-13	-0.000195097
4.45028e-13	-0.000195212
4.4593e-13	-0.000195327
4.46833e-13	-0.000195441
4.47736e-13	-0.000195555
4.48639e-13	-0.000195668
4.49541e-13	-0.000195781
4.50444e-13	-0.000195894
4.51347e-13	-0.000196005
4.52249e-13	-0.000196117
4.53152e-13	-0.000196228
4.54055e-13	-0.000196338
4.54957e-13	-0.000196448
4.5586e-13	-0.000196557
4.56763e-13	-0.000196666
4.57665e-13	-0.000196774
4.58568e-13	-0.000196882
4.59471e-13	-0.000196989
4.60374e-13	-0.000197096
4.61276e-13	-0.000197202
4.62179e-13	-0.000197307
4.63082e-13	-0.000197412
4.63984e-13	-0.000197517
4.64887e-13	-0.000197621
4.6579e-13	-0.000197724
4.66692e-13	-0.000197827
4.67595e-13	-0.00019793
4.68498e-13	-0.000198031
4.694e-13	-0.000198133
4.70303e-13	-0.000198233
4.71206e-13	-0.000198333
4.72109e-13	-0.000198433
4.73011e-13	-0.000198532
4.73914e-13	-0.00019863
4.74817e-13	-0.000198728
4.75719e-13	-0.000198826
4.76622e-13	-0.000198922
4.77525e-13	-0.000199019
4.78427e-13	-0.000199114
4.7933e-13	-0.000199209
4.80233e-13	-0.000199304
4.81135e-13	-0.000199398
4.82038e-13	-0.000199491
4.82941e-13	-0.000199583
4.83844e-13	-0.000199676
4.84746e-13	-0.000199767
4.85649e-13	-0.000199858
4.86552e-13	-0.000199948
4.87454e-13	-0.000200038
4.88357e-13	-0.000200127
4.8926e-13	-0.000200215
4.90162e-13	-0.000200303
4.91065e-13	-0.000200391
4.91968e-13	-0.000200477
4.9287e-13	-0.000200563
4.93773e-13	-0.000200649
4.94676e-13	-0.000200733
4.95579e-13	-0.000200818
4.96481e-13	-0.000200901
4.97384e-13	-0.000200984
4.98287e-13	-0.000201066
4.99189e-13	-0.000201148
5.00092e-13	-0.000201229
5.00995e-13	-0.000201309
5.01897e-13	-0.000201389
5.028e-13	-0.000201468
5.03703e-13	-0.000201547
5.04605e-13	-0.000201624
5.05508e-13	-0.000201701
5.06411e-13	-0.000201778
5.07314e-13	-0.000201854
5.08216e-13	-0.000201929
5.09119e-13	-0.000202003
5.10022e-13	-0.000202077
5.10924e-13	-0.00020215
5.11827e-13	-0.000202223
5.1273e-13	-0.000202294
5.13632e-13	-0.000202366
5.14535e-13	-0.000202436
5.15438e-13	-0.000202506
5.16341e-13	-0.000202575
5.17243e-13	-0.000202643
5.18146e-13	-0.000202711
5.19049e-13	-0.000202778
5.19951e-13	-0.000202844
5.20854e-13	-0.00020291
5.21757e-13	-0.000202975
5.22659e-13	-0.000203039
5.23562e-13	-0.000203102
5.24465e-13	-0.000203165
5.25367e-13	-0.000203227
5.2627e-13	-0.000203288
5.27173e-13	-0.000203349
5.28076e-13	-0.000203409
5.28978e-13	-0.000203468
5.29881e-13	-0.000203526
5.30784e-13	-0.000203584
5.31686e-13	-0.000203641
5.32589e-13	-0.000203697
5.33492e-13	-0.000203753
5.34394e-13	-0.000203808
5.35297e-13	-0.000203862
5.362e-13	-0.000203915
5.37102e-13	-0.000203967
5.38005e-13	-0.000204019
5.38908e-13	-0.00020407
5.39811e-13	-0.00020412
5.40713e-13	-0.00020417
5.41616e-13	-0.000204218
5.42519e-13	-0.000204266
5.43421e-13	-0.000204314
5.44324e-13	-0.00020436
5.45227e-13	-0.000204406
5.46129e-13	-0.00020445
5.47032e-13	-0.000204494
5.47935e-13	-0.000204538
5.48837e-13	-0.00020458
5.4974e-13	-0.000204622
5.50643e-13	-0.000204663
5.51546e-13	-0.000204703
5.52448e-13	-0.000204742
5.53351e-13	-0.000204781
5.54254e-13	-0.000204818
5.55156e-13	-0.000204855
5.56059e-13	-0.000204891
5.56962e-13	-0.000204926
5.57864e-13	-0.000204961
5.58767e-13	-0.000204994
5.5967e-13	-0.000205027
5.60572e-13	-0.000205059
5.61475e-13	-0.00020509
5.62378e-13	-0.00020512
5.63281e-13	-0.00020515
5.64183e-13	-0.000205179
5.65086e-13	-0.000205206
5.65989e-13	-0.000205233
5.66891e-13	-0.000205259
5.67794e-13	-0.000205284
5.68697e-13	-0.000205309
5.69599e-13	-0.000205332
5.70502e-13	-0.000205355
5.71405e-13	-0.000205377
5.72307e-13	-0.000205398
5.7321e-13	-0.000205418
5.74113e-13	-0.000205437
5.75016e-13	-0.000205455
5.75918e-13	-0.000205472
5.76821e-13	-0.000205489
5.77724e-13	-0.000205504
5.78626e-13	-0.000205519
5.79529e-13	-0.000205533
5.80432e-13	-0.000205546
5.81334e-13	-0.000205558
5.82237e-13	-0.000205569
5.8314e-13	-0.000205579
5.84042e-13	-0.000205589
5.84945e-13	-0.000205597
5.85848e-13	-0.000205604
5.86751e-13	-0.000205611
5.87653e-13	-0.000205617
5.88556e-13	-0.000205621
5.89459e-13	-0.000205625
5.90361e-13	-0.000205628
5.91264e-13	-0.00020563
5.92167e-13	-0.000205631
5.93069e-13	-0.000205631
5.93972e-13	-0.00020563
5.94875e-13	-0.000205628
5.95778e-13	-0.000205625
5.9668e-13	-0.000205621
5.97583e-13	-0.000205617
5.98486e-13	-0.000205611
5.99388e-13	-0.000205604
6.00291e-13	-0.000205597
6.01194e-13	-0.000205588
6.02096e-13	-0.000205578
6.02999e-13	-0.000205568
6.03902e-13	-0.000205556
6.04804e-13	-0.000205544
6.05707e-13	-0.00020553
6.0661e-13	-0.000205516
6.07513e-13	-0.0002055
6.08415e-13	-0.000205484
6.09318e-13	-0.000205466
6.10221e-13	-0.000205447
6.11123e-13	-0.000205428
6.12026e-13	-0.000205407
6.12929e-13	-0.000205386
6.13831e-13	-0.000205363
6.14734e-13	-0.00020534
6.15637e-13	-0.000205315
6.16539e-13	-0.000205289
6.17442e-13	-0.000205263
6.18345e-13	-0.000205235
6.19248e-13	-0.000205206
6.2015e-13	-0.000205176
6.21053e-13	-0.000205145
6.21956e-13	-0.000205113
6.22858e-13	-0.00020508
6.23761e-13	-0.000205046
6.24664e-13	-0.000205011
6.25566e-13	-0.000204975
6.26469e-13	-0.000204938
6.27372e-13	-0.000204899
6.28274e-13	-0.00020486
6.29177e-13	-0.000204819
6.3008e-13	-0.000204778
6.30983e-13	-0.000204735
6.31885e-13	-0.000204691
6.32788e-13	-0.000204646
6.33691e-13	-0.0002046
6.34593e-13	-0.000204553
6.35496e-13	-0.000204505
6.36399e-13	-0.000204456
6.37301e-13	-0.000204406
6.38204e-13	-0.000204354
6.39107e-13	-0.000204301
6.40009e-13	-0.000204248
6.40912e-13	-0.000204193
6.41815e-13	-0.000204137
6.42718e-13	-0.00020408
6.4362e-13	-0.000204021
6.44523e-13	-0.000203962
6.45426e-13	-0.000203901
6.46328e-13	-0.00020384
6.47231e-13	-0.000203777
6.48134e-13	-0.000203713
6.49036e-13	-0.000203647
6.49939e-13	-0.000203581
6.50842e-13	-0.000203514
6.51744e-13	-0.000203445
6.52647e-13	-0.000203375
6.5355e-13	-0.000203304
6.54453e-13	-0.000203232
6.55355e-13	-0.000203158
6.56258e-13	-0.000203083
6.57161e-13	-0.000203008
6.58063e-13	-0.000202931
6.58966e-13	-0.000202852
6.59869e-13	-0.000202773
6.60771e-13	-0.000202692
6.61674e-13	-0.00020261
6.62577e-13	-0.000202527
6.63479e-13	-0.000202443
6.64382e-13	-0.000202357
6.65285e-13	-0.000202271
6.66188e-13	-0.000202183
6.6709e-13	-0.000202093
6.67993e-13	-0.000202003
6.68896e-13	-0.000201911
6.69798e-13	-0.000201818
6.70701e-13	-0.000201724
6.71604e-13	-0.000201628
6.72506e-13	-0.000201531
6.73409e-13	-0.000201433
6.74312e-13	-0.000201334
6.75215e-13	-0.000201234
6.76117e-13	-0.000201132
6.7702e-13	-0.000201029
6.77923e-13	-0.000200924
6.78825e-13	-0.000200818
6.79728e-13	-0.000200711
6.80631e-13	-0.000200603
6.81533e-13	-0.000200493
6.82436e-13	-0.000200383
6.83339e-13	-0.00020027
6.84241e-13	-0.000200157
6.85144e-13	-0.000200042
6.86047e-13	-0.000199926
6.8695e-13	-0.000199808
6.87852e-13	-0.000199689
6.88755e-13	-0.000199569
6.89658e-13	-0.000199448
6.9056e-13	-0.000199325
6.91463e-13	-0.0001992
6.92366e-13	-0.000199075
6.93268e-13	-0.000198948
6.94171e-13	-0.00019882
6.95074e-13	-0.00019869
6.95976e-13	-0.000198559
6.96879e-13	-0.000198427
6.97782e-13	-0.000198293
6.98685e-13	-0.000198158
6.99587e-13	-0.000198021
7.0049e-13	-0.000197883
7.01393e-13	-0.000197744
7.02295e-13	-0.000197603
7.03198e-13	-0.000197461
7.04101e-13	-0.000197318
7.05003e-13	-0.000197173
7.05906e-13	-0.000197026
7.06809e-13	-0.000196878
7.07711e-13	-0.000196729
7.08614e-13	-0.000196579
7.09517e-13	-0.000196427
7.1042e-13	-0.000196273
7.11322e-13	-0.000196118
7.12225e-13	-0.000195962
7.13128e-13	-0.000195804
7.1403e-13	-0.000195645
7.14933e-13	-0.000195484
7.15836e-13	-0.000195322
7.16738e-13	-0.000195158
7.17641e-13	-0.000194993
7.18544e-13	-0.000194826
7.19446e-13	-0.000194658
7.20349e-13	-0.000194489
7.21252e-13	-0.000194318
7.22155e-13	-0.000194145
7.23057e-13	-0.000193971
7.2396e-13	-0.000193796
7.24863e-13	-0.000193618
7.25765e-13	-0.00019344
7.26668e-13	-0.00019326
7.27571e-13	-0.000193078
7.28473e-13	-0.000192895
7.29376e-13	-0.00019271
7.30279e-13	-0.000192524
7.31181e-13	-0.000192337
7.32084e-13	-0.000192147
7.32987e-13	-0.000191956
7.3389e-13	-0.000191764
7.34792e-13	-0.00019157
7.35695e-13	-0.000191375
7.36598e-13	-0.000191178
7.375e-13	-0.000190979
7.38403e-13	-0.000190779
7.39306e-13	-0.000190577
7.40208e-13	-0.000190374
7.41111e-13	-0.000190169
7.42014e-13	-0.000189962
7.42917e-13	-0.000189754
7.43819e-13	-0.000189544
7.44722e-13	-0.000189333
7.45625e-13	-0.00018912
7.46527e-13	-0.000188906
7.4743e-13	-0.00018869
7.48333e-13	-0.000188472
7.49235e-13	-0.000188252
7.50138e-13	-0.000188031
7.51041e-13	-0.000187809
7.51943e-13	-0.000187584
7.52846e-13	-0.000187358
7.53749e-13	-0.000187131
7.54652e-13	-0.000186901
7.55554e-13	-0.00018667
7.56457e-13	-0.000186438
7.5736e-13	-0.000186203
7.58262e-13	-0.000185967
7.59165e-13	-0.00018573
7.60068e-13	-0.00018549
7.6097e-13	-0.000185249
7.61873e-13	-0.000185007
7.62776e-13	-0.000184762
7.63678e-13	-0.000184516
7.64581e-13	-0.000184268
7.65484e-13	-0.000184019
7.66387e-13	-0.000183768
7.67289e-13	-0.000183515
7.68192e-13	-0.00018326
7.69095e-13	-0.000183003
7.69997e-13	-0.000182745
7.709e-13	-0.000182485
7.71803e-13	-0.000182224
7.72705e-13	-0.00018196
7.73608e-13	-0.000181695
7.74511e-13	-0.000181428
7.75413e-13	-0.000181159
7.76316e-13	-0.000180889
7.77219e-13	-0.000180617
7.78122e-13	-0.000180343
7.79024e-13	-0.000180067
7.79927e-13	-0.000179789
7.8083e-13	-0.00017951
7.81732e-13	-0.000179228
7.82635e-13	-0.000178945
7.83538e-13	-0.000178661
7.8444e-13	-0.000178374
7.85343e-13	-0.000178085
7.86246e-13	-0.000177795
7.87148e-13	-0.000177503
7.88051e-13	-0.000177209
7.88954e-13	-0.000176913
7.89857e-13	-0.000176616
7.90759e-13	-0.000176316
7.91662e-13	-0.000176015
7.92565e-13	-0.000175711
7.93467e-13	-0.000175406
7.9437e-13	-0.000175099
7.95273e-13	-0.000174791
7.96175e-13	-0.00017448
7.97078e-13	-0.000174167
7.97981e-13	-0.000173853
7.98883e-13	-0.000173536
7.99786e-13	-0.000173218
8.00689e-13	-0.000172898
8.01592e-13	-0.000172576
8.02494e-13	-0.000172252
8.03397e-13	-0.000171926
8.043e-13	-0.000171598
8.05202e-13	-0.000171268
8.06105e-13	-0.000170936
8.07008e-13	-0.000170602
8.0791e-13	-0.000170267
8.08813e-13	-0.000169929
8.09716e-13	-0.000169589
8.10618e-13	-0.000169248
8.11521e-13	-0.000168904
8.12424e-13	-0.000168559
8.13327e-13	-0.000168211
8.14229e-13	-0.000167862
8.15132e-13	-0.00016751
8.16035e-13	-0.000167157
8.16937e-13	-0.000166802
8.1784e-13	-0.000166444
8.18743e-13	-0.000166085
8.19645e-13	-0.000165723
8.20548e-13	-0.00016536
8.21451e-13	-0.000164994
8.22354e-13	-0.000164626
8.23256e-13	-0.000164257
8.24159e-13	-0.000163885
8.25062e-13	-0.000163511
8.25964e-13	-0.000163136
8.26867e-13	-0.000162758
8.2777e-13	-0.000162378
8.28672e-13	-0.000161996
8.29575e-13	-0.000161612
8.30478e-13	-0.000161226
8.3138e-13	-0.000160838
8.32283e-13	-0.000160447
8.33186e-13	-0.000160055
8.34089e-13	-0.00015966
8.34991e-13	-0.000159264
8.35894e-13	-0.000158865
8.36797e-13	-0.000158464
8.37699e-13	-0.000158061
8.38602e-13	-0.000157656
8.39505e-13	-0.000157249
8.40407e-13	-0.000156839
8.4131e-13	-0.000156428
8.42213e-13	-0.000156014
8.43115e-13	-0.000155598
8.44018e-13	-0.00015518
8.44921e-13	-0.00015476
8.45824e-13	-0.000154338
8.46726e-13	-0.000153913
8.47629e-13	-0.000153486
8.48532e-13	-0.000153057
8.49434e-13	-0.000152626
8.50337e-13	-0.000152193
8.5124e-13	-0.000151757
8.52142e-13	-0.000151319
8.53045e-13	-0.000150879
8.53948e-13	-0.000150437
8.5485e-13	-0.000149993
8.55753e-13	-0.000149546
8.56656e-13	-0.000149097
8.57559e-13	-0.000148646
8.58461e-13	-0.000148192
8.59364e-13	-0.000147737
8.60267e-13	-0.000147279
8.61169e-13	-0.000146819
8.62072e-13	-0.000146356
8.62975e-13	-0.000145891
8.63877e-13	-0.000145424
8.6478e-13	-0.000144955
8.65683e-13	-0.000144483
8.66585e-13	-0.000144009
8.67488e-13	-0.000143533
8.68391e-13	-0.000143054
8.69294e-13	-0.000142573
8.70196e-13	-0.00014209
8.71099e-13	-0.000141604
8.72002e-13	-0.000141116
8.72904e-13	-0.000140626
8.73807e-13	-0.000140133
8.7471e-13	-0.000139638
8.75612e-13	-0.000139141
8.76515e-13	-0.000138641
8.77418e-13	-0.000138139
8.7832e-13	-0.000137634
8.79223e-13	-0.000137127
8.80126e-13	-0.000136618
8.81029e-13	-0.000136106
8.81931e-13	-0.000135592
8.82834e-13	-0.000135075
8.83737e-13	-0.000134556
8.84639e-13	-0.000134035
8.85542e-13	-0.000133511
8.86445e-13	-0.000132985
8.87347e-13	-0.000132456
8.8825e-13	-0.000131925
8.89153e-13	-0.000131391
8.90055e-13	-0.000130855
8.90958e-13	-0.000130317
8.91861e-13	-0.000129776
8.92764e-13	-0.000129232
8.93666e-13	-0.000128686
8.94569e-13	-0.000128138
8.95472e-13	-0.000127587
8.96374e-13	-0.000127033
8.97277e-13	-0.000126477
8.9818e-13	-0.000125919
8.99082e-13	-0.000125357
8.99985e-13	-0.000124794
9.00888e-13	-0.000124228
9.01791e-13	-0.000123659
9.02693e-13	-0.000123088
9.03596e-13	-0.000122514
9.04499e-13	-0.000121938
9.05401e-13	-0.000121359
9.06304e-13	-0.000120777
9.07207e-13	-0.000120193
9.08109e-13	-0.000119607
9.09012e-13	-0.000119018
9.09915e-13	-0.000118426
9.10817e-13	-0.000117831
9.1172e-13	-0.000117234
9.12623e-13	-0.000116635
9.13526e-13	-0.000116032
9.14428e-13	-0.000115427
9.15331e-13	-0.00011482
9.16234e-13	-0.00011421
9.17136e-13	-0.000113597
9.18039e-13	-0.000112981
9.18942e-13	-0.000112363
9.19844e-13	-0.000111742
9.20747e-13	-0.000111119
9.2165e-13	-0.000110493
9.22552e-13	-0.000109864
9.23455e-13	-0.000109232
9.24358e-13	-0.000108598
9.25261e-13	-0.000107961
9.26163e-13	-0.000107321
9.27066e-13	-0.000106679
9.27969e-13	-0.000106034
9.28871e-13	-0.000105386
9.29774e-13	-0.000104736
9.30677e-13	-0.000104082
9.31579e-13	-0.000103426
9.32482e-13	-0.000102767
9.33385e-13	-0.000102106
9.34287e-13	-0.000101441
9.3519e-13	-0.000100774
9.36093e-13	-0.000100104
9.36996e-13	-9.94315e-05
9.37898e-13	-9.8756e-05
9.38801e-13	-9.80777e-05
9.39704e-13	-9.73966e-05
9.40606e-13	-9.67126e-05
9.41509e-13	-9.60258e-05
9.42412e-13	-9.53362e-05
9.43314e-13	-9.46438e-05
9.44217e-13	-9.39485e-05
9.4512e-13	-9.32504e-05
9.46022e-13	-9.25494e-05
9.46925e-13	-9.18455e-05
9.47828e-13	-9.11388e-05
9.48731e-13	-9.04292e-05
9.49633e-13	-8.97167e-05
9.50536e-13	-8.90013e-05
9.51439e-13	-8.82831e-05
9.52341e-13	-8.75619e-05
9.53244e-13	-8.68378e-05
9.54147e-13	-8.61108e-05
9.55049e-13	-8.53809e-05
9.55952e-13	-8.4648e-05
9.56855e-13	-8.39123e-05
9.57757e-13	-8.31735e-05
9.5866e-13	-8.24318e-05
9.59563e-13	-8.16872e-05
9.60466e-13	-8.09396e-05
9.61368e-13	-8.0189e-05
9.62271e-13	-7.94354e-05
9.63174e-13	-7.86789e-05
9.64076e-13	-7.79194e-05
9.64979e-13	-7.71568e-05
9.65882e-13	-7.63913e-05
9.66784e-13	-7.56228e-05
9.67687e-13	-7.48512e-05
9.6859e-13	-7.40766e-05
9.69492e-13	-7.3299e-05
9.70395e-13	-7.25183e-05
9.71298e-13	-7.17346e-05
9.72201e-13	-7.09478e-05
9.73103e-13	-7.0158e-05
9.74006e-13	-6.93651e-05
9.74909e-13	-6.85691e-05
9.75811e-13	-6.77701e-05
9.76714e-13	-6.6968e-05
9.77617e-13	-6.61627e-05
9.78519e-13	-6.53544e-05
9.79422e-13	-6.45429e-05
9.80325e-13	-6.37284e-05
9.81228e-13	-6.29107e-05
9.8213e-13	-6.20899e-05
9.83033e-13	-6.12659e-05
9.83936e-13	-6.04388e-05
9.84838e-13	-5.96086e-05
9.85741e-13	-5.87752e-05
9.86644e-13	-5.79386e-05
9.87546e-13	-5.70988e-05
9.88449e-13	-5.62559e-05
9.89352e-13	-5.54098e-05
9.90254e-13	-5.45605e-05
9.91157e-13	-5.3708e-05
9.9206e-13	-5.28523e-05
9.92963e-13	-5.19933e-05
9.93865e-13	-5.11312e-05
9.94768e-13	-5.02658e-05
9.95671e-13	-4.93972e-05
9.96573e-13	-4.85253e-05
9.97476e-13	-4.76502e-05
9.98379e-13	-4.67718e-05
9.99281e-13	-4.58902e-05
1.00018e-12	-4.50052e-05
1.00109e-12	-4.4117e-05
1.00199e-12	-4.32255e-05
1.00289e-12	-4.23308e-05
1.00379e-12	-4.14327e-05
1.0047e-12	-4.05313e-05
1.0056e-12	-3.96266e-05
1.0065e-12	-3.87185e-05
1.00741e-12	-3.78072e-05
1.00831e-12	-3.68925e-05
1.00921e-12	-3.59744e-05
1.01011e-12	-3.5053e-05
1.01102e-12	-3.41282e-05
1.01192e-12	-3.32001e-05
1.01282e-12	-3.22686e-05
1.01372e-12	-3.13337e-05
1.01463e-12	-3.03954e-05
1.01553e-12	-2.94537e-05
1.01643e-12	-2.85086e-05
1.01734e-12	-2.75601e-05
1.01824e-12	-2.66082e-05
1.01914e-12	-2.56529e-05
1.02004e-12	-2.46941e-05
1.02095e-12	-2.37319e-05
1.02185e-12	-2.27662e-05
1.02275e-12	-2.17971e-05
1.02365e-12	-2.08245e-05
1.02456e-12	-1.98484e-05
1.02546e-12	-1.88688e-05
1.02636e-12	-1.78858e-05
1.02726e-12	-1.68993e-05
1.02817e-12	-1.59092e-05
1.02907e-12	-1.49157e-05
1.02997e-12	-1.39186e-05
1.03088e-12	-1.2918e-05
1.03178e-12	-1.19139e-05
1.03268e-12	-1.09062e-05
1.03358e-12	-9.89504e-06
1.03449e-12	-8.88027e-06
1.03539e-12	-7.86194e-06
1.03629e-12	-6.84004e-06
1.03719e-12	-5.81457e-06
1.0381e-12	-4.7855e-06
1.039e-12	-3.75284e-06
1.0399e-12	-2.71658e-06
1.04081e-12	-1.67671e-06
1.04171e-12	-6.33228e-07
1.04261e-12	4.13882e-07
1.04351e-12	1.46463e-06
1.04442e-12	2.51901e-06
1.04532e-12	3.57704e-06
1.04622e-12	4.63872e-06
1.04712e-12	5.70407e-06
1.04803e-12	6.77309e-06
1.04893e-12	7.84579e-06
1.04983e-12	8.92218e-06
1.05073e-12	1.00023e-05
1.05164e-12	1.1086e-05
1.05254e-12	1.21735e-05
1.05344e-12	1.32647e-05
1.05435e-12	1.43597e-05
1.05525e-12	1.54583e-05
1.05615e-12	1.65608e-05
1.05705e-12	1.76669e-05
1.05796e-12	1.87768e-05
1.05886e-12	1.98905e-05
1.05976e-12	2.1008e-05
1.06066e-12	2.21292e-05
1.06157e-12	2.32542e-05
1.06247e-12	2.4383e-05
1.06337e-12	2.55157e-05
1.06428e-12	2.66521e-05
1.06518e-12	2.77924e-05
1.06608e-12	2.89364e-05
1.06698e-12	3.00844e-05
1.06789e-12	3.12361e-05
1.06879e-12	3.23917e-05
1.06969e-12	3.35512e-05
1.07059e-12	3.47146e-05
1.0715e-12	3.58818e-05
1.0724e-12	3.70529e-05
1.0733e-12	3.82279e-05
1.0742e-12	3.94068e-05
1.07511e-12	4.05896e-05
1.07601e-12	4.17763e-05
1.07691e-12	4.2967e-05
1.07782e-12	4.41615e-05
1.07872e-12	4.53601e-05
1.07962e-12	4.65625e-05
1.08052e-12	4.7769e-05
1.08143e-12	4.89794e-05
1.08233e-12	5.01937e-05
1.08323e-12	5.14121e-05
1.08413e-12	5.26344e-05
1.08504e-12	5.38607e-05
1.08594e-12	5.50911e-05
1.08684e-12	5.63254e-05
1.08775e-12	5.75638e-05
1.08865e-12	5.88062e-05
1.08955e-12	6.00527e-05
1.09045e-12	6.13031e-05
1.09136e-12	6.25577e-05
1.09226e-12	6.38163e-05
1.09316e-12	6.5079e-05
1.09406e-12	6.63457e-05
1.09497e-12	6.76166e-05
1.09587e-12	6.88915e-05
1.09677e-12	7.01706e-05
1.09767e-12	7.14537e-05
1.09858e-12	7.2741e-05
1.09948e-12	7.40324e-05
1.10038e-12	7.5328e-05
1.10129e-12	7.66277e-05
1.10219e-12	7.79315e-05
1.10309e-12	7.92395e-05
1.10399e-12	8.05517e-05
1.1049e-12	8.18681e-05
1.1058e-12	8.31886e-05
1.1067e-12	8.45134e-05
1.1076e-12	8.58423e-05
1.10851e-12	8.71755e-05
1.10941e-12	8.85129e-05
1.11031e-12	8.98545e-05
1.11122e-12	9.12004e-05
1.11212e-12	9.25505e-05
1.11302e-12	9.39048e-05
1.11392e-12	9.52635e-05
1.11483e-12	9.66264e-05
1.11573e-12	9.79935e-05
1.11663e-12	9.9365e-05
1.11753e-12	0.000100741
1.11844e-12	0.000102121
1.11934e-12	0.000103505
1.12024e-12	0.000104894
1.12114e-12	0.000106287
1.12205e-12	0.000107684
1.12295e-12	0.000109086
1.12385e-12	0.000110492
1.12476e-12	0.000111903
1.12566e-12	0.000113317
1.12656e-12	0.000114737
1.12746e-12	0.00011616
1.12837e-12	0.000117588
1.12927e-12	0.000119021
1.13017e-12	0.000120458
1.13107e-12	0.000121899
1.13198e-12	0.000123345
1.13288e-12	0.000124795
1.13378e-12	0.000126249
1.13469e-12	0.000127708
1.13559e-12	0.000129172
1.13649e-12	0.00013064
1.13739e-12	0.000132112
1.1383e-12	0.000133589
1.1392e-12	0.000135071
1.1401e-12	0.000136557
1.141e-12	0.000138047
1.14191e-12	0.000139542
1.14281e-12	0.000141042
1.14371e-12	0.000142546
1.14461e-12	0.000144055
1.14552e-12	0.000145568
1.14642e-12	0.000147086
1.14732e-12	0.000148608
1.14823e-12	0.000150135
1.14913e-12	0.000151667
1.15003e-12	0.000153203
1.15093e-12	0.000154744
1.15184e-12	0.00015629
1.15274e-12	0.00015784
1.15364e-12	0.000159395
1.15454e-12	0.000160954
1.15545e-12	0.000162518
1.15635e-12	0.000164087
1.15725e-12	0.00016566
1.15816e-12	0.000167238
1.15906e-12	0.000168821
1.15996e-12	0.000170409
1.16086e-12	0.000172001
1.16177e-12	0.000173598
1.16267e-12	0.0001752
1.16357e-12	0.000176806
1.16447e-12	0.000178418
1.16538e-12	0.000180034
1.16628e-12	0.000181654
1.16718e-12	0.00018328
1.16808e-12	0.00018491
1.16899e-12	0.000186545
1.16989e-12	0.000188185
1.17079e-12	0.00018983
1.1717e-12	0.00019148
1.1726e-12	0.000193134
1.1735e-12	0.000194793
1.1744e-12	0.000196457
1.17531e-12	0.000198126
1.17621e-12	0.0001998
1.17711e-12	0.000201479
1.17801e-12	0.000203163
1.17892e-12	0.000204851
1.17982e-12	0.000206545
1.18072e-12	0.000208243
1.18163e-12	0.000209946
1.18253e-12	0.000211654
1.18343e-12	0.000213368
1.18433e-12	0.000215086
1.18524e-12	0.000216809
1.18614e-12	0.000218537
1.18704e-12	0.00022027
1.18794e-12	0.000222008
1.18885e-12	0.000223751
1.18975e-12	0.000225499
1.19065e-12	0.000227252
1.19156e-12	0.00022901
1.19246e-12	0.000230773
1.19336e-12	0.000232541
1.19426e-12	0.000234315
1.19517e-12	0.000236093
1.19607e-12	0.000237876
1.19697e-12	0.000239665
1.19787e-12	0.000241458
1.19878e-12	0.000243257
1.19968e-12	0.000245061
1.20058e-12	0.000246869
1.20148e-12	0.000248683
1.20239e-12	0.000250503
1.20329e-12	0.000252327
1.20419e-12	0.000254156
1.2051e-12	0.000255991
1.206e-12	0.000257831
1.2069e-12	0.000259676
1.2078e-12	0.000261526
1.20871e-12	0.000263381
1.20961e-12	0.000265242
1.21051e-12	0.000267108
1.21141e-12	0.000268979
1.21232e-12	0.000270855
1.21322e-12	0.000272737
1.21412e-12	0.000274624
1.21503e-12	0.000276516
1.21593e-12	0.000278413
1.21683e-12	0.000280316
1.21773e-12	0.000282224
1.21864e-12	0.000284137
1.21954e-12	0.000286056
1.22044e-12	0.00028798
1.22134e-12	0.000289909
1.22225e-12	0.000291844
1.22315e-12	0.000293784
1.22405e-12	0.000295729
1.22495e-12	0.00029768
1.22586e-12	0.000299636
1.22676e-12	0.000301597
1.22766e-12	0.000303564
1.22857e-12	0.000305537
1.22947e-12	0.000307515
1.23037e-12	0.000309498
1.23127e-12	0.000311486
1.23218e-12	0.000313481
1.23308e-12	0.00031548
1.23398e-12	0.000317485
1.23488e-12	0.000319496
1.23579e-12	0.000321512
1.23669e-12	0.000323533
1.23759e-12	0.00032556
1.2385e-12	0.000327593
1.2394e-12	0.000329631
1.2403e-12	0.000331675
1.2412e-12	0.000333724
1.24211e-12	0.000335779
1.24301e-12	0.000337839
1.24391e-12	0.000339905
1.24481e-12	0.000341977
1.24572e-12	0.000344054
1.24662e-12	0.000346137
1.24752e-12	0.000348225
1.24842e-12	0.000350319
1.24933e-12	0.000352419
1.25023e-12	0.000354524
1.25113e-12	0.000356635
1.25204e-12	0.000358751
1.25294e-12	0.000360874
1.25384e-12	0.000363002
1.25474e-12	0.000365136
1.25565e-12	0.000367275
1.25655e-12	0.00036942
1.25745e-12	0.000371571
1.25835e-12	0.000373728
1.25926e-12	0.00037589
1.26016e-12	0.000378058
1.26106e-12	0.000380232
1.26197e-12	0.000382412
1.26287e-12	0.000384597
1.26377e-12	0.000386788
1.26467e-12	0.000388985
1.26558e-12	0.000391188
1.26648e-12	0.000393397
1.26738e-12	0.000395612
1.26828e-12	0.000397832
1.26919e-12	0.000400058
1.27009e-12	0.00040229
1.27099e-12	0.000404528
1.27189e-12	0.000406772
1.2728e-12	0.000409022
1.2737e-12	0.000411278
1.2746e-12	0.00041354
1.27551e-12	0.000415807
1.27641e-12	0.000418081
1.27731e-12	0.00042036
1.27821e-12	0.000422646
1.27912e-12	0.000424937
1.28002e-12	0.000427234
1.28092e-12	0.000429538
1.28182e-12	0.000431847
1.28273e-12	0.000434163
1.28363e-12	0.000436484
1.28453e-12	0.000438811
1.28544e-12	0.000441145
1.28634e-12	0.000443485
1.28724e-12	0.00044583
1.28814e-12	0.000448182
1.28905e-12	0.00045054
1.28995e-12	0.000452903
1.29085e-12	0.000455273
1.29175e-12	0.00045765
1.29266e-12	0.000460032
1.29356e-12	0.00046242
1.29446e-12	0.000464815
1.29536e-12	0.000467215
1.29627e-12	0.000469622
1.29717e-12	0.000472035
1.29807e-12	0.000474454
1.29898e-12	0.00047688
1.29988e-12	0.000479311
1.30078e-12	0.000481749
1.30168e-12	0.000484193
1.30259e-12	0.000486643
1.30349e-12	0.0004891
1.30439e-12	0.000491563
1.30529e-12	0.000494032
1.3062e-12	0.000496507
1.3071e-12	0.000498989
1.308e-12	0.000501476
1.30891e-12	0.000503971
1.30981e-12	0.000506471
1.31071e-12	0.000508978
1.31161e-12	0.000511491
1.31252e-12	0.000514011
1.31342e-12	0.000516537
1.31432e-12	0.000519069
1.31522e-12	0.000521608
1.31613e-12	0.000524153
1.31703e-12	0.000526704
1.31793e-12	0.000529262
1.31883e-12	0.000531827
1.31974e-12	0.000534397
1.32064e-12	0.000536975
1.32154e-12	0.000539558
1.32245e-12	0.000542148
1.32335e-12	0.000544745
1.32425e-12	0.000547348
1.32515e-12	0.000549958
1.32606e-12	0.000552574
1.32696e-12	0.000555196
1.32786e-12	0.000557826
1.32876e-12	0.000560461
1.32967e-12	0.000563104
1.33057e-12	0.000565752
1.33147e-12	0.000568408
1.33238e-12	0.00057107
1.33328e-12	0.000573738
1.33418e-12	0.000576414
1.33508e-12	0.000579095
1.33599e-12	0.000581784
1.33689e-12	0.000584479
1.33779e-12	0.00058718
1.33869e-12	0.000589889
1.3396e-12	0.000592604
1.3405e-12	0.000595326
1.3414e-12	0.000598054
1.3423e-12	0.000600789
1.34321e-12	0.000603531
1.34411e-12	0.000606279
1.34501e-12	0.000609035
1.34592e-12	0.000611797
1.34682e-12	0.000614565
1.34772e-12	0.000617341
1.34862e-12	0.000620123
1.34953e-12	0.000622912
1.35043e-12	0.000625708
1.35133e-12	0.000628511
1.35223e-12	0.00063132
1.35314e-12	0.000634137
1.35404e-12	0.00063696
1.35494e-12	0.00063979
1.35585e-12	0.000642627
1.35675e-12	0.000645471
1.35765e-12	0.000648321
1.35855e-12	0.000651179
1.35946e-12	0.000654043
1.36036e-12	0.000656915
1.36126e-12	0.000659793
1.36216e-12	0.000662678
1.36307e-12	0.00066557
1.36397e-12	0.000668469
1.36487e-12	0.000671376
1.36577e-12	0.000674289
1.36668e-12	0.000677209
1.36758e-12	0.000680136
1.36848e-12	0.00068307
1.36939e-12	0.000686011
1.37029e-12	0.000688959
1.37119e-12	0.000691914
1.37209e-12	0.000694877
1.373e-12	0.000697846
1.3739e-12	0.000700822
1.3748e-12	0.000703806
1.3757e-12	0.000706796
1.37661e-12	0.000709794
1.37751e-12	0.000712799
1.37841e-12	0.000715811
1.37932e-12	0.00071883
1.38022e-12	0.000721856
1.38112e-12	0.000724889
1.38202e-12	0.00072793
1.38293e-12	0.000730978
1.38383e-12	0.000734033
1.38473e-12	0.000737095
1.38563e-12	0.000740164
1.38654e-12	0.000743241
1.38744e-12	0.000746325
1.38834e-12	0.000749416
1.38924e-12	0.000752514
1.39015e-12	0.00075562
1.39105e-12	0.000758733
1.39195e-12	0.000761853
1.39286e-12	0.000764981
1.39376e-12	0.000768116
1.39466e-12	0.000771258
1.39556e-12	0.000774407
1.39647e-12	0.000777564
1.39737e-12	0.000780729
1.39827e-12	0.0007839
1.39917e-12	0.000787079
1.40008e-12	0.000790266
1.40098e-12	0.000793459
1.40188e-12	0.000796661
1.40279e-12	0.000799869
1.40369e-12	0.000803085
1.40459e-12	0.000806309
1.40549e-12	0.00080954
1.4064e-12	0.000812779
1.4073e-12	0.000816025
1.4082e-12	0.000819278
1.4091e-12	0.000822539
1.41001e-12	0.000825808
1.41091e-12	0.000829084
1.41181e-12	0.000832367
1.41271e-12	0.000835658
1.41362e-12	0.000838957
1.41452e-12	0.000842263
1.41542e-12	0.000845577
1.41633e-12	0.000848899
1.41723e-12	0.000852228
1.41813e-12	0.000855564
1.41903e-12	0.000858909
1.41994e-12	0.000862261
1.42084e-12	0.00086562
1.42174e-12	0.000868987
1.42264e-12	0.000872362
1.42355e-12	0.000875745
1.42445e-12	0.000879135
1.42535e-12	0.000882533
1.42626e-12	0.000885939
1.42716e-12	0.000889353
1.42806e-12	0.000892774
1.42896e-12	0.000896203
1.42987e-12	0.00089964
1.43077e-12	0.000903084
1.43167e-12	0.000906536
1.43257e-12	0.000909996
1.43348e-12	0.000913464
1.43438e-12	0.00091694
1.43528e-12	0.000920424
1.43618e-12	0.000923915
1.43709e-12	0.000927414
1.43799e-12	0.000930921
1.43889e-12	0.000934436
1.4398e-12	0.000937959
1.4407e-12	0.00094149
1.4416e-12	0.000945029
1.4425e-12	0.000948575
1.44341e-12	0.00095213
1.44431e-12	0.000955693
1.44521e-12	0.000959263
1.44611e-12	0.000962841
1.44702e-12	0.000966428
1.44792e-12	0.000970022
1.44882e-12	0.000973625
1.44973e-12	0.000977235
1.45063e-12	0.000980854
1.45153e-12	0.00098448
1.45243e-12	0.000988115
1.45334e-12	0.000991757
1.45424e-12	0.000995408
1.45514e-12	0.000999067
1.45604e-12	0.00100273
1.45695e-12	0.00100641
1.45785e-12	0.00101009
1.45875e-12	0.00101378
1.45965e-12	0.00101748
1.46056e-12	0.00102119
1.46146e-12	0.0010249
1.46236e-12	0.00102863
1.46327e-12	0.00103236
1.46417e-12	0.0010361
1.46507e-12	0.00103985
1.46597e-12	0.00104361
1.46688e-12	0.00104737
1.46778e-12	0.00105114
1.46868e-12	0.00105492
1.46958e-12	0.00105871
1.47049e-12	0.00106251
1.47139e-12	0.00106632
1.47229e-12	0.00107013
1.4732e-12	0.00107396
1.4741e-12	0.00107779
1.475e-12	0.00108163
1.4759e-12	0.00108547
1.47681e-12	0.00108933
1.47771e-12	0.00109319
1.47861e-12	0.00109707
1.47951e-12	0.00110095
1.48042e-12	0.00110484
1.48132e-12	0.00110874
1.48222e-12	0.00111264
1.48312e-12	0.00111656
1.48403e-12	0.00112048
1.48493e-12	0.00112441
1.48583e-12	0.00112835
1.48674e-12	0.0011323
1.48764e-12	0.00113626
1.48854e-12	0.00114022
1.48944e-12	0.0011442
1.49035e-12	0.00114818
1.49125e-12	0.00115217
1.49215e-12	0.00115617
1.49305e-12	0.00116018
1.49396e-12	0.0011642
1.49486e-12	0.00116822
1.49576e-12	0.00117226
1.49667e-12	0.0011763
1.49757e-12	0.00118035
1.49847e-12	0.00118441
1.49937e-12	0.00118848
1.50028e-12	0.00119256
1.50118e-12	0.00119664
1.50208e-12	0.00120074
1.50298e-12	0.00120484
1.50389e-12	0.00120895
1.50479e-12	0.00121307
1.50569e-12	0.0012172
1.50659e-12	0.00122134
1.5075e-12	0.00122549
1.5084e-12	0.00122965
1.5093e-12	0.00123381
1.51021e-12	0.00123798
1.51111e-12	0.00124216
1.51201e-12	0.00124636
1.51291e-12	0.00125056
1.51382e-12	0.00125476
1.51472e-12	0.00125898
1.51562e-12	0.00126321
1.51652e-12	0.00126744
1.51743e-12	0.00127169
1.51833e-12	0.00127594
1.51923e-12	0.0012802
1.52014e-12	0.00128447
1.52104e-12	0.00128875
1.52194e-12	0.00129304
1.52284e-12	0.00129734
1.52375e-12	0.00130164
1.52465e-12	0.00130596
1.52555e-12	0.00131028
1.52645e-12	0.00131462
1.52736e-12	0.00131896
1.52826e-12	0.00132331
1.52916e-12	0.00132767
1.53006e-12	0.00133204
1.53097e-12	0.00133642
1.53187e-12	0.00134081
1.53277e-12	0.0013452
1.53368e-12	0.00134961
1.53458e-12	0.00135402
1.53548e-12	0.00135845
1.53638e-12	0.00136288
1.53729e-12	0.00136732
1.53819e-12	0.00137177
1.53909e-12	0.00137623
1.53999e-12	0.0013807
1.5409e-12	0.00138518
1.5418e-12	0.00138967
1.5427e-12	0.00139416
1.54361e-12	0.00139867
1.54451e-12	0.00140319
1.54541e-12	0.00140771
1.54631e-12	0.00141225
1.54722e-12	0.00141679
1.54812e-12	0.00142134
1.54902e-12	0.0014259
1.54992e-12	0.00143047
1.55083e-12	0.00143505
1.55173e-12	0.00143964
1.55263e-12	0.00144424
1.55353e-12	0.00144885
1.55444e-12	0.00145347
1.55534e-12	0.0014581
1.55624e-12	0.00146273
1.55715e-12	0.00146738
1.55805e-12	0.00147203
1.55895e-12	0.0014767
1.55985e-12	0.00148137
1.56076e-12	0.00148605
1.56166e-12	0.00149075
1.56256e-12	0.00149545
1.56346e-12	0.00150016
1.56437e-12	0.00150488
1.56527e-12	0.00150961
1.56617e-12	0.00151435
1.56708e-12	0.0015191
1.56798e-12	0.00152386
1.56888e-12	0.00152863
1.56978e-12	0.00153341
1.57069e-12	0.0015382
1.57159e-12	0.00154299
1.57249e-12	0.0015478
1.57339e-12	0.00155262
1.5743e-12	0.00155744
1.5752e-12	0.00156228
1.5761e-12	0.00156712
1.57701e-12	0.00157198
1.57791e-12	0.00157684
1.57881e-12	0.00158172
1.57971e-12	0.0015866
1.58062e-12	0.0015915
1.58152e-12	0.0015964
1.58242e-12	0.00160131
1.58332e-12	0.00160624
1.58423e-12	0.00161117
1.58513e-12	0.00161611
1.58603e-12	0.00162106
1.58693e-12	0.00162602
1.58784e-12	0.001631
1.58874e-12	0.00163598
1.58964e-12	0.00164097
1.59055e-12	0.00164597
1.59145e-12	0.00165098
1.59235e-12	0.001656
1.59325e-12	0.00166103
1.59416e-12	0.00166607
1.59506e-12	0.00167112
1.59596e-12	0.00167618
1.59686e-12	0.00168125
1.59777e-12	0.00168633
1.59867e-12	0.00169142
1.59957e-12	0.00169652
1.60048e-12	0.00170163
1.60138e-12	0.00170675
1.60228e-12	0.00171188
1.60318e-12	0.00171702
1.60409e-12	0.00172217
1.60499e-12	0.00172733
1.60589e-12	0.0017325
1.60679e-12	0.00173768
1.6077e-12	0.00174287
1.6086e-12	0.00174807
1.6095e-12	0.00175328
1.6104e-12	0.00175849
1.61131e-12	0.00176372
1.61221e-12	0.00176896
1.61311e-12	0.00177421
1.61402e-12	0.00177947
1.61492e-12	0.00178474
1.61582e-12	0.00179002
1.61672e-12	0.00179532
1.61763e-12	0.00180062
1.61853e-12	0.00180593
1.61943e-12	0.00181125
1.62033e-12	0.00181658
1.62124e-12	0.00182192
1.62214e-12	0.00182727
1.62304e-12	0.00183263
1.62395e-12	0.001838
1.62485e-12	0.00184339
1.62575e-12	0.00184878
1.62665e-12	0.00185418
1.62756e-12	0.0018596
1.62846e-12	0.00186502
1.62936e-12	0.00187045
1.63026e-12	0.0018759
1.63117e-12	0.00188135
1.63207e-12	0.00188681
1.63297e-12	0.00189229
1.63387e-12	0.00189778
1.63478e-12	0.00190327
1.63568e-12	0.00190878
1.63658e-12	0.00191429
1.63749e-12	0.00191982
1.63839e-12	0.00192536
1.63929e-12	0.00193091
1.64019e-12	0.00193646
1.6411e-12	0.00194203
1.642e-12	0.00194761
1.6429e-12	0.0019532
1.6438e-12	0.0019588
1.64471e-12	0.00196441
1.64561e-12	0.00197003
1.64651e-12	0.00197566
1.64742e-12	0.00198131
1.64832e-12	0.00198696
1.64922e-12	0.00199262
1.65012e-12	0.00199829
1.65103e-12	0.00200398
1.65193e-12	0.00200967
1.65283e-12	0.00201538
1.65373e-12	0.0020211
1.65464e-12	0.00202682
1.65554e-12	0.00203256
1.65644e-12	0.00203831
1.65734e-12	0.00204407
1.65825e-12	0.00204984
1.65915e-12	0.00205562
1.66005e-12	0.00206141
1.66096e-12	0.00206721
1.66186e-12	0.00207302
1.66276e-12	0.00207884
1.66366e-12	0.00208468
1.66457e-12	0.00209052
1.66547e-12	0.00209637
1.66637e-12	0.00210224
1.66727e-12	0.00210812
1.66818e-12	0.002114
1.66908e-12	0.0021199
1.66998e-12	0.00212581
1.67089e-12	0.00213173
1.67179e-12	0.00213766
1.67269e-12	0.0021436
1.67359e-12	0.00214956
1.6745e-12	0.00215552
1.6754e-12	0.00216149
1.6763e-12	0.00216748
1.6772e-12	0.00217347
1.67811e-12	0.00217948
1.67901e-12	0.0021855
1.67991e-12	0.00219153
1.68081e-12	0.00219757
1.68172e-12	0.00220362
1.68262e-12	0.00220968
1.68352e-12	0.00221575
1.68443e-12	0.00222184
1.68533e-12	0.00222793
1.68623e-12	0.00223403
1.68713e-12	0.00224015
1.68804e-12	0.00224628
1.68894e-12	0.00225242
1.68984e-12	0.00225857
1.69074e-12	0.00226473
1.69165e-12	0.0022709
1.69255e-12	0.00227708
1.69345e-12	0.00228328
1.69436e-12	0.00228948
1.69526e-12	0.0022957
1.69616e-12	0.00230193
1.69706e-12	0.00230816
1.69797e-12	0.00231441
1.69887e-12	0.00232067
1.69977e-12	0.00232695
1.70067e-12	0.00233323
1.70158e-12	0.00233952
1.70248e-12	0.00234583
1.70338e-12	0.00235215
1.70428e-12	0.00235847
1.70519e-12	0.00236481
1.70609e-12	0.00237116
1.70699e-12	0.00237753
1.7079e-12	0.0023839
1.7088e-12	0.00239028
1.7097e-12	0.00239668
1.7106e-12	0.00240309
1.71151e-12	0.00240951
1.71241e-12	0.00241593
1.71331e-12	0.00242238
1.71421e-12	0.00242883
1.71512e-12	0.00243529
1.71602e-12	0.00244177
1.71692e-12	0.00244825
1.71783e-12	0.00245475
1.71873e-12	0.00246126
1.71963e-12	0.00246778
1.72053e-12	0.00247431
1.72144e-12	0.00248086
1.72234e-12	0.00248741
1.72324e-12	0.00249398
1.72414e-12	0.00250056
1.72505e-12	0.00250715
1.72595e-12	0.00251375
1.72685e-12	0.00252036
1.72775e-12	0.00252698
1.72866e-12	0.00253362
1.72956e-12	0.00254027
1.73046e-12	0.00254692
1.73137e-12	0.00255359
1.73227e-12	0.00256028
1.73317e-12	0.00256697
1.73407e-12	0.00257367
1.73498e-12	0.00258039
1.73588e-12	0.00258712
1.73678e-12	0.00259386
1.73768e-12	0.00260061
1.73859e-12	0.00260737
1.73949e-12	0.00261415
1.74039e-12	0.00262093
1.7413e-12	0.00262773
1.7422e-12	0.00263454
1.7431e-12	0.00264136
1.744e-12	0.0026482
1.74491e-12	0.00265504
1.74581e-12	0.0026619
1.74671e-12	0.00266876
1.74761e-12	0.00267564
1.74852e-12	0.00268254
1.74942e-12	0.00268944
1.75032e-12	0.00269636
1.75122e-12	0.00270328
1.75213e-12	0.00271022
1.75303e-12	0.00271717
1.75393e-12	0.00272413
1.75484e-12	0.00273111
1.75574e-12	0.00273809
1.75664e-12	0.00274509
1.75754e-12	0.0027521
1.75845e-12	0.00275912
1.75935e-12	0.00276616
1.76025e-12	0.0027732
1.76115e-12	0.00278026
1.76206e-12	0.00278733
1.76296e-12	0.00279441
1.76386e-12	0.0028015
1.76477e-12	0.00280861
1.76567e-12	0.00281573
1.76657e-12	0.00282286
1.76747e-12	0.00283
1.76838e-12	0.00283715
1.76928e-12	0.00284431
1.77018e-12	0.00285149
1.77108e-12	0.00285868
1.77199e-12	0.00286588
1.77289e-12	0.00287309
1.77379e-12	0.00288032
1.77469e-12	0.00288756
1.7756e-12	0.00289481
1.7765e-12	0.00290207
1.7774e-12	0.00290934
1.77831e-12	0.00291663
1.77921e-12	0.00292392
1.78011e-12	0.00293123
1.78101e-12	0.00293856
1.78192e-12	0.00294589
1.78282e-12	0.00295324
1.78372e-12	0.00296059
1.78462e-12	0.00296796
1.78553e-12	0.00297535
1.78643e-12	0.00298274
1.78733e-12	0.00299015
1.78824e-12	0.00299757
1.78914e-12	0.003005
1.79004e-12	0.00301244
1.79094e-12	0.0030199
1.79185e-12	0.00302737
1.79275e-12	0.00303485
1.79365e-12	0.00304234
1.79455e-12	0.00304984
1.79546e-12	0.00305736
1.79636e-12	0.00306489
1.79726e-12	0.00307243
1.79816e-12	0.00307999
1.79907e-12	0.00308755
1.79997e-12	0.00309513
1.80087e-12	0.00310272
1.80178e-12	0.00311033
1.80268e-12	0.00311794
1.80358e-12	0.00312557
1.80448e-12	0.00313321
1.80539e-12	0.00314086
1.80629e-12	0.00314853
1.80719e-12	0.00315621
1.80809e-12	0.0031639
1.809e-12	0.0031716
1.8099e-12	0.00317932
1.8108e-12	0.00318704
1.81171e-12	0.00319478
1.81261e-12	0.00320254
1.81351e-12	0.0032103
1.81441e-12	0.00321808
1.81532e-12	0.00322587
1.81622e-12	0.00323367
1.81712e-12	0.00324149
1.81802e-12	0.00324931
1.81893e-12	0.00325715
1.81983e-12	0.00326501
1.82073e-12	0.00327287
1.82163e-12	0.00328075
1.82254e-12	0.00328864
1.82344e-12	0.00329654
1.82434e-12	0.00330446
1.82525e-12	0.00331238
1.82615e-12	0.00332032
1.82705e-12	0.00332828
1.82795e-12	0.00333624
1.82886e-12	0.00334422
1.82976e-12	0.00335221
1.83066e-12	0.00336022
1.83156e-12	0.00336823
1.83247e-12	0.00337626
1.83337e-12	0.0033843
1.83427e-12	0.00339236
1.83518e-12	0.00340043
1.83608e-12	0.00340851
1.83698e-12	0.0034166
1.83788e-12	0.0034247
1.83879e-12	0.00343282
1.83969e-12	0.00344095
1.84059e-12	0.0034491
1.84149e-12	0.00345725
1.8424e-12	0.00346542
1.8433e-12	0.0034736
1.8442e-12	0.0034818
1.8451e-12	0.00349
1.84601e-12	0.00349823
1.84691e-12	0.00350646
1.84781e-12	0.0035147
1.84872e-12	0.00352296
1.84962e-12	0.00353123
1.85052e-12	0.00353952
1.85142e-12	0.00354782
1.85233e-12	0.00355613
1.85323e-12	0.00356445
1.85413e-12	0.00357279
1.85503e-12	0.00358113
1.85594e-12	0.0035895
1.85684e-12	0.00359787
1.85774e-12	0.00360626
1.85865e-12	0.00361466
1.85955e-12	0.00362307
1.86045e-12	0.0036315
1.86135e-12	0.00363994
1.86226e-12	0.00364839
1.86316e-12	0.00365685
1.86406e-12	0.00366533
1.86496e-12	0.00367382
1.86587e-12	0.00368233
1.86677e-12	0.00369084
1.86767e-12	0.00369938
1.86857e-12	0.00370792
1.86948e-12	0.00371647
1.87038e-12	0.00372504
1.87128e-12	0.00373363
1.87219e-12	0.00374222
1.87309e-12	0.00375083
1.87399e-12	0.00375945
1.87489e-12	0.00376809
1.8758e-12	0.00377673
1.8767e-12	0.00378539
1.8776e-12	0.00379407
1.8785e-12	0.00380276
1.87941e-12	0.00381146
1.88031e-12	0.00382017
1.88121e-12	0.00382889
1.88212e-12	0.00383763
1.88302e-12	0.00384639
1.88392e-12	0.00385515
1.88482e-12	0.00386393
1.88573e-12	0.00387272
1.88663e-12	0.00388153
1.88753e-12	0.00389035
1.88843e-12	0.00389918
1.88934e-12	0.00390802
1.89024e-12	0.00391688
1.89114e-12	0.00392575
1.89204e-12	0.00393464
1.89295e-12	0.00394354
1.89385e-12	0.00395245
1.89475e-12	0.00396137
1.89566e-12	0.00397031
1.89656e-12	0.00397926
1.89746e-12	0.00398822
1.89836e-12	0.0039972
1.89927e-12	0.00400619
1.90017e-12	0.0040152
1.90107e-12	0.00402421
1.90197e-12	0.00403324
1.90288e-12	0.00404229
1.90378e-12	0.00405134
1.90468e-12	0.00406042
1.90559e-12	0.0040695
1.90649e-12	0.0040786
1.90739e-12	0.00408771
1.90829e-12	0.00409683
1.9092e-12	0.00410597
1.9101e-12	0.00411512
1.911e-12	0.00412428
1.9119e-12	0.00413346
1.91281e-12	0.00414265
1.91371e-12	0.00415186
1.91461e-12	0.00416107
1.91551e-12	0.00417031
1.91642e-12	0.00417955
1.91732e-12	0.00418881
1.91822e-12	0.00419808
1.91913e-12	0.00420736
1.92003e-12	0.00421666
1.92093e-12	0.00422597
1.92183e-12	0.0042353
1.92274e-12	0.00424464
1.92364e-12	0.00425399
1.92454e-12	0.00426336
1.92544e-12	0.00427274
1.92635e-12	0.00428213
1.92725e-12	0.00429154
1.92815e-12	0.00430096
1.92906e-12	0.00431039
1.92996e-12	0.00431984
1.93086e-12	0.0043293
1.93176e-12	0.00433877
1.93267e-12	0.00434826
1.93357e-12	0.00435776
1.93447e-12	0.00436727
1.93537e-12	0.0043768
1.93628e-12	0.00438634
1.93718e-12	0.0043959
1.93808e-12	0.00440547
1.93898e-12	0.00441505
1.93989e-12	0.00442465
1.94079e-12	0.00443426
1.94169e-12	0.00444388
1.9426e-12	0.00445352
1.9435e-12	0.00446317
1.9444e-12	0.00447283
1.9453e-12	0.00448251
1.94621e-12	0.0044922
1.94711e-12	0.00450191
1.94801e-12	0.00451163
1.94891e-12	0.00452136
1.94982e-12	0.0045311
1.95072e-12	0.00454086
1.95162e-12	0.00455064
1.95253e-12	0.00456042
1.95343e-12	0.00457023
1.95433e-12	0.00458004
1.95523e-12	0.00458987
1.95614e-12	0.00459971
1.95704e-12	0.00460957
1.95794e-12	0.00461944
1.95884e-12	0.00462932
1.95975e-12	0.00463922
1.96065e-12	0.00464913
1.96155e-12	0.00465905
1.96246e-12	0.00466899
1.96336e-12	0.00467894
1.96426e-12	0.00468891
1.96516e-12	0.00469889
1.96607e-12	0.00470888
1.96697e-12	0.00471889
1.96787e-12	0.00472891
1.96877e-12	0.00473895
1.96968e-12	0.00474899
1.97058e-12	0.00475906
1.97148e-12	0.00476913
1.97238e-12	0.00477922
1.97329e-12	0.00478933
1.97419e-12	0.00479944
1.97509e-12	0.00480958
1.976e-12	0.00481972
1.9769e-12	0.00482988
1.9778e-12	0.00484005
1.9787e-12	0.00485024
1.97961e-12	0.00486044
1.98051e-12	0.00487066
1.98141e-12	0.00488088
1.98231e-12	0.00489113
1.98322e-12	0.00490138
1.98412e-12	0.00491165
1.98502e-12	0.00492194
1.98593e-12	0.00493223
1.98683e-12	0.00494255
1.98773e-12	0.00495287
1.98863e-12	0.00496321
1.98954e-12	0.00497356
1.99044e-12	0.00498393
1.99134e-12	0.00499431
1.99224e-12	0.00500471
1.99315e-12	0.00501512
1.99405e-12	0.00502554
1.99495e-12	0.00503598
1.99585e-12	0.00504643
1.99676e-12	0.00505689
1.99766e-12	0.00506737
1.99856e-12	0.00507787
1.99947e-12	0.00508837
2.00037e-12	0.00509889
2.00127e-12	0.00510943
2.00217e-12	0.00511998
2.00308e-12	0.00513054
2.00398e-12	0.00514112
2.00488e-12	0.00515171
2.00578e-12	0.00516231
2.00669e-12	0.00517293
2.00759e-12	0.00518356
2.00849e-12	0.00519421
2.0094e-12	0.00520487
2.0103e-12	0.00521555
2.0112e-12	0.00522623
2.0121e-12	0.00523694
2.01301e-12	0.00524765
2.01391e-12	0.00525838
2.01481e-12	0.00526913
2.01571e-12	0.00527989
2.01662e-12	0.00529066
2.01752e-12	0.00530145
2.01842e-12	0.00531225
2.01932e-12	0.00532306
2.02023e-12	0.00533389
2.02113e-12	0.00534474
2.02203e-12	0.00535559
2.02294e-12	0.00536647
2.02384e-12	0.00537735
2.02474e-12	0.00538825
2.02564e-12	0.00539916
2.02655e-12	0.00541009
2.02745e-12	0.00542103
2.02835e-12	0.00543199
2.02925e-12	0.00544296
2.03016e-12	0.00545394
2.03106e-12	0.00546494
2.03196e-12	0.00547595
2.03287e-12	0.00548698
2.03377e-12	0.00549802
2.03467e-12	0.00550907
2.03557e-12	0.00552014
2.03648e-12	0.00553122
2.03738e-12	0.00554232
2.03828e-12	0.00555343
2.03918e-12	0.00556456
2.04009e-12	0.0055757
2.04099e-12	0.00558685
2.04189e-12	0.00559802
2.04279e-12	0.0056092
2.0437e-12	0.00562039
2.0446e-12	0.0056316
2.0455e-12	0.00564283
2.04641e-12	0.00565407
2.04731e-12	0.00566532
2.04821e-12	0.00567658
2.04911e-12	0.00568786
2.05002e-12	0.00569916
2.05092e-12	0.00571047
2.05182e-12	0.00572179
2.05272e-12	0.00573313
2.05363e-12	0.00574448
2.05453e-12	0.00575584
2.05543e-12	0.00576722
2.05634e-12	0.00577862
2.05724e-12	0.00579003
2.05814e-12	0.00580145
2.05904e-12	0.00581288
2.05995e-12	0.00582433
2.06085e-12	0.0058358
2.06175e-12	0.00584728
2.06265e-12	0.00585877
2.06356e-12	0.00587028
2.06446e-12	0.0058818
2.06536e-12	0.00589334
2.06626e-12	0.00590489
2.06717e-12	0.00591645
2.06807e-12	0.00592803
2.06897e-12	0.00593962
2.06988e-12	0.00595123
2.07078e-12	0.00596285
2.07168e-12	0.00597448
2.07258e-12	0.00598613
2.07349e-12	0.00599779
2.07439e-12	0.00600947
2.07529e-12	0.00602116
2.07619e-12	0.00603287
2.0771e-12	0.00604459
2.078e-12	0.00605632
2.0789e-12	0.00606807
2.07981e-12	0.00607983
2.08071e-12	0.00609161
2.08161e-12	0.0061034
2.08251e-12	0.00611521
2.08342e-12	0.00612703
2.08432e-12	0.00613886
2.08522e-12	0.00615071
2.08612e-12	0.00616257
2.08703e-12	0.00617445
2.08793e-12	0.00618634
2.08883e-12	0.00619824
2.08973e-12	0.00621016
2.09064e-12	0.00622209
2.09154e-12	0.00623404
2.09244e-12	0.006246
2.09335e-12	0.00625798
2.09425e-12	0.00626997
2.09515e-12	0.00628197
2.09605e-12	0.00629399
2.09696e-12	0.00630602
2.09786e-12	0.00631807
2.09876e-12	0.00633013
2.09966e-12	0.00634221
2.10057e-12	0.0063543
2.10147e-12	0.0063664
2.10237e-12	0.00637852
2.10328e-12	0.00639065
2.10418e-12	0.0064028
2.10508e-12	0.00641496
2.10598e-12	0.00642713
2.10689e-12	0.00643932
2.10779e-12	0.00645152
2.10869e-12	0.00646374
2.10959e-12	0.00647597
2.1105e-12	0.00648822
2.1114e-12	0.00650048
2.1123e-12	0.00651275
2.1132e-12	0.00652504
2.11411e-12	0.00653734
2.11501e-12	0.00654966
2.11591e-12	0.00656199
2.11682e-12	0.00657434
2.11772e-12	0.0065867
2.11862e-12	0.00659907
2.11952e-12	0.00661146
2.12043e-12	0.00662386
2.12133e-12	0.00663627
2.12223e-12	0.00664871
2.12313e-12	0.00666115
2.12404e-12	0.00667361
2.12494e-12	0.00668608
2.12584e-12	0.00669857
2.12675e-12	0.00671107
2.12765e-12	0.00672359
2.12855e-12	0.00673612
2.12945e-12	0.00674866
2.13036e-12	0.00676122
2.13126e-12	0.00677379
2.13216e-12	0.00678638
2.13306e-12	0.00679898
2.13397e-12	0.00681159
2.13487e-12	0.00682422
2.13577e-12	0.00683686
2.13667e-12	0.00684952
2.13758e-12	0.00686219
2.13848e-12	0.00687488
2.13938e-12	0.00688758
2.14029e-12	0.00690029
2.14119e-12	0.00691302
2.14209e-12	0.00692576
2.14299e-12	0.00693852
2.1439e-12	0.00695129
2.1448e-12	0.00696408
2.1457e-12	0.00697687
2.1466e-12	0.00698969
2.14751e-12	0.00700251
2.14841e-12	0.00701536
2.14931e-12	0.00702821
2.15022e-12	0.00704108
2.15112e-12	0.00705396
2.15202e-12	0.00706686
2.15292e-12	0.00707977
2.15383e-12	0.0070927
2.15473e-12	0.00710564
2.15563e-12	0.0071186
2.15653e-12	0.00713156
2.15744e-12	0.00714455
2.15834e-12	0.00715754
2.15924e-12	0.00717055
2.16014e-12	0.00718358
2.16105e-12	0.00719662
2.16195e-12	0.00720967
2.16285e-12	0.00722274
2.16376e-12	0.00723582
2.16466e-12	0.00724892
2.16556e-12	0.00726203
2.16646e-12	0.00727515
2.16737e-12	0.00728829
2.16827e-12	0.00730144
2.16917e-12	0.0073146
2.17007e-12	0.00732778
2.17098e-12	0.00734098
2.17188e-12	0.00735418
2.17278e-12	0.00736741
2.17369e-12	0.00738064
2.17459e-12	0.00739389
2.17549e-12	0.00740716
2.17639e-12	0.00742044
2.1773e-12	0.00743373
2.1782e-12	0.00744703
2.1791e-12	0.00746035
2.18e-12	0.00747369
2.18091e-12	0.00748704
2.18181e-12	0.0075004
2.18271e-12	0.00751377
2.18361e-12	0.00752716
2.18452e-12	0.00754057
2.18542e-12	0.00755399
2.18632e-12	0.00756742
2.18723e-12	0.00758087
2.18813e-12	0.00759433
2.18903e-12	0.0076078
2.18993e-12	0.00762129
2.19084e-12	0.00763479
2.19174e-12	0.00764831
2.19264e-12	0.00766184
2.19354e-12	0.00767538
2.19445e-12	0.00768894
2.19535e-12	0.00770251
2.19625e-12	0.00771609
2.19716e-12	0.00772969
2.19806e-12	0.00774331
2.19896e-12	0.00775693
2.19986e-12	0.00777058
2.20077e-12	0.00778423
2.20167e-12	0.0077979
2.20257e-12	0.00781158
2.20347e-12	0.00782528
2.20438e-12	0.00783899
2.20528e-12	0.00785271
2.20618e-12	0.00786645
2.20708e-12	0.00788021
2.20799e-12	0.00789397
2.20889e-12	0.00790775
2.20979e-12	0.00792154
2.2107e-12	0.00793535
2.2116e-12	0.00794917
2.2125e-12	0.00796301
2.2134e-12	0.00797686
2.21431e-12	0.00799072
2.21521e-12	0.0080046
2.21611e-12	0.00801849
2.21701e-12	0.00803239
2.21792e-12	0.00804631
2.21882e-12	0.00806024
2.21972e-12	0.00807419
2.22063e-12	0.00808815
2.22153e-12	0.00810212
2.22243e-12	0.0081161
2.22333e-12	0.00813011
2.22424e-12	0.00814412
2.22514e-12	0.00815815
2.22604e-12	0.00817219
2.22694e-12	0.00818624
2.22785e-12	0.00820031
2.22875e-12	0.0082144
2.22965e-12	0.00822849
2.23055e-12	0.0082426
2.23146e-12	0.00825673
2.23236e-12	0.00827086
2.23326e-12	0.00828501
2.23417e-12	0.00829918
2.23507e-12	0.00831336
2.23597e-12	0.00832755
2.23687e-12	0.00834175
2.23778e-12	0.00835597
2.23868e-12	0.0083702
2.23958e-12	0.00838445
2.24048e-12	0.00839871
2.24139e-12	0.00841298
2.24229e-12	0.00842727
2.24319e-12	0.00844157
2.2441e-12	0.00845588
2.245e-12	0.00847021
2.2459e-12	0.00848455
2.2468e-12	0.00849891
2.24771e-12	0.00851328
2.24861e-12	0.00852766
2.24951e-12	0.00854205
2.25041e-12	0.00855646
2.25132e-12	0.00857088
2.25222e-12	0.00858532
2.25312e-12	0.00859977
2.25402e-12	0.00861423
2.25493e-12	0.0086287
2.25583e-12	0.00864319
2.25673e-12	0.0086577
2.25764e-12	0.00867221
2.25854e-12	0.00868674
2.25944e-12	0.00870128
2.26034e-12	0.00871584
2.26125e-12	0.00873041
2.26215e-12	0.00874499
2.26305e-12	0.00875959
2.26395e-12	0.0087742
2.26486e-12	0.00878882
2.26576e-12	0.00880346
2.26666e-12	0.00881811
2.26757e-12	0.00883277
2.26847e-12	0.00884744
2.26937e-12	0.00886213
2.27027e-12	0.00887684
2.27118e-12	0.00889155
2.27208e-12	0.00890628
2.27298e-12	0.00892102
2.27388e-12	0.00893578
2.27479e-12	0.00895055
2.27569e-12	0.00896533
2.27659e-12	0.00898012
2.27749e-12	0.00899493
2.2784e-12	0.00900975
2.2793e-12	0.00902459
2.2802e-12	0.00903943
2.28111e-12	0.00905429
2.28201e-12	0.00906917
2.28291e-12	0.00908406
2.28381e-12	0.00909896
2.28472e-12	0.00911387
2.28562e-12	0.00912879
2.28652e-12	0.00914373
2.28742e-12	0.00915869
2.28833e-12	0.00917365
2.28923e-12	0.00918863
2.29013e-12	0.00920362
2.29104e-12	0.00921862
2.29194e-12	0.00923364
2.29284e-12	0.00924867
2.29374e-12	0.00926371
2.29465e-12	0.00927877
2.29555e-12	0.00929384
2.29645e-12	0.00930892
2.29735e-12	0.00932402
2.29826e-12	0.00933912
2.29916e-12	0.00935424
2.30006e-12	0.00936938
2.30096e-12	0.00938452
2.30187e-12	0.00939968
2.30277e-12	0.00941486
2.30367e-12	0.00943004
2.30458e-12	0.00944524
2.30548e-12	0.00946045
2.30638e-12	0.00947567
2.30728e-12	0.00949091
2.30819e-12	0.00950616
2.30909e-12	0.00952142
2.30999e-12	0.00953669
2.31089e-12	0.00955198
2.3118e-12	0.00956728
2.3127e-12	0.00958259
2.3136e-12	0.00959791
2.31451e-12	0.00961325
2.31541e-12	0.0096286
2.31631e-12	0.00964396
2.31721e-12	0.00965934
2.31812e-12	0.00967473
2.31902e-12	0.00969013
2.31992e-12	0.00970554
2.32082e-12	0.00972097
2.32173e-12	0.0097364
2.32263e-12	0.00975185
2.32353e-12	0.00976732
2.32443e-12	0.00978279
2.32534e-12	0.00979828
2.32624e-12	0.00981378
2.32714e-12	0.00982929
2.32805e-12	0.00984482
2.32895e-12	0.00986036
2.32985e-12	0.00987591
2.33075e-12	0.00989147
2.33166e-12	0.00990704
2.33256e-12	0.00992263
2.33346e-12	0.00993823
2.33436e-12	0.00995384
2.33527e-12	0.00996947
2.33617e-12	0.0099851
2.33707e-12	0.0100008
2.33798e-12	0.0100164
2.33888e-12	0.0100321
2.33978e-12	0.0100478
2.34068e-12	0.0100635
2.34159e-12	0.0100792
2.34249e-12	0.0100949
2.34339e-12	0.0101106
2.34429e-12	0.0101264
2.3452e-12	0.0101421
2.3461e-12	0.0101579
2.347e-12	0.0101737
2.34791e-12	0.0101895
2.34881e-12	0.0102053
2.34971e-12	0.0102211
2.35061e-12	0.0102369
2.35152e-12	0.0102528
2.35242e-12	0.0102686
2.35332e-12	0.0102845
2.35422e-12	0.0103004
2.35513e-12	0.0103163
2.35603e-12	0.0103322
2.35693e-12	0.0103481
2.35783e-12	0.010364
2.35874e-12	0.01038
2.35964e-12	0.0103959
2.36054e-12	0.0104119
2.36145e-12	0.0104278
2.36235e-12	0.0104438
2.36325e-12	0.0104598
2.36415e-12	0.0104758
2.36506e-12	0.0104918
2.36596e-12	0.0105079
2.36686e-12	0.0105239
2.36776e-12	0.01054
2.36867e-12	0.010556
2.36957e-12	0.0105721
2.37047e-12	0.0105882
2.37138e-12	0.0106043
2.37228e-12	0.0106204
2.37318e-12	0.0106366
2.37408e-12	0.0106527
2.37499e-12	0.0106688
2.37589e-12	0.010685
2.37679e-12	0.0107012
2.37769e-12	0.0107174
2.3786e-12	0.0107335
2.3795e-12	0.0107498
2.3804e-12	0.010766
2.3813e-12	0.0107822
2.38221e-12	0.0107984
2.38311e-12	0.0108147
2.38401e-12	0.0108309
2.38492e-12	0.0108472
2.38582e-12	0.0108635
2.38672e-12	0.0108798
2.38762e-12	0.0108961
2.38853e-12	0.0109124
2.38943e-12	0.0109288
2.39033e-12	0.0109451
2.39123e-12	0.0109615
2.39214e-12	0.0109778
2.39304e-12	0.0109942
2.39394e-12	0.0110106
2.39485e-12	0.011027
2.39575e-12	0.0110434
2.39665e-12	0.0110598
2.39755e-12	0.0110762
2.39846e-12	0.0110927
2.39936e-12	0.0111091
2.40026e-12	0.0111256
2.40116e-12	0.0111421
2.40207e-12	0.0111585
2.40297e-12	0.011175
2.40387e-12	0.0111915
2.40477e-12	0.0112081
2.40568e-12	0.0112246
2.40658e-12	0.0112411
2.40748e-12	0.0112577
2.40839e-12	0.0112742
2.40929e-12	0.0112908
2.41019e-12	0.0113074
2.41109e-12	0.011324
2.412e-12	0.0113406
2.4129e-12	0.0113572
2.4138e-12	0.0113738
2.4147e-12	0.0113904
2.41561e-12	0.0114071
2.41651e-12	0.0114237
2.41741e-12	0.0114404
2.41832e-12	0.0114571
2.41922e-12	0.0114738
2.42012e-12	0.0114905
2.42102e-12	0.0115072
2.42193e-12	0.0115239
2.42283e-12	0.0115406
2.42373e-12	0.0115574
2.42463e-12	0.0115741
2.42554e-12	0.0115909
2.42644e-12	0.0116076
2.42734e-12	0.0116244
2.42824e-12	0.0116412
2.42915e-12	0.011658
2.43005e-12	0.0116748
2.43095e-12	0.0116916
2.43186e-12	0.0117085
2.43276e-12	0.0117253
2.43366e-12	0.0117422
2.43456e-12	0.011759
2.43547e-12	0.0117759
2.43637e-12	0.0117928
2.43727e-12	0.0118097
2.43817e-12	0.0118266
2.43908e-12	0.0118435
2.43998e-12	0.0118604
2.44088e-12	0.0118773
2.44179e-12	0.0118943
2.44269e-12	0.0119112
2.44359e-12	0.0119282
2.44449e-12	0.0119451
2.4454e-12	0.0119621
2.4463e-12	0.0119791
2.4472e-12	0.0119961
2.4481e-12	0.0120131
2.44901e-12	0.0120301
2.44991e-12	0.0120472
2.45081e-12	0.0120642
2.45171e-12	0.0120812
2.45262e-12	0.0120983
2.45352e-12	0.0121154
2.45442e-12	0.0121324
2.45533e-12	0.0121495
2.45623e-12	0.0121666
2.45713e-12	0.0121837
2.45803e-12	0.0122008
2.45894e-12	0.012218
2.45984e-12	0.0122351
2.46074e-12	0.0122522
2.46164e-12	0.0122694
2.46255e-12	0.0122865
2.46345e-12	0.0123037
2.46435e-12	0.0123209
2.46526e-12	0.0123381
2.46616e-12	0.0123553
2.46706e-12	0.0123725
2.46796e-12	0.0123897
2.46887e-12	0.0124069
2.46977e-12	0.0124241
2.47067e-12	0.0124414
2.47157e-12	0.0124586
2.47248e-12	0.0124759
2.47338e-12	0.0124931
2.47428e-12	0.0125104
2.47518e-12	0.0125277
2.47609e-12	0.012545
2.47699e-12	0.0125623
2.47789e-12	0.0125796
2.4788e-12	0.0125969
2.4797e-12	0.0126143
2.4806e-12	0.0126316
2.4815e-12	0.0126489
2.48241e-12	0.0126663
2.48331e-12	0.0126837
2.48421e-12	0.012701
2.48511e-12	0.0127184
2.48602e-12	0.0127358
2.48692e-12	0.0127532
2.48782e-12	0.0127706
2.48873e-12	0.012788
2.48963e-12	0.0128054
2.49053e-12	0.0128229
2.49143e-12	0.0128403
2.49234e-12	0.0128577
2.49324e-12	0.0128752
2.49414e-12	0.0128927
2.49504e-12	0.0129101
2.49595e-12	0.0129276
2.49685e-12	0.0129451
2.49775e-12	0.0129626
2.49865e-12	0.0129801
2.49956e-12	0.0129976
2.50046e-12	0.0130151
2.50136e-12	0.0130327
2.50227e-12	0.0130502
2.50317e-12	0.0130677
2.50407e-12	0.0130853
2.50497e-12	0.0131028
2.50588e-12	0.0131204
2.50678e-12	0.013138
2.50768e-12	0.0131556
2.50858e-12	0.0131732
2.50949e-12	0.0131907
2.51039e-12	0.0132084
2.51129e-12	0.013226
2.5122e-12	0.0132436
2.5131e-12	0.0132612
2.514e-12	0.0132788
2.5149e-12	0.0132965
2.51581e-12	0.0133141
2.51671e-12	0.0133318
2.51761e-12	0.0133495
2.51851e-12	0.0133671
2.51942e-12	0.0133848
2.52032e-12	0.0134025
2.52122e-12	0.0134202
2.52212e-12	0.0134379
2.52303e-12	0.0134556
2.52393e-12	0.0134733
2.52483e-12	0.013491
2.52574e-12	0.0135087
2.52664e-12	0.0135265
2.52754e-12	0.0135442
2.52844e-12	0.013562
2.52935e-12	0.0135797
2.53025e-12	0.0135975
2.53115e-12	0.0136153
2.53205e-12	0.013633
2.53296e-12	0.0136508
2.53386e-12	0.0136686
2.53476e-12	0.0136864
2.53567e-12	0.0137042
2.53657e-12	0.013722
2.53747e-12	0.0137398
2.53837e-12	0.0137576
2.53928e-12	0.0137755
2.54018e-12	0.0137933
2.54108e-12	0.0138111
2.54198e-12	0.013829
2.54289e-12	0.0138469
2.54379e-12	0.0138647
2.54469e-12	0.0138826
2.54559e-12	0.0139004
2.5465e-12	0.0139183
2.5474e-12	0.0139362
2.5483e-12	0.0139541
2.54921e-12	0.013972
2.55011e-12	0.0139899
2.55101e-12	0.0140078
2.55191e-12	0.0140257
2.55282e-12	0.0140436
2.55372e-12	0.0140616
2.55462e-12	0.0140795
2.55552e-12	0.0140974
2.55643e-12	0.0141154
2.55733e-12	0.0141333
2.55823e-12	0.0141513
2.55914e-12	0.0141693
2.56004e-12	0.0141872
2.56094e-12	0.0142052
2.56184e-12	0.0142232
2.56275e-12	0.0142411
2.56365e-12	0.0142591
2.56455e-12	0.0142771
2.56545e-12	0.0142951
2.56636e-12	0.0143131
2.56726e-12	0.0143311
2.56816e-12	0.0143492
2.56906e-12	0.0143672
2.56997e-12	0.0143852
2.57087e-12	0.0144032
2.57177e-12	0.0144213
2.57268e-12	0.0144393
2.57358e-12	0.0144574
2.57448e-12	0.0144754
2.57538e-12	0.0144935
2.57629e-12	0.0145115
2.57719e-12	0.0145296
2.57809e-12	0.0145477
2.57899e-12	0.0145657
2.5799e-12	0.0145838
2.5808e-12	0.0146019
2.5817e-12	0.01462
2.58261e-12	0.0146381
2.58351e-12	0.0146562
2.58441e-12	0.0146743
2.58531e-12	0.0146924
2.58622e-12	0.0147105
2.58712e-12	0.0147286
2.58802e-12	0.0147467
2.58892e-12	0.0147648
2.58983e-12	0.014783
2.59073e-12	0.0148011
2.59163e-12	0.0148192
2.59253e-12	0.0148374
2.59344e-12	0.0148555
2.59434e-12	0.0148737
2.59524e-12	0.0148918
2.59615e-12	0.01491
2.59705e-12	0.0149281
2.59795e-12	0.0149463
2.59885e-12	0.0149645
2.59976e-12	0.0149826
2.60066e-12	0.0150008
2.60156e-12	0.015019
2.60246e-12	0.0150372
2.60337e-12	0.0150554
2.60427e-12	0.0150736
2.60517e-12	0.0150917
2.60608e-12	0.0151099
2.60698e-12	0.0151281
2.60788e-12	0.0151463
2.60878e-12	0.0151646
2.60969e-12	0.0151828
2.61059e-12	0.015201
2.61149e-12	0.0152192
2.61239e-12	0.0152374
2.6133e-12	0.0152556
2.6142e-12	0.0152739
2.6151e-12	0.0152921
2.616e-12	0.0153103
2.61691e-12	0.0153285
2.61781e-12	0.0153468
2.61871e-12	0.015365
2.61962e-12	0.0153833
2.62052e-12	0.0154015
2.62142e-12	0.0154198
2.62232e-12	0.015438
2.62323e-12	0.0154563
2.62413e-12	0.0154745
2.62503e-12	0.0154928
2.62593e-12	0.015511
2.62684e-12	0.0155293
2.62774e-12	0.0155476
2.62864e-12	0.0155658
2.62955e-12	0.0155841
2.63045e-12	0.0156024
2.63135e-12	0.0156206
2.63225e-12	0.0156389
2.63316e-12	0.0156572
2.63406e-12	0.0156755
2.63496e-12	0.0156938
2.63586e-12	0.015712
2.63677e-12	0.0157303
2.63767e-12	0.0157486
2.63857e-12	0.0157669
2.63947e-12	0.0157852
2.64038e-12	0.0158035
2.64128e-12	0.0158218
2.64218e-12	0.0158401
2.64309e-12	0.0158584
2.64399e-12	0.0158767
2.64489e-12	0.015895
2.64579e-12	0.0159133
2.6467e-12	0.0159316
2.6476e-12	0.0159499
2.6485e-12	0.0159682
2.6494e-12	0.0159865
2.65031e-12	0.0160048
2.65121e-12	0.0160231
2.65211e-12	0.0160414
2.65302e-12	0.0160597
2.65392e-12	0.016078
2.65482e-12	0.0160963
2.65572e-12	0.0161147
2.65663e-12	0.016133
2.65753e-12	0.0161513
2.65843e-12	0.0161696
2.65933e-12	0.0161879
2.66024e-12	0.0162062
2.66114e-12	0.0162246
2.66204e-12	0.0162429
2.66294e-12	0.0162612
2.66385e-12	0.0162795
2.66475e-12	0.0162978
2.66565e-12	0.0163161
2.66656e-12	0.0163345
2.66746e-12	0.0163528
2.66836e-12	0.0163711
2.66926e-12	0.0163894
2.67017e-12	0.0164077
2.67107e-12	0.016426
2.67197e-12	0.0164444
2.67287e-12	0.0164627
2.67378e-12	0.016481
2.67468e-12	0.0164993
2.67558e-12	0.0165176
2.67649e-12	0.0165359
2.67739e-12	0.0165543
2.67829e-12	0.0165726
2.67919e-12	0.0165909
2.6801e-12	0.0166092
2.681e-12	0.0166275
2.6819e-12	0.0166458
2.6828e-12	0.0166641
2.68371e-12	0.0166825
2.68461e-12	0.0167008
2.68551e-12	0.0167191
2.68641e-12	0.0167374
2.68732e-12	0.0167557
2.68822e-12	0.016774
2.68912e-12	0.0167923
2.69003e-12	0.0168106
2.69093e-12	0.0168289
2.69183e-12	0.0168472
2.69273e-12	0.0168655
2.69364e-12	0.0168838
2.69454e-12	0.0169021
2.69544e-12	0.0169204
2.69634e-12	0.0169387
2.69725e-12	0.016957
2.69815e-12	0.0169753
2.69905e-12	0.0169936
2.69996e-12	0.0170118
2.70086e-12	0.0170301
2.70176e-12	0.0170484
2.70266e-12	0.0170667
2.70357e-12	0.017085
2.70447e-12	0.0171032
2.70537e-12	0.0171215
2.70627e-12	0.0171398
2.70718e-12	0.017158
2.70808e-12	0.0171763
2.70898e-12	0.0171946
2.70988e-12	0.0172128
2.71079e-12	0.0172311
2.71169e-12	0.0172493
2.71259e-12	0.0172676
2.7135e-12	0.0172859
2.7144e-12	0.0173041
2.7153e-12	0.0173223
2.7162e-12	0.0173406
2.71711e-12	0.0173588
2.71801e-12	0.0173771
2.71891e-12	0.0173953
2.71981e-12	0.0174135
2.72072e-12	0.0174317
2.72162e-12	0.01745
2.72252e-12	0.0174682
2.72343e-12	0.0174864
2.72433e-12	0.0175046
2.72523e-12	0.0175228
2.72613e-12	0.017541
2.72704e-12	0.0175592
2.72794e-12	0.0175774
2.72884e-12	0.0175956
2.72974e-12	0.0176138
2.73065e-12	0.017632
2.73155e-12	0.0176502
2.73245e-12	0.0176684
2.73335e-12	0.0176865
2.73426e-12	0.0177047
2.73516e-12	0.0177229
2.73606e-12	0.017741
2.73697e-12	0.0177592
2.73787e-12	0.0177773
2.73877e-12	0.0177955
2.73967e-12	0.0178136
2.74058e-12	0.0178318
2.74148e-12	0.0178499
2.74238e-12	0.017868
2.74328e-12	0.0178862
2.74419e-12	0.0179043
2.74509e-12	0.0179224
2.74599e-12	0.0179405
2.7469e-12	0.0179586
2.7478e-12	0.0179767
2.7487e-12	0.0179948
2.7496e-12	0.0180129
2.75051e-12	0.018031
2.75141e-12	0.0180491
2.75231e-12	0.0180671
2.75321e-12	0.0180852
2.75412e-12	0.0181033
2.75502e-12	0.0181213
2.75592e-12	0.0181394
2.75683e-12	0.0181574
2.75773e-12	0.0181755
2.75863e-12	0.0181935
2.75953e-12	0.0182115
2.76044e-12	0.0182295
2.76134e-12	0.0182476
2.76224e-12	0.0182656
2.76314e-12	0.0182836
2.76405e-12	0.0183016
2.76495e-12	0.0183196
2.76585e-12	0.0183375
2.76675e-12	0.0183555
2.76766e-12	0.0183735
2.76856e-12	0.0183915
2.76946e-12	0.0184094
2.77037e-12	0.0184274
2.77127e-12	0.0184453
2.77217e-12	0.0184632
2.77307e-12	0.0184812
2.77398e-12	0.0184991
2.77488e-12	0.018517
2.77578e-12	0.0185349
2.77668e-12	0.0185528
2.77759e-12	0.0185707
2.77849e-12	0.0185886
2.77939e-12	0.0186065
2.7803e-12	0.0186244
2.7812e-12	0.0186422
2.7821e-12	0.0186601
2.783e-12	0.0186779
2.78391e-12	0.0186958
2.78481e-12	0.0187136
2.78571e-12	0.0187314
2.78661e-12	0.0187493
2.78752e-12	0.0187671
2.78842e-12	0.0187849
2.78932e-12	0.0188027
2.79022e-12	0.0188204
2.79113e-12	0.0188382
2.79203e-12	0.018856
2.79293e-12	0.0188737
2.79384e-12	0.0188915
2.79474e-12	0.0189092
2.79564e-12	0.018927
2.79654e-12	0.0189447
2.79745e-12	0.0189624
2.79835e-12	0.0189801
2.79925e-12	0.0189978
2.80015e-12	0.0190155
2.80106e-12	0.0190332
2.80196e-12	0.0190509
2.80286e-12	0.0190685
2.80377e-12	0.0190862
2.80467e-12	0.0191038
2.80557e-12	0.0191214
2.80647e-12	0.0191391
2.80738e-12	0.0191567
2.80828e-12	0.0191743
2.80918e-12	0.0191919
2.81008e-12	0.0192095
2.81099e-12	0.019227
2.81189e-12	0.0192446
2.81279e-12	0.0192622
2.81369e-12	0.0192797
2.8146e-12	0.0192972
2.8155e-12	0.0193148
2.8164e-12	0.0193323
2.81731e-12	0.0193498
2.81821e-12	0.0193673
2.81911e-12	0.0193848
2.82001e-12	0.0194022
2.82092e-12	0.0194197
2.82182e-12	0.0194371
2.82272e-12	0.0194546
2.82362e-12	0.019472
2.82453e-12	0.0194894
2.82543e-12	0.0195068
2.82633e-12	0.0195242
2.82724e-12	0.0195416
2.82814e-12	0.019559
2.82904e-12	0.0195763
2.82994e-12	0.0195937
2.83085e-12	0.019611
2.83175e-12	0.0196283
2.83265e-12	0.0196457
2.83355e-12	0.019663
2.83446e-12	0.0196802
2.83536e-12	0.0196975
2.83626e-12	0.0197148
2.83716e-12	0.019732
2.83807e-12	0.0197493
2.83897e-12	0.0197665
2.83987e-12	0.0197837
2.84078e-12	0.0198009
2.84168e-12	0.0198181
2.84258e-12	0.0198353
2.84348e-12	0.0198525
2.84439e-12	0.0198696
2.84529e-12	0.0198868
2.84619e-12	0.0199039
2.84709e-12	0.019921
2.848e-12	0.0199381
2.8489e-12	0.0199552
2.8498e-12	0.0199723
2.85071e-12	0.0199893
2.85161e-12	0.0200064
2.85251e-12	0.0200234
2.85341e-12	0.0200404
2.85432e-12	0.0200575
2.85522e-12	0.0200744
2.85612e-12	0.0200914
2.85702e-12	0.0201084
2.85793e-12	0.0201253
2.85883e-12	0.0201423
2.85973e-12	0.0201592
2.86063e-12	0.0201761
2.86154e-12	0.020193
2.86244e-12	0.0202099
2.86334e-12	0.0202268
2.86425e-12	0.0202436
2.86515e-12	0.0202605
2.86605e-12	0.0202773
2.86695e-12	0.0202941
2.86786e-12	0.0203109
2.86876e-12	0.0203277
2.86966e-12	0.0203444
2.87056e-12	0.0203612
2.87147e-12	0.0203779
2.87237e-12	0.0203946
2.87327e-12	0.0204113
2.87418e-12	0.020428
2.87508e-12	0.0204447
2.87598e-12	0.0204613
2.87688e-12	0.020478
2.87779e-12	0.0204946
2.87869e-12	0.0205112
2.87959e-12	0.0205278
2.88049e-12	0.0205444
2.8814e-12	0.020561
2.8823e-12	0.0205775
2.8832e-12	0.020594
2.8841e-12	0.0206105
2.88501e-12	0.020627
2.88591e-12	0.0206435
2.88681e-12	0.02066
2.88772e-12	0.0206764
2.88862e-12	0.0206929
2.88952e-12	0.0207093
2.89042e-12	0.0207257
2.89133e-12	0.020742
2.89223e-12	0.0207584
2.89313e-12	0.0207747
2.89403e-12	0.0207911
2.89494e-12	0.0208074
2.89584e-12	0.0208237
2.89674e-12	0.0208399
2.89765e-12	0.0208562
2.89855e-12	0.0208724
2.89945e-12	0.0208887
2.90035e-12	0.0209049
2.90126e-12	0.020921
2.90216e-12	0.0209372
2.90306e-12	0.0209534
2.90396e-12	0.0209695
2.90487e-12	0.0209856
2.90577e-12	0.0210017
2.90667e-12	0.0210178
2.90757e-12	0.0210338
2.90848e-12	0.0210499
2.90938e-12	0.0210659
2.91028e-12	0.0210819
2.91119e-12	0.0210979
2.91209e-12	0.0211138
2.91299e-12	0.0211298
2.91389e-12	0.0211457
2.9148e-12	0.0211616
2.9157e-12	0.0211775
2.9166e-12	0.0211934
2.9175e-12	0.0212092
2.91841e-12	0.021225
2.91931e-12	0.0212408
2.92021e-12	0.0212566
2.92112e-12	0.0212724
2.92202e-12	0.0212881
2.92292e-12	0.0213039
2.92382e-12	0.0213196
2.92473e-12	0.0213353
2.92563e-12	0.0213509
2.92653e-12	0.0213666
2.92743e-12	0.0213822
2.92834e-12	0.0213978
2.92924e-12	0.0214134
2.93014e-12	0.0214289
2.93104e-12	0.0214445
2.93195e-12	0.02146
2.93285e-12	0.0214755
2.93375e-12	0.021491
2.93466e-12	0.0215064
2.93556e-12	0.0215219
2.93646e-12	0.0215373
2.93736e-12	0.0215527
2.93827e-12	0.021568
2.93917e-12	0.0215834
2.94007e-12	0.0215987
2.94097e-12	0.021614
2.94188e-12	0.0216293
2.94278e-12	0.0216446
2.94368e-12	0.0216598
2.94459e-12	0.021675
2.94549e-12	0.0216902
2.94639e-12	0.0217054
2.94729e-12	0.0217205
2.9482e-12	0.0217356
2.9491e-12	0.0217507
2.95e-12	0.0217658
2.9509e-12	0.0217809
2.95181e-12	0.0217959
2.95271e-12	0.0218109
2.95361e-12	0.0218259
2.95451e-12	0.0218409
2.95542e-12	0.0218558
2.95632e-12	0.0218707
2.95722e-12	0.0218856
2.95813e-12	0.0219005
2.95903e-12	0.0219153
2.95993e-12	0.0219302
2.96083e-12	0.021945
2.96174e-12	0.0219597
2.96264e-12	0.0219745
2.96354e-12	0.0219892
2.96444e-12	0.0220039
2.96535e-12	0.0220186
2.96625e-12	0.0220332
2.96715e-12	0.0220478
2.96806e-12	0.0220624
2.96896e-12	0.022077
2.96986e-12	0.0220916
2.97076e-12	0.0221061
2.97167e-12	0.0221206
2.97257e-12	0.0221351
2.97347e-12	0.0221495
2.97437e-12	0.0221639
2.97528e-12	0.0221783
2.97618e-12	0.0221927
2.97708e-12	0.0222071
2.97798e-12	0.0222214
2.97889e-12	0.0222357
2.97979e-12	0.0222499
2.98069e-12	0.0222642
2.9816e-12	0.0222784
2.9825e-12	0.0222926
2.9834e-12	0.0223067
2.9843e-12	0.0223209
2.98521e-12	0.022335
2.98611e-12	0.0223491
2.98701e-12	0.0223631
2.98791e-12	0.0223772
2.98882e-12	0.0223912
2.98972e-12	0.0224051
2.99062e-12	0.0224191
2.99153e-12	0.022433
2.99243e-12	0.0224469
2.99333e-12	0.0224607
2.99423e-12	0.0224746
2.99514e-12	0.0224884
2.99604e-12	0.0225022
2.99694e-12	0.0225159
2.99784e-12	0.0225296
2.99875e-12	0.0225433
2.99965e-12	0.022557
3.00055e-12	0.0225706
3.00145e-12	0.0225842
3.00236e-12	0.0225978
3.00326e-12	0.0226114
3.00416e-12	0.0226249
3.00507e-12	0.0226384
3.00597e-12	0.0226519
3.00687e-12	0.0226653
3.00777e-12	0.0226787
3.00868e-12	0.0226921
3.00958e-12	0.0227054
3.01048e-12	0.0227187
3.01138e-12	0.022732
3.01229e-12	0.0227453
3.01319e-12	0.0227585
3.01409e-12	0.0227717
3.015e-12	0.0227849
3.0159e-12	0.022798
3.0168e-12	0.0228111
3.0177e-12	0.0228242
3.01861e-12	0.0228373
3.01951e-12	0.0228503
3.02041e-12	0.0228633
3.02131e-12	0.0228762
3.02222e-12	0.0228891
3.02312e-12	0.022902
3.02402e-12	0.0229149
3.02492e-12	0.0229277
3.02583e-12	0.0229405
3.02673e-12	0.0229533
3.02763e-12	0.022966
3.02854e-12	0.0229787
3.02944e-12	0.0229914
3.03034e-12	0.023004
3.03124e-12	0.0230166
3.03215e-12	0.0230292
3.03305e-12	0.0230417
3.03395e-12	0.0230543
3.03485e-12	0.0230667
3.03576e-12	0.0230792
3.03666e-12	0.0230916
3.03756e-12	0.023104
3.03847e-12	0.0231163
3.03937e-12	0.0231286
3.04027e-12	0.0231409
3.04117e-12	0.0231532
3.04208e-12	0.0231654
3.04298e-12	0.0231775
3.04388e-12	0.0231897
3.04478e-12	0.0232018
3.04569e-12	0.0232139
3.04659e-12	0.0232259
3.04749e-12	0.0232379
3.04839e-12	0.0232499
3.0493e-12	0.0232619
3.0502e-12	0.0232738
3.0511e-12	0.0232856
3.05201e-12	0.0232975
3.05291e-12	0.0233093
3.05381e-12	0.0233211
3.05471e-12	0.0233328
3.05562e-12	0.0233445
3.05652e-12	0.0233561
3.05742e-12	0.0233678
3.05832e-12	0.0233794
3.05923e-12	0.0233909
3.06013e-12	0.0234024
3.06103e-12	0.0234139
3.06194e-12	0.0234254
3.06284e-12	0.0234368
3.06374e-12	0.0234482
3.06464e-12	0.0234595
3.06555e-12	0.0234708
3.06645e-12	0.0234821
3.06735e-12	0.0234933
3.06825e-12	0.0235045
3.06916e-12	0.0235157
3.07006e-12	0.0235268
3.07096e-12	0.0235379
3.07186e-12	0.0235489
3.07277e-12	0.02356
3.07367e-12	0.0235709
3.07457e-12	0.0235819
3.07548e-12	0.0235928
3.07638e-12	0.0236036
3.07728e-12	0.0236144
3.07818e-12	0.0236252
3.07909e-12	0.023636
3.07999e-12	0.0236467
3.08089e-12	0.0236574
3.08179e-12	0.023668
3.0827e-12	0.0236786
3.0836e-12	0.0236891
3.0845e-12	0.0236997
3.08541e-12	0.0237101
3.08631e-12	0.0237206
3.08721e-12	0.023731
3.08811e-12	0.0237413
3.08902e-12	0.0237517
3.08992e-12	0.0237619
3.09082e-12	0.0237722
3.09172e-12	0.0237824
3.09263e-12	0.0237925
3.09353e-12	0.0238027
3.09443e-12	0.0238128
3.09533e-12	0.0238228
3.09624e-12	0.0238328
3.09714e-12	0.0238428
3.09804e-12	0.0238527
3.09895e-12	0.0238626
3.09985e-12	0.0238724
3.10075e-12	0.0238822
3.10165e-12	0.023892
3.10256e-12	0.0239017
3.10346e-12	0.0239114
3.10436e-12	0.023921
3.10526e-12	0.0239306
3.10617e-12	0.0239401
3.10707e-12	0.0239497
3.10797e-12	0.0239591
3.10888e-12	0.0239686
3.10978e-12	0.0239779
3.11068e-12	0.0239873
3.11158e-12	0.0239966
3.11249e-12	0.0240058
3.11339e-12	0.0240151
3.11429e-12	0.0240242
3.11519e-12	0.0240334
3.1161e-12	0.0240424
3.117e-12	0.0240515
3.1179e-12	0.0240605
3.1188e-12	0.0240695
3.11971e-12	0.0240784
3.12061e-12	0.0240872
3.12151e-12	0.0240961
3.12242e-12	0.0241048
3.12332e-12	0.0241136
3.12422e-12	0.0241223
3.12512e-12	0.0241309
3.12603e-12	0.0241395
3.12693e-12	0.0241481
3.12783e-12	0.0241566
3.12873e-12	0.0241651
3.12964e-12	0.0241735
3.13054e-12	0.0241819
3.13144e-12	0.0241903
3.13235e-12	0.0241986
3.13325e-12	0.0242068
3.13415e-12	0.024215
3.13505e-12	0.0242232
3.13596e-12	0.0242313
3.13686e-12	0.0242393
3.13776e-12	0.0242474
3.13866e-12	0.0242553
3.13957e-12	0.0242633
3.14047e-12	0.0242712
3.14137e-12	0.024279
3.14228e-12	0.0242868
3.14318e-12	0.0242945
3.14408e-12	0.0243022
3.14498e-12	0.0243099
3.14589e-12	0.0243175
3.14679e-12	0.024325
3.14769e-12	0.0243325
3.14859e-12	0.02434
3.1495e-12	0.0243474
3.1504e-12	0.0243548
3.1513e-12	0.0243621
3.1522e-12	0.0243694
3.15311e-12	0.0243766
3.15401e-12	0.0243838
3.15491e-12	0.0243909
3.15582e-12	0.024398
3.15672e-12	0.024405
3.15762e-12	0.024412
3.15852e-12	0.0244189
3.15943e-12	0.0244258
3.16033e-12	0.0244327
3.16123e-12	0.0244394
3.16213e-12	0.0244462
3.16304e-12	0.0244529
3.16394e-12	0.0244595
3.16484e-12	0.0244661
3.16575e-12	0.0244726
3.16665e-12	0.0244791
3.16755e-12	0.0244856
3.16845e-12	0.024492
3.16936e-12	0.0244983
3.17026e-12	0.0245046
3.17116e-12	0.0245108
3.17206e-12	0.024517
3.17297e-12	0.0245231
3.17387e-12	0.0245292
3.17477e-12	0.0245353
3.17567e-12	0.0245412
3.17658e-12	0.0245472
3.17748e-12	0.0245531
3.17838e-12	0.0245589
3.17929e-12	0.0245647
3.18019e-12	0.0245704
3.18109e-12	0.0245761
3.18199e-12	0.0245817
3.1829e-12	0.0245872
3.1838e-12	0.0245928
3.1847e-12	0.0245982
3.1856e-12	0.0246036
3.18651e-12	0.024609
3.18741e-12	0.0246143
3.18831e-12	0.0246196
3.18922e-12	0.0246248
3.19012e-12	0.0246299
3.19102e-12	0.024635
3.19192e-12	0.02464
3.19283e-12	0.024645
3.19373e-12	0.02465
3.19463e-12	0.0246548
3.19553e-12	0.0246597
3.19644e-12	0.0246644
3.19734e-12	0.0246691
3.19824e-12	0.0246738
3.19914e-12	0.0246784
3.20005e-12	0.024683
3.20095e-12	0.0246875
3.20185e-12	0.0246919
3.20276e-12	0.0246963
3.20366e-12	0.0247006
3.20456e-12	0.0247049
3.20546e-12	0.0247091
3.20637e-12	0.0247133
3.20727e-12	0.0247174
3.20817e-12	0.0247215
3.20907e-12	0.0247254
3.20998e-12	0.0247294
3.21088e-12	0.0247333
3.21178e-12	0.0247371
3.21269e-12	0.0247409
3.21359e-12	0.0247446
3.21449e-12	0.0247482
3.21539e-12	0.0247518
3.2163e-12	0.0247554
3.2172e-12	0.0247589
3.2181e-12	0.0247623
3.219e-12	0.0247657
3.21991e-12	0.024769
3.22081e-12	0.0247723
3.22171e-12	0.0247754
3.22261e-12	0.0247786
3.22352e-12	0.0247817
3.22442e-12	0.0247847
3.22532e-12	0.0247877
3.22623e-12	0.0247906
3.22713e-12	0.0247934
3.22803e-12	0.0247962
3.22893e-12	0.0247989
3.22984e-12	0.0248016
3.23074e-12	0.0248042
3.23164e-12	0.0248068
3.23254e-12	0.0248093
3.23345e-12	0.0248117
3.23435e-12	0.0248141
3.23525e-12	0.0248164
3.23616e-12	0.0248186
3.23706e-12	0.0248208
3.23796e-12	0.0248229
3.23886e-12	0.024825
3.23977e-12	0.024827
3.24067e-12	0.024829
3.24157e-12	0.0248309
3.24247e-12	0.0248327
3.24338e-12	0.0248345
3.24428e-12	0.0248362
3.24518e-12	0.0248378
3.24608e-12	0.0248394
3.24699e-12	0.0248409
3.24789e-12	0.0248424
3.24879e-12	0.0248438
3.2497e-12	0.0248451
3.2506e-12	0.0248464
3.2515e-12	0.0248476
3.2524e-12	0.0248487
3.25331e-12	0.0248498
3.25421e-12	0.0248508
3.25511e-12	0.0248518
3.25601e-12	0.0248527
3.25692e-12	0.0248535
3.25782e-12	0.0248543
3.25872e-12	0.024855
3.25963e-12	0.0248556
3.26053e-12	0.0248562
3.26143e-12	0.0248567
3.26233e-12	0.0248571
3.26324e-12	0.0248575
3.26414e-12	0.0248578
3.26504e-12	0.0248581
3.26594e-12	0.0248583
3.26685e-12	0.0248584
3.26775e-12	0.0248585
3.26865e-12	0.0248585
3.26955e-12	0.0248584
3.27046e-12	0.0248582
3.27136e-12	0.024858
3.27226e-12	0.0248578
3.27317e-12	0.0248574
3.27407e-12	0.024857
3.27497e-12	0.0248566
3.27587e-12	0.024856
3.27678e-12	0.0248554
3.27768e-12	0.0248548
3.27858e-12	0.024854
3.27948e-12	0.0248532
3.28039e-12	0.0248524
3.28129e-12	0.0248514
3.28219e-12	0.0248504
3.2831e-12	0.0248494
3.284e-12	0.0248482
3.2849e-12	0.024847
3.2858e-12	0.0248457
3.28671e-12	0.0248444
3.28761e-12	0.024843
3.28851e-12	0.0248415
3.28941e-12	0.02484
3.29032e-12	0.0248383
3.29122e-12	0.0248367
3.29212e-12	0.0248349
3.29302e-12	0.0248331
3.29393e-12	0.0248312
3.29483e-12	0.0248292
3.29573e-12	0.0248272
3.29664e-12	0.0248251
3.29754e-12	0.0248229
3.29844e-12	0.0248207
3.29934e-12	0.0248184
3.30025e-12	0.024816
3.30115e-12	0.0248135
3.30205e-12	0.024811
3.30295e-12	0.0248084
3.30386e-12	0.0248058
3.30476e-12	0.024803
3.30566e-12	0.0248002
3.30657e-12	0.0247974
3.30747e-12	0.0247944
3.30837e-12	0.0247914
3.30927e-12	0.0247883
3.31018e-12	0.0247851
3.31108e-12	0.0247819
3.31198e-12	0.0247786
3.31288e-12	0.0247752
3.31379e-12	0.0247718
3.31469e-12	0.0247682
3.31559e-12	0.0247646
3.31649e-12	0.024761
3.3174e-12	0.0247572
3.3183e-12	0.0247534
3.3192e-12	0.0247495
3.32011e-12	0.0247455
3.32101e-12	0.0247415
3.32191e-12	0.0247374
3.32281e-12	0.0247332
3.32372e-12	0.0247289
3.32462e-12	0.0247246
3.32552e-12	0.0247202
3.32642e-12	0.0247157
3.32733e-12	0.0247112
3.32823e-12	0.0247065
3.32913e-12	0.0247018
3.33004e-12	0.024697
3.33094e-12	0.0246922
3.33184e-12	0.0246872
3.33274e-12	0.0246822
3.33365e-12	0.0246771
3.33455e-12	0.024672
3.33545e-12	0.0246667
3.33635e-12	0.0246614
3.33726e-12	0.024656
3.33816e-12	0.0246506
3.33906e-12	0.024645
3.33996e-12	0.0246394
3.34087e-12	0.0246337
3.34177e-12	0.0246279
3.34267e-12	0.0246221
3.34358e-12	0.0246162
3.34448e-12	0.0246102
3.34538e-12	0.0246041
3.34628e-12	0.0245979
3.34719e-12	0.0245917
3.34809e-12	0.0245854
3.34899e-12	0.024579
3.34989e-12	0.0245725
3.3508e-12	0.0245659
3.3517e-12	0.0245593
3.3526e-12	0.0245526
3.35351e-12	0.0245458
3.35441e-12	0.0245389
3.35531e-12	0.024532
3.35621e-12	0.0245249
3.35712e-12	0.0245178
3.35802e-12	0.0245106
3.35892e-12	0.0245034
3.35982e-12	0.024496
3.36073e-12	0.0244886
3.36163e-12	0.0244811
3.36253e-12	0.0244735
3.36343e-12	0.0244658
3.36434e-12	0.0244581
3.36524e-12	0.0244502
3.36614e-12	0.0244423
3.36705e-12	0.0244343
3.36795e-12	0.0244262
3.36885e-12	0.0244181
3.36975e-12	0.0244099
3.37066e-12	0.0244015
3.37156e-12	0.0243931
3.37246e-12	0.0243846
3.37336e-12	0.0243761
3.37427e-12	0.0243674
3.37517e-12	0.0243587
3.37607e-12	0.0243499
3.37698e-12	0.024341
3.37788e-12	0.024332
3.37878e-12	0.0243229
3.37968e-12	0.0243137
3.38059e-12	0.0243045
3.38149e-12	0.0242952
3.38239e-12	0.0242858
3.38329e-12	0.0242763
3.3842e-12	0.0242667
3.3851e-12	0.0242571
3.386e-12	0.0242473
3.3869e-12	0.0242375
3.38781e-12	0.0242276
3.38871e-12	0.0242176
3.38961e-12	0.0242075
3.39052e-12	0.0241974
3.39142e-12	0.0241871
3.39232e-12	0.0241768
3.39322e-12	0.0241663
3.39413e-12	0.0241558
3.39503e-12	0.0241452
3.39593e-12	0.0241345
3.39683e-12	0.0241238
3.39774e-12	0.0241129
3.39864e-12	0.024102
3.39954e-12	0.0240909
3.40045e-12	0.0240798
3.40135e-12	0.0240686
3.40225e-12	0.0240573
3.40315e-12	0.024046
3.40406e-12	0.0240345
3.40496e-12	0.0240229
3.40586e-12	0.0240113
3.40676e-12	0.0239996
3.40767e-12	0.0239877
3.40857e-12	0.0239758
3.40947e-12	0.0239638
3.41037e-12	0.0239517
3.41128e-12	0.0239396
3.41218e-12	0.0239273
3.41308e-12	0.0239149
3.41399e-12	0.0239025
3.41489e-12	0.02389
3.41579e-12	0.0238773
3.41669e-12	0.0238646
3.4176e-12	0.0238518
3.4185e-12	0.0238389
3.4194e-12	0.023826
3.4203e-12	0.0238129
3.42121e-12	0.0237997
3.42211e-12	0.0237865
3.42301e-12	0.0237731
3.42392e-12	0.0237597
3.42482e-12	0.0237461
3.42572e-12	0.0237325
3.42662e-12	0.0237188
3.42753e-12	0.023705
3.42843e-12	0.0236911
3.42933e-12	0.0236771
3.43023e-12	0.023663
3.43114e-12	0.0236489
3.43204e-12	0.0236346
3.43294e-12	0.0236202
3.43384e-12	0.0236058
3.43475e-12	0.0235912
3.43565e-12	0.0235766
3.43655e-12	0.0235619
3.43746e-12	0.023547
3.43836e-12	0.0235321
3.43926e-12	0.0235171
3.44016e-12	0.023502
3.44107e-12	0.0234868
3.44197e-12	0.0234715
3.44287e-12	0.0234561
3.44377e-12	0.0234406
3.44468e-12	0.023425
3.44558e-12	0.0234093
3.44648e-12	0.0233936
3.44739e-12	0.0233777
3.44829e-12	0.0233617
3.44919e-12	0.0233457
3.45009e-12	0.0233295
3.451e-12	0.0233133
3.4519e-12	0.0232969
3.4528e-12	0.0232805
3.4537e-12	0.0232639
3.45461e-12	0.0232473
3.45551e-12	0.0232306
3.45641e-12	0.0232137
3.45731e-12	0.0231968
3.45822e-12	0.0231798
3.45912e-12	0.0231627
3.46002e-12	0.0231454
3.46093e-12	0.0231281
3.46183e-12	0.0231107
3.46273e-12	0.0230932
3.46363e-12	0.0230756
3.46454e-12	0.0230579
3.46544e-12	0.0230401
3.46634e-12	0.0230221
3.46724e-12	0.0230041
3.46815e-12	0.022986
3.46905e-12	0.0229678
3.46995e-12	0.0229495
3.47086e-12	0.0229311
3.47176e-12	0.0229126
3.47266e-12	0.022894
3.47356e-12	0.0228753
3.47447e-12	0.0228565
3.47537e-12	0.0228376
3.47627e-12	0.0228186
3.47717e-12	0.0227995
3.47808e-12	0.0227803
3.47898e-12	0.0227609
3.47988e-12	0.0227415
3.48078e-12	0.022722
3.48169e-12	0.0227024
3.48259e-12	0.0226827
3.48349e-12	0.0226629
3.4844e-12	0.022643
3.4853e-12	0.0226229
3.4862e-12	0.0226028
3.4871e-12	0.0225826
3.48801e-12	0.0225623
3.48891e-12	0.0225418
3.48981e-12	0.0225213
3.49071e-12	0.0225006
3.49162e-12	0.0224799
3.49252e-12	0.0224591
3.49342e-12	0.0224381
3.49433e-12	0.0224171
3.49523e-12	0.0223959
3.49613e-12	0.0223746
3.49703e-12	0.0223533
3.49794e-12	0.0223318
3.49884e-12	0.0223102
3.49974e-12	0.0222885
3.50064e-12	0.0222668
3.50155e-12	0.0222449
3.50245e-12	0.0222229
3.50335e-12	0.0222008
3.50425e-12	0.0221786
3.50516e-12	0.0221563
3.50606e-12	0.0221338
3.50696e-12	0.0221113
3.50787e-12	0.0220887
3.50877e-12	0.0220659
3.50967e-12	0.0220431
3.51057e-12	0.0220202
3.51148e-12	0.0219971
3.51238e-12	0.0219739
3.51328e-12	0.0219507
3.51418e-12	0.0219273
3.51509e-12	0.0219038
3.51599e-12	0.0218802
3.51689e-12	0.0218565
3.5178e-12	0.0218327
3.5187e-12	0.0218088
3.5196e-12	0.0217847
3.5205e-12	0.0217606
3.52141e-12	0.0217364
3.52231e-12	0.021712
3.52321e-12	0.0216875
3.52411e-12	0.021663
3.52502e-12	0.0216383
3.52592e-12	0.0216135
3.52682e-12	0.0215886
3.52773e-12	0.0215636
3.52863e-12	0.0215385
3.52953e-12	0.0215132
3.53043e-12	0.0214879
3.53134e-12	0.0214624
3.53224e-12	0.0214369
3.53314e-12	0.0214112
3.53404e-12	0.0213854
3.53495e-12	0.0213595
3.53585e-12	0.0213335
3.53675e-12	0.0213074
3.53765e-12	0.0212811
3.53856e-12	0.0212548
3.53946e-12	0.0212283
3.54036e-12	0.0212018
3.54127e-12	0.0211751
3.54217e-12	0.0211483
3.54307e-12	0.0211214
3.54397e-12	0.0210944
3.54488e-12	0.0210673
3.54578e-12	0.02104
3.54668e-12	0.0210126
3.54758e-12	0.0209852
3.54849e-12	0.0209576
3.54939e-12	0.0209299
3.55029e-12	0.0209021
3.5512e-12	0.0208742
3.5521e-12	0.0208461
3.553e-12	0.020818
3.5539e-12	0.0207897
3.55481e-12	0.0207613
3.55571e-12	0.0207328
3.55661e-12	0.0207042
3.55751e-12	0.0206754
3.55842e-12	0.0206466
3.55932e-12	0.0206176
3.56022e-12	0.0205886
3.56112e-12	0.0205594
3.56203e-12	0.02053
3.56293e-12	0.0205006
3.56383e-12	0.0204711
3.56474e-12	0.0204414
3.56564e-12	0.0204116
3.56654e-12	0.0203817
3.56744e-12	0.0203517
3.56835e-12	0.0203216
3.56925e-12	0.0202913
3.57015e-12	0.020261
3.57105e-12	0.0202305
3.57196e-12	0.0201999
3.57286e-12	0.0201692
3.57376e-12	0.0201383
3.57467e-12	0.0201074
3.57557e-12	0.0200763
3.57647e-12	0.0200451
3.57737e-12	0.0200138
3.57828e-12	0.0199824
3.57918e-12	0.0199508
3.58008e-12	0.0199192
3.58098e-12	0.0198874
3.58189e-12	0.0198555
3.58279e-12	0.0198234
3.58369e-12	0.0197913
3.58459e-12	0.019759
3.5855e-12	0.0197266
3.5864e-12	0.0196941
3.5873e-12	0.0196615
3.58821e-12	0.0196287
3.58911e-12	0.0195958
3.59001e-12	0.0195628
3.59091e-12	0.0195297
3.59182e-12	0.0194965
3.59272e-12	0.0194631
3.59362e-12	0.0194296
3.59452e-12	0.019396
3.59543e-12	0.0193623
3.59633e-12	0.0193284
3.59723e-12	0.0192945
3.59814e-12	0.0192604
3.59904e-12	0.0192262
3.59994e-12	0.0191918
3.60084e-12	0.0191573
3.60175e-12	0.0191228
3.60265e-12	0.019088
3.60355e-12	0.0190532
3.60445e-12	0.0190182
3.60536e-12	0.0189832
3.60626e-12	0.0189479
3.60716e-12	0.0189126
3.60806e-12	0.0188772
3.60897e-12	0.0188416
3.60987e-12	0.0188059
3.61077e-12	0.01877
3.61168e-12	0.0187341
3.61258e-12	0.018698
3.61348e-12	0.0186618
3.61438e-12	0.0186254
3.61529e-12	0.018589
3.61619e-12	0.0185524
3.61709e-12	0.0185157
3.61799e-12	0.0184788
3.6189e-12	0.0184419
3.6198e-12	0.0184048
3.6207e-12	0.0183675
3.62161e-12	0.0183302
3.62251e-12	0.0182927
3.62341e-12	0.0182551
3.62431e-12	0.0182174
3.62522e-12	0.0181795
3.62612e-12	0.0181415
3.62702e-12	0.0181034
3.62792e-12	0.0180652
3.62883e-12	0.0180268
3.62973e-12	0.0179883
3.63063e-12	0.0179497
3.63153e-12	0.0179109
3.63244e-12	0.017872
3.63334e-12	0.017833
3.63424e-12	0.0177939
3.63515e-12	0.0177546
3.63605e-12	0.0177152
3.63695e-12	0.0176756
3.63785e-12	0.017636
3.63876e-12	0.0175962
3.63966e-12	0.0175562
3.64056e-12	0.0175162
3.64146e-12	0.017476
3.64237e-12	0.0174357
3.64327e-12	0.0173952
3.64417e-12	0.0173546
3.64508e-12	0.0173139
3.64598e-12	0.0172731
3.64688e-12	0.0172321
3.64778e-12	0.017191
3.64869e-12	0.0171498
3.64959e-12	0.0171084
3.65049e-12	0.0170669
3.65139e-12	0.0170252
3.6523e-12	0.0169835
3.6532e-12	0.0169416
3.6541e-12	0.0168995
3.655e-12	0.0168574
3.65591e-12	0.016815
3.65681e-12	0.0167726
3.65771e-12	0.01673
3.65862e-12	0.0166873
3.65952e-12	0.0166445
3.66042e-12	0.0166015
3.66132e-12	0.0165584
3.66223e-12	0.0165152
3.66313e-12	0.0164718
3.66403e-12	0.0164283
3.66493e-12	0.0163846
3.66584e-12	0.0163408
3.66674e-12	0.0162969
3.66764e-12	0.0162529
3.66855e-12	0.0162087
3.66945e-12	0.0161644
3.67035e-12	0.0161199
3.67125e-12	0.0160753
3.67216e-12	0.0160306
3.67306e-12	0.0159857
3.67396e-12	0.0159407
3.67486e-12	0.0158955
3.67577e-12	0.0158502
3.67667e-12	0.0158048
3.67757e-12	0.0157593
3.67847e-12	0.0157136
3.67938e-12	0.0156677
3.68028e-12	0.0156218
3.68118e-12	0.0155757
3.68209e-12	0.0155294
3.68299e-12	0.015483
3.68389e-12	0.0154365
3.68479e-12	0.0153899
3.6857e-12	0.0153431
3.6866e-12	0.0152961
3.6875e-12	0.015249
3.6884e-12	0.0152018
3.68931e-12	0.0151545
3.69021e-12	0.015107
3.69111e-12	0.0150593
3.69202e-12	0.0150115
3.69292e-12	0.0149636
3.69382e-12	0.0149156
3.69472e-12	0.0148674
3.69563e-12	0.014819
3.69653e-12	0.0147705
3.69743e-12	0.0147219
3.69833e-12	0.0146732
3.69924e-12	0.0146243
3.70014e-12	0.0145752
3.70104e-12	0.014526
3.70194e-12	0.0144767
3.70285e-12	0.0144272
3.70375e-12	0.0143776
3.70465e-12	0.0143279
3.70556e-12	0.014278
3.70646e-12	0.0142279
3.70736e-12	0.0141777
3.70826e-12	0.0141274
3.70917e-12	0.0140769
3.71007e-12	0.0140263
3.71097e-12	0.0139756
3.71187e-12	0.0139247
3.71278e-12	0.0138736
3.71368e-12	0.0138225
3.71458e-12	0.0137711
3.71549e-12	0.0137196
3.71639e-12	0.013668
3.71729e-12	0.0136163
3.71819e-12	0.0135644
3.7191e-12	0.0135123
3.72e-12	0.0134601
3.7209e-12	0.0134078
3.7218e-12	0.0133553
3.72271e-12	0.0133026
3.72361e-12	0.0132499
3.72451e-12	0.0131969
3.72541e-12	0.0131439
3.72632e-12	0.0130906
3.72722e-12	0.0130373
3.72812e-12	0.0129838
3.72903e-12	0.0129301
3.72993e-12	0.0128763
3.73083e-12	0.0128223
3.73173e-12	0.0127682
3.73264e-12	0.012714
3.73354e-12	0.0126596
3.73444e-12	0.0126051
3.73534e-12	0.0125504
3.73625e-12	0.0124955
3.73715e-12	0.0124406
3.73805e-12	0.0123854
3.73896e-12	0.0123301
3.73986e-12	0.0122747
3.74076e-12	0.0122191
3.74166e-12	0.0121634
3.74257e-12	0.0121075
3.74347e-12	0.0120515
3.74437e-12	0.0119953
3.74527e-12	0.011939
3.74618e-12	0.0118825
3.74708e-12	0.0118259
3.74798e-12	0.0117691
3.74888e-12	0.0117122
3.74979e-12	0.0116551
3.75069e-12	0.0115979
3.75159e-12	0.0115405
3.7525e-12	0.011483
3.7534e-12	0.0114253
3.7543e-12	0.0113675
3.7552e-12	0.0113095
3.75611e-12	0.0112514
3.75701e-12	0.0111931
3.75791e-12	0.0111347
3.75881e-12	0.0110761
3.75972e-12	0.0110173
3.76062e-12	0.0109584
3.76152e-12	0.0108994
3.76243e-12	0.0108402
3.76333e-12	0.0107809
3.76423e-12	0.0107214
3.76513e-12	0.0106617
3.76604e-12	0.0106019
3.76694e-12	0.0105419
3.76784e-12	0.0104818
3.76874e-12	0.0104215
3.76965e-12	0.0103611
3.77055e-12	0.0103005
3.77145e-12	0.0102398
3.77235e-12	0.0101789
3.77326e-12	0.0101179
3.77416e-12	0.0100567
3.77506e-12	0.00999535
3.77597e-12	0.00993385
3.77687e-12	0.00987219
3.77777e-12	0.00981038
3.77867e-12	0.00974841
3.77958e-12	0.00968629
3.78048e-12	0.00962401
3.78138e-12	0.00956158
3.78228e-12	0.00949898
3.78319e-12	0.00943624
3.78409e-12	0.00937333
3.78499e-12	0.00931027
3.7859e-12	0.00924706
3.7868e-12	0.00918369
3.7877e-12	0.00912016
3.7886e-12	0.00905647
3.78951e-12	0.00899262
3.79041e-12	0.00892862
3.79131e-12	0.00886446
3.79221e-12	0.00880015
3.79312e-12	0.00873567
3.79402e-12	0.00867104
3.79492e-12	0.00860625
3.79582e-12	0.0085413
3.79673e-12	0.00847619
3.79763e-12	0.00841093
3.79853e-12	0.0083455
3.79944e-12	0.00827992
3.80034e-12	0.00821418
3.80124e-12	0.00814828
3.80214e-12	0.00808221
3.80305e-12	0.00801599
3.80395e-12	0.00794961
3.80485e-12	0.00788307
3.80575e-12	0.00781638
3.80666e-12	0.00774952
3.80756e-12	0.0076825
3.80846e-12	0.00761532
3.80937e-12	0.00754797
3.81027e-12	0.00748047
3.81117e-12	0.00741281
3.81207e-12	0.00734499
3.81298e-12	0.007277
3.81388e-12	0.00720886
3.81478e-12	0.00714055
3.81568e-12	0.00707208
3.81659e-12	0.00700345
3.81749e-12	0.00693466
3.81839e-12	0.0068657
3.81929e-12	0.00679659
3.8202e-12	0.00672731
3.8211e-12	0.00665786
3.822e-12	0.00658826
3.82291e-12	0.00651849
3.82381e-12	0.00644856
3.82471e-12	0.00637847
3.82561e-12	0.00630821
3.82652e-12	0.00623779
3.82742e-12	0.00616721
3.82832e-12	0.00609646
3.82922e-12	0.00602555
3.83013e-12	0.00595448
3.83103e-12	0.00588324
3.83193e-12	0.00581184
3.83284e-12	0.00574027
3.83374e-12	0.00566854
3.83464e-12	0.00559664
3.83554e-12	0.00552458
3.83645e-12	0.00545235
3.83735e-12	0.00537996
3.83825e-12	0.0053074
3.83915e-12	0.00523468
3.84006e-12	0.00516179
3.84096e-12	0.00508874
3.84186e-12	0.00501552
3.84276e-12	0.00494213
3.84367e-12	0.00486858
3.84457e-12	0.00479486
3.84547e-12	0.00472098
3.84638e-12	0.00464692
3.84728e-12	0.00457271
3.84818e-12	0.00449832
3.84908e-12	0.00442377
3.84999e-12	0.00434905
3.85089e-12	0.00427416
3.85179e-12	0.00419911
3.85269e-12	0.00412389
3.8536e-12	0.0040485
3.8545e-12	0.00397294
3.8554e-12	0.00389721
3.85631e-12	0.00382132
3.85721e-12	0.00374526
3.85811e-12	0.00366903
3.85901e-12	0.00359263
3.85992e-12	0.00351606
3.86082e-12	0.00343932
3.86172e-12	0.00336242
3.86262e-12	0.00328534
3.86353e-12	0.0032081
3.86443e-12	0.00313068
3.86533e-12	0.0030531
3.86623e-12	0.00297535
3.86714e-12	0.00289742
3.86804e-12	0.00281933
3.86894e-12	0.00274107
3.86985e-12	0.00266263
3.87075e-12	0.00258403
3.87165e-12	0.00250525
3.87255e-12	0.00242631
3.87346e-12	0.00234719
3.87436e-12	0.0022679
3.87526e-12	0.00218844
3.87616e-12	0.00210881
3.87707e-12	0.00202901
3.87797e-12	0.00194904
3.87887e-12	0.00186889
3.87978e-12	0.00178858
3.88068e-12	0.00170809
3.88158e-12	0.00162743
3.88248e-12	0.00154659
3.88339e-12	0.00146559
3.88429e-12	0.00138441
3.88519e-12	0.00130306
3.88609e-12	0.00122154
3.887e-12	0.00113984
3.8879e-12	0.00105797
3.8888e-12	0.000975926
3.8897e-12	0.000893709
3.89061e-12	0.000811319
3.89151e-12	0.000728755
3.89241e-12	0.000646018
3.89332e-12	0.000563106
3.89422e-12	0.000480021
3.89512e-12	0.000396761
3.89602e-12	0.000313327
3.89693e-12	0.000229718
3.89783e-12	0.000145935
3.89873e-12	6.19771e-05
3.89963e-12	-2.21558e-05
3.90054e-12	-0.000106464
3.90144e-12	-0.000190947
3.90234e-12	-0.000275605
3.90325e-12	-0.000360439
3.90415e-12	-0.000445448
3.90505e-12	-0.000530633
3.90595e-12	-0.000615994
3.90686e-12	-0.00070153
3.90776e-12	-0.000787243
3.90866e-12	-0.000873132
3.90956e-12	-0.000959198
3.91047e-12	-0.00104544
3.91137e-12	-0.00113186
3.91227e-12	-0.00121845
3.91318e-12	-0.00130523
3.91408e-12	-0.00139217
3.91498e-12	-0.0014793
3.91588e-12	-0.0015666
3.91679e-12	-0.00165409
3.91769e-12	-0.00174174
3.91859e-12	-0.00182958
3.91949e-12	-0.00191759
3.9204e-12	-0.00200579
3.9213e-12	-0.00209416
3.9222e-12	-0.0021827
3.9231e-12	-0.00227143
3.92401e-12	-0.00236034
3.92491e-12	-0.00244942
3.92581e-12	-0.00253868
3.92672e-12	-0.00262812
3.92762e-12	-0.00271774
3.92852e-12	-0.00280754
3.92942e-12	-0.00289752
3.93033e-12	-0.00298768
3.93123e-12	-0.00307802
3.93213e-12	-0.00316853
3.93303e-12	-0.00325923
3.93394e-12	-0.0033501
3.93484e-12	-0.00344116
3.93574e-12	-0.0035324
3.93665e-12	-0.00362381
3.93755e-12	-0.00371541
3.93845e-12	-0.00380719
3.93935e-12	-0.00389915
3.94026e-12	-0.00399129
3.94116e-12	-0.00408361
3.94206e-12	-0.00417611
3.94296e-12	-0.00426879
3.94387e-12	-0.00436165
3.94477e-12	-0.0044547
3.94567e-12	-0.00454792
3.94657e-12	-0.00464133
3.94748e-12	-0.00473492
3.94838e-12	-0.00482869
3.94928e-12	-0.00492264
3.95019e-12	-0.00501678
3.95109e-12	-0.0051111
3.95199e-12	-0.00520559
3.95289e-12	-0.00530028
3.9538e-12	-0.00539514
3.9547e-12	-0.00549019
3.9556e-12	-0.00558542
3.9565e-12	-0.00568083
3.95741e-12	-0.00577643
3.95831e-12	-0.00587221
3.95921e-12	-0.00596817
3.96012e-12	-0.00606432
3.96102e-12	-0.00616065
3.96192e-12	-0.00625716
3.96282e-12	-0.00635386
3.96373e-12	-0.00645074
3.96463e-12	-0.00654781
3.96553e-12	-0.00664506
3.96643e-12	-0.00674249
3.96734e-12	-0.00684011
3.96824e-12	-0.00693791
3.96914e-12	-0.0070359
3.97004e-12	-0.00713407
3.97095e-12	-0.00723243
3.97185e-12	-0.00733097
3.97275e-12	-0.0074297
3.97366e-12	-0.00752861
3.97456e-12	-0.00762771
3.97546e-12	-0.00772699
3.97636e-12	-0.00782646
3.97727e-12	-0.00792611
3.97817e-12	-0.00802595
3.97907e-12	-0.00812598
3.97997e-12	-0.00822619
3.98088e-12	-0.00832659
3.98178e-12	-0.00842717
3.98268e-12	-0.00852794
3.98359e-12	-0.0086289
3.98449e-12	-0.00873004
3.98539e-12	-0.00883137
3.98629e-12	-0.00893289
3.9872e-12	-0.0090346
3.9881e-12	-0.00913649
3.989e-12	-0.00923856
3.9899e-12	-0.00934083
3.99081e-12	-0.00944328
3.99171e-12	-0.00954592
3.99261e-12	-0.00964875
3.99351e-12	-0.00975177
3.99442e-12	-0.00985497
3.99532e-12	-0.00995836
3.99622e-12	-0.0100619
3.99713e-12	-0.0101657
3.99803e-12	-0.0102697
3.99893e-12	-0.0103738
3.99983e-12	-0.0104781
4.00074e-12	-0.0105827
4.00164e-12	-0.0106874
4.00254e-12	-0.0107923
4.00344e-12	-0.0108974
4.00435e-12	-0.0110026
4.00525e-12	-0.0111081
4.00615e-12	-0.0112138
4.00706e-12	-0.0113196
4.00796e-12	-0.0114256
4.00886e-12	-0.0115319
4.00976e-12	-0.0116383
4.01067e-12	-0.0117449
4.01157e-12	-0.0118517
4.01247e-12	-0.0119587
4.01337e-12	-0.0120658
4.01428e-12	-0.0121732
4.01518e-12	-0.0122807
4.01608e-12	-0.0123885
4.01698e-12	-0.0124964
4.01789e-12	-0.0126045
4.01879e-12	-0.0127129
4.01969e-12	-0.0128214
4.0206e-12	-0.0129301
4.0215e-12	-0.013039
4.0224e-12	-0.013148
4.0233e-12	-0.0132573
4.02421e-12	-0.0133668
4.02511e-12	-0.0134764
4.02601e-12	-0.0135863
4.02691e-12	-0.0136963
4.02782e-12	-0.0138065
4.02872e-12	-0.0139169
4.02962e-12	-0.0140276
4.03053e-12	-0.0141384
4.03143e-12	-0.0142494
4.03233e-12	-0.0143605
4.03323e-12	-0.0144719
4.03414e-12	-0.0145835
4.03504e-12	-0.0146953
4.03594e-12	-0.0148072
4.03684e-12	-0.0149194
4.03775e-12	-0.0150317
4.03865e-12	-0.0151443
4.03955e-12	-0.015257
4.04045e-12	-0.0153699
4.04136e-12	-0.015483
4.04226e-12	-0.0155963
4.04316e-12	-0.0157098
4.04407e-12	-0.0158235
4.04497e-12	-0.0159374
4.04587e-12	-0.0160515
4.04677e-12	-0.0161658
4.04768e-12	-0.0162802
4.04858e-12	-0.0163949
4.04948e-12	-0.0165098
4.05038e-12	-0.0166248
4.05129e-12	-0.0167401
4.05219e-12	-0.0168555
4.05309e-12	-0.0169711
4.054e-12	-0.017087
4.0549e-12	-0.017203
4.0558e-12	-0.0173192
4.0567e-12	-0.0174356
4.05761e-12	-0.0175522
4.05851e-12	-0.017669
4.05941e-12	-0.017786
4.06031e-12	-0.0179032
4.06122e-12	-0.0180206
4.06212e-12	-0.0181382
4.06302e-12	-0.018256
4.06392e-12	-0.018374
4.06483e-12	-0.0184921
4.06573e-12	-0.0186105
4.06663e-12	-0.0187291
4.06754e-12	-0.0188478
4.06844e-12	-0.0189668
4.06934e-12	-0.0190859
4.07024e-12	-0.0192053
4.07115e-12	-0.0193248
4.07205e-12	-0.0194445
4.07295e-12	-0.0195645
4.07385e-12	-0.0196846
4.07476e-12	-0.0198049
4.07566e-12	-0.0199255
4.07656e-12	-0.0200462
4.07747e-12	-0.0201671
4.07837e-12	-0.0202882
4.07927e-12	-0.0204095
4.08017e-12	-0.020531
4.08108e-12	-0.0206527
4.08198e-12	-0.0207746
4.08288e-12	-0.0208967
4.08378e-12	-0.021019
4.08469e-12	-0.0211415
4.08559e-12	-0.0212642
4.08649e-12	-0.0213871
4.08739e-12	-0.0215102
4.0883e-12	-0.0216335
4.0892e-12	-0.021757
4.0901e-12	-0.0218806
4.09101e-12	-0.0220045
4.09191e-12	-0.0221286
4.09281e-12	-0.0222529
4.09371e-12	-0.0223773
4.09462e-12	-0.022502
4.09552e-12	-0.0226269
4.09642e-12	-0.022752
4.09732e-12	-0.0228772
4.09823e-12	-0.0230027
4.09913e-12	-0.0231283
4.10003e-12	-0.0232542
4.10094e-12	-0.0233803
4.10184e-12	-0.0235065
4.10274e-12	-0.023633
4.10364e-12	-0.0237596
4.10455e-12	-0.0238865
4.10545e-12	-0.0240136
4.10635e-12	-0.0241408
4.10725e-12	-0.0242683
4.10816e-12	-0.0243959
4.10906e-12	-0.0245238
4.10996e-12	-0.0246518
4.11086e-12	-0.0247801
4.11177e-12	-0.0249085
4.11267e-12	-0.0250372
4.11357e-12	-0.025166
4.11448e-12	-0.0252951
4.11538e-12	-0.0254243
4.11628e-12	-0.0255538
4.11718e-12	-0.0256834
4.11809e-12	-0.0258133
4.11899e-12	-0.0259433
4.11989e-12	-0.0260736
4.12079e-12	-0.026204
4.1217e-12	-0.0263347
4.1226e-12	-0.0264655
4.1235e-12	-0.0265966
4.12441e-12	-0.0267278
4.12531e-12	-0.0268593
4.12621e-12	-0.0269909
4.12711e-12	-0.0271228
4.12802e-12	-0.0272549
4.12892e-12	-0.0273871
4.12982e-12	-0.0275196
4.13072e-12	-0.0276522
4.13163e-12	-0.0277851
4.13253e-12	-0.0279182
4.13343e-12	-0.0280514
4.13433e-12	-0.0281849
4.13524e-12	-0.0283185
4.13614e-12	-0.0284524
4.13704e-12	-0.0285865
4.13795e-12	-0.0287207
4.13885e-12	-0.0288552
4.13975e-12	-0.0289899
4.14065e-12	-0.0291248
4.14156e-12	-0.0292598
4.14246e-12	-0.0293951
4.14336e-12	-0.0295306
4.14426e-12	-0.0296663
4.14517e-12	-0.0298021
4.14607e-12	-0.0299382
4.14697e-12	-0.0300745
4.14788e-12	-0.030211
4.14878e-12	-0.0303477
4.14968e-12	-0.0304846
4.15058e-12	-0.0306217
4.15149e-12	-0.030759
4.15239e-12	-0.0308965
4.15329e-12	-0.0310342
4.15419e-12	-0.0311721
4.1551e-12	-0.0313102
4.156e-12	-0.0314485
4.1569e-12	-0.031587
4.1578e-12	-0.0317257
4.15871e-12	-0.0318647
4.15961e-12	-0.0320038
4.16051e-12	-0.0321431
4.16142e-12	-0.0322826
4.16232e-12	-0.0324224
4.16322e-12	-0.0325623
4.16412e-12	-0.0327024
4.16503e-12	-0.0328428
4.16593e-12	-0.0329833
4.16683e-12	-0.033124
4.16773e-12	-0.033265
4.16864e-12	-0.0334061
4.16954e-12	-0.0335475
4.17044e-12	-0.0336891
4.17135e-12	-0.0338308
4.17225e-12	-0.0339728
4.17315e-12	-0.0341149
4.17405e-12	-0.0342573
4.17496e-12	-0.0343999
4.17586e-12	-0.0345427
4.17676e-12	-0.0346856
4.17766e-12	-0.0348288
4.17857e-12	-0.0349722
4.17947e-12	-0.0351158
4.18037e-12	-0.0352596
4.18127e-12	-0.0354036
4.18218e-12	-0.0355478
4.18308e-12	-0.0356922
4.18398e-12	-0.0358368
4.18489e-12	-0.0359817
4.18579e-12	-0.0361267
4.18669e-12	-0.0362719
4.18759e-12	-0.0364173
4.1885e-12	-0.036563
4.1894e-12	-0.0367088
4.1903e-12	-0.0368548
4.1912e-12	-0.0370011
4.19211e-12	-0.0371475
4.19301e-12	-0.0372942
4.19391e-12	-0.037441
4.19482e-12	-0.0375881
4.19572e-12	-0.0377354
4.19662e-12	-0.0378828
4.19752e-12	-0.0380305
4.19843e-12	-0.0381784
4.19933e-12	-0.0383265
4.20023e-12	-0.0384748
4.20113e-12	-0.0386233
4.20204e-12	-0.0387719
4.20294e-12	-0.0389208
4.20384e-12	-0.03907
4.20474e-12	-0.0392193
4.20565e-12	-0.0393688
4.20655e-12	-0.0395185
4.20745e-12	-0.0396684
4.20836e-12	-0.0398186
4.20926e-12	-0.0399689
4.21016e-12	-0.0401194
4.21106e-12	-0.0402702
4.21197e-12	-0.0404211
4.21287e-12	-0.0405723
4.21377e-12	-0.0407236
4.21467e-12	-0.0408752
4.21558e-12	-0.041027
4.21648e-12	-0.041179
4.21738e-12	-0.0413311
4.21829e-12	-0.0414835
4.21919e-12	-0.0416361
4.22009e-12	-0.0417889
4.22099e-12	-0.0419419
4.2219e-12	-0.0420951
4.2228e-12	-0.0422485
4.2237e-12	-0.0424021
4.2246e-12	-0.042556
4.22551e-12	-0.04271
4.22641e-12	-0.0428642
4.22731e-12	-0.0430186
4.22821e-12	-0.0431733
4.22912e-12	-0.0433281
4.23002e-12	-0.0434832
4.23092e-12	-0.0436384
4.23183e-12	-0.0437939
4.23273e-12	-0.0439496
4.23363e-12	-0.0441054
4.23453e-12	-0.0442615
4.23544e-12	-0.0444178
4.23634e-12	-0.0445743
4.23724e-12	-0.044731
4.23814e-12	-0.0448879
4.23905e-12	-0.045045
4.23995e-12	-0.0452023
4.24085e-12	-0.0453598
4.24176e-12	-0.0455175
4.24266e-12	-0.0456755
4.24356e-12	-0.0458336
4.24446e-12	-0.0459919
4.24537e-12	-0.0461505
4.24627e-12	-0.0463092
4.24717e-12	-0.0464682
4.24807e-12	-0.0466274
4.24898e-12	-0.0467867
4.24988e-12	-0.0469463
4.25078e-12	-0.0471061
4.25168e-12	-0.047266
4.25259e-12	-0.0474262
4.25349e-12	-0.0475866
4.25439e-12	-0.0477472
4.2553e-12	-0.047908
4.2562e-12	-0.048069
4.2571e-12	-0.0482303
4.258e-12	-0.0483917
4.25891e-12	-0.0485533
4.25981e-12	-0.0487151
4.26071e-12	-0.0488772
4.26161e-12	-0.0490394
4.26252e-12	-0.0492019
4.26342e-12	-0.0493645
4.26432e-12	-0.0495274
4.26523e-12	-0.0496904
4.26613e-12	-0.0498537
4.26703e-12	-0.0500172
4.26793e-12	-0.0501809
4.26884e-12	-0.0503447
4.26974e-12	-0.0505088
4.27064e-12	-0.0506731
4.27154e-12	-0.0508376
4.27245e-12	-0.0510023
4.27335e-12	-0.0511673
4.27425e-12	-0.0513324
4.27515e-12	-0.0514977
4.27606e-12	-0.0516632
4.27696e-12	-0.051829
4.27786e-12	-0.0519949
4.27877e-12	-0.0521611
4.27967e-12	-0.0523274
4.28057e-12	-0.052494
4.28147e-12	-0.0526607
4.28238e-12	-0.0528277
4.28328e-12	-0.0529949
4.28418e-12	-0.0531622
4.28508e-12	-0.0533298
4.28599e-12	-0.0534976
4.28689e-12	-0.0536656
4.28779e-12	-0.0538338
4.2887e-12	-0.0540022
4.2896e-12	-0.0541708
4.2905e-12	-0.0543396
4.2914e-12	-0.0545087
4.29231e-12	-0.0546779
4.29321e-12	-0.0548473
4.29411e-12	-0.055017
4.29501e-12	-0.0551868
4.29592e-12	-0.0553568
4.29682e-12	-0.0555271
4.29772e-12	-0.0556976
4.29863e-12	-0.0558682
4.29953e-12	-0.0560391
4.30043e-12	-0.0562101
4.30133e-12	-0.0563814
4.30224e-12	-0.0565529
4.30314e-12	-0.0567246
4.30404e-12	-0.0568965
4.30494e-12	-0.0570686
4.30585e-12	-0.0572409
4.30675e-12	-0.0574134
4.30765e-12	-0.0575861
4.30855e-12	-0.057759
4.30946e-12	-0.0579321
4.31036e-12	-0.0581055
4.31126e-12	-0.058279
4.31217e-12	-0.0584527
4.31307e-12	-0.0586267
4.31397e-12	-0.0588008
4.31487e-12	-0.0589751
4.31578e-12	-0.0591497
4.31668e-12	-0.0593245
4.31758e-12	-0.0594994
4.31848e-12	-0.0596746
4.31939e-12	-0.05985
4.32029e-12	-0.0600255
4.32119e-12	-0.0602013
4.3221e-12	-0.0603773
4.323e-12	-0.0605535
4.3239e-12	-0.0607299
4.3248e-12	-0.0609065
4.32571e-12	-0.0610833
4.32661e-12	-0.0612603
4.32751e-12	-0.0614375
4.32841e-12	-0.0616149
4.32932e-12	-0.0617925
4.33022e-12	-0.0619703
4.33112e-12	-0.0621483
4.33202e-12	-0.0623266
4.33293e-12	-0.062505
4.33383e-12	-0.0626836
4.33473e-12	-0.0628625
4.33564e-12	-0.0630415
4.33654e-12	-0.0632208
4.33744e-12	-0.0634002
4.33834e-12	-0.0635799
4.33925e-12	-0.0637597
4.34015e-12	-0.0639398
4.34105e-12	-0.06412
4.34195e-12	-0.0643005
4.34286e-12	-0.0644812
4.34376e-12	-0.0646621
4.34466e-12	-0.0648431
4.34557e-12	-0.0650244
4.34647e-12	-0.0652059
4.34737e-12	-0.0653876
4.34827e-12	-0.0655695
4.34918e-12	-0.0657516
4.35008e-12	-0.0659339
4.35098e-12	-0.0661164
4.35188e-12	-0.0662991
4.35279e-12	-0.066482
4.35369e-12	-0.0666651
4.35459e-12	-0.0668484
4.35549e-12	-0.0670319
4.3564e-12	-0.0672156
4.3573e-12	-0.0673995
4.3582e-12	-0.0675836
4.35911e-12	-0.067768
4.36001e-12	-0.0679525
4.36091e-12	-0.0681372
4.36181e-12	-0.0683221
4.36272e-12	-0.0685073
4.36362e-12	-0.0686926
4.36452e-12	-0.0688781
4.36542e-12	-0.0690639
4.36633e-12	-0.0692498
4.36723e-12	-0.0694359
4.36813e-12	-0.0696223
4.36904e-12	-0.0698088
4.36994e-12	-0.0699956
4.37084e-12	-0.0701825
4.37174e-12	-0.0703697
4.37265e-12	-0.070557
4.37355e-12	-0.0707446
4.37445e-12	-0.0709323
4.37535e-12	-0.0711203
4.37626e-12	-0.0713084
4.37716e-12	-0.0714968
4.37806e-12	-0.0716853
4.37896e-12	-0.0718741
4.37987e-12	-0.0720631
4.38077e-12	-0.0722522
4.38167e-12	-0.0724416
4.38258e-12	-0.0726311
4.38348e-12	-0.0728209
4.38438e-12	-0.0730109
4.38528e-12	-0.073201
4.38619e-12	-0.0733914
4.38709e-12	-0.0735819
4.38799e-12	-0.0737727
4.38889e-12	-0.0739637
4.3898e-12	-0.0741548
4.3907e-12	-0.0743462
4.3916e-12	-0.0745378
4.39251e-12	-0.0747295
4.39341e-12	-0.0749215
4.39431e-12	-0.0751136
4.39521e-12	-0.075306
4.39612e-12	-0.0754986
4.39702e-12	-0.0756913
4.39792e-12	-0.0758843
4.39882e-12	-0.0760775
4.39973e-12	-0.0762708
4.40063e-12	-0.0764644
4.40153e-12	-0.0766581
4.40243e-12	-0.0768521
4.40334e-12	-0.0770462
4.40424e-12	-0.0772406
4.40514e-12	-0.0774351
4.40605e-12	-0.0776299
4.40695e-12	-0.0778248
4.40785e-12	-0.07802
4.40875e-12	-0.0782153
4.40966e-12	-0.0784109
4.41056e-12	-0.0786066
4.41146e-12	-0.0788026
4.41236e-12	-0.0789987
4.41327e-12	-0.079195
4.41417e-12	-0.0793916
4.41507e-12	-0.0795883
4.41598e-12	-0.0797852
4.41688e-12	-0.0799823
4.41778e-12	-0.0801797
4.41868e-12	-0.0803772
4.41959e-12	-0.0805749
4.42049e-12	-0.0807728
4.42139e-12	-0.0809709
4.42229e-12	-0.0811692
4.4232e-12	-0.0813678
4.4241e-12	-0.0815665
4.425e-12	-0.0817654
4.4259e-12	-0.0819645
4.42681e-12	-0.0821637
4.42771e-12	-0.0823632
4.42861e-12	-0.0825629
4.42952e-12	-0.0827628
4.43042e-12	-0.0829629
4.43132e-12	-0.0831631
4.43222e-12	-0.0833636
4.43313e-12	-0.0835643
4.43403e-12	-0.0837651
4.43493e-12	-0.0839662
4.43583e-12	-0.0841674
4.43674e-12	-0.0843689
4.43764e-12	-0.0845705
4.43854e-12	-0.0847724
4.43945e-12	-0.0849744
4.44035e-12	-0.0851766
4.44125e-12	-0.085379
4.44215e-12	-0.0855817
4.44306e-12	-0.0857845
4.44396e-12	-0.0859875
4.44486e-12	-0.0861907
4.44576e-12	-0.0863941
4.44667e-12	-0.0865976
4.44757e-12	-0.0868014
4.44847e-12	-0.0870054
4.44937e-12	-0.0872096
4.45028e-12	-0.0874139
4.45118e-12	-0.0876185
4.45208e-12	-0.0878232
4.45299e-12	-0.0880282
4.45389e-12	-0.0882333
4.45479e-12	-0.0884386
4.45569e-12	-0.0886441
4.4566e-12	-0.0888499
4.4575e-12	-0.0890558
4.4584e-12	-0.0892619
4.4593e-12	-0.0894682
4.46021e-12	-0.0896746
4.46111e-12	-0.0898813
4.46201e-12	-0.0900882
4.46292e-12	-0.0902952
4.46382e-12	-0.0905025
4.46472e-12	-0.0907099
4.46562e-12	-0.0909176
4.46653e-12	-0.0911254
4.46743e-12	-0.0913334
4.46833e-12	-0.0915416
4.46923e-12	-0.09175
4.47014e-12	-0.0919586
4.47104e-12	-0.0921674
4.47194e-12	-0.0923763
4.47284e-12	-0.0925855
4.47375e-12	-0.0927948
4.47465e-12	-0.0930044
4.47555e-12	-0.0932141
4.47646e-12	-0.093424
4.47736e-12	-0.0936341
4.47826e-12	-0.0938444
4.47916e-12	-0.0940549
4.48007e-12	-0.0942656
4.48097e-12	-0.0944765
4.48187e-12	-0.0946875
4.48277e-12	-0.0948988
4.48368e-12	-0.0951102
4.48458e-12	-0.0953218
4.48548e-12	-0.0955336
4.48639e-12	-0.0957456
4.48729e-12	-0.0959578
4.48819e-12	-0.0961702
4.48909e-12	-0.0963828
4.49e-12	-0.0965955
4.4909e-12	-0.0968084
4.4918e-12	-0.0970216
4.4927e-12	-0.0972349
4.49361e-12	-0.0974484
4.49451e-12	-0.0976621
4.49541e-12	-0.0978759
4.49631e-12	-0.09809
4.49722e-12	-0.0983042
4.49812e-12	-0.0985187
4.49902e-12	-0.0987333
4.49993e-12	-0.0989481
4.50083e-12	-0.0991631
4.50173e-12	-0.0993783
4.50263e-12	-0.0995936
4.50354e-12	-0.0998092
4.50444e-12	-0.100025
4.50534e-12	-0.100241
4.50624e-12	-0.100457
4.50715e-12	-0.100673
4.50805e-12	-0.10089
4.50895e-12	-0.101106
4.50986e-12	-0.101323
4.51076e-12	-0.10154
4.51166e-12	-0.101757
4.51256e-12	-0.101975
4.51347e-12	-0.102192
4.51437e-12	-0.10241
4.51527e-12	-0.102628
4.51617e-12	-0.102846
4.51708e-12	-0.103065
4.51798e-12	-0.103283
4.51888e-12	-0.103502
4.51978e-12	-0.103721
4.52069e-12	-0.10394
4.52159e-12	-0.104159
4.52249e-12	-0.104378
4.5234e-12	-0.104598
4.5243e-12	-0.104818
4.5252e-12	-0.105038
4.5261e-12	-0.105258
4.52701e-12	-0.105478
4.52791e-12	-0.105699
4.52881e-12	-0.105919
4.52971e-12	-0.10614
4.53062e-12	-0.106361
4.53152e-12	-0.106582
4.53242e-12	-0.106804
4.53333e-12	-0.107025
4.53423e-12	-0.107247
4.53513e-12	-0.107469
4.53603e-12	-0.107691
4.53694e-12	-0.107913
4.53784e-12	-0.108136
4.53874e-12	-0.108359
4.53964e-12	-0.108581
4.54055e-12	-0.108804
4.54145e-12	-0.109028
4.54235e-12	-0.109251
4.54325e-12	-0.109474
4.54416e-12	-0.109698
4.54506e-12	-0.109922
4.54596e-12	-0.110146
4.54687e-12	-0.11037
4.54777e-12	-0.110595
4.54867e-12	-0.11082
4.54957e-12	-0.111044
4.55048e-12	-0.111269
4.55138e-12	-0.111494
4.55228e-12	-0.11172
4.55318e-12	-0.111945
4.55409e-12	-0.112171
4.55499e-12	-0.112397
4.55589e-12	-0.112623
4.5568e-12	-0.112849
4.5577e-12	-0.113075
4.5586e-12	-0.113302
4.5595e-12	-0.113529
4.56041e-12	-0.113755
4.56131e-12	-0.113983
4.56221e-12	-0.11421
4.56311e-12	-0.114437
4.56402e-12	-0.114665
4.56492e-12	-0.114893
4.56582e-12	-0.11512
4.56672e-12	-0.115349
4.56763e-12	-0.115577
4.56853e-12	-0.115805
4.56943e-12	-0.116034
4.57034e-12	-0.116263
4.57124e-12	-0.116492
4.57214e-12	-0.116721
4.57304e-12	-0.11695
4.57395e-12	-0.11718
4.57485e-12	-0.117409
4.57575e-12	-0.117639
4.57665e-12	-0.117869
4.57756e-12	-0.118099
4.57846e-12	-0.11833
4.57936e-12	-0.11856
4.58027e-12	-0.118791
4.58117e-12	-0.119022
4.58207e-12	-0.119253
4.58297e-12	-0.119484
4.58388e-12	-0.119715
4.58478e-12	-0.119947
4.58568e-12	-0.120178
4.58658e-12	-0.12041
4.58749e-12	-0.120642
4.58839e-12	-0.120875
4.58929e-12	-0.121107
4.59019e-12	-0.121339
4.5911e-12	-0.121572
4.592e-12	-0.121805
4.5929e-12	-0.122038
4.59381e-12	-0.122271
4.59471e-12	-0.122505
4.59561e-12	-0.122738
4.59651e-12	-0.122972
4.59742e-12	-0.123206
4.59832e-12	-0.12344
4.59922e-12	-0.123674
4.60012e-12	-0.123908
4.60103e-12	-0.124143
4.60193e-12	-0.124378
4.60283e-12	-0.124612
4.60374e-12	-0.124847
4.60464e-12	-0.125083
4.60554e-12	-0.125318
4.60644e-12	-0.125553
4.60735e-12	-0.125789
4.60825e-12	-0.126025
4.60915e-12	-0.126261
4.61005e-12	-0.126497
4.61096e-12	-0.126733
4.61186e-12	-0.12697
4.61276e-12	-0.127207
4.61366e-12	-0.127443
4.61457e-12	-0.12768
4.61547e-12	-0.127917
4.61637e-12	-0.128155
4.61728e-12	-0.128392
4.61818e-12	-0.12863
4.61908e-12	-0.128868
4.61998e-12	-0.129106
4.62089e-12	-0.129344
4.62179e-12	-0.129582
4.62269e-12	-0.12982
4.62359e-12	-0.130059
4.6245e-12	-0.130298
4.6254e-12	-0.130536
4.6263e-12	-0.130775
4.62721e-12	-0.131015
4.62811e-12	-0.131254
4.62901e-12	-0.131494
4.62991e-12	-0.131733
4.63082e-12	-0.131973
4.63172e-12	-0.132213
4.63262e-12	-0.132453
4.63352e-12	-0.132694
4.63443e-12	-0.132934
4.63533e-12	-0.133175
4.63623e-12	-0.133415
4.63713e-12	-0.133656
4.63804e-12	-0.133897
4.63894e-12	-0.134139
4.63984e-12	-0.13438
4.64075e-12	-0.134622
4.64165e-12	-0.134863
4.64255e-12	-0.135105
4.64345e-12	-0.135347
4.64436e-12	-0.135589
4.64526e-12	-0.135832
4.64616e-12	-0.136074
4.64706e-12	-0.136317
4.64797e-12	-0.136559
4.64887e-12	-0.136802
4.64977e-12	-0.137045
4.65068e-12	-0.137289
4.65158e-12	-0.137532
4.65248e-12	-0.137775
4.65338e-12	-0.138019
4.65429e-12	-0.138263
4.65519e-12	-0.138507
4.65609e-12	-0.138751
4.65699e-12	-0.138995
4.6579e-12	-0.13924
4.6588e-12	-0.139484
4.6597e-12	-0.139729
4.6606e-12	-0.139974
4.66151e-12	-0.140219
4.66241e-12	-0.140464
4.66331e-12	-0.140709
4.66422e-12	-0.140955
4.66512e-12	-0.1412
4.66602e-12	-0.141446
4.66692e-12	-0.141692
4.66783e-12	-0.141938
4.66873e-12	-0.142184
4.66963e-12	-0.142431
4.67053e-12	-0.142677
4.67144e-12	-0.142924
4.67234e-12	-0.14317
4.67324e-12	-0.143417
4.67415e-12	-0.143664
4.67505e-12	-0.143912
4.67595e-12	-0.144159
4.67685e-12	-0.144406
4.67776e-12	-0.144654
4.67866e-12	-0.144902
4.67956e-12	-0.14515
4.68046e-12	-0.145398
4.68137e-12	-0.145646
4.68227e-12	-0.145894
4.68317e-12	-0.146143
4.68407e-12	-0.146391
4.68498e-12	-0.14664
4.68588e-12	-0.146889
4.68678e-12	-0.147138
4.68769e-12	-0.147387
4.68859e-12	-0.147637
4.68949e-12	-0.147886
4.69039e-12	-0.148136
4.6913e-12	-0.148385
4.6922e-12	-0.148635
4.6931e-12	-0.148885
4.694e-12	-0.149135
4.69491e-12	-0.149386
4.69581e-12	-0.149636
4.69671e-12	-0.149887
4.69762e-12	-0.150137
4.69852e-12	-0.150388
4.69942e-12	-0.150639
4.70032e-12	-0.15089
4.70123e-12	-0.151142
4.70213e-12	-0.151393
4.70303e-12	-0.151644
4.70393e-12	-0.151896
4.70484e-12	-0.152148
4.70574e-12	-0.1524
4.70664e-12	-0.152652
4.70755e-12	-0.152904
4.70845e-12	-0.153156
4.70935e-12	-0.153409
4.71025e-12	-0.153661
4.71116e-12	-0.153914
4.71206e-12	-0.154167
4.71296e-12	-0.15442
4.71386e-12	-0.154673
4.71477e-12	-0.154926
4.71567e-12	-0.155179
4.71657e-12	-0.155433
4.71747e-12	-0.155687
4.71838e-12	-0.15594
4.71928e-12	-0.156194
4.72018e-12	-0.156448
4.72109e-12	-0.156702
4.72199e-12	-0.156957
4.72289e-12	-0.157211
4.72379e-12	-0.157465
4.7247e-12	-0.15772
4.7256e-12	-0.157975
4.7265e-12	-0.15823
4.7274e-12	-0.158485
4.72831e-12	-0.15874
4.72921e-12	-0.158995
4.73011e-12	-0.159251
4.73102e-12	-0.159506
4.73192e-12	-0.159762
4.73282e-12	-0.160017
4.73372e-12	-0.160273
4.73463e-12	-0.160529
4.73553e-12	-0.160785
4.73643e-12	-0.161042
4.73733e-12	-0.161298
4.73824e-12	-0.161555
4.73914e-12	-0.161811
4.74004e-12	-0.162068
4.74094e-12	-0.162325
4.74185e-12	-0.162582
4.74275e-12	-0.162839
4.74365e-12	-0.163096
4.74456e-12	-0.163354
4.74546e-12	-0.163611
4.74636e-12	-0.163869
4.74726e-12	-0.164126
4.74817e-12	-0.164384
4.74907e-12	-0.164642
4.74997e-12	-0.1649
4.75087e-12	-0.165158
4.75178e-12	-0.165417
4.75268e-12	-0.165675
4.75358e-12	-0.165933
4.75449e-12	-0.166192
4.75539e-12	-0.166451
4.75629e-12	-0.16671
4.75719e-12	-0.166969
4.7581e-12	-0.167228
4.759e-12	-0.167487
4.7599e-12	-0.167746
4.7608e-12	-0.168006
4.76171e-12	-0.168265
4.76261e-12	-0.168525
4.76351e-12	-0.168785
4.76441e-12	-0.169045
4.76532e-12	-0.169305
4.76622e-12	-0.169565
4.76712e-12	-0.169825
4.76803e-12	-0.170085
4.76893e-12	-0.170346
4.76983e-12	-0.170606
4.77073e-12	-0.170867
4.77164e-12	-0.171128
4.77254e-12	-0.171389
4.77344e-12	-0.17165
4.77434e-12	-0.171911
4.77525e-12	-0.172172
4.77615e-12	-0.172433
4.77705e-12	-0.172695
4.77796e-12	-0.172956
4.77886e-12	-0.173218
4.77976e-12	-0.173479
4.78066e-12	-0.173741
4.78157e-12	-0.174003
4.78247e-12	-0.174265
4.78337e-12	-0.174527
4.78427e-12	-0.17479
4.78518e-12	-0.175052
4.78608e-12	-0.175314
4.78698e-12	-0.175577
4.78788e-12	-0.17584
4.78879e-12	-0.176102
4.78969e-12	-0.176365
4.79059e-12	-0.176628
4.7915e-12	-0.176891
4.7924e-12	-0.177155
4.7933e-12	-0.177418
4.7942e-12	-0.177681
4.79511e-12	-0.177945
4.79601e-12	-0.178208
4.79691e-12	-0.178472
4.79781e-12	-0.178736
4.79872e-12	-0.178999
4.79962e-12	-0.179263
4.80052e-12	-0.179527
4.80143e-12	-0.179792
4.80233e-12	-0.180056
4.80323e-12	-0.18032
4.80413e-12	-0.180585
4.80504e-12	-0.180849
4.80594e-12	-0.181114
4.80684e-12	-0.181379
4.80774e-12	-0.181643
4.80865e-12	-0.181908
4.80955e-12	-0.182173
4.81045e-12	-0.182438
4.81135e-12	-0.182704
4.81226e-12	-0.182969
4.81316e-12	-0.183234
4.81406e-12	-0.1835
4.81497e-12	-0.183765
4.81587e-12	-0.184031
4.81677e-12	-0.184297
4.81767e-12	-0.184562
4.81858e-12	-0.184828
4.81948e-12	-0.185094
4.82038e-12	-0.18536
4.82128e-12	-0.185627
4.82219e-12	-0.185893
4.82309e-12	-0.186159
4.82399e-12	-0.186426
4.8249e-12	-0.186692
4.8258e-12	-0.186959
4.8267e-12	-0.187225
4.8276e-12	-0.187492
4.82851e-12	-0.187759
4.82941e-12	-0.188026
4.83031e-12	-0.188293
4.83121e-12	-0.18856
4.83212e-12	-0.188827
4.83302e-12	-0.189095
4.83392e-12	-0.189362
4.83482e-12	-0.189629
4.83573e-12	-0.189897
4.83663e-12	-0.190165
4.83753e-12	-0.190432
4.83844e-12	-0.1907
4.83934e-12	-0.190968
4.84024e-12	-0.191236
4.84114e-12	-0.191504
4.84205e-12	-0.191772
4.84295e-12	-0.19204
4.84385e-12	-0.192308
4.84475e-12	-0.192576
4.84566e-12	-0.192845
4.84656e-12	-0.193113
4.84746e-12	-0.193382
4.84837e-12	-0.19365
4.84927e-12	-0.193919
4.85017e-12	-0.194188
4.85107e-12	-0.194457
4.85198e-12	-0.194726
4.85288e-12	-0.194995
4.85378e-12	-0.195264
4.85468e-12	-0.195533
4.85559e-12	-0.195802
4.85649e-12	-0.196071
4.85739e-12	-0.196341
4.85829e-12	-0.19661
4.8592e-12	-0.19688
4.8601e-12	-0.197149
4.861e-12	-0.197419
4.86191e-12	-0.197688
4.86281e-12	-0.197958
4.86371e-12	-0.198228
4.86461e-12	-0.198498
4.86552e-12	-0.198768
4.86642e-12	-0.199038
4.86732e-12	-0.199308
4.86822e-12	-0.199578
4.86913e-12	-0.199848
4.87003e-12	-0.200119
4.87093e-12	-0.200389
4.87184e-12	-0.200659
4.87274e-12	-0.20093
4.87364e-12	-0.2012
4.87454e-12	-0.201471
4.87545e-12	-0.201742
4.87635e-12	-0.202012
4.87725e-12	-0.202283
4.87815e-12	-0.202554
4.87906e-12	-0.202825
4.87996e-12	-0.203096
4.88086e-12	-0.203367
4.88176e-12	-0.203638
4.88267e-12	-0.203909
4.88357e-12	-0.20418
4.88447e-12	-0.204452
4.88538e-12	-0.204723
4.88628e-12	-0.204994
4.88718e-12	-0.205266
4.88808e-12	-0.205537
4.88899e-12	-0.205809
4.88989e-12	-0.20608
4.89079e-12	-0.206352
4.89169e-12	-0.206624
4.8926e-12	-0.206896
4.8935e-12	-0.207167
4.8944e-12	-0.207439
4.89531e-12	-0.207711
4.89621e-12	-0.207983
4.89711e-12	-0.208255
4.89801e-12	-0.208527
4.89892e-12	-0.208799
4.89982e-12	-0.209072
4.90072e-12	-0.209344
4.90162e-12	-0.209616
4.90253e-12	-0.209888
4.90343e-12	-0.210161
4.90433e-12	-0.210433
4.90523e-12	-0.210706
4.90614e-12	-0.210978
4.90704e-12	-0.211251
4.90794e-12	-0.211523
4.90885e-12	-0.211796
4.90975e-12	-0.212069
4.91065e-12	-0.212341
4.91155e-12	-0.212614
4.91246e-12	-0.212887
4.91336e-12	-0.21316
4.91426e-12	-0.213433
4.91516e-12	-0.213706
4.91607e-12	-0.213979
4.91697e-12	-0.214252
4.91787e-12	-0.214525
4.91878e-12	-0.214798
4.91968e-12	-0.215071
4.92058e-12	-0.215344
4.92148e-12	-0.215617
4.92239e-12	-0.215891
4.92329e-12	-0.216164
4.92419e-12	-0.216437
4.92509e-12	-0.216711
4.926e-12	-0.216984
4.9269e-12	-0.217257
4.9278e-12	-0.217531
4.9287e-12	-0.217804
4.92961e-12	-0.218078
4.93051e-12	-0.218352
4.93141e-12	-0.218625
4.93232e-12	-0.218899
4.93322e-12	-0.219173
4.93412e-12	-0.219446
4.93502e-12	-0.21972
4.93593e-12	-0.219994
4.93683e-12	-0.220268
4.93773e-12	-0.220541
4.93863e-12	-0.220815
4.93954e-12	-0.221089
4.94044e-12	-0.221363
4.94134e-12	-0.221637
4.94225e-12	-0.221911
4.94315e-12	-0.222185
4.94405e-12	-0.222459
4.94495e-12	-0.222733
4.94586e-12	-0.223007
4.94676e-12	-0.223281
4.94766e-12	-0.223555
4.94856e-12	-0.22383
4.94947e-12	-0.224104
4.95037e-12	-0.224378
4.95127e-12	-0.224652
4.95217e-12	-0.224926
4.95308e-12	-0.225201
4.95398e-12	-0.225475
4.95488e-12	-0.225749
4.95579e-12	-0.226023
4.95669e-12	-0.226298
4.95759e-12	-0.226572
4.95849e-12	-0.226847
4.9594e-12	-0.227121
4.9603e-12	-0.227395
4.9612e-12	-0.22767
4.9621e-12	-0.227944
4.96301e-12	-0.228219
4.96391e-12	-0.228493
4.96481e-12	-0.228768
4.96572e-12	-0.229042
4.96662e-12	-0.229317
4.96752e-12	-0.229591
4.96842e-12	-0.229866
4.96933e-12	-0.23014
4.97023e-12	-0.230415
4.97113e-12	-0.230689
4.97203e-12	-0.230964
4.97294e-12	-0.231238
4.97384e-12	-0.231513
4.97474e-12	-0.231788
4.97564e-12	-0.232062
4.97655e-12	-0.232337
4.97745e-12	-0.232612
4.97835e-12	-0.232886
4.97926e-12	-0.233161
4.98016e-12	-0.233435
4.98106e-12	-0.23371
4.98196e-12	-0.233985
4.98287e-12	-0.234259
4.98377e-12	-0.234534
4.98467e-12	-0.234809
4.98557e-12	-0.235083
4.98648e-12	-0.235358
4.98738e-12	-0.235633
4.98828e-12	-0.235907
4.98919e-12	-0.236182
4.99009e-12	-0.236457
4.99099e-12	-0.236731
4.99189e-12	-0.237006
4.9928e-12	-0.237281
4.9937e-12	-0.237555
4.9946e-12	-0.23783
4.9955e-12	-0.238105
4.99641e-12	-0.238379
4.99731e-12	-0.238654
4.99821e-12	-0.238929
4.99911e-12	-0.239203
5.00002e-12	-0.239478
5.00092e-12	-0.239753
5.00182e-12	-0.240027
5.00273e-12	-0.240302
5.00363e-12	-0.240576
5.00453e-12	-0.240851
5.00543e-12	-0.241126
5.00634e-12	-0.2414
5.00724e-12	-0.241675
5.00814e-12	-0.241949
5.00904e-12	-0.242224
5.00995e-12	-0.242498
5.01085e-12	-0.242773
5.01175e-12	-0.243047
5.01266e-12	-0.243322
5.01356e-12	-0.243596
5.01446e-12	-0.243871
5.01536e-12	-0.244145
5.01627e-12	-0.244419
5.01717e-12	-0.244694
5.01807e-12	-0.244968
5.01897e-12	-0.245243
5.01988e-12	-0.245517
5.02078e-12	-0.245791
5.02168e-12	-0.246066
5.02258e-12	-0.24634
5.02349e-12	-0.246614
5.02439e-12	-0.246888
5.02529e-12	-0.247163
5.0262e-12	-0.247437
5.0271e-12	-0.247711
5.028e-12	-0.247985
5.0289e-12	-0.248259
5.02981e-12	-0.248533
5.03071e-12	-0.248807
5.03161e-12	-0.249082
5.03251e-12	-0.249356
5.03342e-12	-0.24963
5.03432e-12	-0.249904
5.03522e-12	-0.250178
5.03613e-12	-0.250451
5.03703e-12	-0.250725
5.03793e-12	-0.250999
5.03883e-12	-0.251273
5.03974e-12	-0.251547
5.04064e-12	-0.251821
5.04154e-12	-0.252094
5.04244e-12	-0.252368
5.04335e-12	-0.252642
5.04425e-12	-0.252915
5.04515e-12	-0.253189
5.04605e-12	-0.253462
5.04696e-12	-0.253736
5.04786e-12	-0.254009
5.04876e-12	-0.254283
5.04967e-12	-0.254556
5.05057e-12	-0.25483
5.05147e-12	-0.255103
5.05237e-12	-0.255376
5.05328e-12	-0.25565
5.05418e-12	-0.255923
5.05508e-12	-0.256196
5.05598e-12	-0.256469
5.05689e-12	-0.256742
5.05779e-12	-0.257015
5.05869e-12	-0.257288
5.0596e-12	-0.257561
5.0605e-12	-0.257834
5.0614e-12	-0.258107
5.0623e-12	-0.25838
5.06321e-12	-0.258653
5.06411e-12	-0.258925
5.06501e-12	-0.259198
5.06591e-12	-0.259471
5.06682e-12	-0.259743
5.06772e-12	-0.260016
5.06862e-12	-0.260288
5.06952e-12	-0.260561
5.07043e-12	-0.260833
5.07133e-12	-0.261106
5.07223e-12	-0.261378
5.07314e-12	-0.26165
5.07404e-12	-0.261922
5.07494e-12	-0.262194
5.07584e-12	-0.262467
5.07675e-12	-0.262739
5.07765e-12	-0.263011
5.07855e-12	-0.263282
5.07945e-12	-0.263554
5.08036e-12	-0.263826
5.08126e-12	-0.264098
5.08216e-12	-0.26437
5.08307e-12	-0.264641
5.08397e-12	-0.264913
5.08487e-12	-0.265184
5.08577e-12	-0.265456
5.08668e-12	-0.265727
5.08758e-12	-0.265998
5.08848e-12	-0.26627
5.08938e-12	-0.266541
5.09029e-12	-0.266812
5.09119e-12	-0.267083
5.09209e-12	-0.267354
5.093e-12	-0.267625
5.0939e-12	-0.267896
5.0948e-12	-0.268167
5.0957e-12	-0.268437
5.09661e-12	-0.268708
5.09751e-12	-0.268979
5.09841e-12	-0.269249
5.09931e-12	-0.26952
5.10022e-12	-0.26979
5.10112e-12	-0.27006
5.10202e-12	-0.270331
5.10292e-12	-0.270601
5.10383e-12	-0.270871
5.10473e-12	-0.271141
5.10563e-12	-0.271411
5.10654e-12	-0.271681
5.10744e-12	-0.27195
5.10834e-12	-0.27222
5.10924e-12	-0.27249
5.11015e-12	-0.272759
5.11105e-12	-0.273029
5.11195e-12	-0.273298
5.11285e-12	-0.273568
5.11376e-12	-0.273837
5.11466e-12	-0.274106
5.11556e-12	-0.274375
5.11647e-12	-0.274644
5.11737e-12	-0.274913
5.11827e-12	-0.275182
5.11917e-12	-0.275451
5.12008e-12	-0.275719
5.12098e-12	-0.275988
5.12188e-12	-0.276256
5.12278e-12	-0.276525
5.12369e-12	-0.276793
5.12459e-12	-0.277061
5.12549e-12	-0.27733
5.12639e-12	-0.277598
5.1273e-12	-0.277866
5.1282e-12	-0.278133
5.1291e-12	-0.278401
5.13001e-12	-0.278669
5.13091e-12	-0.278937
5.13181e-12	-0.279204
5.13271e-12	-0.279471
5.13362e-12	-0.279739
5.13452e-12	-0.280006
5.13542e-12	-0.280273
5.13632e-12	-0.28054
5.13723e-12	-0.280807
5.13813e-12	-0.281074
5.13903e-12	-0.281341
5.13994e-12	-0.281607
5.14084e-12	-0.281874
5.14174e-12	-0.28214
5.14264e-12	-0.282407
5.14355e-12	-0.282673
5.14445e-12	-0.282939
5.14535e-12	-0.283205
5.14625e-12	-0.283471
5.14716e-12	-0.283737
5.14806e-12	-0.284003
5.14896e-12	-0.284268
5.14986e-12	-0.284534
5.15077e-12	-0.284799
5.15167e-12	-0.285065
5.15257e-12	-0.28533
5.15348e-12	-0.285595
5.15438e-12	-0.28586
5.15528e-12	-0.286125
5.15618e-12	-0.28639
5.15709e-12	-0.286654
5.15799e-12	-0.286919
5.15889e-12	-0.287183
5.15979e-12	-0.287448
5.1607e-12	-0.287712
5.1616e-12	-0.287976
5.1625e-12	-0.28824
5.16341e-12	-0.288504
5.16431e-12	-0.288768
5.16521e-12	-0.289031
5.16611e-12	-0.289295
5.16702e-12	-0.289558
5.16792e-12	-0.289822
5.16882e-12	-0.290085
5.16972e-12	-0.290348
5.17063e-12	-0.290611
5.17153e-12	-0.290874
5.17243e-12	-0.291136
5.17333e-12	-0.291399
5.17424e-12	-0.291661
5.17514e-12	-0.291924
5.17604e-12	-0.292186
5.17695e-12	-0.292448
5.17785e-12	-0.29271
5.17875e-12	-0.292972
5.17965e-12	-0.293233
5.18056e-12	-0.293495
5.18146e-12	-0.293756
5.18236e-12	-0.294018
5.18326e-12	-0.294279
5.18417e-12	-0.29454
5.18507e-12	-0.294801
5.18597e-12	-0.295062
5.18688e-12	-0.295322
5.18778e-12	-0.295583
5.18868e-12	-0.295843
5.18958e-12	-0.296103
5.19049e-12	-0.296364
5.19139e-12	-0.296624
5.19229e-12	-0.296883
5.19319e-12	-0.297143
5.1941e-12	-0.297403
5.195e-12	-0.297662
5.1959e-12	-0.297921
5.1968e-12	-0.298181
5.19771e-12	-0.29844
5.19861e-12	-0.298698
5.19951e-12	-0.298957
5.20042e-12	-0.299216
5.20132e-12	-0.299474
5.20222e-12	-0.299733
5.20312e-12	-0.299991
5.20403e-12	-0.300249
5.20493e-12	-0.300507
5.20583e-12	-0.300764
5.20673e-12	-0.301022
5.20764e-12	-0.301279
5.20854e-12	-0.301537
5.20944e-12	-0.301794
5.21035e-12	-0.302051
5.21125e-12	-0.302308
5.21215e-12	-0.302564
5.21305e-12	-0.302821
5.21396e-12	-0.303077
5.21486e-12	-0.303333
5.21576e-12	-0.303589
5.21666e-12	-0.303845
5.21757e-12	-0.304101
5.21847e-12	-0.304357
5.21937e-12	-0.304612
5.22027e-12	-0.304868
5.22118e-12	-0.305123
5.22208e-12	-0.305378
5.22298e-12	-0.305633
5.22389e-12	-0.305887
5.22479e-12	-0.306142
5.22569e-12	-0.306396
5.22659e-12	-0.30665
5.2275e-12	-0.306904
5.2284e-12	-0.307158
5.2293e-12	-0.307412
5.2302e-12	-0.307665
5.23111e-12	-0.307919
5.23201e-12	-0.308172
5.23291e-12	-0.308425
5.23382e-12	-0.308678
5.23472e-12	-0.30893
5.23562e-12	-0.309183
5.23652e-12	-0.309435
5.23743e-12	-0.309687
5.23833e-12	-0.309939
5.23923e-12	-0.310191
5.24013e-12	-0.310443
5.24104e-12	-0.310694
5.24194e-12	-0.310946
5.24284e-12	-0.311197
5.24374e-12	-0.311448
5.24465e-12	-0.311699
5.24555e-12	-0.311949
5.24645e-12	-0.3122
5.24736e-12	-0.31245
5.24826e-12	-0.3127
5.24916e-12	-0.31295
5.25006e-12	-0.3132
5.25097e-12	-0.313449
5.25187e-12	-0.313699
5.25277e-12	-0.313948
5.25367e-12	-0.314197
5.25458e-12	-0.314446
5.25548e-12	-0.314694
5.25638e-12	-0.314943
5.25729e-12	-0.315191
5.25819e-12	-0.315439
5.25909e-12	-0.315687
5.25999e-12	-0.315935
5.2609e-12	-0.316182
5.2618e-12	-0.31643
5.2627e-12	-0.316677
5.2636e-12	-0.316924
5.26451e-12	-0.31717
5.26541e-12	-0.317417
5.26631e-12	-0.317663
5.26721e-12	-0.31791
5.26812e-12	-0.318156
5.26902e-12	-0.318401
5.26992e-12	-0.318647
5.27083e-12	-0.318892
5.27173e-12	-0.319138
5.27263e-12	-0.319383
5.27353e-12	-0.319627
5.27444e-12	-0.319872
5.27534e-12	-0.320116
5.27624e-12	-0.320361
5.27714e-12	-0.320605
5.27805e-12	-0.320848
5.27895e-12	-0.321092
5.27985e-12	-0.321336
5.28076e-12	-0.321579
5.28166e-12	-0.321822
5.28256e-12	-0.322065
5.28346e-12	-0.322307
5.28437e-12	-0.322549
5.28527e-12	-0.322792
5.28617e-12	-0.323034
5.28707e-12	-0.323275
5.28798e-12	-0.323517
5.28888e-12	-0.323758
5.28978e-12	-0.323999
5.29068e-12	-0.32424
5.29159e-12	-0.324481
5.29249e-12	-0.324722
5.29339e-12	-0.324962
5.2943e-12	-0.325202
5.2952e-12	-0.325442
5.2961e-12	-0.325681
5.297e-12	-0.325921
5.29791e-12	-0.32616
5.29881e-12	-0.326399
5.29971e-12	-0.326638
5.30061e-12	-0.326876
5.30152e-12	-0.327115
5.30242e-12	-0.327353
5.30332e-12	-0.327591
5.30423e-12	-0.327828
5.30513e-12	-0.328066
5.30603e-12	-0.328303
5.30693e-12	-0.32854
5.30784e-12	-0.328777
5.30874e-12	-0.329013
5.30964e-12	-0.32925
5.31054e-12	-0.329486
5.31145e-12	-0.329721
5.31235e-12	-0.329957
5.31325e-12	-0.330192
5.31415e-12	-0.330428
5.31506e-12	-0.330663
5.31596e-12	-0.330897
5.31686e-12	-0.331132
5.31777e-12	-0.331366
5.31867e-12	-0.3316
5.31957e-12	-0.331834
5.32047e-12	-0.332067
5.32138e-12	-0.332301
5.32228e-12	-0.332534
5.32318e-12	-0.332767
5.32408e-12	-0.332999
5.32499e-12	-0.333231
5.32589e-12	-0.333464
5.32679e-12	-0.333695
5.3277e-12	-0.333927
5.3286e-12	-0.334159
5.3295e-12	-0.33439
5.3304e-12	-0.334621
5.33131e-12	-0.334851
5.33221e-12	-0.335082
5.33311e-12	-0.335312
5.33401e-12	-0.335542
5.33492e-12	-0.335771
5.33582e-12	-0.336001
5.33672e-12	-0.33623
5.33762e-12	-0.336459
5.33853e-12	-0.336688
5.33943e-12	-0.336916
5.34033e-12	-0.337144
5.34124e-12	-0.337372
5.34214e-12	-0.3376
5.34304e-12	-0.337827
5.34394e-12	-0.338055
5.34485e-12	-0.338281
5.34575e-12	-0.338508
5.34665e-12	-0.338735
5.34755e-12	-0.338961
5.34846e-12	-0.339187
5.34936e-12	-0.339412
5.35026e-12	-0.339638
5.35117e-12	-0.339863
5.35207e-12	-0.340088
5.35297e-12	-0.340312
5.35387e-12	-0.340536
5.35478e-12	-0.340761
5.35568e-12	-0.340984
5.35658e-12	-0.341208
5.35748e-12	-0.341431
5.35839e-12	-0.341654
5.35929e-12	-0.341877
5.36019e-12	-0.342099
5.36109e-12	-0.342322
5.362e-12	-0.342544
5.3629e-12	-0.342765
5.3638e-12	-0.342987
5.36471e-12	-0.343208
5.36561e-12	-0.343429
5.36651e-12	-0.343649
5.36741e-12	-0.34387
5.36832e-12	-0.34409
5.36922e-12	-0.344309
5.37012e-12	-0.344529
5.37102e-12	-0.344748
5.37193e-12	-0.344967
5.37283e-12	-0.345186
5.37373e-12	-0.345404
5.37464e-12	-0.345622
5.37554e-12	-0.34584
5.37644e-12	-0.346057
5.37734e-12	-0.346275
5.37825e-12	-0.346492
5.37915e-12	-0.346708
5.38005e-12	-0.346925
5.38095e-12	-0.347141
5.38186e-12	-0.347357
5.38276e-12	-0.347572
5.38366e-12	-0.347788
5.38456e-12	-0.348003
5.38547e-12	-0.348217
5.38637e-12	-0.348432
5.38727e-12	-0.348646
5.38818e-12	-0.34886
5.38908e-12	-0.349073
5.38998e-12	-0.349287
5.39088e-12	-0.349499
5.39179e-12	-0.349712
5.39269e-12	-0.349925
5.39359e-12	-0.350137
5.39449e-12	-0.350348
5.3954e-12	-0.35056
5.3963e-12	-0.350771
5.3972e-12	-0.350982
5.39811e-12	-0.351193
5.39901e-12	-0.351403
5.39991e-12	-0.351613
5.40081e-12	-0.351823
5.40172e-12	-0.352032
5.40262e-12	-0.352241
5.40352e-12	-0.35245
5.40442e-12	-0.352658
5.40533e-12	-0.352866
5.40623e-12	-0.353074
5.40713e-12	-0.353282
5.40803e-12	-0.353489
5.40894e-12	-0.353696
5.40984e-12	-0.353903
5.41074e-12	-0.354109
5.41165e-12	-0.354315
5.41255e-12	-0.354521
5.41345e-12	-0.354726
5.41435e-12	-0.354931
5.41526e-12	-0.355136
5.41616e-12	-0.355341
5.41706e-12	-0.355545
5.41796e-12	-0.355749
5.41887e-12	-0.355952
5.41977e-12	-0.356155
5.42067e-12	-0.356358
5.42158e-12	-0.356561
5.42248e-12	-0.356763
5.42338e-12	-0.356965
5.42428e-12	-0.357167
5.42519e-12	-0.357368
5.42609e-12	-0.357569
5.42699e-12	-0.35777
5.42789e-12	-0.35797
5.4288e-12	-0.35817
5.4297e-12	-0.35837
5.4306e-12	-0.358569
5.4315e-12	-0.358768
5.43241e-12	-0.358967
5.43331e-12	-0.359165
5.43421e-12	-0.359363
5.43512e-12	-0.359561
5.43602e-12	-0.359758
5.43692e-12	-0.359956
5.43782e-12	-0.360152
5.43873e-12	-0.360349
5.43963e-12	-0.360545
5.44053e-12	-0.360741
5.44143e-12	-0.360936
5.44234e-12	-0.361131
5.44324e-12	-0.361326
5.44414e-12	-0.36152
5.44505e-12	-0.361714
5.44595e-12	-0.361908
5.44685e-12	-0.362101
5.44775e-12	-0.362294
5.44866e-12	-0.362487
5.44956e-12	-0.36268
5.45046e-12	-0.362872
5.45136e-12	-0.363063
5.45227e-12	-0.363255
5.45317e-12	-0.363446
5.45407e-12	-0.363636
5.45497e-12	-0.363827
5.45588e-12	-0.364017
5.45678e-12	-0.364206
5.45768e-12	-0.364395
5.45859e-12	-0.364584
5.45949e-12	-0.364773
5.46039e-12	-0.364961
5.46129e-12	-0.365149
5.4622e-12	-0.365337
5.4631e-12	-0.365524
5.464e-12	-0.365711
5.4649e-12	-0.365897
5.46581e-12	-0.366083
5.46671e-12	-0.366269
5.46761e-12	-0.366454
5.46852e-12	-0.366639
5.46942e-12	-0.366824
5.47032e-12	-0.367008
5.47122e-12	-0.367192
5.47213e-12	-0.367376
5.47303e-12	-0.367559
5.47393e-12	-0.367742
5.47483e-12	-0.367925
5.47574e-12	-0.368107
5.47664e-12	-0.368289
5.47754e-12	-0.36847
5.47845e-12	-0.368651
5.47935e-12	-0.368832
5.48025e-12	-0.369012
5.48115e-12	-0.369192
5.48206e-12	-0.369372
5.48296e-12	-0.369551
5.48386e-12	-0.36973
5.48476e-12	-0.369908
5.48567e-12	-0.370087
5.48657e-12	-0.370264
5.48747e-12	-0.370442
5.48837e-12	-0.370619
5.48928e-12	-0.370795
5.49018e-12	-0.370972
5.49108e-12	-0.371148
5.49199e-12	-0.371323
5.49289e-12	-0.371498
5.49379e-12	-0.371673
5.49469e-12	-0.371847
5.4956e-12	-0.372021
5.4965e-12	-0.372195
5.4974e-12	-0.372368
5.4983e-12	-0.372541
5.49921e-12	-0.372714
5.50011e-12	-0.372886
5.50101e-12	-0.373058
5.50192e-12	-0.373229
5.50282e-12	-0.3734
5.50372e-12	-0.37357
5.50462e-12	-0.373741
5.50553e-12	-0.37391
5.50643e-12	-0.37408
5.50733e-12	-0.374249
5.50823e-12	-0.374417
5.50914e-12	-0.374586
5.51004e-12	-0.374754
5.51094e-12	-0.374921
5.51184e-12	-0.375088
5.51275e-12	-0.375255
5.51365e-12	-0.375421
5.51455e-12	-0.375587
5.51546e-12	-0.375752
5.51636e-12	-0.375918
5.51726e-12	-0.376082
5.51816e-12	-0.376247
5.51907e-12	-0.37641
5.51997e-12	-0.376574
5.52087e-12	-0.376737
5.52177e-12	-0.3769
5.52268e-12	-0.377062
5.52358e-12	-0.377224
5.52448e-12	-0.377385
5.52539e-12	-0.377547
5.52629e-12	-0.377707
5.52719e-12	-0.377868
5.52809e-12	-0.378027
5.529e-12	-0.378187
5.5299e-12	-0.378346
5.5308e-12	-0.378505
5.5317e-12	-0.378663
5.53261e-12	-0.378821
5.53351e-12	-0.378978
5.53441e-12	-0.379135
5.53531e-12	-0.379292
5.53622e-12	-0.379448
5.53712e-12	-0.379604
5.53802e-12	-0.379759
5.53893e-12	-0.379914
5.53983e-12	-0.380069
5.54073e-12	-0.380223
5.54163e-12	-0.380376
5.54254e-12	-0.38053
5.54344e-12	-0.380683
5.54434e-12	-0.380835
5.54524e-12	-0.380987
5.54615e-12	-0.381139
5.54705e-12	-0.38129
5.54795e-12	-0.381441
5.54886e-12	-0.381591
5.54976e-12	-0.381741
5.55066e-12	-0.38189
5.55156e-12	-0.382039
5.55247e-12	-0.382188
5.55337e-12	-0.382336
5.55427e-12	-0.382484
5.55517e-12	-0.382632
5.55608e-12	-0.382778
5.55698e-12	-0.382925
5.55788e-12	-0.383071
5.55878e-12	-0.383217
5.55969e-12	-0.383362
5.56059e-12	-0.383507
5.56149e-12	-0.383651
5.5624e-12	-0.383795
5.5633e-12	-0.383938
5.5642e-12	-0.384081
5.5651e-12	-0.384224
5.56601e-12	-0.384366
5.56691e-12	-0.384508
5.56781e-12	-0.384649
5.56871e-12	-0.38479
5.56962e-12	-0.384931
5.57052e-12	-0.385071
5.57142e-12	-0.38521
5.57233e-12	-0.385349
5.57323e-12	-0.385488
5.57413e-12	-0.385626
5.57503e-12	-0.385764
5.57594e-12	-0.385901
5.57684e-12	-0.386038
5.57774e-12	-0.386174
5.57864e-12	-0.38631
5.57955e-12	-0.386446
5.58045e-12	-0.386581
5.58135e-12	-0.386716
5.58225e-12	-0.38685
5.58316e-12	-0.386984
5.58406e-12	-0.387117
5.58496e-12	-0.38725
5.58587e-12	-0.387382
5.58677e-12	-0.387514
5.58767e-12	-0.387645
5.58857e-12	-0.387776
5.58948e-12	-0.387907
5.59038e-12	-0.388037
5.59128e-12	-0.388167
5.59218e-12	-0.388296
5.59309e-12	-0.388425
5.59399e-12	-0.388553
5.59489e-12	-0.388681
5.5958e-12	-0.388808
5.5967e-12	-0.388935
5.5976e-12	-0.389061
5.5985e-12	-0.389187
5.59941e-12	-0.389313
5.60031e-12	-0.389438
5.60121e-12	-0.389562
5.60211e-12	-0.389686
5.60302e-12	-0.38981
5.60392e-12	-0.389933
5.60482e-12	-0.390056
5.60572e-12	-0.390178
5.60663e-12	-0.3903
5.60753e-12	-0.390421
5.60843e-12	-0.390542
5.60934e-12	-0.390662
5.61024e-12	-0.390782
5.61114e-12	-0.390902
5.61204e-12	-0.391021
5.61295e-12	-0.391139
5.61385e-12	-0.391257
5.61475e-12	-0.391374
5.61565e-12	-0.391491
5.61656e-12	-0.391608
5.61746e-12	-0.391724
5.61836e-12	-0.39184
5.61927e-12	-0.391955
5.62017e-12	-0.392069
5.62107e-12	-0.392183
5.62197e-12	-0.392297
5.62288e-12	-0.39241
5.62378e-12	-0.392523
5.62468e-12	-0.392635
5.62558e-12	-0.392747
5.62649e-12	-0.392858
5.62739e-12	-0.392969
5.62829e-12	-0.393079
5.62919e-12	-0.393189
5.6301e-12	-0.393298
5.631e-12	-0.393407
5.6319e-12	-0.393515
5.63281e-12	-0.393623
5.63371e-12	-0.39373
5.63461e-12	-0.393837
5.63551e-12	-0.393944
5.63642e-12	-0.394049
5.63732e-12	-0.394155
5.63822e-12	-0.39426
5.63912e-12	-0.394364
5.64003e-12	-0.394468
5.64093e-12	-0.394571
5.64183e-12	-0.394674
5.64274e-12	-0.394776
5.64364e-12	-0.394878
5.64454e-12	-0.39498
5.64544e-12	-0.395081
5.64635e-12	-0.395181
5.64725e-12	-0.395281
5.64815e-12	-0.39538
5.64905e-12	-0.395479
5.64996e-12	-0.395577
5.65086e-12	-0.395675
5.65176e-12	-0.395772
5.65266e-12	-0.395869
5.65357e-12	-0.395966
5.65447e-12	-0.396061
5.65537e-12	-0.396157
5.65628e-12	-0.396252
5.65718e-12	-0.396346
5.65808e-12	-0.39644
5.65898e-12	-0.396533
5.65989e-12	-0.396626
5.66079e-12	-0.396718
5.66169e-12	-0.39681
5.66259e-12	-0.396901
5.6635e-12	-0.396991
5.6644e-12	-0.397082
5.6653e-12	-0.397171
5.66621e-12	-0.39726
5.66711e-12	-0.397349
5.66801e-12	-0.397437
5.66891e-12	-0.397525
5.66982e-12	-0.397612
5.67072e-12	-0.397698
5.67162e-12	-0.397784
5.67252e-12	-0.39787
5.67343e-12	-0.397955
5.67433e-12	-0.398039
5.67523e-12	-0.398123
5.67613e-12	-0.398207
5.67704e-12	-0.39829
5.67794e-12	-0.398372
5.67884e-12	-0.398454
5.67975e-12	-0.398535
5.68065e-12	-0.398616
5.68155e-12	-0.398696
5.68245e-12	-0.398776
5.68336e-12	-0.398855
5.68426e-12	-0.398934
5.68516e-12	-0.399012
5.68606e-12	-0.399089
5.68697e-12	-0.399166
5.68787e-12	-0.399243
5.68877e-12	-0.399319
5.68968e-12	-0.399394
5.69058e-12	-0.399469
5.69148e-12	-0.399544
5.69238e-12	-0.399617
5.69329e-12	-0.399691
5.69419e-12	-0.399763
5.69509e-12	-0.399836
5.69599e-12	-0.399907
5.6969e-12	-0.399979
5.6978e-12	-0.400049
5.6987e-12	-0.400119
5.6996e-12	-0.400189
5.70051e-12	-0.400258
5.70141e-12	-0.400326
5.70231e-12	-0.400394
5.70322e-12	-0.400461
5.70412e-12	-0.400528
5.70502e-12	-0.400594
5.70592e-12	-0.40066
5.70683e-12	-0.400725
5.70773e-12	-0.40079
5.70863e-12	-0.400854
5.70953e-12	-0.400917
5.71044e-12	-0.40098
5.71134e-12	-0.401043
5.71224e-12	-0.401104
5.71315e-12	-0.401166
5.71405e-12	-0.401226
5.71495e-12	-0.401287
5.71585e-12	-0.401346
5.71676e-12	-0.401405
5.71766e-12	-0.401464
5.71856e-12	-0.401522
5.71946e-12	-0.401579
5.72037e-12	-0.401636
5.72127e-12	-0.401692
5.72217e-12	-0.401748
5.72307e-12	-0.401803
5.72398e-12	-0.401858
5.72488e-12	-0.401912
5.72578e-12	-0.401965
5.72669e-12	-0.402018
5.72759e-12	-0.40207
5.72849e-12	-0.402122
5.72939e-12	-0.402173
5.7303e-12	-0.402224
5.7312e-12	-0.402274
5.7321e-12	-0.402324
5.733e-12	-0.402373
5.73391e-12	-0.402421
5.73481e-12	-0.402469
5.73571e-12	-0.402516
5.73662e-12	-0.402563
5.73752e-12	-0.402609
5.73842e-12	-0.402654
5.73932e-12	-0.402699
5.74023e-12	-0.402743
5.74113e-12	-0.402787
5.74203e-12	-0.402831
5.74293e-12	-0.402873
5.74384e-12	-0.402915
5.74474e-12	-0.402957
5.74564e-12	-0.402998
5.74654e-12	-0.403038
5.74745e-12	-0.403078
5.74835e-12	-0.403117
5.74925e-12	-0.403155
5.75016e-12	-0.403193
5.75106e-12	-0.403231
5.75196e-12	-0.403268
5.75286e-12	-0.403304
5.75377e-12	-0.40334
5.75467e-12	-0.403375
5.75557e-12	-0.403409
5.75647e-12	-0.403443
5.75738e-12	-0.403477
5.75828e-12	-0.403509
5.75918e-12	-0.403542
5.76009e-12	-0.403573
5.76099e-12	-0.403604
5.76189e-12	-0.403634
5.76279e-12	-0.403664
5.7637e-12	-0.403693
5.7646e-12	-0.403722
5.7655e-12	-0.40375
5.7664e-12	-0.403778
5.76731e-12	-0.403804
5.76821e-12	-0.403831
5.76911e-12	-0.403856
5.77001e-12	-0.403881
5.77092e-12	-0.403906
5.77182e-12	-0.40393
5.77272e-12	-0.403953
5.77363e-12	-0.403976
5.77453e-12	-0.403998
5.77543e-12	-0.404019
5.77633e-12	-0.40404
5.77724e-12	-0.40406
5.77814e-12	-0.40408
5.77904e-12	-0.404099
5.77994e-12	-0.404118
5.78085e-12	-0.404136
5.78175e-12	-0.404153
5.78265e-12	-0.40417
5.78356e-12	-0.404186
5.78446e-12	-0.404201
5.78536e-12	-0.404216
5.78626e-12	-0.40423
5.78717e-12	-0.404244
5.78807e-12	-0.404257
5.78897e-12	-0.404269
5.78987e-12	-0.404281
5.79078e-12	-0.404292
5.79168e-12	-0.404303
5.79258e-12	-0.404313
5.79348e-12	-0.404322
5.79439e-12	-0.404331
5.79529e-12	-0.404339
5.79619e-12	-0.404347
5.7971e-12	-0.404353
5.798e-12	-0.40436
5.7989e-12	-0.404365
5.7998e-12	-0.404371
5.80071e-12	-0.404375
5.80161e-12	-0.404379
5.80251e-12	-0.404382
5.80341e-12	-0.404385
5.80432e-12	-0.404387
5.80522e-12	-0.404388
5.80612e-12	-0.404389
5.80703e-12	-0.404389
5.80793e-12	-0.404388
5.80883e-12	-0.404387
5.80973e-12	-0.404385
5.81064e-12	-0.404383
5.81154e-12	-0.40438
5.81244e-12	-0.404376
5.81334e-12	-0.404372
5.81425e-12	-0.404367
5.81515e-12	-0.404362
5.81605e-12	-0.404356
5.81695e-12	-0.404349
5.81786e-12	-0.404342
5.81876e-12	-0.404334
5.81966e-12	-0.404325
5.82057e-12	-0.404316
5.82147e-12	-0.404306
5.82237e-12	-0.404295
5.82327e-12	-0.404284
5.82418e-12	-0.404272
5.82508e-12	-0.40426
5.82598e-12	-0.404247
5.82688e-12	-0.404233
5.82779e-12	-0.404219
5.82869e-12	-0.404204
5.82959e-12	-0.404188
5.8305e-12	-0.404172
5.8314e-12	-0.404155
5.8323e-12	-0.404137
5.8332e-12	-0.404119
5.83411e-12	-0.404101
5.83501e-12	-0.404081
5.83591e-12	-0.404061
5.83681e-12	-0.40404
5.83772e-12	-0.404019
5.83862e-12	-0.403997
5.83952e-12	-0.403974
5.84042e-12	-0.403951
5.84133e-12	-0.403927
5.84223e-12	-0.403902
5.84313e-12	-0.403877
5.84404e-12	-0.403851
5.84494e-12	-0.403825
5.84584e-12	-0.403798
5.84674e-12	-0.40377
5.84765e-12	-0.403741
5.84855e-12	-0.403712
5.84945e-12	-0.403683
5.85035e-12	-0.403652
5.85126e-12	-0.403621
5.85216e-12	-0.403589
5.85306e-12	-0.403557
5.85397e-12	-0.403524
5.85487e-12	-0.40349
5.85577e-12	-0.403456
5.85667e-12	-0.403421
5.85758e-12	-0.403386
5.85848e-12	-0.403349
5.85938e-12	-0.403312
5.86028e-12	-0.403275
5.86119e-12	-0.403236
5.86209e-12	-0.403198
5.86299e-12	-0.403158
5.8639e-12	-0.403118
5.8648e-12	-0.403077
5.8657e-12	-0.403035
5.8666e-12	-0.402993
5.86751e-12	-0.40295
5.86841e-12	-0.402907
5.86931e-12	-0.402863
5.87021e-12	-0.402818
5.87112e-12	-0.402772
5.87202e-12	-0.402726
5.87292e-12	-0.402679
5.87382e-12	-0.402632
5.87473e-12	-0.402584
5.87563e-12	-0.402535
5.87653e-12	-0.402485
5.87744e-12	-0.402435
5.87834e-12	-0.402384
5.87924e-12	-0.402333
5.88014e-12	-0.402281
5.88105e-12	-0.402228
5.88195e-12	-0.402174
5.88285e-12	-0.40212
5.88375e-12	-0.402065
5.88466e-12	-0.40201
5.88556e-12	-0.401954
5.88646e-12	-0.401897
5.88737e-12	-0.401839
5.88827e-12	-0.401781
5.88917e-12	-0.401722
5.89007e-12	-0.401663
5.89098e-12	-0.401602
5.89188e-12	-0.401542
5.89278e-12	-0.40148
5.89368e-12	-0.401418
5.89459e-12	-0.401355
5.89549e-12	-0.401291
5.89639e-12	-0.401227
5.89729e-12	-0.401162
5.8982e-12	-0.401096
5.8991e-12	-0.40103
5.9e-12	-0.400963
5.90091e-12	-0.400895
5.90181e-12	-0.400827
5.90271e-12	-0.400758
5.90361e-12	-0.400688
5.90452e-12	-0.400618
5.90542e-12	-0.400547
5.90632e-12	-0.400475
5.90722e-12	-0.400402
5.90813e-12	-0.400329
5.90903e-12	-0.400255
5.90993e-12	-0.400181
5.91084e-12	-0.400106
5.91174e-12	-0.40003
5.91264e-12	-0.399953
5.91354e-12	-0.399876
5.91445e-12	-0.399798
5.91535e-12	-0.399719
5.91625e-12	-0.39964
5.91715e-12	-0.39956
5.91806e-12	-0.399479
5.91896e-12	-0.399398
5.91986e-12	-0.399316
5.92076e-12	-0.399233
5.92167e-12	-0.39915
5.92257e-12	-0.399065
5.92347e-12	-0.398981
5.92438e-12	-0.398895
5.92528e-12	-0.398809
5.92618e-12	-0.398722
5.92708e-12	-0.398634
5.92799e-12	-0.398546
5.92889e-12	-0.398457
5.92979e-12	-0.398367
5.93069e-12	-0.398277
5.9316e-12	-0.398186
5.9325e-12	-0.398094
5.9334e-12	-0.398001
5.93431e-12	-0.397908
5.93521e-12	-0.397814
5.93611e-12	-0.397719
5.93701e-12	-0.397624
5.93792e-12	-0.397528
5.93882e-12	-0.397431
5.93972e-12	-0.397334
5.94062e-12	-0.397236
5.94153e-12	-0.397137
5.94243e-12	-0.397037
5.94333e-12	-0.396937
5.94423e-12	-0.396836
5.94514e-12	-0.396735
5.94604e-12	-0.396632
5.94694e-12	-0.396529
5.94785e-12	-0.396425
5.94875e-12	-0.396321
5.94965e-12	-0.396216
5.95055e-12	-0.39611
5.95146e-12	-0.396003
5.95236e-12	-0.395896
5.95326e-12	-0.395788
5.95416e-12	-0.395679
5.95507e-12	-0.39557
5.95597e-12	-0.39546
5.95687e-12	-0.395349
5.95778e-12	-0.395237
5.95868e-12	-0.395125
5.95958e-12	-0.395012
5.96048e-12	-0.394898
5.96139e-12	-0.394784
5.96229e-12	-0.394669
5.96319e-12	-0.394553
5.96409e-12	-0.394436
5.965e-12	-0.394319
5.9659e-12	-0.394201
5.9668e-12	-0.394082
5.9677e-12	-0.393963
5.96861e-12	-0.393843
5.96951e-12	-0.393722
5.97041e-12	-0.3936
5.97132e-12	-0.393478
5.97222e-12	-0.393355
5.97312e-12	-0.393231
5.97402e-12	-0.393107
5.97493e-12	-0.392981
5.97583e-12	-0.392855
5.97673e-12	-0.392729
5.97763e-12	-0.392601
5.97854e-12	-0.392473
5.97944e-12	-0.392345
5.98034e-12	-0.392215
5.98125e-12	-0.392085
5.98215e-12	-0.391954
5.98305e-12	-0.391822
5.98395e-12	-0.39169
5.98486e-12	-0.391557
5.98576e-12	-0.391423
5.98666e-12	-0.391288
5.98756e-12	-0.391153
5.98847e-12	-0.391017
5.98937e-12	-0.39088
5.99027e-12	-0.390743
5.99117e-12	-0.390604
5.99208e-12	-0.390465
5.99298e-12	-0.390326
5.99388e-12	-0.390185
5.99479e-12	-0.390044
5.99569e-12	-0.389902
5.99659e-12	-0.38976
5.99749e-12	-0.389616
5.9984e-12	-0.389472
5.9993e-12	-0.389328
6.0002e-12	-0.389182
6.0011e-12	-0.389036
6.00201e-12	-0.388889
6.00291e-12	-0.388741
6.00381e-12	-0.388593
6.00472e-12	-0.388443
6.00562e-12	-0.388293
6.00652e-12	-0.388143
6.00742e-12	-0.387991
6.00833e-12	-0.387839
6.00923e-12	-0.387686
6.01013e-12	-0.387533
6.01103e-12	-0.387378
6.01194e-12	-0.387223
6.01284e-12	-0.387068
6.01374e-12	-0.386911
6.01464e-12	-0.386754
6.01555e-12	-0.386596
6.01645e-12	-0.386437
6.01735e-12	-0.386277
6.01826e-12	-0.386117
6.01916e-12	-0.385956
6.02006e-12	-0.385794
6.02096e-12	-0.385632
6.02187e-12	-0.385469
6.02277e-12	-0.385305
6.02367e-12	-0.38514
6.02457e-12	-0.384975
6.02548e-12	-0.384808
6.02638e-12	-0.384642
6.02728e-12	-0.384474
6.02819e-12	-0.384305
6.02909e-12	-0.384136
6.02999e-12	-0.383966
6.03089e-12	-0.383796
6.0318e-12	-0.383624
6.0327e-12	-0.383452
6.0336e-12	-0.383279
6.0345e-12	-0.383106
6.03541e-12	-0.382931
6.03631e-12	-0.382756
6.03721e-12	-0.38258
6.03811e-12	-0.382404
6.03902e-12	-0.382226
6.03992e-12	-0.382048
6.04082e-12	-0.381869
6.04173e-12	-0.38169
6.04263e-12	-0.381509
6.04353e-12	-0.381328
6.04443e-12	-0.381146
6.04534e-12	-0.380964
6.04624e-12	-0.38078
6.04714e-12	-0.380596
6.04804e-12	-0.380411
6.04895e-12	-0.380226
6.04985e-12	-0.380039
6.05075e-12	-0.379852
6.05166e-12	-0.379664
6.05256e-12	-0.379476
6.05346e-12	-0.379286
6.05436e-12	-0.379096
6.05527e-12	-0.378905
6.05617e-12	-0.378714
6.05707e-12	-0.378521
6.05797e-12	-0.378328
6.05888e-12	-0.378134
6.05978e-12	-0.377939
6.06068e-12	-0.377744
6.06158e-12	-0.377548
6.06249e-12	-0.377351
6.06339e-12	-0.377153
6.06429e-12	-0.376955
6.0652e-12	-0.376755
6.0661e-12	-0.376555
6.067e-12	-0.376355
6.0679e-12	-0.376153
6.06881e-12	-0.375951
6.06971e-12	-0.375748
6.07061e-12	-0.375544
6.07151e-12	-0.37534
6.07242e-12	-0.375134
6.07332e-12	-0.374928
6.07422e-12	-0.374721
6.07513e-12	-0.374514
6.07603e-12	-0.374305
6.07693e-12	-0.374096
6.07783e-12	-0.373886
6.07874e-12	-0.373676
6.07964e-12	-0.373464
6.08054e-12	-0.373252
6.08144e-12	-0.373039
6.08235e-12	-0.372826
6.08325e-12	-0.372611
6.08415e-12	-0.372396
6.08505e-12	-0.37218
6.08596e-12	-0.371963
6.08686e-12	-0.371746
6.08776e-12	-0.371527
6.08867e-12	-0.371308
6.08957e-12	-0.371088
6.09047e-12	-0.370868
6.09137e-12	-0.370647
6.09228e-12	-0.370424
6.09318e-12	-0.370202
6.09408e-12	-0.369978
6.09498e-12	-0.369754
6.09589e-12	-0.369528
6.09679e-12	-0.369302
6.09769e-12	-0.369076
6.0986e-12	-0.368848
6.0995e-12	-0.36862
6.1004e-12	-0.368391
6.1013e-12	-0.368161
6.10221e-12	-0.367931
6.10311e-12	-0.367699
6.10401e-12	-0.367467
6.10491e-12	-0.367234
6.10582e-12	-0.367001
6.10672e-12	-0.366766
6.10762e-12	-0.366531
6.10852e-12	-0.366295
6.10943e-12	-0.366058
6.11033e-12	-0.365821
6.11123e-12	-0.365582
6.11214e-12	-0.365343
6.11304e-12	-0.365104
6.11394e-12	-0.364863
6.11484e-12	-0.364622
6.11575e-12	-0.364379
6.11665e-12	-0.364136
6.11755e-12	-0.363893
6.11845e-12	-0.363648
6.11936e-12	-0.363403
6.12026e-12	-0.363157
6.12116e-12	-0.36291
6.12207e-12	-0.362663
6.12297e-12	-0.362414
6.12387e-12	-0.362165
6.12477e-12	-0.361915
6.12568e-12	-0.361665
6.12658e-12	-0.361413
6.12748e-12	-0.361161
6.12838e-12	-0.360908
6.12929e-12	-0.360654
6.13019e-12	-0.3604
6.13109e-12	-0.360144
6.13199e-12	-0.359888
6.1329e-12	-0.359631
6.1338e-12	-0.359374
6.1347e-12	-0.359115
6.13561e-12	-0.358856
6.13651e-12	-0.358596
6.13741e-12	-0.358335
6.13831e-12	-0.358074
6.13922e-12	-0.357811
6.14012e-12	-0.357548
6.14102e-12	-0.357284
6.14192e-12	-0.357019
6.14283e-12	-0.356754
6.14373e-12	-0.356488
6.14463e-12	-0.356221
6.14554e-12	-0.355953
6.14644e-12	-0.355684
6.14734e-12	-0.355415
6.14824e-12	-0.355145
6.14915e-12	-0.354874
6.15005e-12	-0.354602
6.15095e-12	-0.35433
6.15185e-12	-0.354056
6.15276e-12	-0.353782
6.15366e-12	-0.353507
6.15456e-12	-0.353232
6.15546e-12	-0.352955
6.15637e-12	-0.352678
6.15727e-12	-0.3524
6.15817e-12	-0.352122
6.15908e-12	-0.351842
6.15998e-12	-0.351562
6.16088e-12	-0.351281
6.16178e-12	-0.350999
6.16269e-12	-0.350716
6.16359e-12	-0.350432
6.16449e-12	-0.350148
6.16539e-12	-0.349863
6.1663e-12	-0.349577
6.1672e-12	-0.349291
6.1681e-12	-0.349003
6.16901e-12	-0.348715
6.16991e-12	-0.348426
6.17081e-12	-0.348137
6.17171e-12	-0.347846
6.17262e-12	-0.347555
6.17352e-12	-0.347263
6.17442e-12	-0.34697
6.17532e-12	-0.346676
6.17623e-12	-0.346382
6.17713e-12	-0.346086
6.17803e-12	-0.34579
6.17893e-12	-0.345493
6.17984e-12	-0.345196
6.18074e-12	-0.344897
6.18164e-12	-0.344598
6.18255e-12	-0.344298
6.18345e-12	-0.343998
6.18435e-12	-0.343696
6.18525e-12	-0.343394
6.18616e-12	-0.343091
6.18706e-12	-0.342787
6.18796e-12	-0.342482
6.18886e-12	-0.342176
6.18977e-12	-0.34187
6.19067e-12	-0.341563
6.19157e-12	-0.341255
6.19248e-12	-0.340947
6.19338e-12	-0.340637
6.19428e-12	-0.340327
6.19518e-12	-0.340016
6.19609e-12	-0.339704
6.19699e-12	-0.339392
6.19789e-12	-0.339078
6.19879e-12	-0.338764
6.1997e-12	-0.338449
6.2006e-12	-0.338133
6.2015e-12	-0.337817
6.2024e-12	-0.337499
6.20331e-12	-0.337181
6.20421e-12	-0.336862
6.20511e-12	-0.336543
6.20602e-12	-0.336222
6.20692e-12	-0.335901
6.20782e-12	-0.335579
6.20872e-12	-0.335256
6.20963e-12	-0.334932
6.21053e-12	-0.334608
6.21143e-12	-0.334283
6.21233e-12	-0.333957
6.21324e-12	-0.33363
6.21414e-12	-0.333302
6.21504e-12	-0.332974
6.21595e-12	-0.332645
6.21685e-12	-0.332315
6.21775e-12	-0.331984
6.21865e-12	-0.331653
6.21956e-12	-0.33132
6.22046e-12	-0.330987
6.22136e-12	-0.330653
6.22226e-12	-0.330318
6.22317e-12	-0.329983
6.22407e-12	-0.329647
6.22497e-12	-0.329309
6.22587e-12	-0.328972
6.22678e-12	-0.328633
6.22768e-12	-0.328293
6.22858e-12	-0.327953
6.22949e-12	-0.327612
6.23039e-12	-0.32727
6.23129e-12	-0.326928
6.23219e-12	-0.326584
6.2331e-12	-0.32624
6.234e-12	-0.325895
6.2349e-12	-0.325549
6.2358e-12	-0.325203
6.23671e-12	-0.324855
6.23761e-12	-0.324507
6.23851e-12	-0.324158
6.23942e-12	-0.323808
6.24032e-12	-0.323458
6.24122e-12	-0.323106
6.24212e-12	-0.322754
6.24303e-12	-0.322401
6.24393e-12	-0.322047
6.24483e-12	-0.321693
6.24573e-12	-0.321338
6.24664e-12	-0.320982
6.24754e-12	-0.320625
6.24844e-12	-0.320267
6.24934e-12	-0.319908
6.25025e-12	-0.319549
6.25115e-12	-0.319189
6.25205e-12	-0.318828
6.25296e-12	-0.318467
6.25386e-12	-0.318104
6.25476e-12	-0.317741
6.25566e-12	-0.317377
6.25657e-12	-0.317012
6.25747e-12	-0.316646
6.25837e-12	-0.31628
6.25927e-12	-0.315913
6.26018e-12	-0.315545
6.26108e-12	-0.315176
6.26198e-12	-0.314806
6.26289e-12	-0.314436
6.26379e-12	-0.314065
6.26469e-12	-0.313693
6.26559e-12	-0.31332
6.2665e-12	-0.312946
6.2674e-12	-0.312572
6.2683e-12	-0.312197
6.2692e-12	-0.311821
6.27011e-12	-0.311444
6.27101e-12	-0.311067
6.27191e-12	-0.310689
6.27282e-12	-0.310309
6.27372e-12	-0.30993
6.27462e-12	-0.309549
6.27552e-12	-0.309167
6.27643e-12	-0.308785
6.27733e-12	-0.308402
6.27823e-12	-0.308018
6.27913e-12	-0.307634
6.28004e-12	-0.307248
6.28094e-12	-0.306862
6.28184e-12	-0.306475
6.28274e-12	-0.306087
6.28365e-12	-0.305698
6.28455e-12	-0.305309
6.28545e-12	-0.304919
6.28636e-12	-0.304528
6.28726e-12	-0.304136
6.28816e-12	-0.303744
6.28906e-12	-0.30335
6.28997e-12	-0.302956
6.29087e-12	-0.302561
6.29177e-12	-0.302165
6.29267e-12	-0.301769
6.29358e-12	-0.301372
6.29448e-12	-0.300973
6.29538e-12	-0.300575
6.29629e-12	-0.300175
6.29719e-12	-0.299774
6.29809e-12	-0.299373
6.29899e-12	-0.298971
6.2999e-12	-0.298568
6.3008e-12	-0.298165
6.3017e-12	-0.29776
6.3026e-12	-0.297355
6.30351e-12	-0.296949
6.30441e-12	-0.296542
6.30531e-12	-0.296135
6.30621e-12	-0.295726
6.30712e-12	-0.295317
6.30802e-12	-0.294907
6.30892e-12	-0.294496
6.30983e-12	-0.294085
6.31073e-12	-0.293672
6.31163e-12	-0.293259
6.31253e-12	-0.292845
6.31344e-12	-0.292431
6.31434e-12	-0.292015
6.31524e-12	-0.291599
6.31614e-12	-0.291182
6.31705e-12	-0.290764
6.31795e-12	-0.290345
6.31885e-12	-0.289926
6.31976e-12	-0.289506
6.32066e-12	-0.289085
6.32156e-12	-0.288663
6.32246e-12	-0.28824
6.32337e-12	-0.287817
6.32427e-12	-0.287393
6.32517e-12	-0.286968
6.32607e-12	-0.286542
6.32698e-12	-0.286116
6.32788e-12	-0.285688
6.32878e-12	-0.28526
6.32968e-12	-0.284831
6.33059e-12	-0.284402
6.33149e-12	-0.283971
6.33239e-12	-0.28354
6.3333e-12	-0.283108
6.3342e-12	-0.282675
6.3351e-12	-0.282241
6.336e-12	-0.281807
6.33691e-12	-0.281372
6.33781e-12	-0.280936
6.33871e-12	-0.280499
6.33961e-12	-0.280062
6.34052e-12	-0.279623
6.34142e-12	-0.279184
6.34232e-12	-0.278744
6.34323e-12	-0.278304
6.34413e-12	-0.277862
6.34503e-12	-0.27742
6.34593e-12	-0.276977
6.34684e-12	-0.276533
6.34774e-12	-0.276088
6.34864e-12	-0.275643
6.34954e-12	-0.275197
6.35045e-12	-0.27475
6.35135e-12	-0.274302
6.35225e-12	-0.273854
6.35315e-12	-0.273404
6.35406e-12	-0.272954
6.35496e-12	-0.272503
6.35586e-12	-0.272052
6.35677e-12	-0.271599
6.35767e-12	-0.271146
6.35857e-12	-0.270692
6.35947e-12	-0.270237
6.36038e-12	-0.269782
6.36128e-12	-0.269325
6.36218e-12	-0.268868
6.36308e-12	-0.26841
6.36399e-12	-0.267952
6.36489e-12	-0.267492
6.36579e-12	-0.267032
6.3667e-12	-0.266571
6.3676e-12	-0.266109
6.3685e-12	-0.265647
6.3694e-12	-0.265183
6.37031e-12	-0.264719
6.37121e-12	-0.264254
6.37211e-12	-0.263789
6.37301e-12	-0.263322
6.37392e-12	-0.262855
6.37482e-12	-0.262387
6.37572e-12	-0.261918
6.37662e-12	-0.261448
6.37753e-12	-0.260978
6.37843e-12	-0.260507
6.37933e-12	-0.260035
6.38024e-12	-0.259562
6.38114e-12	-0.259089
6.38204e-12	-0.258615
6.38294e-12	-0.25814
6.38385e-12	-0.257664
6.38475e-12	-0.257187
6.38565e-12	-0.25671
6.38655e-12	-0.256232
6.38746e-12	-0.255753
6.38836e-12	-0.255273
6.38926e-12	-0.254793
6.39017e-12	-0.254311
6.39107e-12	-0.253829
6.39197e-12	-0.253347
6.39287e-12	-0.252863
6.39378e-12	-0.252379
6.39468e-12	-0.251894
6.39558e-12	-0.251408
6.39648e-12	-0.250921
6.39739e-12	-0.250434
6.39829e-12	-0.249946
6.39919e-12	-0.249457
6.40009e-12	-0.248967
6.401e-12	-0.248477
6.4019e-12	-0.247985
6.4028e-12	-0.247493
6.40371e-12	-0.247
6.40461e-12	-0.246507
6.40551e-12	-0.246013
6.40641e-12	-0.245517
6.40732e-12	-0.245022
6.40822e-12	-0.244525
6.40912e-12	-0.244027
6.41002e-12	-0.243529
6.41093e-12	-0.24303
6.41183e-12	-0.242531
6.41273e-12	-0.24203
6.41364e-12	-0.241529
6.41454e-12	-0.241027
6.41544e-12	-0.240524
6.41634e-12	-0.240021
6.41725e-12	-0.239516
6.41815e-12	-0.239011
6.41905e-12	-0.238505
6.41995e-12	-0.237999
6.42086e-12	-0.237491
6.42176e-12	-0.236983
6.42266e-12	-0.236474
6.42356e-12	-0.235965
6.42447e-12	-0.235454
6.42537e-12	-0.234943
6.42627e-12	-0.234431
6.42718e-12	-0.233918
6.42808e-12	-0.233405
6.42898e-12	-0.232891
6.42988e-12	-0.232376
6.43079e-12	-0.23186
6.43169e-12	-0.231343
6.43259e-12	-0.230826
6.43349e-12	-0.230308
6.4344e-12	-0.229789
6.4353e-12	-0.22927
6.4362e-12	-0.228749
6.43711e-12	-0.228228
6.43801e-12	-0.227706
6.43891e-12	-0.227184
6.43981e-12	-0.226661
6.44072e-12	-0.226136
6.44162e-12	-0.225612
6.44252e-12	-0.225086
6.44342e-12	-0.22456
6.44433e-12	-0.224032
6.44523e-12	-0.223505
6.44613e-12	-0.222976
6.44703e-12	-0.222447
6.44794e-12	-0.221916
6.44884e-12	-0.221385
6.44974e-12	-0.220854
6.45065e-12	-0.220321
6.45155e-12	-0.219788
6.45245e-12	-0.219254
6.45335e-12	-0.21872
6.45426e-12	-0.218184
6.45516e-12	-0.217648
6.45606e-12	-0.217111
6.45696e-12	-0.216574
6.45787e-12	-0.216035
6.45877e-12	-0.215496
6.45967e-12	-0.214956
6.46058e-12	-0.214415
6.46148e-12	-0.213874
6.46238e-12	-0.213332
6.46328e-12	-0.212789
6.46419e-12	-0.212245
6.46509e-12	-0.211701
6.46599e-12	-0.211156
6.46689e-12	-0.21061
6.4678e-12	-0.210063
6.4687e-12	-0.209516
6.4696e-12	-0.208968
6.4705e-12	-0.208419
6.47141e-12	-0.207869
6.47231e-12	-0.207319
6.47321e-12	-0.206768
6.47412e-12	-0.206216
6.47502e-12	-0.205663
6.47592e-12	-0.20511
6.47682e-12	-0.204556
6.47773e-12	-0.204001
6.47863e-12	-0.203445
6.47953e-12	-0.202889
6.48043e-12	-0.202332
6.48134e-12	-0.201774
6.48224e-12	-0.201216
6.48314e-12	-0.200657
6.48405e-12	-0.200097
6.48495e-12	-0.199536
6.48585e-12	-0.198974
6.48675e-12	-0.198412
6.48766e-12	-0.197849
6.48856e-12	-0.197286
6.48946e-12	-0.196721
6.49036e-12	-0.196156
6.49127e-12	-0.19559
6.49217e-12	-0.195024
6.49307e-12	-0.194456
6.49397e-12	-0.193888
6.49488e-12	-0.193319
6.49578e-12	-0.19275
6.49668e-12	-0.19218
6.49759e-12	-0.191609
6.49849e-12	-0.191037
6.49939e-12	-0.190464
6.50029e-12	-0.189891
6.5012e-12	-0.189317
6.5021e-12	-0.188743
6.503e-12	-0.188167
6.5039e-12	-0.187591
6.50481e-12	-0.187014
6.50571e-12	-0.186437
6.50661e-12	-0.185859
6.50752e-12	-0.18528
6.50842e-12	-0.1847
6.50932e-12	-0.184119
6.51022e-12	-0.183538
6.51113e-12	-0.182956
6.51203e-12	-0.182374
6.51293e-12	-0.18179
6.51383e-12	-0.181206
6.51474e-12	-0.180621
6.51564e-12	-0.180036
6.51654e-12	-0.17945
6.51744e-12	-0.178863
6.51835e-12	-0.178275
6.51925e-12	-0.177687
6.52015e-12	-0.177098
6.52106e-12	-0.176508
6.52196e-12	-0.175917
6.52286e-12	-0.175326
6.52376e-12	-0.174734
6.52467e-12	-0.174141
6.52557e-12	-0.173548
6.52647e-12	-0.172954
6.52737e-12	-0.172359
6.52828e-12	-0.171763
6.52918e-12	-0.171167
6.53008e-12	-0.17057
6.53099e-12	-0.169972
6.53189e-12	-0.169374
6.53279e-12	-0.168775
6.53369e-12	-0.168175
6.5346e-12	-0.167574
6.5355e-12	-0.166973
6.5364e-12	-0.166371
6.5373e-12	-0.165769
6.53821e-12	-0.165165
6.53911e-12	-0.164561
6.54001e-12	-0.163956
6.54091e-12	-0.163351
6.54182e-12	-0.162745
6.54272e-12	-0.162138
6.54362e-12	-0.16153
6.54453e-12	-0.160922
6.54543e-12	-0.160313
6.54633e-12	-0.159703
6.54723e-12	-0.159093
6.54814e-12	-0.158481
6.54904e-12	-0.15787
6.54994e-12	-0.157257
6.55084e-12	-0.156644
6.55175e-12	-0.15603
6.55265e-12	-0.155415
6.55355e-12	-0.1548
6.55446e-12	-0.154184
6.55536e-12	-0.153567
6.55626e-12	-0.15295
6.55716e-12	-0.152332
6.55807e-12	-0.151713
6.55897e-12	-0.151093
6.55987e-12	-0.150473
6.56077e-12	-0.149852
6.56168e-12	-0.149231
6.56258e-12	-0.148608
6.56348e-12	-0.147985
6.56438e-12	-0.147362
6.56529e-12	-0.146737
6.56619e-12	-0.146112
6.56709e-12	-0.145487
6.568e-12	-0.14486
6.5689e-12	-0.144233
6.5698e-12	-0.143605
6.5707e-12	-0.142977
6.57161e-12	-0.142348
6.57251e-12	-0.141718
6.57341e-12	-0.141087
6.57431e-12	-0.140456
6.57522e-12	-0.139824
6.57612e-12	-0.139191
6.57702e-12	-0.138558
6.57793e-12	-0.137924
6.57883e-12	-0.13729
6.57973e-12	-0.136654
6.58063e-12	-0.136018
6.58154e-12	-0.135382
6.58244e-12	-0.134744
6.58334e-12	-0.134106
6.58424e-12	-0.133467
6.58515e-12	-0.132828
6.58605e-12	-0.132188
6.58695e-12	-0.131547
6.58785e-12	-0.130906
6.58876e-12	-0.130264
6.58966e-12	-0.129621
6.59056e-12	-0.128977
6.59147e-12	-0.128333
6.59237e-12	-0.127689
6.59327e-12	-0.127043
6.59417e-12	-0.126397
6.59508e-12	-0.12575
6.59598e-12	-0.125103
6.59688e-12	-0.124455
6.59778e-12	-0.123806
6.59869e-12	-0.123156
6.59959e-12	-0.122506
6.60049e-12	-0.121855
6.6014e-12	-0.121204
6.6023e-12	-0.120552
6.6032e-12	-0.119899
6.6041e-12	-0.119245
6.60501e-12	-0.118591
6.60591e-12	-0.117937
6.60681e-12	-0.117281
6.60771e-12	-0.116625
6.60862e-12	-0.115968
6.60952e-12	-0.115311
6.61042e-12	-0.114653
6.61132e-12	-0.113994
6.61223e-12	-0.113335
6.61313e-12	-0.112675
6.61403e-12	-0.112014
6.61494e-12	-0.111352
6.61584e-12	-0.11069
6.61674e-12	-0.110028
6.61764e-12	-0.109364
6.61855e-12	-0.1087
6.61945e-12	-0.108036
6.62035e-12	-0.10737
6.62125e-12	-0.106705
6.62216e-12	-0.106038
6.62306e-12	-0.105371
6.62396e-12	-0.104703
6.62487e-12	-0.104034
6.62577e-12	-0.103365
6.62667e-12	-0.102695
6.62757e-12	-0.102025
6.62848e-12	-0.101354
6.62938e-12	-0.100682
6.63028e-12	-0.10001
6.63118e-12	-0.0993366
6.63209e-12	-0.0986629
6.63299e-12	-0.0979886
6.63389e-12	-0.0973137
6.63479e-12	-0.0966381
6.6357e-12	-0.0959618
6.6366e-12	-0.095285
6.6375e-12	-0.0946075
6.63841e-12	-0.0939293
6.63931e-12	-0.0932505
6.64021e-12	-0.0925711
6.64111e-12	-0.0918911
6.64202e-12	-0.0912104
6.64292e-12	-0.0905291
6.64382e-12	-0.0898471
6.64472e-12	-0.0891646
6.64563e-12	-0.0884814
6.64653e-12	-0.0877975
6.64743e-12	-0.0871131
6.64834e-12	-0.086428
6.64924e-12	-0.0857423
6.65014e-12	-0.0850559
6.65104e-12	-0.0843689
6.65195e-12	-0.0836813
6.65285e-12	-0.0829931
6.65375e-12	-0.0823043
6.65465e-12	-0.0816148
6.65556e-12	-0.0809247
6.65646e-12	-0.080234
6.65736e-12	-0.0795427
6.65827e-12	-0.0788508
6.65917e-12	-0.0781582
6.66007e-12	-0.077465
6.66097e-12	-0.0767712
6.66188e-12	-0.0760768
6.66278e-12	-0.0753818
6.66368e-12	-0.0746861
6.66458e-12	-0.0739899
6.66549e-12	-0.073293
6.66639e-12	-0.0725955
6.66729e-12	-0.0718974
6.66819e-12	-0.0711987
6.6691e-12	-0.0704994
6.67e-12	-0.0697995
6.6709e-12	-0.0690989
6.67181e-12	-0.0683978
6.67271e-12	-0.0676961
6.67361e-12	-0.0669937
6.67451e-12	-0.0662908
6.67542e-12	-0.0655872
6.67632e-12	-0.064883
6.67722e-12	-0.0641783
6.67812e-12	-0.0634729
6.67903e-12	-0.0627669
6.67993e-12	-0.0620604
6.68083e-12	-0.0613532
6.68174e-12	-0.0606454
6.68264e-12	-0.0599371
6.68354e-12	-0.0592281
6.68444e-12	-0.0585186
6.68535e-12	-0.0578084
6.68625e-12	-0.0570977
6.68715e-12	-0.0563863
6.68805e-12	-0.0556744
6.68896e-12	-0.0549619
6.68986e-12	-0.0542488
6.69076e-12	-0.0535351
6.69166e-12	-0.0528208
6.69257e-12	-0.0521059
6.69347e-12	-0.0513904
6.69437e-12	-0.0506744
6.69528e-12	-0.0499577
6.69618e-12	-0.0492405
6.69708e-12	-0.0485227
6.69798e-12	-0.0478043
6.69889e-12	-0.0470853
6.69979e-12	-0.0463658
6.70069e-12	-0.0456457
6.70159e-12	-0.0449249
6.7025e-12	-0.0442037
6.7034e-12	-0.0434818
6.7043e-12	-0.0427593
6.70521e-12	-0.0420363
6.70611e-12	-0.0413127
6.70701e-12	-0.0405885
6.70791e-12	-0.0398638
6.70882e-12	-0.0391385
6.70972e-12	-0.0384126
6.71062e-12	-0.0376861
6.71152e-12	-0.0369591
6.71243e-12	-0.0362315
6.71333e-12	-0.0355033
6.71423e-12	-0.0347746
6.71513e-12	-0.0340453
6.71604e-12	-0.0333154
6.71694e-12	-0.032585
6.71784e-12	-0.031854
6.71875e-12	-0.0311224
6.71965e-12	-0.0303903
6.72055e-12	-0.0296576
6.72145e-12	-0.0289244
6.72236e-12	-0.0281906
6.72326e-12	-0.0274562
6.72416e-12	-0.0267213
6.72506e-12	-0.0259858
6.72597e-12	-0.0252498
6.72687e-12	-0.0245132
6.72777e-12	-0.0237761
6.72868e-12	-0.0230384
6.72958e-12	-0.0223002
6.73048e-12	-0.0215614
6.73138e-12	-0.020822
6.73229e-12	-0.0200821
6.73319e-12	-0.0193417
6.73409e-12	-0.0186007
6.73499e-12	-0.0178592
6.7359e-12	-0.0171171
6.7368e-12	-0.0163744
6.7377e-12	-0.0156313
6.7386e-12	-0.0148876
6.73951e-12	-0.0141433
6.74041e-12	-0.0133985
6.74131e-12	-0.0126532
6.74222e-12	-0.0119073
6.74312e-12	-0.0111609
6.74402e-12	-0.010414
6.74492e-12	-0.00966647
6.74583e-12	-0.00891845
6.74673e-12	-0.0081699
6.74763e-12	-0.00742081
6.74853e-12	-0.00667119
6.74944e-12	-0.00592104
6.75034e-12	-0.00517036
6.75124e-12	-0.00441915
6.75215e-12	-0.00366741
6.75305e-12	-0.00291514
6.75395e-12	-0.00216235
6.75485e-12	-0.00140903
6.75576e-12	-0.000655187
6.75666e-12	9.91803e-05
6.75756e-12	0.00085407
6.75846e-12	0.00160948
6.75937e-12	0.00236541
6.76027e-12	0.00312187
6.76117e-12	0.00387884
6.76207e-12	0.00463633
6.76298e-12	0.00539433
6.76388e-12	0.00615285
6.76478e-12	0.00691189
6.76569e-12	0.00767144
6.76659e-12	0.00843151
6.76749e-12	0.00919208
6.76839e-12	0.00995317
6.7693e-12	0.0107148
6.7702e-12	0.0114769
6.7711e-12	0.0122395
6.772e-12	0.0130026
6.77291e-12	0.0137662
6.77381e-12	0.0145304
6.77471e-12	0.015295
6.77562e-12	0.0160601
6.77652e-12	0.0168258
6.77742e-12	0.0175919
6.77832e-12	0.0183586
6.77923e-12	0.0191257
6.78013e-12	0.0198933
6.78103e-12	0.0206615
6.78193e-12	0.0214301
6.78284e-12	0.0221992
6.78374e-12	0.0229689
6.78464e-12	0.023739
6.78554e-12	0.0245096
6.78645e-12	0.0252807
6.78735e-12	0.0260523
6.78825e-12	0.0268244
6.78916e-12	0.0275969
6.79006e-12	0.02837
6.79096e-12	0.0291435
6.79186e-12	0.0299175
6.79277e-12	0.030692
6.79367e-12	0.031467
6.79457e-12	0.0322425
6.79547e-12	0.0330184
6.79638e-12	0.0337949
6.79728e-12	0.0345718
6.79818e-12	0.0353492
6.79909e-12	0.036127
6.79999e-12	0.0369054
6.80089e-12	0.0376842
6.80179e-12	0.0384635
6.8027e-12	0.0392432
6.8036e-12	0.0400235
6.8045e-12	0.0408042
6.8054e-12	0.0415853
6.80631e-12	0.042367
6.80721e-12	0.0431491
6.80811e-12	0.0439317
6.80901e-12	0.0447147
6.80992e-12	0.0454982
6.81082e-12	0.0462822
6.81172e-12	0.0470666
6.81263e-12	0.0478515
6.81353e-12	0.0486368
6.81443e-12	0.0494226
6.81533e-12	0.0502089
6.81624e-12	0.0509956
6.81714e-12	0.0517828
6.81804e-12	0.0525704
6.81894e-12	0.0533585
6.81985e-12	0.054147
6.82075e-12	0.054936
6.82165e-12	0.0557254
6.82256e-12	0.0565153
6.82346e-12	0.0573057
6.82436e-12	0.0580964
6.82526e-12	0.0588877
6.82617e-12	0.0596793
6.82707e-12	0.0604715
6.82797e-12	0.061264
6.82887e-12	0.062057
6.82978e-12	0.0628504
6.83068e-12	0.0636443
6.83158e-12	0.0644386
6.83248e-12	0.0652334
6.83339e-12	0.0660286
6.83429e-12	0.0668242
6.83519e-12	0.0676203
6.8361e-12	0.0684168
6.837e-12	0.0692137
6.8379e-12	0.070011
6.8388e-12	0.0708088
6.83971e-12	0.071607
6.84061e-12	0.0724057
6.84151e-12	0.0732047
6.84241e-12	0.0740042
6.84332e-12	0.0748041
6.84422e-12	0.0756045
6.84512e-12	0.0764052
6.84603e-12	0.0772064
6.84693e-12	0.078008
6.84783e-12	0.07881
6.84873e-12	0.0796124
6.84964e-12	0.0804153
6.85054e-12	0.0812186
6.85144e-12	0.0820222
6.85234e-12	0.0828263
6.85325e-12	0.0836308
6.85415e-12	0.0844357
6.85505e-12	0.0852411
6.85595e-12	0.0860468
6.85686e-12	0.0868529
6.85776e-12	0.0876595
6.85866e-12	0.0884664
6.85957e-12	0.0892738
6.86047e-12	0.0900815
6.86137e-12	0.0908897
6.86227e-12	0.0916982
6.86318e-12	0.0925072
6.86408e-12	0.0933165
6.86498e-12	0.0941263
6.86588e-12	0.0949364
6.86679e-12	0.095747
6.86769e-12	0.0965579
6.86859e-12	0.0973692
6.8695e-12	0.0981809
6.8704e-12	0.0989931
6.8713e-12	0.0998055
6.8722e-12	0.100618
6.87311e-12	0.101432
6.87401e-12	0.102245
6.87491e-12	0.103059
6.87581e-12	0.103874
6.87672e-12	0.104689
6.87762e-12	0.105504
6.87852e-12	0.106319
6.87942e-12	0.107135
6.88033e-12	0.107952
6.88123e-12	0.108768
6.88213e-12	0.109585
6.88304e-12	0.110403
6.88394e-12	0.111221
6.88484e-12	0.112039
6.88574e-12	0.112857
6.88665e-12	0.113676
6.88755e-12	0.114496
6.88845e-12	0.115315
6.88935e-12	0.116135
6.89026e-12	0.116956
6.89116e-12	0.117776
6.89206e-12	0.118598
6.89297e-12	0.119419
6.89387e-12	0.120241
6.89477e-12	0.121063
6.89567e-12	0.121886
6.89658e-12	0.122708
6.89748e-12	0.123532
6.89838e-12	0.124355
6.89928e-12	0.125179
6.90019e-12	0.126004
6.90109e-12	0.126828
6.90199e-12	0.127653
6.90289e-12	0.128479
6.9038e-12	0.129304
6.9047e-12	0.13013
6.9056e-12	0.130957
6.90651e-12	0.131784
6.90741e-12	0.132611
6.90831e-12	0.133438
6.90921e-12	0.134266
6.91012e-12	0.135094
6.91102e-12	0.135922
6.91192e-12	0.136751
6.91282e-12	0.13758
6.91373e-12	0.13841
6.91463e-12	0.13924
6.91553e-12	0.14007
6.91644e-12	0.1409
6.91734e-12	0.141731
6.91824e-12	0.142562
6.91914e-12	0.143393
6.92005e-12	0.144225
6.92095e-12	0.145057
6.92185e-12	0.145889
6.92275e-12	0.146722
6.92366e-12	0.147555
6.92456e-12	0.148389
6.92546e-12	0.149222
6.92636e-12	0.150056
6.92727e-12	0.15089
6.92817e-12	0.151725
6.92907e-12	0.15256
6.92998e-12	0.153395
6.93088e-12	0.154231
6.93178e-12	0.155067
6.93268e-12	0.155903
6.93359e-12	0.156739
6.93449e-12	0.157576
6.93539e-12	0.158413
6.93629e-12	0.15925
6.9372e-12	0.160088
6.9381e-12	0.160926
6.939e-12	0.161764
6.93991e-12	0.162603
6.94081e-12	0.163442
6.94171e-12	0.164281
6.94261e-12	0.16512
6.94352e-12	0.16596
6.94442e-12	0.1668
6.94532e-12	0.16764
6.94622e-12	0.168481
6.94713e-12	0.169322
6.94803e-12	0.170163
6.94893e-12	0.171005
6.94983e-12	0.171846
6.95074e-12	0.172688
6.95164e-12	0.173531
6.95254e-12	0.174373
6.95345e-12	0.175216
6.95435e-12	0.176059
6.95525e-12	0.176903
6.95615e-12	0.177746
6.95706e-12	0.17859
6.95796e-12	0.179435
6.95886e-12	0.180279
6.95976e-12	0.181124
6.96067e-12	0.181969
6.96157e-12	0.182814
6.96247e-12	0.18366
6.96338e-12	0.184506
6.96428e-12	0.185352
6.96518e-12	0.186198
6.96608e-12	0.187045
6.96699e-12	0.187892
6.96789e-12	0.188739
6.96879e-12	0.189586
6.96969e-12	0.190434
6.9706e-12	0.191282
6.9715e-12	0.19213
6.9724e-12	0.192978
6.9733e-12	0.193827
6.97421e-12	0.194676
6.97511e-12	0.195525
6.97601e-12	0.196375
6.97692e-12	0.197224
6.97782e-12	0.198074
6.97872e-12	0.198924
6.97962e-12	0.199775
6.98053e-12	0.200625
6.98143e-12	0.201476
6.98233e-12	0.202327
6.98323e-12	0.203179
6.98414e-12	0.20403
6.98504e-12	0.204882
6.98594e-12	0.205734
6.98685e-12	0.206586
6.98775e-12	0.207439
6.98865e-12	0.208291
6.98955e-12	0.209144
6.99046e-12	0.209998
6.99136e-12	0.210851
6.99226e-12	0.211705
6.99316e-12	0.212558
6.99407e-12	0.213412
6.99497e-12	0.214267
6.99587e-12	0.215121
6.99677e-12	0.215976
6.99768e-12	0.216831
6.99858e-12	0.217686
6.99948e-12	0.218541
7.00039e-12	0.219397
7.00129e-12	0.220253
7.00219e-12	0.221109
7.00309e-12	0.221965
7.004e-12	0.222821
7.0049e-12	0.223678
7.0058e-12	0.224535
7.0067e-12	0.225392
7.00761e-12	0.226249
7.00851e-12	0.227106
7.00941e-12	0.227964
7.01032e-12	0.228822
7.01122e-12	0.22968
7.01212e-12	0.230538
7.01302e-12	0.231396
7.01393e-12	0.232255
7.01483e-12	0.233113
7.01573e-12	0.233972
7.01663e-12	0.234832
7.01754e-12	0.235691
7.01844e-12	0.23655
7.01934e-12	0.23741
7.02024e-12	0.23827
7.02115e-12	0.23913
7.02205e-12	0.23999
7.02295e-12	0.240851
7.02386e-12	0.241711
7.02476e-12	0.242572
7.02566e-12	0.243433
7.02656e-12	0.244294
7.02747e-12	0.245155
7.02837e-12	0.246017
7.02927e-12	0.246878
7.03017e-12	0.24774
7.03108e-12	0.248602
7.03198e-12	0.249464
7.03288e-12	0.250326
7.03379e-12	0.251189
7.03469e-12	0.252051
7.03559e-12	0.252914
7.03649e-12	0.253777
7.0374e-12	0.25464
7.0383e-12	0.255503
7.0392e-12	0.256367
7.0401e-12	0.25723
7.04101e-12	0.258094
7.04191e-12	0.258958
7.04281e-12	0.259821
7.04372e-12	0.260686
7.04462e-12	0.26155
7.04552e-12	0.262414
7.04642e-12	0.263279
7.04733e-12	0.264143
7.04823e-12	0.265008
7.04913e-12	0.265873
7.05003e-12	0.266738
7.05094e-12	0.267603
7.05184e-12	0.268469
7.05274e-12	0.269334
7.05364e-12	0.2702
7.05455e-12	0.271066
7.05545e-12	0.271932
7.05635e-12	0.272798
7.05726e-12	0.273664
7.05816e-12	0.27453
7.05906e-12	0.275396
7.05996e-12	0.276263
7.06087e-12	0.277129
7.06177e-12	0.277996
7.06267e-12	0.278863
7.06357e-12	0.27973
7.06448e-12	0.280597
7.06538e-12	0.281464
7.06628e-12	0.282331
7.06719e-12	0.283199
7.06809e-12	0.284066
7.06899e-12	0.284934
7.06989e-12	0.285802
7.0708e-12	0.28667
7.0717e-12	0.287538
7.0726e-12	0.288406
7.0735e-12	0.289274
7.07441e-12	0.290142
7.07531e-12	0.29101
7.07621e-12	0.291879
7.07711e-12	0.292747
7.07802e-12	0.293616
7.07892e-12	0.294485
7.07982e-12	0.295353
7.08073e-12	0.296222
7.08163e-12	0.297091
7.08253e-12	0.29796
7.08343e-12	0.298829
7.08434e-12	0.299699
7.08524e-12	0.300568
7.08614e-12	0.301437
7.08704e-12	0.302307
7.08795e-12	0.303176
7.08885e-12	0.304046
7.08975e-12	0.304916
7.09066e-12	0.305786
7.09156e-12	0.306655
7.09246e-12	0.307525
7.09336e-12	0.308395
7.09427e-12	0.309265
7.09517e-12	0.310136
7.09607e-12	0.311006
7.09697e-12	0.311876
7.09788e-12	0.312746
7.09878e-12	0.313617
7.09968e-12	0.314487
7.10058e-12	0.315358
7.10149e-12	0.316228
7.10239e-12	0.317099
7.10329e-12	0.317969
7.1042e-12	0.31884
7.1051e-12	0.319711
7.106e-12	0.320582
7.1069e-12	0.321453
7.10781e-12	0.322323
7.10871e-12	0.323194
7.10961e-12	0.324065
7.11051e-12	0.324936
7.11142e-12	0.325807
7.11232e-12	0.326679
7.11322e-12	0.32755
7.11413e-12	0.328421
7.11503e-12	0.329292
7.11593e-12	0.330163
7.11683e-12	0.331035
7.11774e-12	0.331906
7.11864e-12	0.332777
7.11954e-12	0.333649
7.12044e-12	0.33452
7.12135e-12	0.335392
7.12225e-12	0.336263
7.12315e-12	0.337135
7.12405e-12	0.338006
7.12496e-12	0.338877
7.12586e-12	0.339749
7.12676e-12	0.340621
7.12767e-12	0.341492
7.12857e-12	0.342364
7.12947e-12	0.343235
7.13037e-12	0.344107
7.13128e-12	0.344979
7.13218e-12	0.34585
7.13308e-12	0.346722
7.13398e-12	0.347593
7.13489e-12	0.348465
7.13579e-12	0.349337
7.13669e-12	0.350208
7.1376e-12	0.35108
7.1385e-12	0.351952
7.1394e-12	0.352823
7.1403e-12	0.353695
7.14121e-12	0.354566
7.14211e-12	0.355438
7.14301e-12	0.35631
7.14391e-12	0.357181
7.14482e-12	0.358053
7.14572e-12	0.358924
7.14662e-12	0.359796
7.14752e-12	0.360667
7.14843e-12	0.361539
7.14933e-12	0.36241
7.15023e-12	0.363282
7.15114e-12	0.364153
7.15204e-12	0.365025
7.15294e-12	0.365896
7.15384e-12	0.366767
7.15475e-12	0.367639
7.15565e-12	0.36851
7.15655e-12	0.369381
7.15745e-12	0.370253
7.15836e-12	0.371124
7.15926e-12	0.371995
7.16016e-12	0.372866
7.16107e-12	0.373737
7.16197e-12	0.374608
7.16287e-12	0.375479
7.16377e-12	0.37635
7.16468e-12	0.377221
7.16558e-12	0.378092
7.16648e-12	0.378963
7.16738e-12	0.379834
7.16829e-12	0.380704
7.16919e-12	0.381575
7.17009e-12	0.382446
7.17099e-12	0.383316
7.1719e-12	0.384187
7.1728e-12	0.385057
7.1737e-12	0.385928
7.17461e-12	0.386798
7.17551e-12	0.387668
7.17641e-12	0.388538
7.17731e-12	0.389408
7.17822e-12	0.390279
7.17912e-12	0.391149
7.18002e-12	0.392018
7.18092e-12	0.392888
7.18183e-12	0.393758
7.18273e-12	0.394628
7.18363e-12	0.395498
7.18454e-12	0.396367
7.18544e-12	0.397237
7.18634e-12	0.398106
7.18724e-12	0.398975
7.18815e-12	0.399845
7.18905e-12	0.400714
7.18995e-12	0.401583
7.19085e-12	0.402452
7.19176e-12	0.403321
7.19266e-12	0.404189
7.19356e-12	0.405058
7.19446e-12	0.405927
7.19537e-12	0.406795
7.19627e-12	0.407664
7.19717e-12	0.408532
7.19808e-12	0.4094
7.19898e-12	0.410268
7.19988e-12	0.411136
7.20078e-12	0.412004
7.20169e-12	0.412872
7.20259e-12	0.41374
7.20349e-12	0.414607
7.20439e-12	0.415475
7.2053e-12	0.416342
7.2062e-12	0.41721
7.2071e-12	0.418077
7.20801e-12	0.418944
7.20891e-12	0.419811
7.20981e-12	0.420678
7.21071e-12	0.421544
7.21162e-12	0.422411
7.21252e-12	0.423277
7.21342e-12	0.424144
7.21432e-12	0.42501
7.21523e-12	0.425876
7.21613e-12	0.426742
7.21703e-12	0.427608
7.21793e-12	0.428473
7.21884e-12	0.429339
7.21974e-12	0.430204
7.22064e-12	0.431069
7.22155e-12	0.431935
7.22245e-12	0.4328
7.22335e-12	0.433664
7.22425e-12	0.434529
7.22516e-12	0.435394
7.22606e-12	0.436258
7.22696e-12	0.437122
7.22786e-12	0.437986
7.22877e-12	0.43885
7.22967e-12	0.439714
7.23057e-12	0.440578
7.23148e-12	0.441441
7.23238e-12	0.442305
7.23328e-12	0.443168
7.23418e-12	0.444031
7.23509e-12	0.444894
7.23599e-12	0.445757
7.23689e-12	0.446619
7.23779e-12	0.447482
7.2387e-12	0.448344
7.2396e-12	0.449206
7.2405e-12	0.450068
7.2414e-12	0.450929
7.24231e-12	0.451791
7.24321e-12	0.452652
7.24411e-12	0.453514
7.24502e-12	0.454375
7.24592e-12	0.455235
7.24682e-12	0.456096
7.24772e-12	0.456957
7.24863e-12	0.457817
7.24953e-12	0.458677
7.25043e-12	0.459537
7.25133e-12	0.460397
7.25224e-12	0.461256
7.25314e-12	0.462116
7.25404e-12	0.462975
7.25495e-12	0.463834
7.25585e-12	0.464693
7.25675e-12	0.465551
7.25765e-12	0.46641
7.25856e-12	0.467268
7.25946e-12	0.468126
7.26036e-12	0.468984
7.26126e-12	0.469841
7.26217e-12	0.470698
7.26307e-12	0.471556
7.26397e-12	0.472413
7.26487e-12	0.473269
7.26578e-12	0.474126
7.26668e-12	0.474982
7.26758e-12	0.475838
7.26849e-12	0.476694
7.26939e-12	0.47755
7.27029e-12	0.478405
7.27119e-12	0.479261
7.2721e-12	0.480116
7.273e-12	0.48097
7.2739e-12	0.481825
7.2748e-12	0.482679
7.27571e-12	0.483534
7.27661e-12	0.484387
7.27751e-12	0.485241
7.27842e-12	0.486095
7.27932e-12	0.486948
7.28022e-12	0.487801
7.28112e-12	0.488653
7.28203e-12	0.489506
7.28293e-12	0.490358
7.28383e-12	0.49121
7.28473e-12	0.492062
7.28564e-12	0.492913
7.28654e-12	0.493765
7.28744e-12	0.494616
7.28834e-12	0.495467
7.28925e-12	0.496317
7.29015e-12	0.497167
7.29105e-12	0.498017
7.29196e-12	0.498867
7.29286e-12	0.499717
7.29376e-12	0.500566
7.29466e-12	0.501415
7.29557e-12	0.502264
7.29647e-12	0.503112
7.29737e-12	0.50396
7.29827e-12	0.504808
7.29918e-12	0.505656
7.30008e-12	0.506503
7.30098e-12	0.507351
7.30189e-12	0.508197
7.30279e-12	0.509044
7.30369e-12	0.50989
7.30459e-12	0.510736
7.3055e-12	0.511582
7.3064e-12	0.512428
7.3073e-12	0.513273
7.3082e-12	0.514118
7.30911e-12	0.514962
7.31001e-12	0.515807
7.31091e-12	0.516651
7.31181e-12	0.517495
7.31272e-12	0.518338
7.31362e-12	0.519181
7.31452e-12	0.520024
7.31543e-12	0.520867
7.31633e-12	0.521709
7.31723e-12	0.522551
7.31813e-12	0.523393
7.31904e-12	0.524235
7.31994e-12	0.525076
7.32084e-12	0.525917
7.32174e-12	0.526757
7.32265e-12	0.527597
7.32355e-12	0.528437
7.32445e-12	0.529277
7.32536e-12	0.530116
7.32626e-12	0.530955
7.32716e-12	0.531794
7.32806e-12	0.532632
7.32897e-12	0.53347
7.32987e-12	0.534308
7.33077e-12	0.535145
7.33167e-12	0.535982
7.33258e-12	0.536819
7.33348e-12	0.537656
7.33438e-12	0.538492
7.33528e-12	0.539328
7.33619e-12	0.540163
7.33709e-12	0.540998
7.33799e-12	0.541833
7.3389e-12	0.542667
7.3398e-12	0.543502
7.3407e-12	0.544335
7.3416e-12	0.545169
7.34251e-12	0.546002
7.34341e-12	0.546835
7.34431e-12	0.547667
7.34521e-12	0.548499
7.34612e-12	0.549331
7.34702e-12	0.550162
7.34792e-12	0.550994
7.34883e-12	0.551824
7.34973e-12	0.552655
7.35063e-12	0.553485
7.35153e-12	0.554314
7.35244e-12	0.555144
7.35334e-12	0.555973
7.35424e-12	0.556801
7.35514e-12	0.557629
7.35605e-12	0.558457
7.35695e-12	0.559285
7.35785e-12	0.560112
7.35875e-12	0.560939
7.35966e-12	0.561765
7.36056e-12	0.562591
7.36146e-12	0.563417
7.36237e-12	0.564242
7.36327e-12	0.565067
7.36417e-12	0.565892
7.36507e-12	0.566716
7.36598e-12	0.56754
7.36688e-12	0.568363
7.36778e-12	0.569186
7.36868e-12	0.570009
7.36959e-12	0.570831
7.37049e-12	0.571653
7.37139e-12	0.572475
7.3723e-12	0.573296
7.3732e-12	0.574116
7.3741e-12	0.574937
7.375e-12	0.575757
7.37591e-12	0.576576
7.37681e-12	0.577395
7.37771e-12	0.578214
7.37861e-12	0.579033
7.37952e-12	0.579851
7.38042e-12	0.580668
7.38132e-12	0.581485
7.38222e-12	0.582302
7.38313e-12	0.583118
7.38403e-12	0.583934
7.38493e-12	0.58475
7.38584e-12	0.585565
7.38674e-12	0.58638
7.38764e-12	0.587194
7.38854e-12	0.588008
7.38945e-12	0.588822
7.39035e-12	0.589635
7.39125e-12	0.590447
7.39215e-12	0.59126
7.39306e-12	0.592071
7.39396e-12	0.592883
7.39486e-12	0.593694
7.39577e-12	0.594504
7.39667e-12	0.595314
7.39757e-12	0.596124
7.39847e-12	0.596933
7.39938e-12	0.597742
7.40028e-12	0.59855
7.40118e-12	0.599358
7.40208e-12	0.600166
7.40299e-12	0.600973
7.40389e-12	0.60178
7.40479e-12	0.602586
7.40569e-12	0.603392
7.4066e-12	0.604197
7.4075e-12	0.605002
7.4084e-12	0.605806
7.40931e-12	0.60661
7.41021e-12	0.607414
7.41111e-12	0.608217
7.41201e-12	0.609019
7.41292e-12	0.609822
7.41382e-12	0.610623
7.41472e-12	0.611425
7.41562e-12	0.612225
7.41653e-12	0.613026
7.41743e-12	0.613826
7.41833e-12	0.614625
7.41924e-12	0.615424
7.42014e-12	0.616222
7.42104e-12	0.61702
7.42194e-12	0.617818
7.42285e-12	0.618615
7.42375e-12	0.619412
7.42465e-12	0.620208
7.42555e-12	0.621003
7.42646e-12	0.621799
7.42736e-12	0.622593
7.42826e-12	0.623387
7.42917e-12	0.624181
7.43007e-12	0.624974
7.43097e-12	0.625767
7.43187e-12	0.62656
7.43278e-12	0.627351
7.43368e-12	0.628143
7.43458e-12	0.628934
7.43548e-12	0.629724
7.43639e-12	0.630514
7.43729e-12	0.631303
7.43819e-12	0.632092
7.43909e-12	0.63288
7.44e-12	0.633668
7.4409e-12	0.634456
7.4418e-12	0.635242
7.44271e-12	0.636029
7.44361e-12	0.636815
7.44451e-12	0.6376
7.44541e-12	0.638385
7.44632e-12	0.639169
7.44722e-12	0.639953
7.44812e-12	0.640736
7.44902e-12	0.641519
7.44993e-12	0.642301
7.45083e-12	0.643083
7.45173e-12	0.643865
7.45264e-12	0.644645
7.45354e-12	0.645426
7.45444e-12	0.646205
7.45534e-12	0.646984
7.45625e-12	0.647763
7.45715e-12	0.648541
7.45805e-12	0.649319
7.45895e-12	0.650096
7.45986e-12	0.650872
7.46076e-12	0.651649
7.46166e-12	0.652424
7.46256e-12	0.653199
7.46347e-12	0.653973
7.46437e-12	0.654747
7.46527e-12	0.655521
7.46618e-12	0.656293
7.46708e-12	0.657066
7.46798e-12	0.657837
7.46888e-12	0.658609
7.46979e-12	0.659379
7.47069e-12	0.660149
7.47159e-12	0.660919
7.47249e-12	0.661688
7.4734e-12	0.662456
7.4743e-12	0.663224
7.4752e-12	0.663992
7.47611e-12	0.664758
7.47701e-12	0.665525
7.47791e-12	0.66629
7.47881e-12	0.667055
7.47972e-12	0.66782
7.48062e-12	0.668584
7.48152e-12	0.669347
7.48242e-12	0.67011
7.48333e-12	0.670873
7.48423e-12	0.671634
7.48513e-12	0.672395
7.48603e-12	0.673156
7.48694e-12	0.673916
7.48784e-12	0.674675
7.48874e-12	0.675434
7.48965e-12	0.676193
7.49055e-12	0.67695
7.49145e-12	0.677707
7.49235e-12	0.678464
7.49326e-12	0.67922
7.49416e-12	0.679975
7.49506e-12	0.68073
7.49596e-12	0.681484
7.49687e-12	0.682238
7.49777e-12	0.682991
7.49867e-12	0.683743
7.49958e-12	0.684495
7.50048e-12	0.685247
7.50138e-12	0.685997
7.50228e-12	0.686747
7.50319e-12	0.687497
7.50409e-12	0.688246
7.50499e-12	0.688994
7.50589e-12	0.689742
7.5068e-12	0.690489
7.5077e-12	0.691235
7.5086e-12	0.691981
7.5095e-12	0.692726
7.51041e-12	0.693471
7.51131e-12	0.694215
7.51221e-12	0.694958
7.51312e-12	0.695701
7.51402e-12	0.696443
7.51492e-12	0.697185
7.51582e-12	0.697926
7.51673e-12	0.698666
7.51763e-12	0.699406
7.51853e-12	0.700145
7.51943e-12	0.700884
7.52034e-12	0.701621
7.52124e-12	0.702359
7.52214e-12	0.703095
7.52305e-12	0.703831
7.52395e-12	0.704567
7.52485e-12	0.705301
7.52575e-12	0.706035
7.52666e-12	0.706769
7.52756e-12	0.707502
7.52846e-12	0.708234
7.52936e-12	0.708965
7.53027e-12	0.709696
7.53117e-12	0.710427
7.53207e-12	0.711156
7.53297e-12	0.711885
7.53388e-12	0.712614
7.53478e-12	0.713341
7.53568e-12	0.714068
7.53659e-12	0.714795
7.53749e-12	0.71552
7.53839e-12	0.716245
7.53929e-12	0.71697
7.5402e-12	0.717694
7.5411e-12	0.718417
7.542e-12	0.719139
7.5429e-12	0.719861
7.54381e-12	0.720582
7.54471e-12	0.721303
7.54561e-12	0.722023
7.54652e-12	0.722742
7.54742e-12	0.72346
7.54832e-12	0.724178
7.54922e-12	0.724895
7.55013e-12	0.725612
7.55103e-12	0.726328
7.55193e-12	0.727043
7.55283e-12	0.727757
7.55374e-12	0.728471
7.55464e-12	0.729184
7.55554e-12	0.729897
7.55644e-12	0.730608
7.55735e-12	0.73132
7.55825e-12	0.73203
7.55915e-12	0.73274
7.56006e-12	0.733449
7.56096e-12	0.734157
7.56186e-12	0.734865
7.56276e-12	0.735572
7.56367e-12	0.736278
7.56457e-12	0.736984
7.56547e-12	0.737689
7.56637e-12	0.738393
7.56728e-12	0.739096
7.56818e-12	0.739799
7.56908e-12	0.740501
7.56999e-12	0.741203
7.57089e-12	0.741904
7.57179e-12	0.742604
7.57269e-12	0.743303
7.5736e-12	0.744002
7.5745e-12	0.744699
7.5754e-12	0.745397
7.5763e-12	0.746093
7.57721e-12	0.746789
7.57811e-12	0.747484
7.57901e-12	0.748179
7.57991e-12	0.748872
7.58082e-12	0.749565
7.58172e-12	0.750257
7.58262e-12	0.750949
7.58353e-12	0.75164
7.58443e-12	0.75233
7.58533e-12	0.753019
7.58623e-12	0.753708
7.58714e-12	0.754396
7.58804e-12	0.755083
7.58894e-12	0.755769
7.58984e-12	0.756455
7.59075e-12	0.75714
7.59165e-12	0.757824
7.59255e-12	0.758508
7.59346e-12	0.759191
7.59436e-12	0.759873
7.59526e-12	0.760554
7.59616e-12	0.761235
7.59707e-12	0.761915
7.59797e-12	0.762594
7.59887e-12	0.763272
7.59977e-12	0.76395
7.60068e-12	0.764627
7.60158e-12	0.765303
7.60248e-12	0.765978
7.60338e-12	0.766653
7.60429e-12	0.767327
7.60519e-12	0.768
7.60609e-12	0.768673
7.607e-12	0.769344
7.6079e-12	0.770015
7.6088e-12	0.770685
7.6097e-12	0.771355
7.61061e-12	0.772023
7.61151e-12	0.772691
7.61241e-12	0.773359
7.61331e-12	0.774025
7.61422e-12	0.774691
7.61512e-12	0.775355
7.61602e-12	0.776019
7.61693e-12	0.776683
7.61783e-12	0.777345
7.61873e-12	0.778007
7.61963e-12	0.778668
7.62054e-12	0.779328
7.62144e-12	0.779988
7.62234e-12	0.780647
7.62324e-12	0.781304
7.62415e-12	0.781962
7.62505e-12	0.782618
7.62595e-12	0.783274
7.62685e-12	0.783928
7.62776e-12	0.784582
7.62866e-12	0.785236
7.62956e-12	0.785888
7.63047e-12	0.78654
7.63137e-12	0.787191
7.63227e-12	0.787841
7.63317e-12	0.78849
7.63408e-12	0.789139
7.63498e-12	0.789786
7.63588e-12	0.790433
7.63678e-12	0.791079
7.63769e-12	0.791725
7.63859e-12	0.792369
7.63949e-12	0.793013
7.6404e-12	0.793656
7.6413e-12	0.794298
7.6422e-12	0.79494
7.6431e-12	0.79558
7.64401e-12	0.79622
7.64491e-12	0.796859
7.64581e-12	0.797497
7.64671e-12	0.798134
7.64762e-12	0.798771
7.64852e-12	0.799407
7.64942e-12	0.800042
7.65032e-12	0.800676
7.65123e-12	0.801309
7.65213e-12	0.801941
7.65303e-12	0.802573
7.65394e-12	0.803204
7.65484e-12	0.803834
7.65574e-12	0.804463
7.65664e-12	0.805092
7.65755e-12	0.805719
7.65845e-12	0.806346
7.65935e-12	0.806972
7.66025e-12	0.807597
7.66116e-12	0.808221
7.66206e-12	0.808844
7.66296e-12	0.809467
7.66387e-12	0.810089
7.66477e-12	0.81071
7.66567e-12	0.81133
7.66657e-12	0.811949
7.66748e-12	0.812568
7.66838e-12	0.813185
7.66928e-12	0.813802
7.67018e-12	0.814418
7.67109e-12	0.815033
7.67199e-12	0.815647
7.67289e-12	0.816261
7.67379e-12	0.816873
7.6747e-12	0.817485
7.6756e-12	0.818096
7.6765e-12	0.818706
7.67741e-12	0.819315
7.67831e-12	0.819923
7.67921e-12	0.820531
7.68011e-12	0.821137
7.68102e-12	0.821743
7.68192e-12	0.822348
7.68282e-12	0.822952
7.68372e-12	0.823555
7.68463e-12	0.824158
7.68553e-12	0.824759
7.68643e-12	0.82536
7.68734e-12	0.82596
7.68824e-12	0.826559
7.68914e-12	0.827157
7.69004e-12	0.827754
7.69095e-12	0.82835
7.69185e-12	0.828946
7.69275e-12	0.82954
7.69365e-12	0.830134
7.69456e-12	0.830727
7.69546e-12	0.831319
7.69636e-12	0.83191
7.69726e-12	0.8325
7.69817e-12	0.833089
7.69907e-12	0.833678
7.69997e-12	0.834266
7.70088e-12	0.834852
7.70178e-12	0.835438
7.70268e-12	0.836023
7.70358e-12	0.836607
7.70449e-12	0.83719
7.70539e-12	0.837773
7.70629e-12	0.838354
7.70719e-12	0.838935
7.7081e-12	0.839514
7.709e-12	0.840093
7.7099e-12	0.840671
7.71081e-12	0.841248
7.71171e-12	0.841824
7.71261e-12	0.842399
7.71351e-12	0.842974
7.71442e-12	0.843547
7.71532e-12	0.84412
7.71622e-12	0.844691
7.71712e-12	0.845262
7.71803e-12	0.845832
7.71893e-12	0.846401
7.71983e-12	0.846969
7.72073e-12	0.847536
7.72164e-12	0.848102
7.72254e-12	0.848667
7.72344e-12	0.849232
7.72435e-12	0.849795
7.72525e-12	0.850358
7.72615e-12	0.85092
7.72705e-12	0.85148
7.72796e-12	0.85204
7.72886e-12	0.852599
7.72976e-12	0.853157
7.73066e-12	0.853714
7.73157e-12	0.854271
7.73247e-12	0.854826
7.73337e-12	0.85538
7.73428e-12	0.855934
7.73518e-12	0.856486
7.73608e-12	0.857038
7.73698e-12	0.857589
7.73789e-12	0.858138
7.73879e-12	0.858687
7.73969e-12	0.859235
7.74059e-12	0.859782
7.7415e-12	0.860328
7.7424e-12	0.860873
7.7433e-12	0.861418
7.7442e-12	0.861961
7.74511e-12	0.862503
7.74601e-12	0.863045
7.74691e-12	0.863585
7.74782e-12	0.864125
7.74872e-12	0.864663
7.74962e-12	0.865201
7.75052e-12	0.865738
7.75143e-12	0.866273
7.75233e-12	0.866808
7.75323e-12	0.867342
7.75413e-12	0.867875
7.75504e-12	0.868407
7.75594e-12	0.868938
7.75684e-12	0.869469
7.75775e-12	0.869998
7.75865e-12	0.870526
7.75955e-12	0.871053
7.76045e-12	0.87158
7.76136e-12	0.872105
7.76226e-12	0.872629
7.76316e-12	0.873153
7.76406e-12	0.873675
7.76497e-12	0.874197
7.76587e-12	0.874718
7.76677e-12	0.875237
7.76767e-12	0.875756
7.76858e-12	0.876274
7.76948e-12	0.876791
7.77038e-12	0.877307
7.77129e-12	0.877821
7.77219e-12	0.878335
7.77309e-12	0.878848
7.77399e-12	0.87936
7.7749e-12	0.879871
7.7758e-12	0.880381
7.7767e-12	0.88089
7.7776e-12	0.881399
7.77851e-12	0.881906
7.77941e-12	0.882412
7.78031e-12	0.882917
7.78122e-12	0.883421
7.78212e-12	0.883925
7.78302e-12	0.884427
7.78392e-12	0.884928
7.78483e-12	0.885428
7.78573e-12	0.885928
7.78663e-12	0.886426
7.78753e-12	0.886924
7.78844e-12	0.88742
7.78934e-12	0.887915
7.79024e-12	0.88841
7.79114e-12	0.888903
7.79205e-12	0.889396
7.79295e-12	0.889887
7.79385e-12	0.890378
7.79476e-12	0.890867
7.79566e-12	0.891356
7.79656e-12	0.891844
7.79746e-12	0.89233
7.79837e-12	0.892816
7.79927e-12	0.8933
7.80017e-12	0.893784
7.80107e-12	0.894266
7.80198e-12	0.894748
7.80288e-12	0.895229
7.80378e-12	0.895708
7.80469e-12	0.896187
7.80559e-12	0.896665
7.80649e-12	0.897141
7.80739e-12	0.897617
7.8083e-12	0.898091
7.8092e-12	0.898565
7.8101e-12	0.899038
7.811e-12	0.899509
7.81191e-12	0.89998
7.81281e-12	0.900449
7.81371e-12	0.900918
7.81462e-12	0.901385
7.81552e-12	0.901852
7.81642e-12	0.902318
7.81732e-12	0.902782
7.81823e-12	0.903246
7.81913e-12	0.903708
7.82003e-12	0.90417
7.82093e-12	0.90463
7.82184e-12	0.90509
7.82274e-12	0.905548
7.82364e-12	0.906006
7.82454e-12	0.906462
7.82545e-12	0.906917
7.82635e-12	0.907372
7.82725e-12	0.907825
7.82816e-12	0.908278
7.82906e-12	0.908729
7.82996e-12	0.909179
7.83086e-12	0.909628
7.83177e-12	0.910077
7.83267e-12	0.910524
7.83357e-12	0.91097
7.83447e-12	0.911415
7.83538e-12	0.911859
7.83628e-12	0.912303
7.83718e-12	0.912745
7.83809e-12	0.913186
7.83899e-12	0.913626
7.83989e-12	0.914065
7.84079e-12	0.914503
7.8417e-12	0.91494
7.8426e-12	0.915375
7.8435e-12	0.91581
7.8444e-12	0.916244
7.84531e-12	0.916677
7.84621e-12	0.917109
7.84711e-12	0.917539
7.84801e-12	0.917969
7.84892e-12	0.918398
7.84982e-12	0.918825
7.85072e-12	0.919252
7.85163e-12	0.919677
7.85253e-12	0.920102
7.85343e-12	0.920525
7.85433e-12	0.920947
7.85524e-12	0.921369
7.85614e-12	0.921789
7.85704e-12	0.922208
7.85794e-12	0.922626
7.85885e-12	0.923043
7.85975e-12	0.923459
7.86065e-12	0.923874
7.86156e-12	0.924288
7.86246e-12	0.924701
7.86336e-12	0.925113
7.86426e-12	0.925524
7.86517e-12	0.925934
7.86607e-12	0.926342
7.86697e-12	0.92675
7.86787e-12	0.927157
7.86878e-12	0.927562
7.86968e-12	0.927966
7.87058e-12	0.92837
7.87148e-12	0.928772
7.87239e-12	0.929173
7.87329e-12	0.929574
7.87419e-12	0.929973
7.8751e-12	0.930371
7.876e-12	0.930768
7.8769e-12	0.931164
7.8778e-12	0.931559
7.87871e-12	0.931952
7.87961e-12	0.932345
7.88051e-12	0.932737
7.88141e-12	0.933127
7.88232e-12	0.933517
7.88322e-12	0.933905
7.88412e-12	0.934293
7.88503e-12	0.934679
7.88593e-12	0.935064
7.88683e-12	0.935448
7.88773e-12	0.935831
7.88864e-12	0.936213
7.88954e-12	0.936594
7.89044e-12	0.936974
7.89134e-12	0.937353
7.89225e-12	0.937731
7.89315e-12	0.938107
7.89405e-12	0.938483
7.89495e-12	0.938857
7.89586e-12	0.93923
7.89676e-12	0.939603
7.89766e-12	0.939974
7.89857e-12	0.940344
7.89947e-12	0.940713
7.90037e-12	0.941081
7.90127e-12	0.941448
7.90218e-12	0.941814
7.90308e-12	0.942178
7.90398e-12	0.942542
7.90488e-12	0.942904
7.90579e-12	0.943266
7.90669e-12	0.943626
7.90759e-12	0.943985
7.9085e-12	0.944343
7.9094e-12	0.9447
7.9103e-12	0.945056
7.9112e-12	0.945411
7.91211e-12	0.945765
7.91301e-12	0.946117
7.91391e-12	0.946469
7.91481e-12	0.946819
7.91572e-12	0.947169
7.91662e-12	0.947517
7.91752e-12	0.947864
7.91842e-12	0.94821
7.91933e-12	0.948555
7.92023e-12	0.948899
7.92113e-12	0.949242
7.92204e-12	0.949584
7.92294e-12	0.949924
7.92384e-12	0.950264
7.92474e-12	0.950602
7.92565e-12	0.950939
7.92655e-12	0.951275
7.92745e-12	0.95161
7.92835e-12	0.951944
7.92926e-12	0.952277
7.93016e-12	0.952609
7.93106e-12	0.952939
7.93197e-12	0.953269
7.93287e-12	0.953597
7.93377e-12	0.953924
7.93467e-12	0.95425
7.93558e-12	0.954575
7.93648e-12	0.954899
7.93738e-12	0.955222
7.93828e-12	0.955544
7.93919e-12	0.955864
7.94009e-12	0.956184
7.94099e-12	0.956502
7.94189e-12	0.956819
7.9428e-12	0.957135
7.9437e-12	0.95745
7.9446e-12	0.957764
7.94551e-12	0.958077
7.94641e-12	0.958389
7.94731e-12	0.958699
7.94821e-12	0.959008
7.94912e-12	0.959317
7.95002e-12	0.959624
7.95092e-12	0.95993
7.95182e-12	0.960235
7.95273e-12	0.960538
7.95363e-12	0.960841
7.95453e-12	0.961143
7.95544e-12	0.961443
7.95634e-12	0.961742
7.95724e-12	0.96204
7.95814e-12	0.962337
7.95905e-12	0.962633
7.95995e-12	0.962928
7.96085e-12	0.963222
7.96175e-12	0.963514
7.96266e-12	0.963805
7.96356e-12	0.964096
7.96446e-12	0.964385
7.96536e-12	0.964673
7.96627e-12	0.964959
7.96717e-12	0.965245
7.96807e-12	0.96553
7.96898e-12	0.965813
7.96988e-12	0.966095
7.97078e-12	0.966376
7.97168e-12	0.966656
7.97259e-12	0.966935
7.97349e-12	0.967213
7.97439e-12	0.96749
7.97529e-12	0.967765
7.9762e-12	0.968039
7.9771e-12	0.968313
7.978e-12	0.968584
7.97891e-12	0.968855
7.97981e-12	0.969125
7.98071e-12	0.969394
7.98161e-12	0.969661
7.98252e-12	0.969927
7.98342e-12	0.970193
7.98432e-12	0.970457
7.98522e-12	0.97072
7.98613e-12	0.970981
7.98703e-12	0.971242
7.98793e-12	0.971501
7.98883e-12	0.97176
7.98974e-12	0.972017
7.99064e-12	0.972273
7.99154e-12	0.972528
7.99245e-12	0.972781
7.99335e-12	0.973034
7.99425e-12	0.973285
7.99515e-12	0.973535
7.99606e-12	0.973785
7.99696e-12	0.974032
7.99786e-12	0.974279
7.99876e-12	0.974525
7.99967e-12	0.974769
8.00057e-12	0.975013
8.00147e-12	0.975255
8.00238e-12	0.975496
8.00328e-12	0.975736
8.00418e-12	0.975974
8.00508e-12	0.976212
8.00599e-12	0.976448
8.00689e-12	0.976684
8.00779e-12	0.976918
8.00869e-12	0.977151
8.0096e-12	0.977382
8.0105e-12	0.977613
8.0114e-12	0.977842
8.0123e-12	0.978071
8.01321e-12	0.978298
8.01411e-12	0.978524
8.01501e-12	0.978749
8.01592e-12	0.978972
8.01682e-12	0.979195
8.01772e-12	0.979416
8.01862e-12	0.979636
8.01953e-12	0.979855
8.02043e-12	0.980073
8.02133e-12	0.98029
8.02223e-12	0.980505
8.02314e-12	0.98072
8.02404e-12	0.980933
8.02494e-12	0.981145
8.02585e-12	0.981356
8.02675e-12	0.981565
8.02765e-12	0.981774
8.02855e-12	0.981981
8.02946e-12	0.982187
8.03036e-12	0.982392
8.03126e-12	0.982596
8.03216e-12	0.982799
8.03307e-12	0.983
8.03397e-12	0.9832
8.03487e-12	0.9834
8.03577e-12	0.983598
8.03668e-12	0.983794
8.03758e-12	0.98399
8.03848e-12	0.984185
8.03939e-12	0.984378
8.04029e-12	0.98457
8.04119e-12	0.984761
8.04209e-12	0.984951
8.043e-12	0.985139
8.0439e-12	0.985327
8.0448e-12	0.985513
8.0457e-12	0.985698
8.04661e-12	0.985882
8.04751e-12	0.986065
8.04841e-12	0.986246
8.04932e-12	0.986426
8.05022e-12	0.986606
8.05112e-12	0.986784
8.05202e-12	0.986961
8.05293e-12	0.987136
8.05383e-12	0.987311
8.05473e-12	0.987484
8.05563e-12	0.987656
8.05654e-12	0.987827
8.05744e-12	0.987997
8.05834e-12	0.988165
8.05924e-12	0.988333
8.06015e-12	0.988499
8.06105e-12	0.988664
8.06195e-12	0.988828
8.06286e-12	0.988991
8.06376e-12	0.989152
8.06466e-12	0.989312
8.06556e-12	0.989471
8.06647e-12	0.989629
8.06737e-12	0.989786
8.06827e-12	0.989942
8.06917e-12	0.990096
8.07008e-12	0.990249
8.07098e-12	0.990401
8.07188e-12	0.990552
8.07279e-12	0.990702
8.07369e-12	0.99085
8.07459e-12	0.990998
8.07549e-12	0.991144
8.0764e-12	0.991289
8.0773e-12	0.991432
8.0782e-12	0.991575
8.0791e-12	0.991716
8.08001e-12	0.991856
8.08091e-12	0.991995
8.08181e-12	0.992133
8.08271e-12	0.99227
8.08362e-12	0.992405
8.08452e-12	0.992539
8.08542e-12	0.992672
8.08633e-12	0.992804
8.08723e-12	0.992935
8.08813e-12	0.993064
8.08903e-12	0.993193
8.08994e-12	0.99332
8.09084e-12	0.993446
8.09174e-12	0.99357
8.09264e-12	0.993694
8.09355e-12	0.993816
8.09445e-12	0.993937
8.09535e-12	0.994057
8.09626e-12	0.994176
8.09716e-12	0.994293
8.09806e-12	0.99441
8.09896e-12	0.994525
8.09987e-12	0.994639
8.10077e-12	0.994752
8.10167e-12	0.994863
8.10257e-12	0.994974
8.10348e-12	0.995083
8.10438e-12	0.995191
8.10528e-12	0.995298
8.10618e-12	0.995403
8.10709e-12	0.995508
8.10799e-12	0.995611
8.10889e-12	0.995713
8.1098e-12	0.995814
8.1107e-12	0.995913
8.1116e-12	0.996012
8.1125e-12	0.996109
8.11341e-12	0.996205
8.11431e-12	0.9963
8.11521e-12	0.996394
8.11611e-12	0.996486
8.11702e-12	0.996577
8.11792e-12	0.996667
8.11882e-12	0.996756
8.11973e-12	0.996844
8.12063e-12	0.99693
8.12153e-12	0.997016
8.12243e-12	0.9971
8.12334e-12	0.997183
8.12424e-12	0.997264
8.12514e-12	0.997345
8.12604e-12	0.997424
8.12695e-12	0.997502
8.12785e-12	0.997579
8.12875e-12	0.997655
8.12965e-12	0.997729
8.13056e-12	0.997802
8.13146e-12	0.997874
8.13236e-12	0.997945
8.13327e-12	0.998015
8.13417e-12	0.998084
8.13507e-12	0.998151
8.13597e-12	0.998217
8.13688e-12	0.998282
8.13778e-12	0.998345
8.13868e-12	0.998408
8.13958e-12	0.998469
8.14049e-12	0.998529
8.14139e-12	0.998588
8.14229e-12	0.998646
8.1432e-12	0.998702
8.1441e-12	0.998758
8.145e-12	0.998812
8.1459e-12	0.998865
8.14681e-12	0.998916
8.14771e-12	0.998967
8.14861e-12	0.999016
8.14951e-12	0.999064
8.15042e-12	0.999111
8.15132e-12	0.999157
8.15222e-12	0.999201
8.15312e-12	0.999244
8.15403e-12	0.999286
8.15493e-12	0.999327
8.15583e-12	0.999367
8.15674e-12	0.999405
8.15764e-12	0.999442
8.15854e-12	0.999478
8.15944e-12	0.999513
8.16035e-12	0.999547
8.16125e-12	0.999579
8.16215e-12	0.999611
8.16305e-12	0.999641
8.16396e-12	0.999669
8.16486e-12	0.999697
8.16576e-12	0.999723
8.16667e-12	0.999749
8.16757e-12	0.999773
8.16847e-12	0.999795
8.16937e-12	0.999817
8.17028e-12	0.999837
8.17118e-12	0.999857
8.17208e-12	0.999875
8.17298e-12	0.999891
8.17389e-12	0.999907
8.17479e-12	0.999921
8.17569e-12	0.999934
8.17659e-12	0.999946
8.1775e-12	0.999957
8.1784e-12	0.999967
8.1793e-12	0.999975
8.18021e-12	0.999982
8.18111e-12	0.999988
8.18201e-12	0.999993
8.18291e-12	0.999996
8.18382e-12	0.999999
8.18472e-12	1
8.18562e-12	1
8.18652e-12	0.999999
8.18743e-12	0.999996
8.18833e-12	0.999992
8.18923e-12	0.999987
8.19014e-12	0.999981
8.19104e-12	0.999974
8.19194e-12	0.999966
8.19284e-12	0.999956
8.19375e-12	0.999945
8.19465e-12	0.999933
8.19555e-12	0.999919
8.19645e-12	0.999905
8.19736e-12	0.999889
8.19826e-12	0.999872
8.19916e-12	0.999854
8.20006e-12	0.999835
8.20097e-12	0.999814
8.20187e-12	0.999793
8.20277e-12	0.99977
8.20368e-12	0.999745
8.20458e-12	0.99972
8.20548e-12	0.999693
8.20638e-12	0.999666
8.20729e-12	0.999637
8.20819e-12	0.999607
8.20909e-12	0.999575
8.20999e-12	0.999543
8.2109e-12	0.999509
8.2118e-12	0.999474
8.2127e-12	0.999438
8.21361e-12	0.9994
8.21451e-12	0.999362
8.21541e-12	0.999322
8.21631e-12	0.999281
8.21722e-12	0.999239
8.21812e-12	0.999195
8.21902e-12	0.999151
8.21992e-12	0.999105
8.22083e-12	0.999058
8.22173e-12	0.99901
8.22263e-12	0.99896
8.22354e-12	0.99891
8.22444e-12	0.998858
8.22534e-12	0.998805
8.22624e-12	0.99875
8.22715e-12	0.998695
8.22805e-12	0.998638
8.22895e-12	0.998581
8.22985e-12	0.998522
8.23076e-12	0.998461
8.23166e-12	0.9984
8.23256e-12	0.998337
8.23346e-12	0.998273
8.23437e-12	0.998208
8.23527e-12	0.998142
8.23617e-12	0.998075
8.23708e-12	0.998006
8.23798e-12	0.997936
8.23888e-12	0.997865
8.23978e-12	0.997793
8.24069e-12	0.997719
8.24159e-12	0.997645
8.24249e-12	0.997569
8.24339e-12	0.997492
8.2443e-12	0.997414
8.2452e-12	0.997334
8.2461e-12	0.997254
8.24701e-12	0.997172
8.24791e-12	0.997089
8.24881e-12	0.997005
8.24971e-12	0.996919
8.25062e-12	0.996832
8.25152e-12	0.996745
8.25242e-12	0.996656
8.25332e-12	0.996565
8.25423e-12	0.996474
8.25513e-12	0.996381
8.25603e-12	0.996288
8.25693e-12	0.996193
8.25784e-12	0.996096
8.25874e-12	0.995999
8.25964e-12	0.9959
8.26055e-12	0.995801
8.26145e-12	0.9957
8.26235e-12	0.995597
8.26325e-12	0.995494
8.26416e-12	0.99539
8.26506e-12	0.995284
8.26596e-12	0.995177
8.26686e-12	0.995069
8.26777e-12	0.994959
8.26867e-12	0.994849
8.26957e-12	0.994737
8.27048e-12	0.994624
8.27138e-12	0.99451
8.27228e-12	0.994395
8.27318e-12	0.994278
8.27409e-12	0.99416
8.27499e-12	0.994042
8.27589e-12	0.993921
8.27679e-12	0.9938
8.2777e-12	0.993678
8.2786e-12	0.993554
8.2795e-12	0.993429
8.2804e-12	0.993303
8.28131e-12	0.993176
8.28221e-12	0.993047
8.28311e-12	0.992918
8.28402e-12	0.992787
8.28492e-12	0.992655
8.28582e-12	0.992522
8.28672e-12	0.992387
8.28763e-12	0.992252
8.28853e-12	0.992115
8.28943e-12	0.991977
8.29033e-12	0.991838
8.29124e-12	0.991698
8.29214e-12	0.991556
8.29304e-12	0.991414
8.29395e-12	0.99127
8.29485e-12	0.991125
8.29575e-12	0.990978
8.29665e-12	0.990831
8.29756e-12	0.990682
8.29846e-12	0.990532
8.29936e-12	0.990381
8.30026e-12	0.990229
8.30117e-12	0.990076
8.30207e-12	0.989921
8.30297e-12	0.989766
8.30387e-12	0.989609
8.30478e-12	0.989451
8.30568e-12	0.989291
8.30658e-12	0.989131
8.30749e-12	0.988969
8.30839e-12	0.988806
8.30929e-12	0.988642
8.31019e-12	0.988477
8.3111e-12	0.988311
8.312e-12	0.988143
8.3129e-12	0.987975
8.3138e-12	0.987805
8.31471e-12	0.987634
8.31561e-12	0.987461
8.31651e-12	0.987288
8.31742e-12	0.987113
8.31832e-12	0.986937
8.31922e-12	0.98676
8.32012e-12	0.986582
8.32103e-12	0.986403
8.32193e-12	0.986222
8.32283e-12	0.986041
8.32373e-12	0.985858
8.32464e-12	0.985674
8.32554e-12	0.985489
8.32644e-12	0.985302
8.32734e-12	0.985115
8.32825e-12	0.984926
8.32915e-12	0.984736
8.33005e-12	0.984545
8.33096e-12	0.984353
8.33186e-12	0.984159
8.33276e-12	0.983964
8.33366e-12	0.983769
8.33457e-12	0.983572
8.33547e-12	0.983374
8.33637e-12	0.983174
8.33727e-12	0.982974
8.33818e-12	0.982772
8.33908e-12	0.982569
8.33998e-12	0.982365
8.34089e-12	0.98216
8.34179e-12	0.981954
8.34269e-12	0.981746
8.34359e-12	0.981538
8.3445e-12	0.981328
8.3454e-12	0.981117
8.3463e-12	0.980905
8.3472e-12	0.980691
8.34811e-12	0.980477
8.34901e-12	0.980261
8.34991e-12	0.980045
8.35081e-12	0.979827
8.35172e-12	0.979607
8.35262e-12	0.979387
8.35352e-12	0.979166
8.35443e-12	0.978943
8.35533e-12	0.978719
8.35623e-12	0.978494
8.35713e-12	0.978268
8.35804e-12	0.978041
8.35894e-12	0.977812
8.35984e-12	0.977583
8.36074e-12	0.977352
8.36165e-12	0.97712
8.36255e-12	0.976887
8.36345e-12	0.976653
8.36436e-12	0.976417
8.36526e-12	0.976181
8.36616e-12	0.975943
8.36706e-12	0.975704
8.36797e-12	0.975464
8.36887e-12	0.975223
8.36977e-12	0.974981
8.37067e-12	0.974737
8.37158e-12	0.974493
8.37248e-12	0.974247
8.37338e-12	0.974
8.37428e-12	0.973752
8.37519e-12	0.973503
8.37609e-12	0.973252
8.37699e-12	0.973001
8.3779e-12	0.972748
8.3788e-12	0.972494
8.3797e-12	0.972239
8.3806e-12	0.971983
8.38151e-12	0.971726
8.38241e-12	0.971467
8.38331e-12	0.971208
8.38421e-12	0.970947
8.38512e-12	0.970685
8.38602e-12	0.970422
8.38692e-12	0.970158
8.38783e-12	0.969893
8.38873e-12	0.969626
8.38963e-12	0.969359
8.39053e-12	0.96909
8.39144e-12	0.96882
8.39234e-12	0.968549
8.39324e-12	0.968277
8.39414e-12	0.968003
8.39505e-12	0.967729
8.39595e-12	0.967453
8.39685e-12	0.967177
8.39775e-12	0.966899
8.39866e-12	0.96662
8.39956e-12	0.96634
8.40046e-12	0.966058
8.40137e-12	0.965776
8.40227e-12	0.965492
8.40317e-12	0.965208
8.40407e-12	0.964922
8.40498e-12	0.964635
8.40588e-12	0.964347
8.40678e-12	0.964058
8.40768e-12	0.963767
8.40859e-12	0.963476
8.40949e-12	0.963183
8.41039e-12	0.962889
8.4113e-12	0.962594
8.4122e-12	0.962298
8.4131e-12	0.962001
8.414e-12	0.961703
8.41491e-12	0.961404
8.41581e-12	0.961103
8.41671e-12	0.960801
8.41761e-12	0.960499
8.41852e-12	0.960195
8.41942e-12	0.95989
8.42032e-12	0.959584
8.42122e-12	0.959276
8.42213e-12	0.958968
8.42303e-12	0.958658
8.42393e-12	0.958348
8.42484e-12	0.958036
8.42574e-12	0.957723
8.42664e-12	0.957409
8.42754e-12	0.957094
8.42845e-12	0.956778
8.42935e-12	0.95646
8.43025e-12	0.956142
8.43115e-12	0.955822
8.43206e-12	0.955502
8.43296e-12	0.95518
8.43386e-12	0.954857
8.43477e-12	0.954533
8.43567e-12	0.954208
8.43657e-12	0.953881
8.43747e-12	0.953554
8.43838e-12	0.953225
8.43928e-12	0.952896
8.44018e-12	0.952565
8.44108e-12	0.952233
8.44199e-12	0.9519
8.44289e-12	0.951566
8.44379e-12	0.951231
8.44469e-12	0.950895
8.4456e-12	0.950558
8.4465e-12	0.950219
8.4474e-12	0.949879
8.44831e-12	0.949539
8.44921e-12	0.949197
8.45011e-12	0.948854
8.45101e-12	0.94851
8.45192e-12	0.948165
8.45282e-12	0.947819
8.45372e-12	0.947471
8.45462e-12	0.947123
8.45553e-12	0.946774
8.45643e-12	0.946423
8.45733e-12	0.946071
8.45824e-12	0.945719
8.45914e-12	0.945365
8.46004e-12	0.94501
8.46094e-12	0.944654
8.46185e-12	0.944296
8.46275e-12	0.943938
8.46365e-12	0.943579
8.46455e-12	0.943218
8.46546e-12	0.942857
8.46636e-12	0.942494
8.46726e-12	0.94213
8.46816e-12	0.941766
8.46907e-12	0.9414
8.46997e-12	0.941033
8.47087e-12	0.940665
8.47178e-12	0.940296
8.47268e-12	0.939925
8.47358e-12	0.939554
8.47448e-12	0.939182
8.47539e-12	0.938808
8.47629e-12	0.938433
8.47719e-12	0.938058
8.47809e-12	0.937681
8.479e-12	0.937303
8.4799e-12	0.936924
8.4808e-12	0.936544
8.48171e-12	0.936163
8.48261e-12	0.935781
8.48351e-12	0.935398
8.48441e-12	0.935014
8.48532e-12	0.934628
8.48622e-12	0.934242
8.48712e-12	0.933854
8.48802e-12	0.933466
8.48893e-12	0.933076
8.48983e-12	0.932685
8.49073e-12	0.932294
8.49163e-12	0.931901
8.49254e-12	0.931507
8.49344e-12	0.931112
8.49434e-12	0.930716
8.49525e-12	0.930319
8.49615e-12	0.92992
8.49705e-12	0.929521
8.49795e-12	0.929121
8.49886e-12	0.928719
8.49976e-12	0.928317
8.50066e-12	0.927913
8.50156e-12	0.927509
8.50247e-12	0.927103
8.50337e-12	0.926697
8.50427e-12	0.926289
8.50518e-12	0.92588
8.50608e-12	0.92547
8.50698e-12	0.925059
8.50788e-12	0.924647
8.50879e-12	0.924234
8.50969e-12	0.92382
8.51059e-12	0.923405
8.51149e-12	0.922989
8.5124e-12	0.922572
8.5133e-12	0.922153
8.5142e-12	0.921734
8.5151e-12	0.921314
8.51601e-12	0.920892
8.51691e-12	0.92047
8.51781e-12	0.920046
8.51872e-12	0.919621
8.51962e-12	0.919196
8.52052e-12	0.918769
8.52142e-12	0.918341
8.52233e-12	0.917913
8.52323e-12	0.917483
8.52413e-12	0.917052
8.52503e-12	0.91662
8.52594e-12	0.916187
8.52684e-12	0.915753
8.52774e-12	0.915318
8.52865e-12	0.914882
8.52955e-12	0.914445
8.53045e-12	0.914007
8.53135e-12	0.913568
8.53226e-12	0.913128
8.53316e-12	0.912687
8.53406e-12	0.912244
8.53496e-12	0.911801
8.53587e-12	0.911357
8.53677e-12	0.910912
8.53767e-12	0.910465
8.53857e-12	0.910018
8.53948e-12	0.90957
8.54038e-12	0.90912
8.54128e-12	0.90867
8.54219e-12	0.908218
8.54309e-12	0.907766
8.54399e-12	0.907312
8.54489e-12	0.906858
8.5458e-12	0.906402
8.5467e-12	0.905946
8.5476e-12	0.905488
8.5485e-12	0.905029
8.54941e-12	0.90457
8.55031e-12	0.904109
8.55121e-12	0.903648
8.55212e-12	0.903185
8.55302e-12	0.902721
8.55392e-12	0.902257
8.55482e-12	0.901791
8.55573e-12	0.901324
8.55663e-12	0.900856
8.55753e-12	0.900388
8.55843e-12	0.899918
8.55934e-12	0.899447
8.56024e-12	0.898976
8.56114e-12	0.898503
8.56204e-12	0.898029
8.56295e-12	0.897554
8.56385e-12	0.897079
8.56475e-12	0.896602
8.56566e-12	0.896124
8.56656e-12	0.895645
8.56746e-12	0.895166
8.56836e-12	0.894685
8.56927e-12	0.894203
8.57017e-12	0.893721
8.57107e-12	0.893237
8.57197e-12	0.892752
8.57288e-12	0.892266
8.57378e-12	0.89178
8.57468e-12	0.891292
8.57559e-12	0.890803
8.57649e-12	0.890314
8.57739e-12	0.889823
8.57829e-12	0.889331
8.5792e-12	0.888839
8.5801e-12	0.888345
8.581e-12	0.887851
8.5819e-12	0.887355
8.58281e-12	0.886858
8.58371e-12	0.886361
8.58461e-12	0.885862
8.58551e-12	0.885363
8.58642e-12	0.884862
8.58732e-12	0.884361
8.58822e-12	0.883859
8.58913e-12	0.883355
8.59003e-12	0.882851
8.59093e-12	0.882345
8.59183e-12	0.881839
8.59274e-12	0.881332
8.59364e-12	0.880824
8.59454e-12	0.880314
8.59544e-12	0.879804
8.59635e-12	0.879293
8.59725e-12	0.878781
8.59815e-12	0.878268
8.59906e-12	0.877754
8.59996e-12	0.877239
8.60086e-12	0.876723
8.60176e-12	0.876206
8.60267e-12	0.875688
8.60357e-12	0.875169
8.60447e-12	0.874649
8.60537e-12	0.874129
8.60628e-12	0.873607
8.60718e-12	0.873084
8.60808e-12	0.872561
8.60899e-12	0.872036
8.60989e-12	0.871511
8.61079e-12	0.870984
8.61169e-12	0.870457
8.6126e-12	0.869928
8.6135e-12	0.869399
8.6144e-12	0.868869
8.6153e-12	0.868338
8.61621e-12	0.867805
8.61711e-12	0.867272
8.61801e-12	0.866738
8.61891e-12	0.866203
8.61982e-12	0.865667
8.62072e-12	0.86513
8.62162e-12	0.864593
8.62253e-12	0.864054
8.62343e-12	0.863514
8.62433e-12	0.862974
8.62523e-12	0.862432
8.62614e-12	0.86189
8.62704e-12	0.861346
8.62794e-12	0.860802
8.62884e-12	0.860257
8.62975e-12	0.85971
8.63065e-12	0.859163
8.63155e-12	0.858615
8.63246e-12	0.858066
8.63336e-12	0.857516
8.63426e-12	0.856966
8.63516e-12	0.856414
8.63607e-12	0.855861
8.63697e-12	0.855308
8.63787e-12	0.854753
8.63877e-12	0.854198
8.63968e-12	0.853641
8.64058e-12	0.853084
8.64148e-12	0.852526
8.64238e-12	0.851967
8.64329e-12	0.851407
8.64419e-12	0.850846
8.64509e-12	0.850284
8.646e-12	0.849721
8.6469e-12	0.849158
8.6478e-12	0.848593
8.6487e-12	0.848028
8.64961e-12	0.847462
8.65051e-12	0.846894
8.65141e-12	0.846326
8.65231e-12	0.845757
8.65322e-12	0.845187
8.65412e-12	0.844616
8.65502e-12	0.844045
8.65593e-12	0.843472
8.65683e-12	0.842898
8.65773e-12	0.842324
8.65863e-12	0.841749
8.65954e-12	0.841172
8.66044e-12	0.840595
8.66134e-12	0.840017
8.66224e-12	0.839438
8.66315e-12	0.838859
8.66405e-12	0.838278
8.66495e-12	0.837696
8.66585e-12	0.837114
8.66676e-12	0.836531
8.66766e-12	0.835946
8.66856e-12	0.835361
8.66947e-12	0.834775
8.67037e-12	0.834189
8.67127e-12	0.833601
8.67217e-12	0.833012
8.67308e-12	0.832423
8.67398e-12	0.831832
8.67488e-12	0.831241
8.67578e-12	0.830649
8.67669e-12	0.830056
8.67759e-12	0.829462
8.67849e-12	0.828868
8.6794e-12	0.828272
8.6803e-12	0.827676
8.6812e-12	0.827078
8.6821e-12	0.82648
8.68301e-12	0.825881
8.68391e-12	0.825281
8.68481e-12	0.82468
8.68571e-12	0.824079
8.68662e-12	0.823476
8.68752e-12	0.822873
8.68842e-12	0.822269
8.68932e-12	0.821664
8.69023e-12	0.821058
8.69113e-12	0.820451
8.69203e-12	0.819844
8.69294e-12	0.819235
8.69384e-12	0.818626
8.69474e-12	0.818016
8.69564e-12	0.817405
8.69655e-12	0.816793
8.69745e-12	0.81618
8.69835e-12	0.815567
8.69925e-12	0.814952
8.70016e-12	0.814337
8.70106e-12	0.813721
8.70196e-12	0.813104
8.70287e-12	0.812487
8.70377e-12	0.811868
8.70467e-12	0.811249
8.70557e-12	0.810628
8.70648e-12	0.810007
8.70738e-12	0.809385
8.70828e-12	0.808763
8.70918e-12	0.808139
8.71009e-12	0.807515
8.71099e-12	0.80689
8.71189e-12	0.806264
8.71279e-12	0.805637
8.7137e-12	0.805009
8.7146e-12	0.804381
8.7155e-12	0.803751
8.71641e-12	0.803121
8.71731e-12	0.80249
8.71821e-12	0.801858
8.71911e-12	0.801226
8.72002e-12	0.800592
8.72092e-12	0.799958
8.72182e-12	0.799323
8.72272e-12	0.798687
8.72363e-12	0.798051
8.72453e-12	0.797413
8.72543e-12	0.796775
8.72634e-12	0.796136
8.72724e-12	0.795496
8.72814e-12	0.794856
8.72904e-12	0.794214
8.72995e-12	0.793572
8.73085e-12	0.792929
8.73175e-12	0.792285
8.73265e-12	0.79164
8.73356e-12	0.790995
8.73446e-12	0.790348
8.73536e-12	0.789701
8.73626e-12	0.789054
8.73717e-12	0.788405
8.73807e-12	0.787756
8.73897e-12	0.787105
8.73988e-12	0.786454
8.74078e-12	0.785803
8.74168e-12	0.78515
8.74258e-12	0.784497
8.74349e-12	0.783843
8.74439e-12	0.783188
8.74529e-12	0.782532
8.74619e-12	0.781875
8.7471e-12	0.781218
8.748e-12	0.78056
8.7489e-12	0.779901
8.74981e-12	0.779242
8.75071e-12	0.778581
8.75161e-12	0.77792
8.75251e-12	0.777258
8.75342e-12	0.776596
8.75432e-12	0.775932
8.75522e-12	0.775268
8.75612e-12	0.774603
8.75703e-12	0.773938
8.75793e-12	0.773271
8.75883e-12	0.772604
8.75973e-12	0.771936
8.76064e-12	0.771267
8.76154e-12	0.770598
8.76244e-12	0.769927
8.76335e-12	0.769256
8.76425e-12	0.768584
8.76515e-12	0.767912
8.76605e-12	0.767239
8.76696e-12	0.766565
8.76786e-12	0.76589
8.76876e-12	0.765214
8.76966e-12	0.764538
8.77057e-12	0.763861
8.77147e-12	0.763183
8.77237e-12	0.762505
8.77328e-12	0.761826
8.77418e-12	0.761146
8.77508e-12	0.760465
8.77598e-12	0.759784
8.77689e-12	0.759101
8.77779e-12	0.758418
8.77869e-12	0.757735
8.77959e-12	0.75705
8.7805e-12	0.756365
8.7814e-12	0.755679
8.7823e-12	0.754993
8.7832e-12	0.754306
8.78411e-12	0.753618
8.78501e-12	0.752929
8.78591e-12	0.752239
8.78682e-12	0.751549
8.78772e-12	0.750858
8.78862e-12	0.750167
8.78952e-12	0.749474
8.79043e-12	0.748781
8.79133e-12	0.748087
8.79223e-12	0.747393
8.79313e-12	0.746698
8.79404e-12	0.746002
8.79494e-12	0.745305
8.79584e-12	0.744608
8.79675e-12	0.74391
8.79765e-12	0.743211
8.79855e-12	0.742512
8.79945e-12	0.741812
8.80036e-12	0.741111
8.80126e-12	0.740409
8.80216e-12	0.739707
8.80306e-12	0.739004
8.80397e-12	0.738301
8.80487e-12	0.737596
8.80577e-12	0.736891
8.80667e-12	0.736185
8.80758e-12	0.735479
8.80848e-12	0.734772
8.80938e-12	0.734064
8.81029e-12	0.733356
8.81119e-12	0.732647
8.81209e-12	0.731937
8.81299e-12	0.731226
8.8139e-12	0.730515
8.8148e-12	0.729803
8.8157e-12	0.729091
8.8166e-12	0.728377
8.81751e-12	0.727664
8.81841e-12	0.726949
8.81931e-12	0.726234
8.82022e-12	0.725518
8.82112e-12	0.724801
8.82202e-12	0.724084
8.82292e-12	0.723366
8.82383e-12	0.722647
8.82473e-12	0.721928
8.82563e-12	0.721208
8.82653e-12	0.720488
8.82744e-12	0.719766
8.82834e-12	0.719045
8.82924e-12	0.718322
8.83014e-12	0.717599
8.83105e-12	0.716875
8.83195e-12	0.71615
8.83285e-12	0.715425
8.83376e-12	0.714699
8.83466e-12	0.713973
8.83556e-12	0.713246
8.83646e-12	0.712518
8.83737e-12	0.71179
8.83827e-12	0.711061
8.83917e-12	0.710331
8.84007e-12	0.7096
8.84098e-12	0.708869
8.84188e-12	0.708138
8.84278e-12	0.707406
8.84369e-12	0.706673
8.84459e-12	0.705939
8.84549e-12	0.705205
8.84639e-12	0.70447
8.8473e-12	0.703735
8.8482e-12	0.702999
8.8491e-12	0.702262
8.85e-12	0.701525
8.85091e-12	0.700787
8.85181e-12	0.700048
8.85271e-12	0.699309
8.85361e-12	0.698569
8.85452e-12	0.697829
8.85542e-12	0.697088
8.85632e-12	0.696346
8.85723e-12	0.695604
8.85813e-12	0.694861
8.85903e-12	0.694117
8.85993e-12	0.693373
8.86084e-12	0.692629
8.86174e-12	0.691883
8.86264e-12	0.691137
8.86354e-12	0.690391
8.86445e-12	0.689644
8.86535e-12	0.688896
8.86625e-12	0.688147
8.86716e-12	0.687398
8.86806e-12	0.686649
8.86896e-12	0.685899
8.86986e-12	0.685148
8.87077e-12	0.684397
8.87167e-12	0.683645
8.87257e-12	0.682892
8.87347e-12	0.682139
8.87438e-12	0.681385
8.87528e-12	0.680631
8.87618e-12	0.679876
8.87708e-12	0.679121
8.87799e-12	0.678365
8.87889e-12	0.677608
8.87979e-12	0.676851
8.8807e-12	0.676093
8.8816e-12	0.675335
8.8825e-12	0.674576
8.8834e-12	0.673816
8.88431e-12	0.673056
8.88521e-12	0.672296
8.88611e-12	0.671534
8.88701e-12	0.670773
8.88792e-12	0.67001
8.88882e-12	0.669247
8.88972e-12	0.668484
8.89063e-12	0.66772
8.89153e-12	0.666955
8.89243e-12	0.66619
8.89333e-12	0.665424
8.89424e-12	0.664658
8.89514e-12	0.663891
8.89604e-12	0.663124
8.89694e-12	0.662356
8.89785e-12	0.661587
8.89875e-12	0.660818
8.89965e-12	0.660048
8.90055e-12	0.659278
8.90146e-12	0.658508
8.90236e-12	0.657736
8.90326e-12	0.656964
8.90417e-12	0.656192
8.90507e-12	0.655419
8.90597e-12	0.654646
8.90687e-12	0.653872
8.90778e-12	0.653097
8.90868e-12	0.652322
8.90958e-12	0.651547
8.91048e-12	0.650771
8.91139e-12	0.649994
8.91229e-12	0.649217
8.91319e-12	0.648439
8.9141e-12	0.647661
8.915e-12	0.646882
8.9159e-12	0.646103
8.9168e-12	0.645323
8.91771e-12	0.644543
8.91861e-12	0.643762
8.91951e-12	0.642981
8.92041e-12	0.642199
8.92132e-12	0.641417
8.92222e-12	0.640634
8.92312e-12	0.63985
8.92402e-12	0.639066
8.92493e-12	0.638282
8.92583e-12	0.637497
8.92673e-12	0.636712
8.92764e-12	0.635926
8.92854e-12	0.635139
8.92944e-12	0.634352
8.93034e-12	0.633565
8.93125e-12	0.632777
8.93215e-12	0.631989
8.93305e-12	0.6312
8.93395e-12	0.63041
8.93486e-12	0.62962
8.93576e-12	0.62883
8.93666e-12	0.628039
8.93757e-12	0.627248
8.93847e-12	0.626456
8.93937e-12	0.625663
8.94027e-12	0.62487
8.94118e-12	0.624077
8.94208e-12	0.623283
8.94298e-12	0.622489
8.94388e-12	0.621694
8.94479e-12	0.620899
8.94569e-12	0.620103
8.94659e-12	0.619307
8.94749e-12	0.61851
8.9484e-12	0.617713
8.9493e-12	0.616916
8.9502e-12	0.616118
8.95111e-12	0.615319
8.95201e-12	0.61452
8.95291e-12	0.613721
8.95381e-12	0.612921
8.95472e-12	0.61212
8.95562e-12	0.611319
8.95652e-12	0.610518
8.95742e-12	0.609716
8.95833e-12	0.608914
8.95923e-12	0.608111
8.96013e-12	0.607308
8.96104e-12	0.606505
8.96194e-12	0.605701
8.96284e-12	0.604896
8.96374e-12	0.604091
8.96465e-12	0.603286
8.96555e-12	0.60248
8.96645e-12	0.601674
8.96735e-12	0.600867
8.96826e-12	0.60006
8.96916e-12	0.599252
8.97006e-12	0.598444
8.97096e-12	0.597636
8.97187e-12	0.596827
8.97277e-12	0.596018
8.97367e-12	0.595208
8.97458e-12	0.594398
8.97548e-12	0.593587
8.97638e-12	0.592776
8.97728e-12	0.591965
8.97819e-12	0.591153
8.97909e-12	0.590341
8.97999e-12	0.589528
8.98089e-12	0.588715
8.9818e-12	0.587901
8.9827e-12	0.587087
8.9836e-12	0.586273
8.98451e-12	0.585458
8.98541e-12	0.584643
8.98631e-12	0.583827
8.98721e-12	0.583011
8.98812e-12	0.582195
8.98902e-12	0.581378
8.98992e-12	0.580561
8.99082e-12	0.579743
8.99173e-12	0.578925
8.99263e-12	0.578107
8.99353e-12	0.577288
8.99444e-12	0.576469
8.99534e-12	0.575649
8.99624e-12	0.574829
8.99714e-12	0.574009
8.99805e-12	0.573188
8.99895e-12	0.572367
8.99985e-12	0.571545
9.00075e-12	0.570723
9.00166e-12	0.569901
9.00256e-12	0.569078
9.00346e-12	0.568255
9.00436e-12	0.567432
9.00527e-12	0.566608
9.00617e-12	0.565784
9.00707e-12	0.564959
9.00798e-12	0.564134
9.00888e-12	0.563309
9.00978e-12	0.562483
9.01068e-12	0.561657
9.01159e-12	0.56083
9.01249e-12	0.560004
9.01339e-12	0.559176
9.01429e-12	0.558349
9.0152e-12	0.557521
9.0161e-12	0.556693
9.017e-12	0.555864
9.01791e-12	0.555035
9.01881e-12	0.554206
9.01971e-12	0.553376
9.02061e-12	0.552546
9.02152e-12	0.551715
9.02242e-12	0.550885
9.02332e-12	0.550053
9.02422e-12	0.549222
9.02513e-12	0.54839
9.02603e-12	0.547558
9.02693e-12	0.546726
9.02783e-12	0.545893
9.02874e-12	0.54506
9.02964e-12	0.544226
9.03054e-12	0.543392
9.03145e-12	0.542558
9.03235e-12	0.541723
9.03325e-12	0.540889
9.03415e-12	0.540053
9.03506e-12	0.539218
9.03596e-12	0.538382
9.03686e-12	0.537546
9.03776e-12	0.536709
9.03867e-12	0.535873
9.03957e-12	0.535035
9.04047e-12	0.534198
9.04138e-12	0.53336
9.04228e-12	0.532522
9.04318e-12	0.531684
9.04408e-12	0.530845
9.04499e-12	0.530006
9.04589e-12	0.529167
9.04679e-12	0.528327
9.04769e-12	0.527487
9.0486e-12	0.526647
9.0495e-12	0.525806
9.0504e-12	0.524965
9.0513e-12	0.524124
9.05221e-12	0.523283
9.05311e-12	0.522441
9.05401e-12	0.521599
9.05492e-12	0.520756
9.05582e-12	0.519914
9.05672e-12	0.519071
9.05762e-12	0.518228
9.05853e-12	0.517384
9.05943e-12	0.51654
9.06033e-12	0.515696
9.06123e-12	0.514852
9.06214e-12	0.514007
9.06304e-12	0.513162
9.06394e-12	0.512317
9.06485e-12	0.511471
9.06575e-12	0.510625
9.06665e-12	0.509779
9.06755e-12	0.508933
9.06846e-12	0.508086
9.06936e-12	0.507239
9.07026e-12	0.506392
9.07116e-12	0.505545
9.07207e-12	0.504697
9.07297e-12	0.503849
9.07387e-12	0.503001
9.07477e-12	0.502152
9.07568e-12	0.501304
9.07658e-12	0.500455
9.07748e-12	0.499605
9.07839e-12	0.498756
9.07929e-12	0.497906
9.08019e-12	0.497056
9.08109e-12	0.496206
9.082e-12	0.495355
9.0829e-12	0.494504
9.0838e-12	0.493653
9.0847e-12	0.492802
9.08561e-12	0.49195
9.08651e-12	0.491098
9.08741e-12	0.490246
9.08832e-12	0.489394
9.08922e-12	0.488542
9.09012e-12	0.487689
9.09102e-12	0.486836
9.09193e-12	0.485983
9.09283e-12	0.485129
9.09373e-12	0.484275
9.09463e-12	0.483422
9.09554e-12	0.482567
9.09644e-12	0.481713
9.09734e-12	0.480858
9.09824e-12	0.480004
9.09915e-12	0.479148
9.10005e-12	0.478293
9.10095e-12	0.477438
9.10186e-12	0.476582
9.10276e-12	0.475726
9.10366e-12	0.47487
9.10456e-12	0.474014
9.10547e-12	0.473157
9.10637e-12	0.4723
9.10727e-12	0.471443
9.10817e-12	0.470586
9.10908e-12	0.469729
9.10998e-12	0.468871
9.11088e-12	0.468013
9.11179e-12	0.467155
9.11269e-12	0.466297
9.11359e-12	0.465439
9.11449e-12	0.46458
9.1154e-12	0.463721
9.1163e-12	0.462862
9.1172e-12	0.462003
9.1181e-12	0.461144
9.11901e-12	0.460284
9.11991e-12	0.459424
9.12081e-12	0.458564
9.12171e-12	0.457704
9.12262e-12	0.456844
9.12352e-12	0.455983
9.12442e-12	0.455123
9.12533e-12	0.454262
9.12623e-12	0.453401
9.12713e-12	0.452539
9.12803e-12	0.451678
9.12894e-12	0.450816
9.12984e-12	0.449955
9.13074e-12	0.449093
9.13164e-12	0.448231
9.13255e-12	0.447369
9.13345e-12	0.446506
9.13435e-12	0.445644
9.13526e-12	0.444781
9.13616e-12	0.443918
9.13706e-12	0.443055
9.13796e-12	0.442192
9.13887e-12	0.441328
9.13977e-12	0.440465
9.14067e-12	0.439601
9.14157e-12	0.438737
9.14248e-12	0.437873
9.14338e-12	0.437009
9.14428e-12	0.436145
9.14518e-12	0.43528
9.14609e-12	0.434416
9.14699e-12	0.433551
9.14789e-12	0.432686
9.1488e-12	0.431821
9.1497e-12	0.430956
9.1506e-12	0.430091
9.1515e-12	0.429225
9.15241e-12	0.42836
9.15331e-12	0.427494
9.15421e-12	0.426628
9.15511e-12	0.425762
9.15602e-12	0.424896
9.15692e-12	0.42403
9.15782e-12	0.423164
9.15873e-12	0.422297
9.15963e-12	0.421431
9.16053e-12	0.420564
9.16143e-12	0.419697
9.16234e-12	0.41883
9.16324e-12	0.417963
9.16414e-12	0.417096
9.16504e-12	0.416229
9.16595e-12	0.415361
9.16685e-12	0.414494
9.16775e-12	0.413626
9.16865e-12	0.412758
9.16956e-12	0.411891
9.17046e-12	0.411023
9.17136e-12	0.410155
9.17227e-12	0.409286
9.17317e-12	0.408418
9.17407e-12	0.40755
9.17497e-12	0.406681
9.17588e-12	0.405813
9.17678e-12	0.404944
9.17768e-12	0.404075
9.17858e-12	0.403207
9.17949e-12	0.402338
9.18039e-12	0.401469
9.18129e-12	0.4006
9.1822e-12	0.399731
9.1831e-12	0.398861
9.184e-12	0.397992
9.1849e-12	0.397123
9.18581e-12	0.396253
9.18671e-12	0.395383
9.18761e-12	0.394514
9.18851e-12	0.393644
9.18942e-12	0.392774
9.19032e-12	0.391904
9.19122e-12	0.391034
9.19212e-12	0.390164
9.19303e-12	0.389294
9.19393e-12	0.388424
9.19483e-12	0.387554
9.19574e-12	0.386684
9.19664e-12	0.385813
9.19754e-12	0.384943
9.19844e-12	0.384072
9.19935e-12	0.383202
9.20025e-12	0.382331
9.20115e-12	0.381461
9.20205e-12	0.38059
9.20296e-12	0.379719
9.20386e-12	0.378849
9.20476e-12	0.377978
9.20567e-12	0.377107
9.20657e-12	0.376236
9.20747e-12	0.375365
9.20837e-12	0.374494
9.20928e-12	0.373623
9.21018e-12	0.372752
9.21108e-12	0.371881
9.21198e-12	0.371009
9.21289e-12	0.370138
9.21379e-12	0.369267
9.21469e-12	0.368396
9.21559e-12	0.367524
9.2165e-12	0.366653
9.2174e-12	0.365782
9.2183e-12	0.36491
9.21921e-12	0.364039
9.22011e-12	0.363167
9.22101e-12	0.362296
9.22191e-12	0.361425
9.22282e-12	0.360553
9.22372e-12	0.359682
9.22462e-12	0.35881
9.22552e-12	0.357938
9.22643e-12	0.357067
9.22733e-12	0.356195
9.22823e-12	0.355324
9.22914e-12	0.354452
9.23004e-12	0.35358
9.23094e-12	0.352709
9.23184e-12	0.351837
9.23275e-12	0.350966
9.23365e-12	0.350094
9.23455e-12	0.349222
9.23545e-12	0.348351
9.23636e-12	0.347479
9.23726e-12	0.346607
9.23816e-12	0.345736
9.23906e-12	0.344864
9.23997e-12	0.343993
9.24087e-12	0.343121
9.24177e-12	0.342249
9.24268e-12	0.341378
9.24358e-12	0.340506
9.24448e-12	0.339635
9.24538e-12	0.338763
9.24629e-12	0.337892
9.24719e-12	0.33702
9.24809e-12	0.336149
9.24899e-12	0.335277
9.2499e-12	0.334406
9.2508e-12	0.333534
9.2517e-12	0.332663
9.25261e-12	0.331792
9.25351e-12	0.33092
9.25441e-12	0.330049
9.25531e-12	0.329178
9.25622e-12	0.328307
9.25712e-12	0.327435
9.25802e-12	0.326564
9.25892e-12	0.325693
9.25983e-12	0.324822
9.26073e-12	0.323951
9.26163e-12	0.32308
9.26253e-12	0.322209
9.26344e-12	0.321338
9.26434e-12	0.320467
9.26524e-12	0.319597
9.26615e-12	0.318726
9.26705e-12	0.317855
9.26795e-12	0.316985
9.26885e-12	0.316114
9.26976e-12	0.315243
9.27066e-12	0.314373
9.27156e-12	0.313502
9.27246e-12	0.312632
9.27337e-12	0.311762
9.27427e-12	0.310892
9.27517e-12	0.310021
9.27608e-12	0.309151
9.27698e-12	0.308281
9.27788e-12	0.307411
9.27878e-12	0.306541
9.27969e-12	0.305671
9.28059e-12	0.304802
9.28149e-12	0.303932
9.28239e-12	0.303062
9.2833e-12	0.302193
9.2842e-12	0.301323
9.2851e-12	0.300454
9.286e-12	0.299585
9.28691e-12	0.298715
9.28781e-12	0.297846
9.28871e-12	0.296977
9.28962e-12	0.296108
9.29052e-12	0.295239
9.29142e-12	0.294371
9.29232e-12	0.293502
9.29323e-12	0.292633
9.29413e-12	0.291765
9.29503e-12	0.290896
9.29593e-12	0.290028
9.29684e-12	0.28916
9.29774e-12	0.288292
9.29864e-12	0.287424
9.29955e-12	0.286556
9.30045e-12	0.285688
9.30135e-12	0.28482
9.30225e-12	0.283953
9.30316e-12	0.283085
9.30406e-12	0.282218
9.30496e-12	0.28135
9.30586e-12	0.280483
9.30677e-12	0.279616
9.30767e-12	0.278749
9.30857e-12	0.277882
9.30947e-12	0.277016
9.31038e-12	0.276149
9.31128e-12	0.275283
9.31218e-12	0.274416
9.31309e-12	0.27355
9.31399e-12	0.272684
9.31489e-12	0.271818
9.31579e-12	0.270952
9.3167e-12	0.270086
9.3176e-12	0.269221
9.3185e-12	0.268355
9.3194e-12	0.26749
9.32031e-12	0.266625
9.32121e-12	0.26576
9.32211e-12	0.264895
9.32302e-12	0.26403
9.32392e-12	0.263165
9.32482e-12	0.262301
9.32572e-12	0.261436
9.32663e-12	0.260572
9.32753e-12	0.259708
9.32843e-12	0.258844
9.32933e-12	0.25798
9.33024e-12	0.257117
9.33114e-12	0.256253
9.33204e-12	0.25539
9.33294e-12	0.254527
9.33385e-12	0.253664
9.33475e-12	0.252801
9.33565e-12	0.251938
9.33656e-12	0.251076
9.33746e-12	0.250213
9.33836e-12	0.249351
9.33926e-12	0.248489
9.34017e-12	0.247627
9.34107e-12	0.246765
9.34197e-12	0.245904
9.34287e-12	0.245042
9.34378e-12	0.244181
9.34468e-12	0.24332
9.34558e-12	0.242459
9.34649e-12	0.241598
9.34739e-12	0.240738
9.34829e-12	0.239877
9.34919e-12	0.239017
9.3501e-12	0.238157
9.351e-12	0.237297
9.3519e-12	0.236438
9.3528e-12	0.235578
9.35371e-12	0.234719
9.35461e-12	0.23386
9.35551e-12	0.233001
9.35641e-12	0.232142
9.35732e-12	0.231284
9.35822e-12	0.230425
9.35912e-12	0.229567
9.36003e-12	0.228709
9.36093e-12	0.227851
9.36183e-12	0.226994
9.36273e-12	0.226136
9.36364e-12	0.225279
9.36454e-12	0.224422
9.36544e-12	0.223565
9.36634e-12	0.222709
9.36725e-12	0.221853
9.36815e-12	0.220996
9.36905e-12	0.22014
9.36996e-12	0.219285
9.37086e-12	0.218429
9.37176e-12	0.217574
9.37266e-12	0.216719
9.37357e-12	0.215864
9.37447e-12	0.215009
9.37537e-12	0.214155
9.37627e-12	0.2133
9.37718e-12	0.212446
9.37808e-12	0.211593
9.37898e-12	0.210739
9.37989e-12	0.209886
9.38079e-12	0.209032
9.38169e-12	0.20818
9.38259e-12	0.207327
9.3835e-12	0.206474
9.3844e-12	0.205622
9.3853e-12	0.20477
9.3862e-12	0.203918
9.38711e-12	0.203067
9.38801e-12	0.202216
9.38891e-12	0.201364
9.38981e-12	0.200514
9.39072e-12	0.199663
9.39162e-12	0.198813
9.39252e-12	0.197963
9.39343e-12	0.197113
9.39433e-12	0.196263
9.39523e-12	0.195414
9.39613e-12	0.194565
9.39704e-12	0.193716
9.39794e-12	0.192867
9.39884e-12	0.192019
9.39974e-12	0.191171
9.40065e-12	0.190323
9.40155e-12	0.189475
9.40245e-12	0.188628
9.40336e-12	0.187781
9.40426e-12	0.186934
9.40516e-12	0.186087
9.40606e-12	0.185241
9.40697e-12	0.184395
9.40787e-12	0.183549
9.40877e-12	0.182703
9.40967e-12	0.181858
9.41058e-12	0.181013
9.41148e-12	0.180168
9.41238e-12	0.179324
9.41328e-12	0.17848
9.41419e-12	0.177636
9.41509e-12	0.176792
9.41599e-12	0.175949
9.4169e-12	0.175105
9.4178e-12	0.174263
9.4187e-12	0.17342
9.4196e-12	0.172578
9.42051e-12	0.171736
9.42141e-12	0.170894
9.42231e-12	0.170053
9.42321e-12	0.169212
9.42412e-12	0.168371
9.42502e-12	0.16753
9.42592e-12	0.16669
9.42683e-12	0.16585
9.42773e-12	0.16501
9.42863e-12	0.164171
9.42953e-12	0.163332
9.43044e-12	0.162493
9.43134e-12	0.161654
9.43224e-12	0.160816
9.43314e-12	0.159978
9.43405e-12	0.159141
9.43495e-12	0.158303
9.43585e-12	0.157466
9.43675e-12	0.156629
9.43766e-12	0.155793
9.43856e-12	0.154957
9.43946e-12	0.154121
9.44037e-12	0.153286
9.44127e-12	0.15245
9.44217e-12	0.151616
9.44307e-12	0.150781
9.44398e-12	0.149947
9.44488e-12	0.149113
9.44578e-12	0.148279
9.44668e-12	0.147446
9.44759e-12	0.146613
9.44849e-12	0.14578
9.44939e-12	0.144948
9.4503e-12	0.144116
9.4512e-12	0.143284
9.4521e-12	0.142453
9.453e-12	0.141622
9.45391e-12	0.140791
9.45481e-12	0.139961
9.45571e-12	0.139131
9.45661e-12	0.138301
9.45752e-12	0.137472
9.45842e-12	0.136642
9.45932e-12	0.135814
9.46022e-12	0.134985
9.46113e-12	0.134157
9.46203e-12	0.13333
9.46293e-12	0.132502
9.46384e-12	0.131675
9.46474e-12	0.130848
9.46564e-12	0.130022
9.46654e-12	0.129196
9.46745e-12	0.12837
9.46835e-12	0.127545
9.46925e-12	0.12672
9.47015e-12	0.125896
9.47106e-12	0.125071
9.47196e-12	0.124247
9.47286e-12	0.123424
9.47377e-12	0.122601
9.47467e-12	0.121778
9.47557e-12	0.120955
9.47647e-12	0.120133
9.47738e-12	0.119311
9.47828e-12	0.11849
9.47918e-12	0.117669
9.48008e-12	0.116848
9.48099e-12	0.116028
9.48189e-12	0.115208
9.48279e-12	0.114388
9.48369e-12	0.113569
9.4846e-12	0.11275
9.4855e-12	0.111931
9.4864e-12	0.111113
9.48731e-12	0.110296
9.48821e-12	0.109478
9.48911e-12	0.108661
9.49001e-12	0.107845
9.49092e-12	0.107028
9.49182e-12	0.106212
9.49272e-12	0.105397
9.49362e-12	0.104582
9.49453e-12	0.103767
9.49543e-12	0.102953
9.49633e-12	0.102139
9.49724e-12	0.101325
9.49814e-12	0.100512
9.49904e-12	0.099699
9.49994e-12	0.0988865
9.50085e-12	0.0980745
9.50175e-12	0.0972628
9.50265e-12	0.0964515
9.50355e-12	0.0956406
9.50446e-12	0.0948302
9.50536e-12	0.0940201
9.50626e-12	0.0932104
9.50716e-12	0.0924011
9.50807e-12	0.0915922
9.50897e-12	0.0907837
9.50987e-12	0.0899756
9.51078e-12	0.0891679
9.51168e-12	0.0883606
9.51258e-12	0.0875537
9.51348e-12	0.0867472
9.51439e-12	0.0859411
9.51529e-12	0.0851354
9.51619e-12	0.0843301
9.51709e-12	0.0835253
9.518e-12	0.0827208
9.5189e-12	0.0819168
9.5198e-12	0.0811132
9.52071e-12	0.08031
9.52161e-12	0.0795072
9.52251e-12	0.0787048
9.52341e-12	0.0779028
9.52432e-12	0.0771013
9.52522e-12	0.0763002
9.52612e-12	0.0754995
9.52702e-12	0.0746992
9.52793e-12	0.0738993
9.52883e-12	0.0730999
9.52973e-12	0.0723009
9.53063e-12	0.0715023
9.53154e-12	0.0707042
9.53244e-12	0.0699064
9.53334e-12	0.0691091
9.53425e-12	0.0683123
9.53515e-12	0.0675158
9.53605e-12	0.0667198
9.53695e-12	0.0659243
9.53786e-12	0.0651291
9.53876e-12	0.0643344
9.53966e-12	0.0635402
9.54056e-12	0.0627464
9.54147e-12	0.061953
9.54237e-12	0.06116
9.54327e-12	0.0603675
9.54418e-12	0.0595755
9.54508e-12	0.0587839
9.54598e-12	0.0579927
9.54688e-12	0.057202
9.54779e-12	0.0564117
9.54869e-12	0.0556219
9.54959e-12	0.0548325
9.55049e-12	0.0540436
9.5514e-12	0.0532551
9.5523e-12	0.0524671
9.5532e-12	0.0516795
9.5541e-12	0.0508924
9.55501e-12	0.0501057
9.55591e-12	0.0493195
9.55681e-12	0.0485338
9.55772e-12	0.0477485
9.55862e-12	0.0469637
9.55952e-12	0.0461793
9.56042e-12	0.0453954
9.56133e-12	0.044612
9.56223e-12	0.043829
9.56313e-12	0.0430465
9.56403e-12	0.0422644
9.56494e-12	0.0414828
9.56584e-12	0.0407017
9.56674e-12	0.0399211
9.56765e-12	0.0391409
9.56855e-12	0.0383612
9.56945e-12	0.037582
9.57035e-12	0.0368033
9.57126e-12	0.036025
9.57216e-12	0.0352472
9.57306e-12	0.0344699
9.57396e-12	0.033693
9.57487e-12	0.0329166
9.57577e-12	0.0321408
9.57667e-12	0.0313653
9.57757e-12	0.0305904
9.57848e-12	0.029816
9.57938e-12	0.029042
9.58028e-12	0.0282685
9.58119e-12	0.0274956
9.58209e-12	0.0267231
9.58299e-12	0.025951
9.58389e-12	0.0251795
9.5848e-12	0.0244085
9.5857e-12	0.0236379
9.5866e-12	0.0228679
9.5875e-12	0.0220983
9.58841e-12	0.0213293
9.58931e-12	0.0205607
9.59021e-12	0.0197926
9.59112e-12	0.0190251
9.59202e-12	0.018258
9.59292e-12	0.0174914
9.59382e-12	0.0167253
9.59473e-12	0.0159598
9.59563e-12	0.0151947
9.59653e-12	0.0144301
9.59743e-12	0.013666
9.59834e-12	0.0129025
9.59924e-12	0.0121394
9.60014e-12	0.0113769
9.60104e-12	0.0106148
9.60195e-12	0.00985331
9.60285e-12	0.00909229
9.60375e-12	0.00833178
9.60466e-12	0.00757179
9.60556e-12	0.0068123
9.60646e-12	0.00605333
9.60736e-12	0.00529488
9.60827e-12	0.00453694
9.60917e-12	0.00377952
9.61007e-12	0.00302262
9.61097e-12	0.00226623
9.61188e-12	0.00151037
9.61278e-12	0.000755026
9.61368e-12	2.04245e-07
9.61459e-12	-0.000754094
9.61549e-12	-0.00150787
9.61639e-12	-0.00226112
9.61729e-12	-0.00301384
9.6182e-12	-0.00376604
9.6191e-12	-0.00451771
9.62e-12	-0.00526885
9.6209e-12	-0.00601946
9.62181e-12	-0.00676954
9.62271e-12	-0.00751909
9.62361e-12	-0.00826811
9.62451e-12	-0.00901659
9.62542e-12	-0.00976454
9.62632e-12	-0.010512
9.62722e-12	-0.0112588
9.62813e-12	-0.0120052
9.62903e-12	-0.012751
9.62993e-12	-0.0134962
9.63083e-12	-0.014241
9.63174e-12	-0.0149851
9.63264e-12	-0.0157288
9.63354e-12	-0.0164719
9.63444e-12	-0.0172144
9.63535e-12	-0.0179564
9.63625e-12	-0.0186979
9.63715e-12	-0.0194388
9.63806e-12	-0.0201792
9.63896e-12	-0.020919
9.63986e-12	-0.0216583
9.64076e-12	-0.022397
9.64167e-12	-0.0231352
9.64257e-12	-0.0238728
9.64347e-12	-0.0246099
9.64437e-12	-0.0253464
9.64528e-12	-0.0260823
9.64618e-12	-0.0268177
9.64708e-12	-0.0275526
9.64798e-12	-0.0282869
9.64889e-12	-0.0290206
9.64979e-12	-0.0297538
9.65069e-12	-0.0304864
9.6516e-12	-0.0312184
9.6525e-12	-0.0319499
9.6534e-12	-0.0326808
9.6543e-12	-0.0334112
9.65521e-12	-0.034141
9.65611e-12	-0.0348702
9.65701e-12	-0.0355989
9.65791e-12	-0.036327
9.65882e-12	-0.0370545
9.65972e-12	-0.0377814
9.66062e-12	-0.0385078
9.66153e-12	-0.0392337
9.66243e-12	-0.0399589
9.66333e-12	-0.0406836
9.66423e-12	-0.0414077
9.66514e-12	-0.0421312
9.66604e-12	-0.0428541
9.66694e-12	-0.0435765
9.66784e-12	-0.0442983
9.66875e-12	-0.0450195
9.66965e-12	-0.0457401
9.67055e-12	-0.0464602
9.67145e-12	-0.0471797
9.67236e-12	-0.0478986
9.67326e-12	-0.0486169
9.67416e-12	-0.0493346
9.67507e-12	-0.0500518
9.67597e-12	-0.0507683
9.67687e-12	-0.0514843
9.67777e-12	-0.0521997
9.67868e-12	-0.0529145
9.67958e-12	-0.0536287
9.68048e-12	-0.0543423
9.68138e-12	-0.0550554
9.68229e-12	-0.0557678
9.68319e-12	-0.0564797
9.68409e-12	-0.0571909
9.685e-12	-0.0579016
9.6859e-12	-0.0586117
9.6868e-12	-0.0593211
9.6877e-12	-0.06003
9.68861e-12	-0.0607383
9.68951e-12	-0.061446
9.69041e-12	-0.0621531
9.69131e-12	-0.0628596
9.69222e-12	-0.0635655
9.69312e-12	-0.0642707
9.69402e-12	-0.0649754
9.69492e-12	-0.0656795
9.69583e-12	-0.066383
9.69673e-12	-0.0670859
9.69763e-12	-0.0677881
9.69854e-12	-0.0684898
9.69944e-12	-0.0691909
9.70034e-12	-0.0698913
9.70124e-12	-0.0705912
9.70215e-12	-0.0712904
9.70305e-12	-0.071989
9.70395e-12	-0.072687
9.70485e-12	-0.0733844
9.70576e-12	-0.0740812
9.70666e-12	-0.0747774
9.70756e-12	-0.075473
9.70847e-12	-0.0761679
9.70937e-12	-0.0768622
9.71027e-12	-0.077556
9.71117e-12	-0.0782491
9.71208e-12	-0.0789415
9.71298e-12	-0.0796334
9.71388e-12	-0.0803247
9.71478e-12	-0.0810153
9.71569e-12	-0.0817053
9.71659e-12	-0.0823947
9.71749e-12	-0.0830834
9.71839e-12	-0.0837716
9.7193e-12	-0.0844591
9.7202e-12	-0.085146
9.7211e-12	-0.0858322
9.72201e-12	-0.0865179
9.72291e-12	-0.0872029
9.72381e-12	-0.0878872
9.72471e-12	-0.088571
9.72562e-12	-0.0892541
9.72652e-12	-0.0899366
9.72742e-12	-0.0906185
9.72832e-12	-0.0912997
9.72923e-12	-0.0919803
9.73013e-12	-0.0926603
9.73103e-12	-0.0933396
9.73194e-12	-0.0940183
9.73284e-12	-0.0946964
9.73374e-12	-0.0953738
9.73464e-12	-0.0960506
9.73555e-12	-0.0967267
9.73645e-12	-0.0974022
9.73735e-12	-0.0980771
9.73825e-12	-0.0987513
9.73916e-12	-0.0994249
9.74006e-12	-0.100098
9.74096e-12	-0.10077
9.74186e-12	-0.101442
9.74277e-12	-0.102113
9.74367e-12	-0.102783
9.74457e-12	-0.103453
9.74548e-12	-0.104122
9.74638e-12	-0.104791
9.74728e-12	-0.105458
9.74818e-12	-0.106125
9.74909e-12	-0.106792
9.74999e-12	-0.107458
9.75089e-12	-0.108123
9.75179e-12	-0.108788
9.7527e-12	-0.109451
9.7536e-12	-0.110115
9.7545e-12	-0.110777
9.75541e-12	-0.111439
9.75631e-12	-0.1121
9.75721e-12	-0.112761
9.75811e-12	-0.113421
9.75902e-12	-0.11408
9.75992e-12	-0.114739
9.76082e-12	-0.115397
9.76172e-12	-0.116054
9.76263e-12	-0.116711
9.76353e-12	-0.117367
9.76443e-12	-0.118022
9.76534e-12	-0.118677
9.76624e-12	-0.119331
9.76714e-12	-0.119985
9.76804e-12	-0.120637
9.76895e-12	-0.121289
9.76985e-12	-0.121941
9.77075e-12	-0.122591
9.77165e-12	-0.123242
9.77256e-12	-0.123891
9.77346e-12	-0.12454
9.77436e-12	-0.125188
9.77526e-12	-0.125835
9.77617e-12	-0.126482
9.77707e-12	-0.127128
9.77797e-12	-0.127773
9.77888e-12	-0.128418
9.77978e-12	-0.129062
9.78068e-12	-0.129705
9.78158e-12	-0.130348
9.78249e-12	-0.13099
9.78339e-12	-0.131631
9.78429e-12	-0.132272
9.78519e-12	-0.132912
9.7861e-12	-0.133551
9.787e-12	-0.13419
9.7879e-12	-0.134828
9.78881e-12	-0.135465
9.78971e-12	-0.136102
9.79061e-12	-0.136738
9.79151e-12	-0.137373
9.79242e-12	-0.138007
9.79332e-12	-0.138641
9.79422e-12	-0.139274
9.79512e-12	-0.139907
9.79603e-12	-0.140539
9.79693e-12	-0.14117
9.79783e-12	-0.1418
9.79873e-12	-0.14243
9.79964e-12	-0.143059
9.80054e-12	-0.143688
9.80144e-12	-0.144315
9.80235e-12	-0.144942
9.80325e-12	-0.145569
9.80415e-12	-0.146194
9.80505e-12	-0.146819
9.80596e-12	-0.147444
9.80686e-12	-0.148067
9.80776e-12	-0.14869
9.80866e-12	-0.149312
9.80957e-12	-0.149934
9.81047e-12	-0.150555
9.81137e-12	-0.151175
9.81228e-12	-0.151794
9.81318e-12	-0.152413
9.81408e-12	-0.153031
9.81498e-12	-0.153648
9.81589e-12	-0.154265
9.81679e-12	-0.154881
9.81769e-12	-0.155496
9.81859e-12	-0.15611
9.8195e-12	-0.156724
9.8204e-12	-0.157337
9.8213e-12	-0.15795
9.8222e-12	-0.158562
9.82311e-12	-0.159173
9.82401e-12	-0.159783
9.82491e-12	-0.160393
9.82582e-12	-0.161002
9.82672e-12	-0.16161
9.82762e-12	-0.162217
9.82852e-12	-0.162824
9.82943e-12	-0.16343
9.83033e-12	-0.164036
9.83123e-12	-0.16464
9.83213e-12	-0.165244
9.83304e-12	-0.165848
9.83394e-12	-0.16645
9.83484e-12	-0.167052
9.83575e-12	-0.167653
9.83665e-12	-0.168254
9.83755e-12	-0.168853
9.83845e-12	-0.169452
9.83936e-12	-0.170051
9.84026e-12	-0.170648
9.84116e-12	-0.171245
9.84206e-12	-0.171841
9.84297e-12	-0.172437
9.84387e-12	-0.173032
9.84477e-12	-0.173626
9.84567e-12	-0.174219
9.84658e-12	-0.174812
9.84748e-12	-0.175404
9.84838e-12	-0.175995
9.84929e-12	-0.176585
9.85019e-12	-0.177175
9.85109e-12	-0.177764
9.85199e-12	-0.178352
9.8529e-12	-0.17894
9.8538e-12	-0.179527
9.8547e-12	-0.180113
9.8556e-12	-0.180698
9.85651e-12	-0.181283
9.85741e-12	-0.181867
9.85831e-12	-0.18245
9.85922e-12	-0.183033
9.86012e-12	-0.183614
9.86102e-12	-0.184196
9.86192e-12	-0.184776
9.86283e-12	-0.185356
9.86373e-12	-0.185934
9.86463e-12	-0.186513
9.86553e-12	-0.18709
9.86644e-12	-0.187667
9.86734e-12	-0.188243
9.86824e-12	-0.188818
9.86914e-12	-0.189393
9.87005e-12	-0.189967
9.87095e-12	-0.19054
9.87185e-12	-0.191112
9.87276e-12	-0.191684
9.87366e-12	-0.192254
9.87456e-12	-0.192825
9.87546e-12	-0.193394
9.87637e-12	-0.193963
9.87727e-12	-0.194531
9.87817e-12	-0.195098
9.87907e-12	-0.195665
9.87998e-12	-0.19623
9.88088e-12	-0.196795
9.88178e-12	-0.19736
9.88269e-12	-0.197923
9.88359e-12	-0.198486
9.88449e-12	-0.199048
9.88539e-12	-0.19961
9.8863e-12	-0.20017
9.8872e-12	-0.20073
9.8881e-12	-0.201289
9.889e-12	-0.201848
9.88991e-12	-0.202405
9.89081e-12	-0.202962
9.89171e-12	-0.203518
9.89261e-12	-0.204074
9.89352e-12	-0.204629
9.89442e-12	-0.205183
9.89532e-12	-0.205736
9.89623e-12	-0.206288
9.89713e-12	-0.20684
9.89803e-12	-0.207391
9.89893e-12	-0.207941
9.89984e-12	-0.208491
9.90074e-12	-0.20904
9.90164e-12	-0.209588
9.90254e-12	-0.210135
9.90345e-12	-0.210681
9.90435e-12	-0.211227
9.90525e-12	-0.211772
9.90616e-12	-0.212317
9.90706e-12	-0.21286
9.90796e-12	-0.213403
9.90886e-12	-0.213945
9.90977e-12	-0.214486
9.91067e-12	-0.215027
9.91157e-12	-0.215567
9.91247e-12	-0.216106
9.91338e-12	-0.216644
9.91428e-12	-0.217182
9.91518e-12	-0.217718
9.91608e-12	-0.218255
9.91699e-12	-0.21879
9.91789e-12	-0.219324
9.91879e-12	-0.219858
9.9197e-12	-0.220391
9.9206e-12	-0.220924
9.9215e-12	-0.221455
9.9224e-12	-0.221986
9.92331e-12	-0.222516
9.92421e-12	-0.223045
9.92511e-12	-0.223574
9.92601e-12	-0.224102
9.92692e-12	-0.224629
9.92782e-12	-0.225155
9.92872e-12	-0.22568
9.92963e-12	-0.226205
9.93053e-12	-0.226729
9.93143e-12	-0.227252
9.93233e-12	-0.227775
9.93324e-12	-0.228297
9.93414e-12	-0.228818
9.93504e-12	-0.229338
9.93594e-12	-0.229857
9.93685e-12	-0.230376
9.93775e-12	-0.230894
9.93865e-12	-0.231411
9.93955e-12	-0.231928
9.94046e-12	-0.232443
9.94136e-12	-0.232958
9.94226e-12	-0.233472
9.94317e-12	-0.233986
9.94407e-12	-0.234498
9.94497e-12	-0.23501
9.94587e-12	-0.235521
9.94678e-12	-0.236032
9.94768e-12	-0.236541
9.94858e-12	-0.23705
9.94948e-12	-0.237558
9.95039e-12	-0.238065
9.95129e-12	-0.238572
9.95219e-12	-0.239077
9.9531e-12	-0.239582
9.954e-12	-0.240087
9.9549e-12	-0.24059
9.9558e-12	-0.241093
9.95671e-12	-0.241595
9.95761e-12	-0.242096
9.95851e-12	-0.242596
9.95941e-12	-0.243096
9.96032e-12	-0.243595
9.96122e-12	-0.244093
9.96212e-12	-0.24459
9.96302e-12	-0.245087
9.96393e-12	-0.245582
9.96483e-12	-0.246077
9.96573e-12	-0.246572
9.96664e-12	-0.247065
9.96754e-12	-0.247558
9.96844e-12	-0.24805
9.96934e-12	-0.248541
9.97025e-12	-0.249031
9.97115e-12	-0.249521
9.97205e-12	-0.25001
9.97295e-12	-0.250498
9.97386e-12	-0.250985
9.97476e-12	-0.251472
9.97566e-12	-0.251957
9.97657e-12	-0.252442
9.97747e-12	-0.252927
9.97837e-12	-0.25341
9.97927e-12	-0.253893
9.98018e-12	-0.254375
9.98108e-12	-0.254856
9.98198e-12	-0.255336
9.98288e-12	-0.255816
9.98379e-12	-0.256294
9.98469e-12	-0.256772
9.98559e-12	-0.25725
9.98649e-12	-0.257726
9.9874e-12	-0.258202
9.9883e-12	-0.258677
9.9892e-12	-0.259151
9.99011e-12	-0.259624
9.99101e-12	-0.260097
9.99191e-12	-0.260569
9.99281e-12	-0.26104
9.99372e-12	-0.26151
9.99462e-12	-0.26198
9.99552e-12	-0.262448
9.99642e-12	-0.262916
9.99733e-12	-0.263383
9.99823e-12	-0.26385
9.99913e-12	-0.264315
1e-11	-0.26478
1.00009e-11	-0.265244
1.00018e-11	-0.265707
1.00027e-11	-0.26617
1.00036e-11	-0.266632
1.00045e-11	-0.267092
1.00055e-11	-0.267553
1.00064e-11	-0.268012
1.00073e-11	-0.268471
1.00082e-11	-0.268928
1.00091e-11	-0.269385
1.001e-11	-0.269842
1.00109e-11	-0.270297
1.00118e-11	-0.270752
1.00127e-11	-0.271206
1.00136e-11	-0.271659
1.00145e-11	-0.272111
1.00154e-11	-0.272563
1.00163e-11	-0.273013
1.00172e-11	-0.273463
1.00181e-11	-0.273913
1.0019e-11	-0.274361
1.00199e-11	-0.274809
1.00208e-11	-0.275255
1.00217e-11	-0.275701
1.00226e-11	-0.276147
1.00235e-11	-0.276591
1.00244e-11	-0.277035
1.00253e-11	-0.277478
1.00262e-11	-0.27792
1.00271e-11	-0.278361
1.0028e-11	-0.278802
1.00289e-11	-0.279242
1.00298e-11	-0.279681
1.00307e-11	-0.280119
1.00316e-11	-0.280556
1.00325e-11	-0.280993
1.00334e-11	-0.281429
1.00343e-11	-0.281864
1.00352e-11	-0.282298
1.00361e-11	-0.282732
1.0037e-11	-0.283165
1.00379e-11	-0.283596
1.00389e-11	-0.284028
1.00398e-11	-0.284458
1.00407e-11	-0.284888
1.00416e-11	-0.285316
1.00425e-11	-0.285744
1.00434e-11	-0.286172
1.00443e-11	-0.286598
1.00452e-11	-0.287024
1.00461e-11	-0.287448
1.0047e-11	-0.287872
1.00479e-11	-0.288296
1.00488e-11	-0.288718
1.00497e-11	-0.28914
1.00506e-11	-0.289561
1.00515e-11	-0.289981
1.00524e-11	-0.2904
1.00533e-11	-0.290819
1.00542e-11	-0.291237
1.00551e-11	-0.291654
1.0056e-11	-0.29207
1.00569e-11	-0.292485
1.00578e-11	-0.2929
1.00587e-11	-0.293314
1.00596e-11	-0.293727
1.00605e-11	-0.294139
1.00614e-11	-0.29455
1.00623e-11	-0.294961
1.00632e-11	-0.295371
1.00641e-11	-0.29578
1.0065e-11	-0.296188
1.00659e-11	-0.296596
1.00668e-11	-0.297002
1.00677e-11	-0.297408
1.00686e-11	-0.297813
1.00695e-11	-0.298218
1.00704e-11	-0.298621
1.00713e-11	-0.299024
1.00723e-11	-0.299426
1.00732e-11	-0.299827
1.00741e-11	-0.300227
1.0075e-11	-0.300627
1.00759e-11	-0.301026
1.00768e-11	-0.301424
1.00777e-11	-0.301821
1.00786e-11	-0.302217
1.00795e-11	-0.302613
1.00804e-11	-0.303008
1.00813e-11	-0.303402
1.00822e-11	-0.303795
1.00831e-11	-0.304188
1.0084e-11	-0.304579
1.00849e-11	-0.30497
1.00858e-11	-0.30536
1.00867e-11	-0.30575
1.00876e-11	-0.306138
1.00885e-11	-0.306526
1.00894e-11	-0.306913
1.00903e-11	-0.307299
1.00912e-11	-0.307684
1.00921e-11	-0.308069
1.0093e-11	-0.308452
1.00939e-11	-0.308835
1.00948e-11	-0.309217
1.00957e-11	-0.309599
1.00966e-11	-0.309979
1.00975e-11	-0.310359
1.00984e-11	-0.310738
1.00993e-11	-0.311116
1.01002e-11	-0.311494
1.01011e-11	-0.31187
1.0102e-11	-0.312246
1.01029e-11	-0.312621
1.01038e-11	-0.312996
1.01047e-11	-0.313369
1.01057e-11	-0.313742
1.01066e-11	-0.314114
1.01075e-11	-0.314485
1.01084e-11	-0.314855
1.01093e-11	-0.315224
1.01102e-11	-0.315593
1.01111e-11	-0.315961
1.0112e-11	-0.316328
1.01129e-11	-0.316694
1.01138e-11	-0.31706
1.01147e-11	-0.317425
1.01156e-11	-0.317789
1.01165e-11	-0.318152
1.01174e-11	-0.318514
1.01183e-11	-0.318876
1.01192e-11	-0.319236
1.01201e-11	-0.319596
1.0121e-11	-0.319955
1.01219e-11	-0.320314
1.01228e-11	-0.320671
1.01237e-11	-0.321028
1.01246e-11	-0.321384
1.01255e-11	-0.321739
1.01264e-11	-0.322094
1.01273e-11	-0.322448
1.01282e-11	-0.3228
1.01291e-11	-0.323152
1.013e-11	-0.323504
1.01309e-11	-0.323854
1.01318e-11	-0.324204
1.01327e-11	-0.324553
1.01336e-11	-0.324901
1.01345e-11	-0.325248
1.01354e-11	-0.325595
1.01363e-11	-0.32594
1.01372e-11	-0.326285
1.01381e-11	-0.326629
1.0139e-11	-0.326973
1.014e-11	-0.327315
1.01409e-11	-0.327657
1.01418e-11	-0.327998
1.01427e-11	-0.328338
1.01436e-11	-0.328677
1.01445e-11	-0.329016
1.01454e-11	-0.329354
1.01463e-11	-0.329691
1.01472e-11	-0.330027
1.01481e-11	-0.330362
1.0149e-11	-0.330697
1.01499e-11	-0.331031
1.01508e-11	-0.331364
1.01517e-11	-0.331696
1.01526e-11	-0.332028
1.01535e-11	-0.332358
1.01544e-11	-0.332688
1.01553e-11	-0.333017
1.01562e-11	-0.333345
1.01571e-11	-0.333673
1.0158e-11	-0.334
1.01589e-11	-0.334326
1.01598e-11	-0.334651
1.01607e-11	-0.334975
1.01616e-11	-0.335299
1.01625e-11	-0.335621
1.01634e-11	-0.335943
1.01643e-11	-0.336264
1.01652e-11	-0.336585
1.01661e-11	-0.336904
1.0167e-11	-0.337223
1.01679e-11	-0.337541
1.01688e-11	-0.337858
1.01697e-11	-0.338175
1.01706e-11	-0.33849
1.01715e-11	-0.338805
1.01724e-11	-0.339119
1.01734e-11	-0.339433
1.01743e-11	-0.339745
1.01752e-11	-0.340057
1.01761e-11	-0.340368
1.0177e-11	-0.340678
1.01779e-11	-0.340987
1.01788e-11	-0.341296
1.01797e-11	-0.341603
1.01806e-11	-0.34191
1.01815e-11	-0.342217
1.01824e-11	-0.342522
1.01833e-11	-0.342827
1.01842e-11	-0.34313
1.01851e-11	-0.343433
1.0186e-11	-0.343736
1.01869e-11	-0.344037
1.01878e-11	-0.344338
1.01887e-11	-0.344638
1.01896e-11	-0.344937
1.01905e-11	-0.345235
1.01914e-11	-0.345532
1.01923e-11	-0.345829
1.01932e-11	-0.346125
1.01941e-11	-0.34642
1.0195e-11	-0.346715
1.01959e-11	-0.347008
1.01968e-11	-0.347301
1.01977e-11	-0.347593
1.01986e-11	-0.347884
1.01995e-11	-0.348175
1.02004e-11	-0.348464
1.02013e-11	-0.348753
1.02022e-11	-0.349041
1.02031e-11	-0.349328
1.0204e-11	-0.349615
1.02049e-11	-0.349901
1.02058e-11	-0.350186
1.02068e-11	-0.35047
1.02077e-11	-0.350753
1.02086e-11	-0.351036
1.02095e-11	-0.351317
1.02104e-11	-0.351598
1.02113e-11	-0.351879
1.02122e-11	-0.352158
1.02131e-11	-0.352437
1.0214e-11	-0.352715
1.02149e-11	-0.352992
1.02158e-11	-0.353268
1.02167e-11	-0.353544
1.02176e-11	-0.353818
1.02185e-11	-0.354092
1.02194e-11	-0.354365
1.02203e-11	-0.354638
1.02212e-11	-0.354909
1.02221e-11	-0.35518
1.0223e-11	-0.35545
1.02239e-11	-0.35572
1.02248e-11	-0.355988
1.02257e-11	-0.356256
1.02266e-11	-0.356523
1.02275e-11	-0.356789
1.02284e-11	-0.357054
1.02293e-11	-0.357319
1.02302e-11	-0.357583
1.02311e-11	-0.357846
1.0232e-11	-0.358108
1.02329e-11	-0.358369
1.02338e-11	-0.35863
1.02347e-11	-0.35889
1.02356e-11	-0.359149
1.02365e-11	-0.359407
1.02374e-11	-0.359665
1.02383e-11	-0.359922
1.02392e-11	-0.360178
1.02402e-11	-0.360433
1.02411e-11	-0.360687
1.0242e-11	-0.360941
1.02429e-11	-0.361194
1.02438e-11	-0.361446
1.02447e-11	-0.361698
1.02456e-11	-0.361948
1.02465e-11	-0.362198
1.02474e-11	-0.362447
1.02483e-11	-0.362695
1.02492e-11	-0.362943
1.02501e-11	-0.363189
1.0251e-11	-0.363435
1.02519e-11	-0.36368
1.02528e-11	-0.363925
1.02537e-11	-0.364168
1.02546e-11	-0.364411
1.02555e-11	-0.364653
1.02564e-11	-0.364895
1.02573e-11	-0.365135
1.02582e-11	-0.365375
1.02591e-11	-0.365614
1.026e-11	-0.365852
1.02609e-11	-0.366089
1.02618e-11	-0.366326
1.02627e-11	-0.366562
1.02636e-11	-0.366797
1.02645e-11	-0.367031
1.02654e-11	-0.367265
1.02663e-11	-0.367498
1.02672e-11	-0.36773
1.02681e-11	-0.367961
1.0269e-11	-0.368191
1.02699e-11	-0.368421
1.02708e-11	-0.36865
1.02717e-11	-0.368878
1.02726e-11	-0.369105
1.02736e-11	-0.369332
1.02745e-11	-0.369558
1.02754e-11	-0.369783
1.02763e-11	-0.370007
1.02772e-11	-0.370231
1.02781e-11	-0.370454
1.0279e-11	-0.370676
1.02799e-11	-0.370897
1.02808e-11	-0.371117
1.02817e-11	-0.371337
1.02826e-11	-0.371556
1.02835e-11	-0.371774
1.02844e-11	-0.371992
1.02853e-11	-0.372208
1.02862e-11	-0.372424
1.02871e-11	-0.372639
1.0288e-11	-0.372854
1.02889e-11	-0.373067
1.02898e-11	-0.37328
1.02907e-11	-0.373492
1.02916e-11	-0.373703
1.02925e-11	-0.373914
1.02934e-11	-0.374124
1.02943e-11	-0.374333
1.02952e-11	-0.374541
1.02961e-11	-0.374748
1.0297e-11	-0.374955
1.02979e-11	-0.375161
1.02988e-11	-0.375366
1.02997e-11	-0.375571
1.03006e-11	-0.375775
1.03015e-11	-0.375977
1.03024e-11	-0.37618
1.03033e-11	-0.376381
1.03042e-11	-0.376582
1.03051e-11	-0.376782
1.0306e-11	-0.376981
1.0307e-11	-0.377179
1.03079e-11	-0.377377
1.03088e-11	-0.377573
1.03097e-11	-0.37777
1.03106e-11	-0.377965
1.03115e-11	-0.378159
1.03124e-11	-0.378353
1.03133e-11	-0.378546
1.03142e-11	-0.378739
1.03151e-11	-0.37893
1.0316e-11	-0.379121
1.03169e-11	-0.379311
1.03178e-11	-0.3795
1.03187e-11	-0.379689
1.03196e-11	-0.379877
1.03205e-11	-0.380064
1.03214e-11	-0.38025
1.03223e-11	-0.380436
1.03232e-11	-0.38062
1.03241e-11	-0.380804
1.0325e-11	-0.380988
1.03259e-11	-0.38117
1.03268e-11	-0.381352
1.03277e-11	-0.381533
1.03286e-11	-0.381713
1.03295e-11	-0.381893
1.03304e-11	-0.382072
1.03313e-11	-0.38225
1.03322e-11	-0.382427
1.03331e-11	-0.382603
1.0334e-11	-0.382779
1.03349e-11	-0.382954
1.03358e-11	-0.383129
1.03367e-11	-0.383302
1.03376e-11	-0.383475
1.03385e-11	-0.383647
1.03394e-11	-0.383818
1.03404e-11	-0.383989
1.03413e-11	-0.384159
1.03422e-11	-0.384328
1.03431e-11	-0.384496
1.0344e-11	-0.384663
1.03449e-11	-0.38483
1.03458e-11	-0.384996
1.03467e-11	-0.385162
1.03476e-11	-0.385326
1.03485e-11	-0.38549
1.03494e-11	-0.385653
1.03503e-11	-0.385816
1.03512e-11	-0.385977
1.03521e-11	-0.386138
1.0353e-11	-0.386298
1.03539e-11	-0.386458
1.03548e-11	-0.386616
1.03557e-11	-0.386774
1.03566e-11	-0.386932
1.03575e-11	-0.387088
1.03584e-11	-0.387244
1.03593e-11	-0.387399
1.03602e-11	-0.387553
1.03611e-11	-0.387707
1.0362e-11	-0.387859
1.03629e-11	-0.388011
1.03638e-11	-0.388163
1.03647e-11	-0.388313
1.03656e-11	-0.388463
1.03665e-11	-0.388612
1.03674e-11	-0.38876
1.03683e-11	-0.388908
1.03692e-11	-0.389055
1.03701e-11	-0.389201
1.0371e-11	-0.389347
1.03719e-11	-0.389491
1.03728e-11	-0.389635
1.03738e-11	-0.389778
1.03747e-11	-0.389921
1.03756e-11	-0.390063
1.03765e-11	-0.390204
1.03774e-11	-0.390344
1.03783e-11	-0.390484
1.03792e-11	-0.390623
1.03801e-11	-0.390761
1.0381e-11	-0.390898
1.03819e-11	-0.391035
1.03828e-11	-0.391171
1.03837e-11	-0.391306
1.03846e-11	-0.39144
1.03855e-11	-0.391574
1.03864e-11	-0.391707
1.03873e-11	-0.39184
1.03882e-11	-0.391971
1.03891e-11	-0.392102
1.039e-11	-0.392232
1.03909e-11	-0.392362
1.03918e-11	-0.39249
1.03927e-11	-0.392618
1.03936e-11	-0.392745
1.03945e-11	-0.392872
1.03954e-11	-0.392998
1.03963e-11	-0.393123
1.03972e-11	-0.393247
1.03981e-11	-0.393371
1.0399e-11	-0.393494
1.03999e-11	-0.393616
1.04008e-11	-0.393738
1.04017e-11	-0.393858
1.04026e-11	-0.393978
1.04035e-11	-0.394098
1.04044e-11	-0.394216
1.04053e-11	-0.394334
1.04062e-11	-0.394451
1.04071e-11	-0.394568
1.04081e-11	-0.394684
1.0409e-11	-0.394799
1.04099e-11	-0.394913
1.04108e-11	-0.395027
1.04117e-11	-0.39514
1.04126e-11	-0.395252
1.04135e-11	-0.395363
1.04144e-11	-0.395474
1.04153e-11	-0.395584
1.04162e-11	-0.395693
1.04171e-11	-0.395802
1.0418e-11	-0.39591
1.04189e-11	-0.396017
1.04198e-11	-0.396124
1.04207e-11	-0.39623
1.04216e-11	-0.396335
1.04225e-11	-0.396439
1.04234e-11	-0.396543
1.04243e-11	-0.396646
1.04252e-11	-0.396748
1.04261e-11	-0.396849
1.0427e-11	-0.39695
1.04279e-11	-0.39705
1.04288e-11	-0.39715
1.04297e-11	-0.397249
1.04306e-11	-0.397347
1.04315e-11	-0.397444
1.04324e-11	-0.397541
1.04333e-11	-0.397637
1.04342e-11	-0.397732
1.04351e-11	-0.397826
1.0436e-11	-0.39792
1.04369e-11	-0.398013
1.04378e-11	-0.398106
1.04387e-11	-0.398198
1.04396e-11	-0.398289
1.04405e-11	-0.398379
1.04415e-11	-0.398469
1.04424e-11	-0.398557
1.04433e-11	-0.398646
1.04442e-11	-0.398733
1.04451e-11	-0.39882
1.0446e-11	-0.398906
1.04469e-11	-0.398992
1.04478e-11	-0.399077
1.04487e-11	-0.399161
1.04496e-11	-0.399244
1.04505e-11	-0.399327
1.04514e-11	-0.399409
1.04523e-11	-0.39949
1.04532e-11	-0.399571
1.04541e-11	-0.399651
1.0455e-11	-0.39973
1.04559e-11	-0.399808
1.04568e-11	-0.399886
1.04577e-11	-0.399963
1.04586e-11	-0.40004
1.04595e-11	-0.400116
1.04604e-11	-0.400191
1.04613e-11	-0.400265
1.04622e-11	-0.400339
1.04631e-11	-0.400412
1.0464e-11	-0.400484
1.04649e-11	-0.400556
1.04658e-11	-0.400627
1.04667e-11	-0.400697
1.04676e-11	-0.400767
1.04685e-11	-0.400836
1.04694e-11	-0.400904
1.04703e-11	-0.400972
1.04712e-11	-0.401039
1.04721e-11	-0.401105
1.0473e-11	-0.40117
1.04739e-11	-0.401235
1.04749e-11	-0.4013
1.04758e-11	-0.401363
1.04767e-11	-0.401426
1.04776e-11	-0.401488
1.04785e-11	-0.40155
1.04794e-11	-0.40161
1.04803e-11	-0.401671
1.04812e-11	-0.40173
1.04821e-11	-0.401789
1.0483e-11	-0.401847
1.04839e-11	-0.401904
1.04848e-11	-0.401961
1.04857e-11	-0.402017
1.04866e-11	-0.402073
1.04875e-11	-0.402127
1.04884e-11	-0.402181
1.04893e-11	-0.402235
1.04902e-11	-0.402288
1.04911e-11	-0.40234
1.0492e-11	-0.402391
1.04929e-11	-0.402442
1.04938e-11	-0.402492
1.04947e-11	-0.402541
1.04956e-11	-0.40259
1.04965e-11	-0.402638
1.04974e-11	-0.402685
1.04983e-11	-0.402732
1.04992e-11	-0.402778
1.05001e-11	-0.402824
1.0501e-11	-0.402868
1.05019e-11	-0.402913
1.05028e-11	-0.402956
1.05037e-11	-0.402999
1.05046e-11	-0.403041
1.05055e-11	-0.403082
1.05064e-11	-0.403123
1.05073e-11	-0.403163
1.05083e-11	-0.403203
1.05092e-11	-0.403242
1.05101e-11	-0.40328
1.0511e-11	-0.403317
1.05119e-11	-0.403354
1.05128e-11	-0.40339
1.05137e-11	-0.403426
1.05146e-11	-0.403461
1.05155e-11	-0.403495
1.05164e-11	-0.403528
1.05173e-11	-0.403561
1.05182e-11	-0.403594
1.05191e-11	-0.403625
1.052e-11	-0.403656
1.05209e-11	-0.403687
1.05218e-11	-0.403716
1.05227e-11	-0.403745
1.05236e-11	-0.403774
1.05245e-11	-0.403801
1.05254e-11	-0.403828
1.05263e-11	-0.403855
1.05272e-11	-0.403881
1.05281e-11	-0.403906
1.0529e-11	-0.40393
1.05299e-11	-0.403954
1.05308e-11	-0.403977
1.05317e-11	-0.404
1.05326e-11	-0.404022
1.05335e-11	-0.404043
1.05344e-11	-0.404064
1.05353e-11	-0.404084
1.05362e-11	-0.404103
1.05371e-11	-0.404122
1.0538e-11	-0.40414
1.05389e-11	-0.404157
1.05398e-11	-0.404174
1.05407e-11	-0.40419
1.05417e-11	-0.404206
1.05426e-11	-0.404221
1.05435e-11	-0.404235
1.05444e-11	-0.404249
1.05453e-11	-0.404261
1.05462e-11	-0.404274
1.05471e-11	-0.404286
1.0548e-11	-0.404297
1.05489e-11	-0.404307
1.05498e-11	-0.404317
1.05507e-11	-0.404326
1.05516e-11	-0.404335
1.05525e-11	-0.404343
1.05534e-11	-0.40435
1.05543e-11	-0.404357
1.05552e-11	-0.404363
1.05561e-11	-0.404368
1.0557e-11	-0.404373
1.05579e-11	-0.404377
1.05588e-11	-0.404381
1.05597e-11	-0.404383
1.05606e-11	-0.404386
1.05615e-11	-0.404387
1.05624e-11	-0.404388
1.05633e-11	-0.404389
1.05642e-11	-0.404389
1.05651e-11	-0.404388
1.0566e-11	-0.404386
1.05669e-11	-0.404384
1.05678e-11	-0.404382
1.05687e-11	-0.404378
1.05696e-11	-0.404374
1.05705e-11	-0.40437
1.05714e-11	-0.404365
1.05723e-11	-0.404359
1.05732e-11	-0.404353
1.05741e-11	-0.404346
1.05751e-11	-0.404338
1.0576e-11	-0.40433
1.05769e-11	-0.404321
1.05778e-11	-0.404312
1.05787e-11	-0.404301
1.05796e-11	-0.404291
1.05805e-11	-0.40428
1.05814e-11	-0.404268
1.05823e-11	-0.404255
1.05832e-11	-0.404242
1.05841e-11	-0.404228
1.0585e-11	-0.404214
1.05859e-11	-0.404199
1.05868e-11	-0.404184
1.05877e-11	-0.404167
1.05886e-11	-0.404151
1.05895e-11	-0.404133
1.05904e-11	-0.404115
1.05913e-11	-0.404097
1.05922e-11	-0.404078
1.05931e-11	-0.404058
1.0594e-11	-0.404038
1.05949e-11	-0.404017
1.05958e-11	-0.403995
1.05967e-11	-0.403973
1.05976e-11	-0.40395
1.05985e-11	-0.403927
1.05994e-11	-0.403903
1.06003e-11	-0.403878
1.06012e-11	-0.403853
1.06021e-11	-0.403827
1.0603e-11	-0.403801
1.06039e-11	-0.403774
1.06048e-11	-0.403747
1.06057e-11	-0.403718
1.06066e-11	-0.40369
1.06075e-11	-0.40366
1.06085e-11	-0.403631
1.06094e-11	-0.4036
1.06103e-11	-0.403569
1.06112e-11	-0.403537
1.06121e-11	-0.403505
1.0613e-11	-0.403472
1.06139e-11	-0.403439
1.06148e-11	-0.403405
1.06157e-11	-0.40337
1.06166e-11	-0.403335
1.06175e-11	-0.403299
1.06184e-11	-0.403263
1.06193e-11	-0.403226
1.06202e-11	-0.403189
1.06211e-11	-0.40315
1.0622e-11	-0.403112
1.06229e-11	-0.403073
1.06238e-11	-0.403033
1.06247e-11	-0.402992
1.06256e-11	-0.402951
1.06265e-11	-0.40291
1.06274e-11	-0.402868
1.06283e-11	-0.402825
1.06292e-11	-0.402782
1.06301e-11	-0.402738
1.0631e-11	-0.402693
1.06319e-11	-0.402648
1.06328e-11	-0.402603
1.06337e-11	-0.402557
1.06346e-11	-0.40251
1.06355e-11	-0.402462
1.06364e-11	-0.402415
1.06373e-11	-0.402366
1.06382e-11	-0.402317
1.06391e-11	-0.402268
1.064e-11	-0.402217
1.06409e-11	-0.402167
1.06419e-11	-0.402115
1.06428e-11	-0.402064
1.06437e-11	-0.402011
1.06446e-11	-0.401958
1.06455e-11	-0.401905
1.06464e-11	-0.401851
1.06473e-11	-0.401796
1.06482e-11	-0.401741
1.06491e-11	-0.401685
1.065e-11	-0.401629
1.06509e-11	-0.401572
1.06518e-11	-0.401514
1.06527e-11	-0.401456
1.06536e-11	-0.401398
1.06545e-11	-0.401338
1.06554e-11	-0.401279
1.06563e-11	-0.401219
1.06572e-11	-0.401158
1.06581e-11	-0.401096
1.0659e-11	-0.401034
1.06599e-11	-0.400972
1.06608e-11	-0.400909
1.06617e-11	-0.400845
1.06626e-11	-0.400781
1.06635e-11	-0.400717
1.06644e-11	-0.400651
1.06653e-11	-0.400586
1.06662e-11	-0.400519
1.06671e-11	-0.400452
1.0668e-11	-0.400385
1.06689e-11	-0.400317
1.06698e-11	-0.400249
1.06707e-11	-0.40018
1.06716e-11	-0.40011
1.06725e-11	-0.40004
1.06734e-11	-0.399969
1.06743e-11	-0.399898
1.06752e-11	-0.399826
1.06762e-11	-0.399754
1.06771e-11	-0.399681
1.0678e-11	-0.399608
1.06789e-11	-0.399534
1.06798e-11	-0.399459
1.06807e-11	-0.399384
1.06816e-11	-0.399309
1.06825e-11	-0.399233
1.06834e-11	-0.399156
1.06843e-11	-0.399079
1.06852e-11	-0.399002
1.06861e-11	-0.398923
1.0687e-11	-0.398845
1.06879e-11	-0.398765
1.06888e-11	-0.398686
1.06897e-11	-0.398605
1.06906e-11	-0.398524
1.06915e-11	-0.398443
1.06924e-11	-0.398361
1.06933e-11	-0.398279
1.06942e-11	-0.398196
1.06951e-11	-0.398112
1.0696e-11	-0.398028
1.06969e-11	-0.397944
1.06978e-11	-0.397859
1.06987e-11	-0.397773
1.06996e-11	-0.397687
1.07005e-11	-0.3976
1.07014e-11	-0.397513
1.07023e-11	-0.397426
1.07032e-11	-0.397337
1.07041e-11	-0.397249
1.0705e-11	-0.39716
1.07059e-11	-0.39707
1.07068e-11	-0.39698
1.07077e-11	-0.396889
1.07086e-11	-0.396798
1.07096e-11	-0.396706
1.07105e-11	-0.396613
1.07114e-11	-0.396521
1.07123e-11	-0.396427
1.07132e-11	-0.396333
1.07141e-11	-0.396239
1.0715e-11	-0.396144
1.07159e-11	-0.396049
1.07168e-11	-0.395953
1.07177e-11	-0.395857
1.07186e-11	-0.39576
1.07195e-11	-0.395662
1.07204e-11	-0.395564
1.07213e-11	-0.395466
1.07222e-11	-0.395367
1.07231e-11	-0.395268
1.0724e-11	-0.395168
1.07249e-11	-0.395067
1.07258e-11	-0.394966
1.07267e-11	-0.394865
1.07276e-11	-0.394763
1.07285e-11	-0.394661
1.07294e-11	-0.394558
1.07303e-11	-0.394454
1.07312e-11	-0.39435
1.07321e-11	-0.394246
1.0733e-11	-0.394141
1.07339e-11	-0.394036
1.07348e-11	-0.39393
1.07357e-11	-0.393823
1.07366e-11	-0.393716
1.07375e-11	-0.393609
1.07384e-11	-0.393501
1.07393e-11	-0.393393
1.07402e-11	-0.393284
1.07411e-11	-0.393175
1.0742e-11	-0.393065
1.0743e-11	-0.392954
1.07439e-11	-0.392844
1.07448e-11	-0.392732
1.07457e-11	-0.392621
1.07466e-11	-0.392508
1.07475e-11	-0.392395
1.07484e-11	-0.392282
1.07493e-11	-0.392169
1.07502e-11	-0.392054
1.07511e-11	-0.39194
1.0752e-11	-0.391825
1.07529e-11	-0.391709
1.07538e-11	-0.391593
1.07547e-11	-0.391476
1.07556e-11	-0.391359
1.07565e-11	-0.391242
1.07574e-11	-0.391123
1.07583e-11	-0.391005
1.07592e-11	-0.390886
1.07601e-11	-0.390767
1.0761e-11	-0.390647
1.07619e-11	-0.390526
1.07628e-11	-0.390405
1.07637e-11	-0.390284
1.07646e-11	-0.390162
1.07655e-11	-0.39004
1.07664e-11	-0.389917
1.07673e-11	-0.389794
1.07682e-11	-0.38967
1.07691e-11	-0.389546
1.077e-11	-0.389421
1.07709e-11	-0.389296
1.07718e-11	-0.389171
1.07727e-11	-0.389045
1.07736e-11	-0.388918
1.07745e-11	-0.388791
1.07754e-11	-0.388664
1.07764e-11	-0.388536
1.07773e-11	-0.388408
1.07782e-11	-0.388279
1.07791e-11	-0.38815
1.078e-11	-0.38802
1.07809e-11	-0.38789
1.07818e-11	-0.387759
1.07827e-11	-0.387628
1.07836e-11	-0.387497
1.07845e-11	-0.387365
1.07854e-11	-0.387232
1.07863e-11	-0.387099
1.07872e-11	-0.386966
1.07881e-11	-0.386832
1.0789e-11	-0.386698
1.07899e-11	-0.386563
1.07908e-11	-0.386428
1.07917e-11	-0.386293
1.07926e-11	-0.386157
1.07935e-11	-0.38602
1.07944e-11	-0.385883
1.07953e-11	-0.385746
1.07962e-11	-0.385608
1.07971e-11	-0.38547
1.0798e-11	-0.385331
1.07989e-11	-0.385192
1.07998e-11	-0.385052
1.08007e-11	-0.384912
1.08016e-11	-0.384772
1.08025e-11	-0.384631
1.08034e-11	-0.384489
1.08043e-11	-0.384348
1.08052e-11	-0.384205
1.08061e-11	-0.384063
1.0807e-11	-0.38392
1.08079e-11	-0.383776
1.08088e-11	-0.383632
1.08098e-11	-0.383488
1.08107e-11	-0.383343
1.08116e-11	-0.383198
1.08125e-11	-0.383052
1.08134e-11	-0.382906
1.08143e-11	-0.382759
1.08152e-11	-0.382612
1.08161e-11	-0.382465
1.0817e-11	-0.382317
1.08179e-11	-0.382169
1.08188e-11	-0.38202
1.08197e-11	-0.381871
1.08206e-11	-0.381721
1.08215e-11	-0.381571
1.08224e-11	-0.381421
1.08233e-11	-0.38127
1.08242e-11	-0.381119
1.08251e-11	-0.380967
1.0826e-11	-0.380815
1.08269e-11	-0.380663
1.08278e-11	-0.38051
1.08287e-11	-0.380356
1.08296e-11	-0.380203
1.08305e-11	-0.380048
1.08314e-11	-0.379894
1.08323e-11	-0.379739
1.08332e-11	-0.379583
1.08341e-11	-0.379427
1.0835e-11	-0.379271
1.08359e-11	-0.379115
1.08368e-11	-0.378957
1.08377e-11	-0.3788
1.08386e-11	-0.378642
1.08395e-11	-0.378484
1.08404e-11	-0.378325
1.08413e-11	-0.378166
1.08422e-11	-0.378006
1.08432e-11	-0.377847
1.08441e-11	-0.377686
1.0845e-11	-0.377525
1.08459e-11	-0.377364
1.08468e-11	-0.377203
1.08477e-11	-0.377041
1.08486e-11	-0.376878
1.08495e-11	-0.376716
1.08504e-11	-0.376552
1.08513e-11	-0.376389
1.08522e-11	-0.376225
1.08531e-11	-0.376061
1.0854e-11	-0.375896
1.08549e-11	-0.375731
1.08558e-11	-0.375565
1.08567e-11	-0.375399
1.08576e-11	-0.375233
1.08585e-11	-0.375066
1.08594e-11	-0.374899
1.08603e-11	-0.374732
1.08612e-11	-0.374564
1.08621e-11	-0.374395
1.0863e-11	-0.374227
1.08639e-11	-0.374058
1.08648e-11	-0.373888
1.08657e-11	-0.373718
1.08666e-11	-0.373548
1.08675e-11	-0.373377
1.08684e-11	-0.373206
1.08693e-11	-0.373035
1.08702e-11	-0.372863
1.08711e-11	-0.372691
1.0872e-11	-0.372519
1.08729e-11	-0.372346
1.08738e-11	-0.372172
1.08747e-11	-0.371999
1.08756e-11	-0.371825
1.08766e-11	-0.37165
1.08775e-11	-0.371475
1.08784e-11	-0.3713
1.08793e-11	-0.371125
1.08802e-11	-0.370949
1.08811e-11	-0.370772
1.0882e-11	-0.370596
1.08829e-11	-0.370419
1.08838e-11	-0.370241
1.08847e-11	-0.370063
1.08856e-11	-0.369885
1.08865e-11	-0.369707
1.08874e-11	-0.369528
1.08883e-11	-0.369348
1.08892e-11	-0.369169
1.08901e-11	-0.368989
1.0891e-11	-0.368808
1.08919e-11	-0.368627
1.08928e-11	-0.368446
1.08937e-11	-0.368265
1.08946e-11	-0.368083
1.08955e-11	-0.367901
1.08964e-11	-0.367718
1.08973e-11	-0.367535
1.08982e-11	-0.367352
1.08991e-11	-0.367168
1.09e-11	-0.366984
1.09009e-11	-0.3668
1.09018e-11	-0.366615
1.09027e-11	-0.36643
1.09036e-11	-0.366245
1.09045e-11	-0.366059
1.09054e-11	-0.365873
1.09063e-11	-0.365686
1.09072e-11	-0.365499
1.09081e-11	-0.365312
1.0909e-11	-0.365124
1.09099e-11	-0.364937
1.09109e-11	-0.364748
1.09118e-11	-0.36456
1.09127e-11	-0.364371
1.09136e-11	-0.364181
1.09145e-11	-0.363992
1.09154e-11	-0.363802
1.09163e-11	-0.363611
1.09172e-11	-0.363421
1.09181e-11	-0.36323
1.0919e-11	-0.363038
1.09199e-11	-0.362846
1.09208e-11	-0.362654
1.09217e-11	-0.362462
1.09226e-11	-0.362269
1.09235e-11	-0.362076
1.09244e-11	-0.361883
1.09253e-11	-0.361689
1.09262e-11	-0.361495
1.09271e-11	-0.3613
1.0928e-11	-0.361105
1.09289e-11	-0.36091
1.09298e-11	-0.360715
1.09307e-11	-0.360519
1.09316e-11	-0.360323
1.09325e-11	-0.360127
1.09334e-11	-0.35993
1.09343e-11	-0.359733
1.09352e-11	-0.359535
1.09361e-11	-0.359337
1.0937e-11	-0.359139
1.09379e-11	-0.358941
1.09388e-11	-0.358742
1.09397e-11	-0.358543
1.09406e-11	-0.358344
1.09415e-11	-0.358144
1.09424e-11	-0.357944
1.09433e-11	-0.357743
1.09443e-11	-0.357543
1.09452e-11	-0.357342
1.09461e-11	-0.35714
1.0947e-11	-0.356939
1.09479e-11	-0.356737
1.09488e-11	-0.356534
1.09497e-11	-0.356332
1.09506e-11	-0.356129
1.09515e-11	-0.355926
1.09524e-11	-0.355722
1.09533e-11	-0.355518
1.09542e-11	-0.355314
1.09551e-11	-0.355109
1.0956e-11	-0.354905
1.09569e-11	-0.354699
1.09578e-11	-0.354494
1.09587e-11	-0.354288
1.09596e-11	-0.354082
1.09605e-11	-0.353876
1.09614e-11	-0.353669
1.09623e-11	-0.353462
1.09632e-11	-0.353255
1.09641e-11	-0.353047
1.0965e-11	-0.352839
1.09659e-11	-0.352631
1.09668e-11	-0.352422
1.09677e-11	-0.352214
1.09686e-11	-0.352004
1.09695e-11	-0.351795
1.09704e-11	-0.351585
1.09713e-11	-0.351375
1.09722e-11	-0.351165
1.09731e-11	-0.350954
1.0974e-11	-0.350743
1.09749e-11	-0.350532
1.09758e-11	-0.350321
1.09767e-11	-0.350109
1.09777e-11	-0.349897
1.09786e-11	-0.349684
1.09795e-11	-0.349472
1.09804e-11	-0.349259
1.09813e-11	-0.349045
1.09822e-11	-0.348832
1.09831e-11	-0.348618
1.0984e-11	-0.348404
1.09849e-11	-0.348189
1.09858e-11	-0.347974
1.09867e-11	-0.347759
1.09876e-11	-0.347544
1.09885e-11	-0.347329
1.09894e-11	-0.347113
1.09903e-11	-0.346896
1.09912e-11	-0.34668
1.09921e-11	-0.346463
1.0993e-11	-0.346246
1.09939e-11	-0.346029
1.09948e-11	-0.345811
1.09957e-11	-0.345594
1.09966e-11	-0.345375
1.09975e-11	-0.345157
1.09984e-11	-0.344938
1.09993e-11	-0.344719
1.10002e-11	-0.3445
1.10011e-11	-0.344281
1.1002e-11	-0.344061
1.10029e-11	-0.343841
1.10038e-11	-0.34362
1.10047e-11	-0.3434
1.10056e-11	-0.343179
1.10065e-11	-0.342958
1.10074e-11	-0.342736
1.10083e-11	-0.342514
1.10092e-11	-0.342292
1.10101e-11	-0.34207
1.10111e-11	-0.341848
1.1012e-11	-0.341625
1.10129e-11	-0.341402
1.10138e-11	-0.341179
1.10147e-11	-0.340955
1.10156e-11	-0.340731
1.10165e-11	-0.340507
1.10174e-11	-0.340283
1.10183e-11	-0.340058
1.10192e-11	-0.339833
1.10201e-11	-0.339608
1.1021e-11	-0.339383
1.10219e-11	-0.339157
1.10228e-11	-0.338931
1.10237e-11	-0.338705
1.10246e-11	-0.338478
1.10255e-11	-0.338252
1.10264e-11	-0.338025
1.10273e-11	-0.337798
1.10282e-11	-0.33757
1.10291e-11	-0.337342
1.103e-11	-0.337114
1.10309e-11	-0.336886
1.10318e-11	-0.336658
1.10327e-11	-0.336429
1.10336e-11	-0.3362
1.10345e-11	-0.335971
1.10354e-11	-0.335741
1.10363e-11	-0.335512
1.10372e-11	-0.335282
1.10381e-11	-0.335051
1.1039e-11	-0.334821
1.10399e-11	-0.33459
1.10408e-11	-0.334359
1.10417e-11	-0.334128
1.10426e-11	-0.333897
1.10435e-11	-0.333665
1.10445e-11	-0.333433
1.10454e-11	-0.333201
1.10463e-11	-0.332969
1.10472e-11	-0.332736
1.10481e-11	-0.332503
1.1049e-11	-0.33227
1.10499e-11	-0.332037
1.10508e-11	-0.331803
1.10517e-11	-0.331569
1.10526e-11	-0.331335
1.10535e-11	-0.331101
1.10544e-11	-0.330867
1.10553e-11	-0.330632
1.10562e-11	-0.330397
1.10571e-11	-0.330162
1.1058e-11	-0.329926
1.10589e-11	-0.329691
1.10598e-11	-0.329455
1.10607e-11	-0.329219
1.10616e-11	-0.328982
1.10625e-11	-0.328746
1.10634e-11	-0.328509
1.10643e-11	-0.328272
1.10652e-11	-0.328035
1.10661e-11	-0.327797
1.1067e-11	-0.327559
1.10679e-11	-0.327321
1.10688e-11	-0.327083
1.10697e-11	-0.326845
1.10706e-11	-0.326606
1.10715e-11	-0.326368
1.10724e-11	-0.326129
1.10733e-11	-0.325889
1.10742e-11	-0.32565
1.10751e-11	-0.32541
1.1076e-11	-0.32517
1.10769e-11	-0.32493
1.10779e-11	-0.32469
1.10788e-11	-0.324449
1.10797e-11	-0.324209
1.10806e-11	-0.323968
1.10815e-11	-0.323727
1.10824e-11	-0.323485
1.10833e-11	-0.323244
1.10842e-11	-0.323002
1.10851e-11	-0.32276
1.1086e-11	-0.322518
1.10869e-11	-0.322275
1.10878e-11	-0.322033
1.10887e-11	-0.32179
1.10896e-11	-0.321547
1.10905e-11	-0.321304
1.10914e-11	-0.32106
1.10923e-11	-0.320817
1.10932e-11	-0.320573
1.10941e-11	-0.320329
1.1095e-11	-0.320084
1.10959e-11	-0.31984
1.10968e-11	-0.319595
1.10977e-11	-0.31935
1.10986e-11	-0.319105
1.10995e-11	-0.31886
1.11004e-11	-0.318615
1.11013e-11	-0.318369
1.11022e-11	-0.318123
1.11031e-11	-0.317877
1.1104e-11	-0.317631
1.11049e-11	-0.317385
1.11058e-11	-0.317138
1.11067e-11	-0.316891
1.11076e-11	-0.316644
1.11085e-11	-0.316397
1.11094e-11	-0.31615
1.11103e-11	-0.315902
1.11113e-11	-0.315655
1.11122e-11	-0.315407
1.11131e-11	-0.315159
1.1114e-11	-0.31491
1.11149e-11	-0.314662
1.11158e-11	-0.314413
1.11167e-11	-0.314164
1.11176e-11	-0.313915
1.11185e-11	-0.313666
1.11194e-11	-0.313417
1.11203e-11	-0.313167
1.11212e-11	-0.312917
1.11221e-11	-0.312667
1.1123e-11	-0.312417
1.11239e-11	-0.312167
1.11248e-11	-0.311916
1.11257e-11	-0.311666
1.11266e-11	-0.311415
1.11275e-11	-0.311164
1.11284e-11	-0.310913
1.11293e-11	-0.310661
1.11302e-11	-0.31041
1.11311e-11	-0.310158
1.1132e-11	-0.309906
1.11329e-11	-0.309654
1.11338e-11	-0.309402
1.11347e-11	-0.30915
1.11356e-11	-0.308897
1.11365e-11	-0.308645
1.11374e-11	-0.308392
1.11383e-11	-0.308139
1.11392e-11	-0.307885
1.11401e-11	-0.307632
1.1141e-11	-0.307378
1.11419e-11	-0.307125
1.11428e-11	-0.306871
1.11437e-11	-0.306617
1.11447e-11	-0.306363
1.11456e-11	-0.306108
1.11465e-11	-0.305854
1.11474e-11	-0.305599
1.11483e-11	-0.305344
1.11492e-11	-0.305089
1.11501e-11	-0.304834
1.1151e-11	-0.304579
1.11519e-11	-0.304323
1.11528e-11	-0.304068
1.11537e-11	-0.303812
1.11546e-11	-0.303556
1.11555e-11	-0.3033
1.11564e-11	-0.303044
1.11573e-11	-0.302787
1.11582e-11	-0.302531
1.11591e-11	-0.302274
1.116e-11	-0.302017
1.11609e-11	-0.30176
1.11618e-11	-0.301503
1.11627e-11	-0.301246
1.11636e-11	-0.300988
1.11645e-11	-0.300731
1.11654e-11	-0.300473
1.11663e-11	-0.300215
1.11672e-11	-0.299957
1.11681e-11	-0.299699
1.1169e-11	-0.29944
1.11699e-11	-0.299182
1.11708e-11	-0.298923
1.11717e-11	-0.298665
1.11726e-11	-0.298406
1.11735e-11	-0.298147
1.11744e-11	-0.297887
1.11753e-11	-0.297628
1.11762e-11	-0.297369
1.11771e-11	-0.297109
1.1178e-11	-0.296849
1.1179e-11	-0.296589
1.11799e-11	-0.296329
1.11808e-11	-0.296069
1.11817e-11	-0.295809
1.11826e-11	-0.295549
1.11835e-11	-0.295288
1.11844e-11	-0.295027
1.11853e-11	-0.294767
1.11862e-11	-0.294506
1.11871e-11	-0.294245
1.1188e-11	-0.293983
1.11889e-11	-0.293722
1.11898e-11	-0.293461
1.11907e-11	-0.293199
1.11916e-11	-0.292937
1.11925e-11	-0.292675
1.11934e-11	-0.292414
1.11943e-11	-0.292151
1.11952e-11	-0.291889
1.11961e-11	-0.291627
1.1197e-11	-0.291364
1.11979e-11	-0.291102
1.11988e-11	-0.290839
1.11997e-11	-0.290576
1.12006e-11	-0.290313
1.12015e-11	-0.29005
1.12024e-11	-0.289787
1.12033e-11	-0.289524
1.12042e-11	-0.28926
1.12051e-11	-0.288997
1.1206e-11	-0.288733
1.12069e-11	-0.288469
1.12078e-11	-0.288205
1.12087e-11	-0.287941
1.12096e-11	-0.287677
1.12105e-11	-0.287413
1.12114e-11	-0.287149
1.12124e-11	-0.286884
1.12133e-11	-0.28662
1.12142e-11	-0.286355
1.12151e-11	-0.28609
1.1216e-11	-0.285825
1.12169e-11	-0.28556
1.12178e-11	-0.285295
1.12187e-11	-0.28503
1.12196e-11	-0.284765
1.12205e-11	-0.284499
1.12214e-11	-0.284234
1.12223e-11	-0.283968
1.12232e-11	-0.283702
1.12241e-11	-0.283436
1.1225e-11	-0.28317
1.12259e-11	-0.282904
1.12268e-11	-0.282638
1.12277e-11	-0.282372
1.12286e-11	-0.282106
1.12295e-11	-0.281839
1.12304e-11	-0.281572
1.12313e-11	-0.281306
1.12322e-11	-0.281039
1.12331e-11	-0.280772
1.1234e-11	-0.280505
1.12349e-11	-0.280238
1.12358e-11	-0.279971
1.12367e-11	-0.279704
1.12376e-11	-0.279436
1.12385e-11	-0.279169
1.12394e-11	-0.278901
1.12403e-11	-0.278634
1.12412e-11	-0.278366
1.12421e-11	-0.278098
1.1243e-11	-0.27783
1.12439e-11	-0.277562
1.12448e-11	-0.277294
1.12458e-11	-0.277026
1.12467e-11	-0.276758
1.12476e-11	-0.27649
1.12485e-11	-0.276221
1.12494e-11	-0.275953
1.12503e-11	-0.275684
1.12512e-11	-0.275415
1.12521e-11	-0.275147
1.1253e-11	-0.274878
1.12539e-11	-0.274609
1.12548e-11	-0.27434
1.12557e-11	-0.274071
1.12566e-11	-0.273802
1.12575e-11	-0.273532
1.12584e-11	-0.273263
1.12593e-11	-0.272994
1.12602e-11	-0.272724
1.12611e-11	-0.272454
1.1262e-11	-0.272185
1.12629e-11	-0.271915
1.12638e-11	-0.271645
1.12647e-11	-0.271375
1.12656e-11	-0.271105
1.12665e-11	-0.270835
1.12674e-11	-0.270565
1.12683e-11	-0.270295
1.12692e-11	-0.270025
1.12701e-11	-0.269755
1.1271e-11	-0.269484
1.12719e-11	-0.269214
1.12728e-11	-0.268943
1.12737e-11	-0.268673
1.12746e-11	-0.268402
1.12755e-11	-0.268131
1.12764e-11	-0.26786
1.12773e-11	-0.267589
1.12782e-11	-0.267318
1.12792e-11	-0.267047
1.12801e-11	-0.266776
1.1281e-11	-0.266505
1.12819e-11	-0.266234
1.12828e-11	-0.265963
1.12837e-11	-0.265691
1.12846e-11	-0.26542
1.12855e-11	-0.265149
1.12864e-11	-0.264877
1.12873e-11	-0.264606
1.12882e-11	-0.264334
1.12891e-11	-0.264062
1.129e-11	-0.26379
1.12909e-11	-0.263519
1.12918e-11	-0.263247
1.12927e-11	-0.262975
1.12936e-11	-0.262703
1.12945e-11	-0.262431
1.12954e-11	-0.262159
1.12963e-11	-0.261887
1.12972e-11	-0.261614
1.12981e-11	-0.261342
1.1299e-11	-0.26107
1.12999e-11	-0.260798
1.13008e-11	-0.260525
1.13017e-11	-0.260253
1.13026e-11	-0.25998
1.13035e-11	-0.259708
1.13044e-11	-0.259435
1.13053e-11	-0.259162
1.13062e-11	-0.25889
1.13071e-11	-0.258617
1.1308e-11	-0.258344
1.13089e-11	-0.258071
1.13098e-11	-0.257798
1.13107e-11	-0.257526
1.13116e-11	-0.257253
1.13126e-11	-0.256979
1.13135e-11	-0.256706
1.13144e-11	-0.256433
1.13153e-11	-0.25616
1.13162e-11	-0.255887
1.13171e-11	-0.255614
1.1318e-11	-0.255341
1.13189e-11	-0.255067
1.13198e-11	-0.254794
1.13207e-11	-0.25452
1.13216e-11	-0.254247
1.13225e-11	-0.253974
1.13234e-11	-0.2537
1.13243e-11	-0.253427
1.13252e-11	-0.253153
1.13261e-11	-0.252879
1.1327e-11	-0.252606
1.13279e-11	-0.252332
1.13288e-11	-0.252058
1.13297e-11	-0.251785
1.13306e-11	-0.251511
1.13315e-11	-0.251237
1.13324e-11	-0.250963
1.13333e-11	-0.250689
1.13342e-11	-0.250416
1.13351e-11	-0.250142
1.1336e-11	-0.249868
1.13369e-11	-0.249594
1.13378e-11	-0.24932
1.13387e-11	-0.249046
1.13396e-11	-0.248772
1.13405e-11	-0.248497
1.13414e-11	-0.248223
1.13423e-11	-0.247949
1.13432e-11	-0.247675
1.13441e-11	-0.247401
1.1345e-11	-0.247127
1.1346e-11	-0.246852
1.13469e-11	-0.246578
1.13478e-11	-0.246304
1.13487e-11	-0.24603
1.13496e-11	-0.245755
1.13505e-11	-0.245481
1.13514e-11	-0.245207
1.13523e-11	-0.244932
1.13532e-11	-0.244658
1.13541e-11	-0.244383
1.1355e-11	-0.244109
1.13559e-11	-0.243835
1.13568e-11	-0.24356
1.13577e-11	-0.243286
1.13586e-11	-0.243011
1.13595e-11	-0.242737
1.13604e-11	-0.242462
1.13613e-11	-0.242188
1.13622e-11	-0.241913
1.13631e-11	-0.241639
1.1364e-11	-0.241364
1.13649e-11	-0.241089
1.13658e-11	-0.240815
1.13667e-11	-0.24054
1.13676e-11	-0.240266
1.13685e-11	-0.239991
1.13694e-11	-0.239717
1.13703e-11	-0.239442
1.13712e-11	-0.239167
1.13721e-11	-0.238893
1.1373e-11	-0.238618
1.13739e-11	-0.238343
1.13748e-11	-0.238069
1.13757e-11	-0.237794
1.13766e-11	-0.237519
1.13775e-11	-0.237245
1.13784e-11	-0.23697
1.13794e-11	-0.236695
1.13803e-11	-0.236421
1.13812e-11	-0.236146
1.13821e-11	-0.235871
1.1383e-11	-0.235597
1.13839e-11	-0.235322
1.13848e-11	-0.235047
1.13857e-11	-0.234773
1.13866e-11	-0.234498
1.13875e-11	-0.234223
1.13884e-11	-0.233949
1.13893e-11	-0.233674
1.13902e-11	-0.233399
1.13911e-11	-0.233125
1.1392e-11	-0.23285
1.13929e-11	-0.232576
1.13938e-11	-0.232301
1.13947e-11	-0.232026
1.13956e-11	-0.231752
1.13965e-11	-0.231477
1.13974e-11	-0.231202
1.13983e-11	-0.230928
1.13992e-11	-0.230653
1.14001e-11	-0.230379
1.1401e-11	-0.230104
1.14019e-11	-0.22983
1.14028e-11	-0.229555
1.14037e-11	-0.229281
1.14046e-11	-0.229006
1.14055e-11	-0.228732
1.14064e-11	-0.228457
1.14073e-11	-0.228183
1.14082e-11	-0.227908
1.14091e-11	-0.227634
1.141e-11	-0.227359
1.14109e-11	-0.227085
1.14118e-11	-0.226811
1.14128e-11	-0.226536
1.14137e-11	-0.226262
1.14146e-11	-0.225987
1.14155e-11	-0.225713
1.14164e-11	-0.225439
1.14173e-11	-0.225165
1.14182e-11	-0.22489
1.14191e-11	-0.224616
1.142e-11	-0.224342
1.14209e-11	-0.224068
1.14218e-11	-0.223794
1.14227e-11	-0.223519
1.14236e-11	-0.223245
1.14245e-11	-0.222971
1.14254e-11	-0.222697
1.14263e-11	-0.222423
1.14272e-11	-0.222149
1.14281e-11	-0.221875
1.1429e-11	-0.221601
1.14299e-11	-0.221327
1.14308e-11	-0.221053
1.14317e-11	-0.220779
1.14326e-11	-0.220506
1.14335e-11	-0.220232
1.14344e-11	-0.219958
1.14353e-11	-0.219684
1.14362e-11	-0.21941
1.14371e-11	-0.219137
1.1438e-11	-0.218863
1.14389e-11	-0.218589
1.14398e-11	-0.218316
1.14407e-11	-0.218042
1.14416e-11	-0.217769
1.14425e-11	-0.217495
1.14434e-11	-0.217222
1.14443e-11	-0.216948
1.14452e-11	-0.216675
1.14461e-11	-0.216401
1.14471e-11	-0.216128
1.1448e-11	-0.215855
1.14489e-11	-0.215582
1.14498e-11	-0.215308
1.14507e-11	-0.215035
1.14516e-11	-0.214762
1.14525e-11	-0.214489
1.14534e-11	-0.214216
1.14543e-11	-0.213943
1.14552e-11	-0.21367
1.14561e-11	-0.213397
1.1457e-11	-0.213124
1.14579e-11	-0.212851
1.14588e-11	-0.212578
1.14597e-11	-0.212306
1.14606e-11	-0.212033
1.14615e-11	-0.21176
1.14624e-11	-0.211487
1.14633e-11	-0.211215
1.14642e-11	-0.210942
1.14651e-11	-0.21067
1.1466e-11	-0.210397
1.14669e-11	-0.210125
1.14678e-11	-0.209853
1.14687e-11	-0.20958
1.14696e-11	-0.209308
1.14705e-11	-0.209036
1.14714e-11	-0.208764
1.14723e-11	-0.208492
1.14732e-11	-0.208219
1.14741e-11	-0.207947
1.1475e-11	-0.207676
1.14759e-11	-0.207404
1.14768e-11	-0.207132
1.14777e-11	-0.20686
1.14786e-11	-0.206588
1.14795e-11	-0.206316
1.14805e-11	-0.206045
1.14814e-11	-0.205773
1.14823e-11	-0.205502
1.14832e-11	-0.20523
1.14841e-11	-0.204959
1.1485e-11	-0.204687
1.14859e-11	-0.204416
1.14868e-11	-0.204145
1.14877e-11	-0.203874
1.14886e-11	-0.203602
1.14895e-11	-0.203331
1.14904e-11	-0.20306
1.14913e-11	-0.202789
1.14922e-11	-0.202519
1.14931e-11	-0.202248
1.1494e-11	-0.201977
1.14949e-11	-0.201706
1.14958e-11	-0.201436
1.14967e-11	-0.201165
1.14976e-11	-0.200894
1.14985e-11	-0.200624
1.14994e-11	-0.200354
1.15003e-11	-0.200083
1.15012e-11	-0.199813
1.15021e-11	-0.199543
1.1503e-11	-0.199273
1.15039e-11	-0.199002
1.15048e-11	-0.198732
1.15057e-11	-0.198462
1.15066e-11	-0.198193
1.15075e-11	-0.197923
1.15084e-11	-0.197653
1.15093e-11	-0.197383
1.15102e-11	-0.197114
1.15111e-11	-0.196844
1.1512e-11	-0.196575
1.15129e-11	-0.196305
1.15139e-11	-0.196036
1.15148e-11	-0.195767
1.15157e-11	-0.195498
1.15166e-11	-0.195228
1.15175e-11	-0.194959
1.15184e-11	-0.19469
1.15193e-11	-0.194421
1.15202e-11	-0.194153
1.15211e-11	-0.193884
1.1522e-11	-0.193615
1.15229e-11	-0.193347
1.15238e-11	-0.193078
1.15247e-11	-0.19281
1.15256e-11	-0.192541
1.15265e-11	-0.192273
1.15274e-11	-0.192005
1.15283e-11	-0.191737
1.15292e-11	-0.191469
1.15301e-11	-0.191201
1.1531e-11	-0.190933
1.15319e-11	-0.190665
1.15328e-11	-0.190397
1.15337e-11	-0.190129
1.15346e-11	-0.189862
1.15355e-11	-0.189594
1.15364e-11	-0.189327
1.15373e-11	-0.18906
1.15382e-11	-0.188792
1.15391e-11	-0.188525
1.154e-11	-0.188258
1.15409e-11	-0.187991
1.15418e-11	-0.187724
1.15427e-11	-0.187457
1.15436e-11	-0.18719
1.15445e-11	-0.186924
1.15454e-11	-0.186657
1.15463e-11	-0.186391
1.15473e-11	-0.186124
1.15482e-11	-0.185858
1.15491e-11	-0.185592
1.155e-11	-0.185325
1.15509e-11	-0.185059
1.15518e-11	-0.184793
1.15527e-11	-0.184528
1.15536e-11	-0.184262
1.15545e-11	-0.183996
1.15554e-11	-0.18373
1.15563e-11	-0.183465
1.15572e-11	-0.183199
1.15581e-11	-0.182934
1.1559e-11	-0.182669
1.15599e-11	-0.182404
1.15608e-11	-0.182139
1.15617e-11	-0.181874
1.15626e-11	-0.181609
1.15635e-11	-0.181344
1.15644e-11	-0.181079
1.15653e-11	-0.180814
1.15662e-11	-0.18055
1.15671e-11	-0.180286
1.1568e-11	-0.180021
1.15689e-11	-0.179757
1.15698e-11	-0.179493
1.15707e-11	-0.179229
1.15716e-11	-0.178965
1.15725e-11	-0.178701
1.15734e-11	-0.178437
1.15743e-11	-0.178174
1.15752e-11	-0.17791
1.15761e-11	-0.177647
1.1577e-11	-0.177383
1.15779e-11	-0.17712
1.15788e-11	-0.176857
1.15797e-11	-0.176594
1.15807e-11	-0.176331
1.15816e-11	-0.176068
1.15825e-11	-0.175805
1.15834e-11	-0.175543
1.15843e-11	-0.17528
1.15852e-11	-0.175018
1.15861e-11	-0.174755
1.1587e-11	-0.174493
1.15879e-11	-0.174231
1.15888e-11	-0.173969
1.15897e-11	-0.173707
1.15906e-11	-0.173445
1.15915e-11	-0.173183
1.15924e-11	-0.172922
1.15933e-11	-0.17266
1.15942e-11	-0.172399
1.15951e-11	-0.172138
1.1596e-11	-0.171876
1.15969e-11	-0.171615
1.15978e-11	-0.171354
1.15987e-11	-0.171093
1.15996e-11	-0.170833
1.16005e-11	-0.170572
1.16014e-11	-0.170312
1.16023e-11	-0.170051
1.16032e-11	-0.169791
1.16041e-11	-0.169531
1.1605e-11	-0.169271
1.16059e-11	-0.169011
1.16068e-11	-0.168751
1.16077e-11	-0.168491
1.16086e-11	-0.168231
1.16095e-11	-0.167972
1.16104e-11	-0.167712
1.16113e-11	-0.167453
1.16122e-11	-0.167194
1.16131e-11	-0.166935
1.16141e-11	-0.166676
1.1615e-11	-0.166417
1.16159e-11	-0.166158
1.16168e-11	-0.1659
1.16177e-11	-0.165641
1.16186e-11	-0.165383
1.16195e-11	-0.165124
1.16204e-11	-0.164866
1.16213e-11	-0.164608
1.16222e-11	-0.16435
1.16231e-11	-0.164092
1.1624e-11	-0.163835
1.16249e-11	-0.163577
1.16258e-11	-0.16332
1.16267e-11	-0.163062
1.16276e-11	-0.162805
1.16285e-11	-0.162548
1.16294e-11	-0.162291
1.16303e-11	-0.162034
1.16312e-11	-0.161778
1.16321e-11	-0.161521
1.1633e-11	-0.161264
1.16339e-11	-0.161008
1.16348e-11	-0.160752
1.16357e-11	-0.160496
1.16366e-11	-0.16024
1.16375e-11	-0.159984
1.16384e-11	-0.159728
1.16393e-11	-0.159473
1.16402e-11	-0.159217
1.16411e-11	-0.158962
1.1642e-11	-0.158706
1.16429e-11	-0.158451
1.16438e-11	-0.158196
1.16447e-11	-0.157941
1.16456e-11	-0.157687
1.16465e-11	-0.157432
1.16475e-11	-0.157178
1.16484e-11	-0.156923
1.16493e-11	-0.156669
1.16502e-11	-0.156415
1.16511e-11	-0.156161
1.1652e-11	-0.155907
1.16529e-11	-0.155653
1.16538e-11	-0.1554
1.16547e-11	-0.155146
1.16556e-11	-0.154893
1.16565e-11	-0.15464
1.16574e-11	-0.154387
1.16583e-11	-0.154134
1.16592e-11	-0.153881
1.16601e-11	-0.153628
1.1661e-11	-0.153376
1.16619e-11	-0.153123
1.16628e-11	-0.152871
1.16637e-11	-0.152619
1.16646e-11	-0.152367
1.16655e-11	-0.152115
1.16664e-11	-0.151863
1.16673e-11	-0.151611
1.16682e-11	-0.15136
1.16691e-11	-0.151109
1.167e-11	-0.150857
1.16709e-11	-0.150606
1.16718e-11	-0.150355
1.16727e-11	-0.150104
1.16736e-11	-0.149854
1.16745e-11	-0.149603
1.16754e-11	-0.149353
1.16763e-11	-0.149103
1.16772e-11	-0.148852
1.16781e-11	-0.148602
1.1679e-11	-0.148353
1.16799e-11	-0.148103
1.16808e-11	-0.147853
1.16818e-11	-0.147604
1.16827e-11	-0.147355
1.16836e-11	-0.147105
1.16845e-11	-0.146856
1.16854e-11	-0.146608
1.16863e-11	-0.146359
1.16872e-11	-0.14611
1.16881e-11	-0.145862
1.1689e-11	-0.145613
1.16899e-11	-0.145365
1.16908e-11	-0.145117
1.16917e-11	-0.144869
1.16926e-11	-0.144622
1.16935e-11	-0.144374
1.16944e-11	-0.144126
1.16953e-11	-0.143879
1.16962e-11	-0.143632
1.16971e-11	-0.143385
1.1698e-11	-0.143138
1.16989e-11	-0.142891
1.16998e-11	-0.142645
1.17007e-11	-0.142398
1.17016e-11	-0.142152
1.17025e-11	-0.141906
1.17034e-11	-0.14166
1.17043e-11	-0.141414
1.17052e-11	-0.141168
1.17061e-11	-0.140923
1.1707e-11	-0.140677
1.17079e-11	-0.140432
1.17088e-11	-0.140187
1.17097e-11	-0.139942
1.17106e-11	-0.139697
1.17115e-11	-0.139452
1.17124e-11	-0.139208
1.17133e-11	-0.138963
1.17142e-11	-0.138719
1.17152e-11	-0.138475
1.17161e-11	-0.138231
1.1717e-11	-0.137987
1.17179e-11	-0.137743
1.17188e-11	-0.1375
1.17197e-11	-0.137257
1.17206e-11	-0.137013
1.17215e-11	-0.13677
1.17224e-11	-0.136528
1.17233e-11	-0.136285
1.17242e-11	-0.136042
1.17251e-11	-0.1358
1.1726e-11	-0.135557
1.17269e-11	-0.135315
1.17278e-11	-0.135073
1.17287e-11	-0.134832
1.17296e-11	-0.13459
1.17305e-11	-0.134348
1.17314e-11	-0.134107
1.17323e-11	-0.133866
1.17332e-11	-0.133625
1.17341e-11	-0.133384
1.1735e-11	-0.133143
1.17359e-11	-0.132902
1.17368e-11	-0.132662
1.17377e-11	-0.132422
1.17386e-11	-0.132182
1.17395e-11	-0.131942
1.17404e-11	-0.131702
1.17413e-11	-0.131462
1.17422e-11	-0.131223
1.17431e-11	-0.130983
1.1744e-11	-0.130744
1.17449e-11	-0.130505
1.17458e-11	-0.130266
1.17467e-11	-0.130028
1.17476e-11	-0.129789
1.17486e-11	-0.129551
1.17495e-11	-0.129312
1.17504e-11	-0.129074
1.17513e-11	-0.128836
1.17522e-11	-0.128599
1.17531e-11	-0.128361
1.1754e-11	-0.128124
1.17549e-11	-0.127886
1.17558e-11	-0.127649
1.17567e-11	-0.127412
1.17576e-11	-0.127175
1.17585e-11	-0.126939
1.17594e-11	-0.126702
1.17603e-11	-0.126466
1.17612e-11	-0.12623
1.17621e-11	-0.125994
1.1763e-11	-0.125758
1.17639e-11	-0.125523
1.17648e-11	-0.125287
1.17657e-11	-0.125052
1.17666e-11	-0.124817
1.17675e-11	-0.124582
1.17684e-11	-0.124347
1.17693e-11	-0.124112
1.17702e-11	-0.123878
1.17711e-11	-0.123643
1.1772e-11	-0.123409
1.17729e-11	-0.123175
1.17738e-11	-0.122941
1.17747e-11	-0.122707
1.17756e-11	-0.122474
1.17765e-11	-0.122241
1.17774e-11	-0.122007
1.17783e-11	-0.121774
1.17792e-11	-0.121542
1.17801e-11	-0.121309
1.1781e-11	-0.121076
1.1782e-11	-0.120844
1.17829e-11	-0.120612
1.17838e-11	-0.12038
1.17847e-11	-0.120148
1.17856e-11	-0.119916
1.17865e-11	-0.119685
1.17874e-11	-0.119454
1.17883e-11	-0.119222
1.17892e-11	-0.118991
1.17901e-11	-0.118761
1.1791e-11	-0.11853
1.17919e-11	-0.118299
1.17928e-11	-0.118069
1.17937e-11	-0.117839
1.17946e-11	-0.117609
1.17955e-11	-0.117379
1.17964e-11	-0.11715
1.17973e-11	-0.11692
1.17982e-11	-0.116691
1.17991e-11	-0.116462
1.18e-11	-0.116233
1.18009e-11	-0.116004
1.18018e-11	-0.115775
1.18027e-11	-0.115547
1.18036e-11	-0.115319
1.18045e-11	-0.115091
1.18054e-11	-0.114863
1.18063e-11	-0.114635
1.18072e-11	-0.114407
1.18081e-11	-0.11418
1.1809e-11	-0.113953
1.18099e-11	-0.113726
1.18108e-11	-0.113499
1.18117e-11	-0.113272
1.18126e-11	-0.113046
1.18135e-11	-0.112819
1.18144e-11	-0.112593
1.18154e-11	-0.112367
1.18163e-11	-0.112141
1.18172e-11	-0.111916
1.18181e-11	-0.11169
1.1819e-11	-0.111465
1.18199e-11	-0.11124
1.18208e-11	-0.111015
1.18217e-11	-0.11079
1.18226e-11	-0.110565
1.18235e-11	-0.110341
1.18244e-11	-0.110117
1.18253e-11	-0.109893
1.18262e-11	-0.109669
1.18271e-11	-0.109445
1.1828e-11	-0.109222
1.18289e-11	-0.108998
1.18298e-11	-0.108775
1.18307e-11	-0.108552
1.18316e-11	-0.108329
1.18325e-11	-0.108107
1.18334e-11	-0.107884
1.18343e-11	-0.107662
1.18352e-11	-0.10744
1.18361e-11	-0.107218
1.1837e-11	-0.106996
1.18379e-11	-0.106775
1.18388e-11	-0.106553
1.18397e-11	-0.106332
1.18406e-11	-0.106111
1.18415e-11	-0.10589
1.18424e-11	-0.10567
1.18433e-11	-0.105449
1.18442e-11	-0.105229
1.18451e-11	-0.105009
1.1846e-11	-0.104789
1.18469e-11	-0.104569
1.18478e-11	-0.104349
1.18488e-11	-0.10413
1.18497e-11	-0.103911
1.18506e-11	-0.103692
1.18515e-11	-0.103473
1.18524e-11	-0.103254
1.18533e-11	-0.103036
1.18542e-11	-0.102818
1.18551e-11	-0.1026
1.1856e-11	-0.102382
1.18569e-11	-0.102164
1.18578e-11	-0.101946
1.18587e-11	-0.101729
1.18596e-11	-0.101512
1.18605e-11	-0.101295
1.18614e-11	-0.101078
1.18623e-11	-0.100861
1.18632e-11	-0.100645
1.18641e-11	-0.100429
1.1865e-11	-0.100213
1.18659e-11	-0.0999966
1.18668e-11	-0.0997809
1.18677e-11	-0.0995654
1.18686e-11	-0.09935
1.18695e-11	-0.0991349
1.18704e-11	-0.0989199
1.18713e-11	-0.0987051
1.18722e-11	-0.0984905
1.18731e-11	-0.0982761
1.1874e-11	-0.0980619
1.18749e-11	-0.0978479
1.18758e-11	-0.097634
1.18767e-11	-0.0974204
1.18776e-11	-0.0972069
1.18785e-11	-0.0969936
1.18794e-11	-0.0967805
1.18803e-11	-0.0965676
1.18812e-11	-0.0963549
1.18822e-11	-0.0961423
1.18831e-11	-0.09593
1.1884e-11	-0.0957178
1.18849e-11	-0.0955058
1.18858e-11	-0.0952941
1.18867e-11	-0.0950825
1.18876e-11	-0.094871
1.18885e-11	-0.0946598
1.18894e-11	-0.0944488
1.18903e-11	-0.094238
1.18912e-11	-0.0940273
1.18921e-11	-0.0938168
1.1893e-11	-0.0936066
1.18939e-11	-0.0933965
1.18948e-11	-0.0931866
1.18957e-11	-0.0929769
1.18966e-11	-0.0927674
1.18975e-11	-0.092558
1.18984e-11	-0.0923489
1.18993e-11	-0.09214
1.19002e-11	-0.0919312
1.19011e-11	-0.0917226
1.1902e-11	-0.0915143
1.19029e-11	-0.0913061
1.19038e-11	-0.0910981
1.19047e-11	-0.0908903
1.19056e-11	-0.0906827
1.19065e-11	-0.0904753
1.19074e-11	-0.0902681
1.19083e-11	-0.090061
1.19092e-11	-0.0898542
1.19101e-11	-0.0896475
1.1911e-11	-0.0894411
1.19119e-11	-0.0892348
1.19128e-11	-0.0890287
1.19137e-11	-0.0888229
1.19146e-11	-0.0886172
1.19156e-11	-0.0884117
1.19165e-11	-0.0882064
1.19174e-11	-0.0880013
1.19183e-11	-0.0877964
1.19192e-11	-0.0875916
1.19201e-11	-0.0873871
1.1921e-11	-0.0871828
1.19219e-11	-0.0869786
1.19228e-11	-0.0867747
1.19237e-11	-0.0865709
1.19246e-11	-0.0863674
1.19255e-11	-0.086164
1.19264e-11	-0.0859608
1.19273e-11	-0.0857579
1.19282e-11	-0.0855551
1.19291e-11	-0.0853525
1.193e-11	-0.0851501
1.19309e-11	-0.0849479
1.19318e-11	-0.0847459
1.19327e-11	-0.0845441
1.19336e-11	-0.0843425
1.19345e-11	-0.084141
1.19354e-11	-0.0839398
1.19363e-11	-0.0837388
1.19372e-11	-0.083538
1.19381e-11	-0.0833373
1.1939e-11	-0.0831369
1.19399e-11	-0.0829366
1.19408e-11	-0.0827366
1.19417e-11	-0.0825367
1.19426e-11	-0.0823371
1.19435e-11	-0.0821376
1.19444e-11	-0.0819383
1.19453e-11	-0.0817393
1.19462e-11	-0.0815404
1.19471e-11	-0.0813417
1.1948e-11	-0.0811432
1.19489e-11	-0.0809449
1.19499e-11	-0.0807469
1.19508e-11	-0.080549
1.19517e-11	-0.0803513
1.19526e-11	-0.0801538
1.19535e-11	-0.0799565
1.19544e-11	-0.0797594
1.19553e-11	-0.0795625
1.19562e-11	-0.0793658
1.19571e-11	-0.0791693
1.1958e-11	-0.078973
1.19589e-11	-0.0787768
1.19598e-11	-0.0785809
1.19607e-11	-0.0783852
1.19616e-11	-0.0781897
1.19625e-11	-0.0779944
1.19634e-11	-0.0777993
1.19643e-11	-0.0776043
1.19652e-11	-0.0774096
1.19661e-11	-0.0772151
1.1967e-11	-0.0770208
1.19679e-11	-0.0768266
1.19688e-11	-0.0766327
1.19697e-11	-0.076439
1.19706e-11	-0.0762454
1.19715e-11	-0.0760521
1.19724e-11	-0.075859
1.19733e-11	-0.075666
1.19742e-11	-0.0754733
1.19751e-11	-0.0752808
1.1976e-11	-0.0750884
1.19769e-11	-0.0748963
1.19778e-11	-0.0747044
1.19787e-11	-0.0745126
1.19796e-11	-0.0743211
1.19805e-11	-0.0741297
1.19814e-11	-0.0739386
1.19823e-11	-0.0737477
1.19833e-11	-0.0735569
1.19842e-11	-0.0733664
1.19851e-11	-0.0731761
1.1986e-11	-0.0729859
1.19869e-11	-0.072796
1.19878e-11	-0.0726063
1.19887e-11	-0.0724167
1.19896e-11	-0.0722274
1.19905e-11	-0.0720383
1.19914e-11	-0.0718493
1.19923e-11	-0.0716606
1.19932e-11	-0.0714721
1.19941e-11	-0.0712837
1.1995e-11	-0.0710956
1.19959e-11	-0.0709077
1.19968e-11	-0.07072
1.19977e-11	-0.0705324
1.19986e-11	-0.0703451
1.19995e-11	-0.070158
1.20004e-11	-0.0699711
1.20013e-11	-0.0697844
1.20022e-11	-0.0695978
1.20031e-11	-0.0694115
1.2004e-11	-0.0692254
1.20049e-11	-0.0690395
1.20058e-11	-0.0688538
1.20067e-11	-0.0686683
1.20076e-11	-0.068483
1.20085e-11	-0.0682979
1.20094e-11	-0.068113
1.20103e-11	-0.0679283
1.20112e-11	-0.0677438
1.20121e-11	-0.0675595
1.2013e-11	-0.0673754
1.20139e-11	-0.0671915
1.20148e-11	-0.0670078
1.20157e-11	-0.0668243
1.20167e-11	-0.066641
1.20176e-11	-0.066458
1.20185e-11	-0.0662751
1.20194e-11	-0.0660924
1.20203e-11	-0.0659099
1.20212e-11	-0.0657277
1.20221e-11	-0.0655456
1.2023e-11	-0.0653637
1.20239e-11	-0.0651821
1.20248e-11	-0.0650006
1.20257e-11	-0.0648194
1.20266e-11	-0.0646383
1.20275e-11	-0.0644575
1.20284e-11	-0.0642768
1.20293e-11	-0.0640964
1.20302e-11	-0.0639162
1.20311e-11	-0.0637361
1.2032e-11	-0.0635563
1.20329e-11	-0.0633767
1.20338e-11	-0.0631972
1.20347e-11	-0.063018
1.20356e-11	-0.062839
1.20365e-11	-0.0626602
1.20374e-11	-0.0624816
1.20383e-11	-0.0623032
1.20392e-11	-0.062125
1.20401e-11	-0.061947
1.2041e-11	-0.0617692
1.20419e-11	-0.0615916
1.20428e-11	-0.0614142
1.20437e-11	-0.061237
1.20446e-11	-0.0610601
1.20455e-11	-0.0608833
1.20464e-11	-0.0607067
1.20473e-11	-0.0605304
1.20482e-11	-0.0603542
1.20491e-11	-0.0601782
1.20501e-11	-0.0600025
1.2051e-11	-0.0598269
1.20519e-11	-0.0596516
1.20528e-11	-0.0594765
1.20537e-11	-0.0593015
1.20546e-11	-0.0591268
1.20555e-11	-0.0589523
1.20564e-11	-0.0587779
1.20573e-11	-0.0586038
1.20582e-11	-0.0584299
1.20591e-11	-0.0582562
1.206e-11	-0.0580827
1.20609e-11	-0.0579094
1.20618e-11	-0.0577363
1.20627e-11	-0.0575634
1.20636e-11	-0.0573907
1.20645e-11	-0.0572183
1.20654e-11	-0.057046
1.20663e-11	-0.0568739
1.20672e-11	-0.0567021
1.20681e-11	-0.0565304
1.2069e-11	-0.0563589
1.20699e-11	-0.0561877
1.20708e-11	-0.0560167
1.20717e-11	-0.0558458
1.20726e-11	-0.0556752
1.20735e-11	-0.0555048
1.20744e-11	-0.0553345
1.20753e-11	-0.0551645
1.20762e-11	-0.0549947
1.20771e-11	-0.0548251
1.2078e-11	-0.0546557
1.20789e-11	-0.0544865
1.20798e-11	-0.0543175
1.20807e-11	-0.0541487
1.20816e-11	-0.0539801
1.20825e-11	-0.0538117
1.20835e-11	-0.0536436
1.20844e-11	-0.0534756
1.20853e-11	-0.0533078
1.20862e-11	-0.0531403
1.20871e-11	-0.0529729
1.2088e-11	-0.0528058
1.20889e-11	-0.0526388
1.20898e-11	-0.0524721
1.20907e-11	-0.0523056
1.20916e-11	-0.0521393
1.20925e-11	-0.0519731
1.20934e-11	-0.0518072
1.20943e-11	-0.0516415
1.20952e-11	-0.051476
1.20961e-11	-0.0513107
1.2097e-11	-0.0511456
1.20979e-11	-0.0509807
1.20988e-11	-0.0508161
1.20997e-11	-0.0506516
1.21006e-11	-0.0504873
1.21015e-11	-0.0503232
1.21024e-11	-0.0501594
1.21033e-11	-0.0499957
1.21042e-11	-0.0498323
1.21051e-11	-0.049669
1.2106e-11	-0.049506
1.21069e-11	-0.0493432
1.21078e-11	-0.0491805
1.21087e-11	-0.0490181
1.21096e-11	-0.0488559
1.21105e-11	-0.0486939
1.21114e-11	-0.0485321
1.21123e-11	-0.0483705
1.21132e-11	-0.0482091
1.21141e-11	-0.0480479
1.2115e-11	-0.0478869
1.21159e-11	-0.0477261
1.21169e-11	-0.0475656
1.21178e-11	-0.0474052
1.21187e-11	-0.0472451
1.21196e-11	-0.0470851
1.21205e-11	-0.0469253
1.21214e-11	-0.0467658
1.21223e-11	-0.0466065
1.21232e-11	-0.0464473
1.21241e-11	-0.0462884
1.2125e-11	-0.0461297
1.21259e-11	-0.0459712
1.21268e-11	-0.0458129
1.21277e-11	-0.0456547
1.21286e-11	-0.0454968
1.21295e-11	-0.0453392
1.21304e-11	-0.0451817
1.21313e-11	-0.0450244
1.21322e-11	-0.0448673
1.21331e-11	-0.0447104
1.2134e-11	-0.0445538
1.21349e-11	-0.0443973
1.21358e-11	-0.044241
1.21367e-11	-0.044085
1.21376e-11	-0.0439291
1.21385e-11	-0.0437735
1.21394e-11	-0.0436181
1.21403e-11	-0.0434628
1.21412e-11	-0.0433078
1.21421e-11	-0.043153
1.2143e-11	-0.0429984
1.21439e-11	-0.042844
1.21448e-11	-0.0426898
1.21457e-11	-0.0425358
1.21466e-11	-0.042382
1.21475e-11	-0.0422284
1.21484e-11	-0.042075
1.21493e-11	-0.0419218
1.21503e-11	-0.0417689
1.21512e-11	-0.0416161
1.21521e-11	-0.0414635
1.2153e-11	-0.0413112
1.21539e-11	-0.041159
1.21548e-11	-0.0410071
1.21557e-11	-0.0408553
1.21566e-11	-0.0407038
1.21575e-11	-0.0405524
1.21584e-11	-0.0404013
1.21593e-11	-0.0402504
1.21602e-11	-0.0400997
1.21611e-11	-0.0399492
1.2162e-11	-0.0397989
1.21629e-11	-0.0396488
1.21638e-11	-0.0394989
1.21647e-11	-0.0393492
1.21656e-11	-0.0391997
1.21665e-11	-0.0390504
1.21674e-11	-0.0389013
1.21683e-11	-0.0387524
1.21692e-11	-0.0386038
1.21701e-11	-0.0384553
1.2171e-11	-0.038307
1.21719e-11	-0.038159
1.21728e-11	-0.0380111
1.21737e-11	-0.0378635
1.21746e-11	-0.037716
1.21755e-11	-0.0375688
1.21764e-11	-0.0374218
1.21773e-11	-0.0372749
1.21782e-11	-0.0371283
1.21791e-11	-0.0369819
1.218e-11	-0.0368357
1.21809e-11	-0.0366897
1.21818e-11	-0.0365438
1.21827e-11	-0.0363982
1.21837e-11	-0.0362528
1.21846e-11	-0.0361076
1.21855e-11	-0.0359626
1.21864e-11	-0.0358179
1.21873e-11	-0.0356733
1.21882e-11	-0.0355289
1.21891e-11	-0.0353847
1.219e-11	-0.0352407
1.21909e-11	-0.035097
1.21918e-11	-0.0349534
1.21927e-11	-0.03481
1.21936e-11	-0.0346669
1.21945e-11	-0.0345239
1.21954e-11	-0.0343812
1.21963e-11	-0.0342386
1.21972e-11	-0.0340963
1.21981e-11	-0.0339541
1.2199e-11	-0.0338122
1.21999e-11	-0.0336705
1.22008e-11	-0.0335289
1.22017e-11	-0.0333876
1.22026e-11	-0.0332465
1.22035e-11	-0.0331056
1.22044e-11	-0.0329649
1.22053e-11	-0.0328243
1.22062e-11	-0.032684
1.22071e-11	-0.0325439
1.2208e-11	-0.032404
1.22089e-11	-0.0322643
1.22098e-11	-0.0321248
1.22107e-11	-0.0319855
1.22116e-11	-0.0318464
1.22125e-11	-0.0317075
1.22134e-11	-0.0315688
1.22143e-11	-0.0314304
1.22152e-11	-0.0312921
1.22161e-11	-0.031154
1.2217e-11	-0.0310161
1.2218e-11	-0.0308784
1.22189e-11	-0.030741
1.22198e-11	-0.0306037
1.22207e-11	-0.0304666
1.22216e-11	-0.0303298
1.22225e-11	-0.0301931
1.22234e-11	-0.0300566
1.22243e-11	-0.0299204
1.22252e-11	-0.0297843
1.22261e-11	-0.0296485
1.2227e-11	-0.0295128
1.22279e-11	-0.0293774
1.22288e-11	-0.0292421
1.22297e-11	-0.0291071
1.22306e-11	-0.0289722
1.22315e-11	-0.0288376
1.22324e-11	-0.0287031
1.22333e-11	-0.0285689
1.22342e-11	-0.0284348
1.22351e-11	-0.028301
1.2236e-11	-0.0281674
1.22369e-11	-0.0280339
1.22378e-11	-0.0279007
1.22387e-11	-0.0277677
1.22396e-11	-0.0276348
1.22405e-11	-0.0275022
1.22414e-11	-0.0273698
1.22423e-11	-0.0272375
1.22432e-11	-0.0271055
1.22441e-11	-0.0269737
1.2245e-11	-0.026842
1.22459e-11	-0.0267106
1.22468e-11	-0.0265794
1.22477e-11	-0.0264484
1.22486e-11	-0.0263175
1.22495e-11	-0.0261869
1.22504e-11	-0.0260565
1.22514e-11	-0.0259263
1.22523e-11	-0.0257962
1.22532e-11	-0.0256664
1.22541e-11	-0.0255368
1.2255e-11	-0.0254074
1.22559e-11	-0.0252781
1.22568e-11	-0.0251491
1.22577e-11	-0.0250203
1.22586e-11	-0.0248917
1.22595e-11	-0.0247632
1.22604e-11	-0.024635
1.22613e-11	-0.024507
1.22622e-11	-0.0243792
1.22631e-11	-0.0242515
1.2264e-11	-0.0241241
1.22649e-11	-0.0239969
1.22658e-11	-0.0238699
1.22667e-11	-0.023743
1.22676e-11	-0.0236164
1.22685e-11	-0.02349
1.22694e-11	-0.0233637
1.22703e-11	-0.0232377
1.22712e-11	-0.0231119
1.22721e-11	-0.0229862
1.2273e-11	-0.0228608
1.22739e-11	-0.0227355
1.22748e-11	-0.0226105
1.22757e-11	-0.0224857
1.22766e-11	-0.022361
1.22775e-11	-0.0222366
1.22784e-11	-0.0221123
1.22793e-11	-0.0219883
1.22802e-11	-0.0218644
1.22811e-11	-0.0217408
1.2282e-11	-0.0216173
1.22829e-11	-0.021494
1.22838e-11	-0.021371
1.22848e-11	-0.0212481
1.22857e-11	-0.0211255
1.22866e-11	-0.021003
1.22875e-11	-0.0208807
1.22884e-11	-0.0207586
1.22893e-11	-0.0206368
1.22902e-11	-0.0205151
1.22911e-11	-0.0203936
1.2292e-11	-0.0202723
1.22929e-11	-0.0201512
1.22938e-11	-0.0200303
1.22947e-11	-0.0199096
1.22956e-11	-0.0197891
1.22965e-11	-0.0196688
1.22974e-11	-0.0195487
1.22983e-11	-0.0194288
1.22992e-11	-0.0193091
1.23001e-11	-0.0191896
1.2301e-11	-0.0190703
1.23019e-11	-0.0189512
1.23028e-11	-0.0188322
1.23037e-11	-0.0187135
1.23046e-11	-0.018595
1.23055e-11	-0.0184766
1.23064e-11	-0.0183585
1.23073e-11	-0.0182405
1.23082e-11	-0.0181228
1.23091e-11	-0.0180052
1.231e-11	-0.0178879
1.23109e-11	-0.0177707
1.23118e-11	-0.0176537
1.23127e-11	-0.0175369
1.23136e-11	-0.0174204
1.23145e-11	-0.017304
1.23154e-11	-0.0171878
1.23163e-11	-0.0170718
1.23172e-11	-0.016956
1.23182e-11	-0.0168404
1.23191e-11	-0.0167249
1.232e-11	-0.0166097
1.23209e-11	-0.0164947
1.23218e-11	-0.0163799
1.23227e-11	-0.0162652
1.23236e-11	-0.0161508
1.23245e-11	-0.0160365
1.23254e-11	-0.0159225
1.23263e-11	-0.0158086
1.23272e-11	-0.0156949
1.23281e-11	-0.0155815
1.2329e-11	-0.0154682
1.23299e-11	-0.0153551
1.23308e-11	-0.0152422
1.23317e-11	-0.0151295
1.23326e-11	-0.015017
1.23335e-11	-0.0149047
1.23344e-11	-0.0147925
1.23353e-11	-0.0146806
1.23362e-11	-0.0145689
1.23371e-11	-0.0144573
1.2338e-11	-0.014346
1.23389e-11	-0.0142348
1.23398e-11	-0.0141238
1.23407e-11	-0.014013
1.23416e-11	-0.0139025
1.23425e-11	-0.0137921
1.23434e-11	-0.0136819
1.23443e-11	-0.0135718
1.23452e-11	-0.013462
1.23461e-11	-0.0133524
1.2347e-11	-0.013243
1.23479e-11	-0.0131337
1.23488e-11	-0.0130247
1.23497e-11	-0.0129158
1.23506e-11	-0.0128071
1.23516e-11	-0.0126986
1.23525e-11	-0.0125904
1.23534e-11	-0.0124823
1.23543e-11	-0.0123743
1.23552e-11	-0.0122666
1.23561e-11	-0.0121591
1.2357e-11	-0.0120518
1.23579e-11	-0.0119446
1.23588e-11	-0.0118377
1.23597e-11	-0.0117309
1.23606e-11	-0.0116243
1.23615e-11	-0.0115179
1.23624e-11	-0.0114117
1.23633e-11	-0.0113057
1.23642e-11	-0.0111999
1.23651e-11	-0.0110943
1.2366e-11	-0.0109888
1.23669e-11	-0.0108836
1.23678e-11	-0.0107785
1.23687e-11	-0.0106736
1.23696e-11	-0.0105689
1.23705e-11	-0.0104644
1.23714e-11	-0.0103601
1.23723e-11	-0.010256
1.23732e-11	-0.0101521
1.23741e-11	-0.0100483
1.2375e-11	-0.00994479
1.23759e-11	-0.00984142
1.23768e-11	-0.00973825
1.23777e-11	-0.00963525
1.23786e-11	-0.00953245
1.23795e-11	-0.00942983
1.23804e-11	-0.00932741
1.23813e-11	-0.00922516
1.23822e-11	-0.00912311
1.23831e-11	-0.00902124
1.2384e-11	-0.00891957
1.2385e-11	-0.00881807
1.23859e-11	-0.00871677
1.23868e-11	-0.00861565
1.23877e-11	-0.00851471
1.23886e-11	-0.00841397
1.23895e-11	-0.00831341
1.23904e-11	-0.00821303
1.23913e-11	-0.00811285
1.23922e-11	-0.00801285
1.23931e-11	-0.00791303
1.2394e-11	-0.0078134
1.23949e-11	-0.00771396
1.23958e-11	-0.0076147
1.23967e-11	-0.00751562
1.23976e-11	-0.00741674
1.23985e-11	-0.00731803
1.23994e-11	-0.00721952
1.24003e-11	-0.00712118
1.24012e-11	-0.00702304
1.24021e-11	-0.00692507
1.2403e-11	-0.00682729
1.24039e-11	-0.0067297
1.24048e-11	-0.00663229
1.24057e-11	-0.00653506
1.24066e-11	-0.00643802
1.24075e-11	-0.00634117
1.24084e-11	-0.00624449
1.24093e-11	-0.006148
1.24102e-11	-0.0060517
1.24111e-11	-0.00595558
1.2412e-11	-0.00585964
1.24129e-11	-0.00576388
1.24138e-11	-0.00566831
1.24147e-11	-0.00557292
1.24156e-11	-0.00547771
1.24165e-11	-0.00538269
1.24174e-11	-0.00528785
1.24184e-11	-0.00519319
1.24193e-11	-0.00509871
1.24202e-11	-0.00500442
1.24211e-11	-0.00491031
1.2422e-11	-0.00481638
1.24229e-11	-0.00472263
1.24238e-11	-0.00462907
1.24247e-11	-0.00453568
1.24256e-11	-0.00444248
1.24265e-11	-0.00434946
1.24274e-11	-0.00425662
1.24283e-11	-0.00416396
1.24292e-11	-0.00407149
1.24301e-11	-0.00397919
1.2431e-11	-0.00388707
1.24319e-11	-0.00379514
1.24328e-11	-0.00370339
1.24337e-11	-0.00361181
1.24346e-11	-0.00352042
1.24355e-11	-0.00342921
1.24364e-11	-0.00333817
1.24373e-11	-0.00324732
1.24382e-11	-0.00315665
1.24391e-11	-0.00306616
1.244e-11	-0.00297584
1.24409e-11	-0.00288571
1.24418e-11	-0.00279575
1.24427e-11	-0.00270598
1.24436e-11	-0.00261638
1.24445e-11	-0.00252696
1.24454e-11	-0.00243772
1.24463e-11	-0.00234866
1.24472e-11	-0.00225978
1.24481e-11	-0.00217108
1.2449e-11	-0.00208256
1.24499e-11	-0.00199421
1.24508e-11	-0.00190604
1.24517e-11	-0.00181805
1.24527e-11	-0.00173024
1.24536e-11	-0.0016426
1.24545e-11	-0.00155514
1.24554e-11	-0.00146786
1.24563e-11	-0.00138076
1.24572e-11	-0.00129383
1.24581e-11	-0.00120709
1.2459e-11	-0.00112051
1.24599e-11	-0.00103412
1.24608e-11	-0.000947899
1.24617e-11	-0.000861857
1.24626e-11	-0.000775991
1.24635e-11	-0.000690301
1.24644e-11	-0.000604787
1.24653e-11	-0.00051945
1.24662e-11	-0.000434288
1.24671e-11	-0.000349301
1.2468e-11	-0.000264491
1.24689e-11	-0.000179855
1.24698e-11	-9.53955e-05
1.24707e-11	-1.11106e-05
1.24716e-11	7.29993e-05
1.24725e-11	0.000156934
1.24734e-11	0.000240695
1.24743e-11	0.00032428
1.24752e-11	0.000407692
1.24761e-11	0.000490929
1.2477e-11	0.000573991
1.24779e-11	0.00065688
1.24788e-11	0.000739595
1.24797e-11	0.000822136
1.24806e-11	0.000904503
1.24815e-11	0.000986697
1.24824e-11	0.00106872
1.24833e-11	0.00115056
1.24842e-11	0.00123224
1.24851e-11	0.00131374
1.24861e-11	0.00139507
1.2487e-11	0.00147622
1.24879e-11	0.00155721
1.24888e-11	0.00163802
1.24897e-11	0.00171866
1.24906e-11	0.00179912
1.24915e-11	0.00187942
1.24924e-11	0.00195954
1.24933e-11	0.00203949
1.24942e-11	0.00211927
1.24951e-11	0.00219888
1.2496e-11	0.00227831
1.24969e-11	0.00235758
1.24978e-11	0.00243667
1.24987e-11	0.0025156
1.24996e-11	0.00259435
1.25005e-11	0.00267293
1.25014e-11	0.00275134
1.25023e-11	0.00282958
1.25032e-11	0.00290765
1.25041e-11	0.00298556
1.2505e-11	0.00306329
1.25059e-11	0.00314085
1.25068e-11	0.00321824
1.25077e-11	0.00329546
1.25086e-11	0.00337251
1.25095e-11	0.0034494
1.25104e-11	0.00352611
1.25113e-11	0.00360266
1.25122e-11	0.00367904
1.25131e-11	0.00375524
1.2514e-11	0.00383129
1.25149e-11	0.00390716
1.25158e-11	0.00398286
1.25167e-11	0.0040584
1.25176e-11	0.00413376
1.25185e-11	0.00420896
1.25195e-11	0.004284
1.25204e-11	0.00435886
1.25213e-11	0.00443356
1.25222e-11	0.00450809
1.25231e-11	0.00458245
1.2524e-11	0.00465665
1.25249e-11	0.00473068
1.25258e-11	0.00480454
1.25267e-11	0.00487824
1.25276e-11	0.00495177
1.25285e-11	0.00502513
1.25294e-11	0.00509833
1.25303e-11	0.00517136
1.25312e-11	0.00524423
1.25321e-11	0.00531693
1.2533e-11	0.00538946
1.25339e-11	0.00546183
1.25348e-11	0.00553404
1.25357e-11	0.00560608
1.25366e-11	0.00567795
1.25375e-11	0.00574967
1.25384e-11	0.00582121
1.25393e-11	0.00589259
1.25402e-11	0.00596381
1.25411e-11	0.00603486
1.2542e-11	0.00610575
1.25429e-11	0.00617648
1.25438e-11	0.00624704
1.25447e-11	0.00631744
1.25456e-11	0.00638767
1.25465e-11	0.00645774
1.25474e-11	0.00652765
1.25483e-11	0.0065974
1.25492e-11	0.00666698
1.25501e-11	0.0067364
1.2551e-11	0.00680566
1.25519e-11	0.00687476
1.25529e-11	0.00694369
1.25538e-11	0.00701246
1.25547e-11	0.00708107
1.25556e-11	0.00714952
1.25565e-11	0.0072178
1.25574e-11	0.00728593
1.25583e-11	0.00735389
1.25592e-11	0.00742169
1.25601e-11	0.00748934
1.2561e-11	0.00755682
1.25619e-11	0.00762414
1.25628e-11	0.0076913
1.25637e-11	0.00775829
1.25646e-11	0.00782513
1.25655e-11	0.00789181
1.25664e-11	0.00795833
1.25673e-11	0.00802469
1.25682e-11	0.00809089
1.25691e-11	0.00815693
1.257e-11	0.00822281
1.25709e-11	0.00828853
1.25718e-11	0.00835409
1.25727e-11	0.0084195
1.25736e-11	0.00848474
1.25745e-11	0.00854983
1.25754e-11	0.00861476
1.25763e-11	0.00867953
1.25772e-11	0.00874414
1.25781e-11	0.00880859
1.2579e-11	0.00887289
1.25799e-11	0.00893703
1.25808e-11	0.00900101
1.25817e-11	0.00906483
1.25826e-11	0.0091285
1.25835e-11	0.00919201
1.25844e-11	0.00925536
1.25853e-11	0.00931855
1.25863e-11	0.00938159
1.25872e-11	0.00944448
1.25881e-11	0.0095072
1.2589e-11	0.00956977
1.25899e-11	0.00963219
1.25908e-11	0.00969445
1.25917e-11	0.00975655
1.25926e-11	0.0098185
1.25935e-11	0.00988029
1.25944e-11	0.00994193
1.25953e-11	0.0100034
1.25962e-11	0.0100647
1.25971e-11	0.0101259
1.2598e-11	0.0101869
1.25989e-11	0.0102478
1.25998e-11	0.0103085
1.26007e-11	0.0103691
1.26016e-11	0.0104295
1.26025e-11	0.0104897
1.26034e-11	0.0105498
1.26043e-11	0.0106097
1.26052e-11	0.0106695
1.26061e-11	0.0107292
1.2607e-11	0.0107886
1.26079e-11	0.010848
1.26088e-11	0.0109071
1.26097e-11	0.0109662
1.26106e-11	0.011025
1.26115e-11	0.0110838
1.26124e-11	0.0111423
1.26133e-11	0.0112007
1.26142e-11	0.011259
1.26151e-11	0.0113171
1.2616e-11	0.0113751
1.26169e-11	0.0114329
1.26178e-11	0.0114905
1.26187e-11	0.0115481
1.26197e-11	0.0116054
1.26206e-11	0.0116626
1.26215e-11	0.0117197
1.26224e-11	0.0117766
1.26233e-11	0.0118333
1.26242e-11	0.0118899
1.26251e-11	0.0119464
1.2626e-11	0.0120027
1.26269e-11	0.0120589
1.26278e-11	0.0121149
1.26287e-11	0.0121707
1.26296e-11	0.0122264
1.26305e-11	0.012282
1.26314e-11	0.0123374
1.26323e-11	0.0123927
1.26332e-11	0.0124478
1.26341e-11	0.0125027
1.2635e-11	0.0125576
1.26359e-11	0.0126122
1.26368e-11	0.0126667
1.26377e-11	0.0127211
1.26386e-11	0.0127753
1.26395e-11	0.0128294
1.26404e-11	0.0128834
1.26413e-11	0.0129371
1.26422e-11	0.0129908
1.26431e-11	0.0130443
1.2644e-11	0.0130976
1.26449e-11	0.0131508
1.26458e-11	0.0132039
1.26467e-11	0.0132568
1.26476e-11	0.0133095
1.26485e-11	0.0133622
1.26494e-11	0.0134146
1.26503e-11	0.013467
1.26512e-11	0.0135191
1.26521e-11	0.0135712
1.26531e-11	0.0136231
1.2654e-11	0.0136748
1.26549e-11	0.0137264
1.26558e-11	0.0137779
1.26567e-11	0.0138292
1.26576e-11	0.0138803
1.26585e-11	0.0139314
1.26594e-11	0.0139822
1.26603e-11	0.014033
1.26612e-11	0.0140836
1.26621e-11	0.014134
1.2663e-11	0.0141843
1.26639e-11	0.0142345
1.26648e-11	0.0142845
1.26657e-11	0.0143344
1.26666e-11	0.0143841
1.26675e-11	0.0144337
1.26684e-11	0.0144832
1.26693e-11	0.0145325
1.26702e-11	0.0145817
1.26711e-11	0.0146307
1.2672e-11	0.0146796
1.26729e-11	0.0147283
1.26738e-11	0.0147769
1.26747e-11	0.0148254
1.26756e-11	0.0148737
1.26765e-11	0.0149219
1.26774e-11	0.0149699
1.26783e-11	0.0150178
1.26792e-11	0.0150656
1.26801e-11	0.0151132
1.2681e-11	0.0151607
1.26819e-11	0.015208
1.26828e-11	0.0152552
1.26837e-11	0.0153023
1.26846e-11	0.0153492
1.26855e-11	0.015396
1.26865e-11	0.0154426
1.26874e-11	0.0154891
1.26883e-11	0.0155355
1.26892e-11	0.0155817
1.26901e-11	0.0156278
1.2691e-11	0.0156738
1.26919e-11	0.0157196
1.26928e-11	0.0157653
1.26937e-11	0.0158108
1.26946e-11	0.0158562
1.26955e-11	0.0159015
1.26964e-11	0.0159466
1.26973e-11	0.0159916
1.26982e-11	0.0160364
1.26991e-11	0.0160811
1.27e-11	0.0161257
1.27009e-11	0.0161702
1.27018e-11	0.0162145
1.27027e-11	0.0162587
1.27036e-11	0.0163027
1.27045e-11	0.0163466
1.27054e-11	0.0163904
1.27063e-11	0.016434
1.27072e-11	0.0164775
1.27081e-11	0.0165208
1.2709e-11	0.0165641
1.27099e-11	0.0166072
1.27108e-11	0.0166501
1.27117e-11	0.0166929
1.27126e-11	0.0167356
1.27135e-11	0.0167782
1.27144e-11	0.0168206
1.27153e-11	0.0168629
1.27162e-11	0.016905
1.27171e-11	0.0169471
1.2718e-11	0.016989
1.27189e-11	0.0170307
1.27198e-11	0.0170723
1.27208e-11	0.0171138
1.27217e-11	0.0171552
1.27226e-11	0.0171964
1.27235e-11	0.0172375
1.27244e-11	0.0172784
1.27253e-11	0.0173193
1.27262e-11	0.01736
1.27271e-11	0.0174005
1.2728e-11	0.017441
1.27289e-11	0.0174813
1.27298e-11	0.0175215
1.27307e-11	0.0175615
1.27316e-11	0.0176014
1.27325e-11	0.0176412
1.27334e-11	0.0176808
1.27343e-11	0.0177204
1.27352e-11	0.0177597
1.27361e-11	0.017799
1.2737e-11	0.0178381
1.27379e-11	0.0178771
1.27388e-11	0.017916
1.27397e-11	0.0179547
1.27406e-11	0.0179934
1.27415e-11	0.0180318
1.27424e-11	0.0180702
1.27433e-11	0.0181084
1.27442e-11	0.0181465
1.27451e-11	0.0181845
1.2746e-11	0.0182223
1.27469e-11	0.0182601
1.27478e-11	0.0182976
1.27487e-11	0.0183351
1.27496e-11	0.0183724
1.27505e-11	0.0184096
1.27514e-11	0.0184467
1.27523e-11	0.0184837
1.27532e-11	0.0185205
1.27542e-11	0.0185572
1.27551e-11	0.0185938
1.2756e-11	0.0186302
1.27569e-11	0.0186665
1.27578e-11	0.0187027
1.27587e-11	0.0187388
1.27596e-11	0.0187747
1.27605e-11	0.0188106
1.27614e-11	0.0188462
1.27623e-11	0.0188818
1.27632e-11	0.0189173
1.27641e-11	0.0189526
1.2765e-11	0.0189878
1.27659e-11	0.0190228
1.27668e-11	0.0190578
1.27677e-11	0.0190926
1.27686e-11	0.0191273
1.27695e-11	0.0191619
1.27704e-11	0.0191963
1.27713e-11	0.0192306
1.27722e-11	0.0192649
1.27731e-11	0.0192989
1.2774e-11	0.0193329
1.27749e-11	0.0193667
1.27758e-11	0.0194004
1.27767e-11	0.019434
1.27776e-11	0.0194675
1.27785e-11	0.0195008
1.27794e-11	0.0195341
1.27803e-11	0.0195672
1.27812e-11	0.0196001
1.27821e-11	0.019633
1.2783e-11	0.0196657
1.27839e-11	0.0196984
1.27848e-11	0.0197309
1.27857e-11	0.0197632
1.27866e-11	0.0197955
1.27876e-11	0.0198276
1.27885e-11	0.0198596
1.27894e-11	0.0198915
1.27903e-11	0.0199233
1.27912e-11	0.019955
1.27921e-11	0.0199865
1.2793e-11	0.0200179
1.27939e-11	0.0200492
1.27948e-11	0.0200804
1.27957e-11	0.0201115
1.27966e-11	0.0201424
1.27975e-11	0.0201732
1.27984e-11	0.0202039
1.27993e-11	0.0202345
1.28002e-11	0.020265
1.28011e-11	0.0202953
1.2802e-11	0.0203256
1.28029e-11	0.0203557
1.28038e-11	0.0203857
1.28047e-11	0.0204155
1.28056e-11	0.0204453
1.28065e-11	0.020475
1.28074e-11	0.0205045
1.28083e-11	0.0205339
1.28092e-11	0.0205632
1.28101e-11	0.0205924
1.2811e-11	0.0206214
1.28119e-11	0.0206504
1.28128e-11	0.0206792
1.28137e-11	0.0207079
1.28146e-11	0.0207365
1.28155e-11	0.020765
1.28164e-11	0.0207934
1.28173e-11	0.0208217
1.28182e-11	0.0208498
1.28191e-11	0.0208778
1.282e-11	0.0209057
1.2821e-11	0.0209335
1.28219e-11	0.0209612
1.28228e-11	0.0209888
1.28237e-11	0.0210162
1.28246e-11	0.0210436
1.28255e-11	0.0210708
1.28264e-11	0.0210979
1.28273e-11	0.0211249
1.28282e-11	0.0211518
1.28291e-11	0.0211786
1.283e-11	0.0212053
1.28309e-11	0.0212318
1.28318e-11	0.0212583
1.28327e-11	0.0212846
1.28336e-11	0.0213108
1.28345e-11	0.0213369
1.28354e-11	0.0213629
1.28363e-11	0.0213888
1.28372e-11	0.0214146
1.28381e-11	0.0214402
1.2839e-11	0.0214658
1.28399e-11	0.0214912
1.28408e-11	0.0215165
1.28417e-11	0.0215418
1.28426e-11	0.0215669
1.28435e-11	0.0215919
1.28444e-11	0.0216167
1.28453e-11	0.0216415
1.28462e-11	0.0216662
1.28471e-11	0.0216908
1.2848e-11	0.0217152
1.28489e-11	0.0217395
1.28498e-11	0.0217638
1.28507e-11	0.0217879
1.28516e-11	0.0218119
1.28525e-11	0.0218358
1.28534e-11	0.0218596
1.28544e-11	0.0218833
1.28553e-11	0.0219069
1.28562e-11	0.0219304
1.28571e-11	0.0219537
1.2858e-11	0.021977
1.28589e-11	0.0220001
1.28598e-11	0.0220232
1.28607e-11	0.0220461
1.28616e-11	0.0220689
1.28625e-11	0.0220917
1.28634e-11	0.0221143
1.28643e-11	0.0221368
1.28652e-11	0.0221592
1.28661e-11	0.0221815
1.2867e-11	0.0222037
1.28679e-11	0.0222258
1.28688e-11	0.0222478
1.28697e-11	0.0222696
1.28706e-11	0.0222914
1.28715e-11	0.0223131
1.28724e-11	0.0223346
1.28733e-11	0.0223561
1.28742e-11	0.0223774
1.28751e-11	0.0223987
1.2876e-11	0.0224198
1.28769e-11	0.0224409
1.28778e-11	0.0224618
1.28787e-11	0.0224826
1.28796e-11	0.0225034
1.28805e-11	0.022524
1.28814e-11	0.0225445
1.28823e-11	0.0225649
1.28832e-11	0.0225852
1.28841e-11	0.0226055
1.2885e-11	0.0226256
1.28859e-11	0.0226456
1.28868e-11	0.0226655
1.28878e-11	0.0226853
1.28887e-11	0.022705
1.28896e-11	0.0227246
1.28905e-11	0.0227441
1.28914e-11	0.0227635
1.28923e-11	0.0227828
1.28932e-11	0.022802
1.28941e-11	0.0228211
1.2895e-11	0.0228401
1.28959e-11	0.022859
1.28968e-11	0.0228778
1.28977e-11	0.0228964
1.28986e-11	0.022915
1.28995e-11	0.0229335
1.29004e-11	0.0229519
1.29013e-11	0.0229702
1.29022e-11	0.0229884
1.29031e-11	0.0230065
1.2904e-11	0.0230245
1.29049e-11	0.0230424
1.29058e-11	0.0230602
1.29067e-11	0.0230779
1.29076e-11	0.0230955
1.29085e-11	0.023113
1.29094e-11	0.0231304
1.29103e-11	0.0231477
1.29112e-11	0.0231649
1.29121e-11	0.023182
1.2913e-11	0.023199
1.29139e-11	0.0232159
1.29148e-11	0.0232328
1.29157e-11	0.0232495
1.29166e-11	0.0232661
1.29175e-11	0.0232826
1.29184e-11	0.0232991
1.29193e-11	0.0233154
1.29202e-11	0.0233316
1.29212e-11	0.0233478
1.29221e-11	0.0233638
1.2923e-11	0.0233798
1.29239e-11	0.0233956
1.29248e-11	0.0234114
1.29257e-11	0.0234271
1.29266e-11	0.0234426
1.29275e-11	0.0234581
1.29284e-11	0.0234735
1.29293e-11	0.0234888
1.29302e-11	0.023504
1.29311e-11	0.0235191
1.2932e-11	0.0235341
1.29329e-11	0.023549
1.29338e-11	0.0235638
1.29347e-11	0.0235785
1.29356e-11	0.0235931
1.29365e-11	0.0236077
1.29374e-11	0.0236221
1.29383e-11	0.0236365
1.29392e-11	0.0236507
1.29401e-11	0.0236649
1.2941e-11	0.023679
1.29419e-11	0.0236929
1.29428e-11	0.0237068
1.29437e-11	0.0237206
1.29446e-11	0.0237343
1.29455e-11	0.0237479
1.29464e-11	0.0237614
1.29473e-11	0.0237749
1.29482e-11	0.0237882
1.29491e-11	0.0238014
1.295e-11	0.0238146
1.29509e-11	0.0238277
1.29518e-11	0.0238406
1.29527e-11	0.0238535
1.29536e-11	0.0238663
1.29546e-11	0.023879
1.29555e-11	0.0238916
1.29564e-11	0.0239041
1.29573e-11	0.0239166
1.29582e-11	0.0239289
1.29591e-11	0.0239412
1.296e-11	0.0239533
1.29609e-11	0.0239654
1.29618e-11	0.0239774
1.29627e-11	0.0239893
1.29636e-11	0.0240011
1.29645e-11	0.0240128
1.29654e-11	0.0240245
1.29663e-11	0.024036
1.29672e-11	0.0240475
1.29681e-11	0.0240588
1.2969e-11	0.0240701
1.29699e-11	0.0240813
1.29708e-11	0.0240924
1.29717e-11	0.0241034
1.29726e-11	0.0241143
1.29735e-11	0.0241252
1.29744e-11	0.024136
1.29753e-11	0.0241466
1.29762e-11	0.0241572
1.29771e-11	0.0241677
1.2978e-11	0.0241781
1.29789e-11	0.0241884
1.29798e-11	0.0241987
1.29807e-11	0.0242088
1.29816e-11	0.0242189
1.29825e-11	0.0242289
1.29834e-11	0.0242388
1.29843e-11	0.0242486
1.29852e-11	0.0242583
1.29861e-11	0.024268
1.2987e-11	0.0242776
1.29879e-11	0.024287
1.29889e-11	0.0242964
1.29898e-11	0.0243057
1.29907e-11	0.024315
1.29916e-11	0.0243241
1.29925e-11	0.0243332
1.29934e-11	0.0243421
1.29943e-11	0.024351
1.29952e-11	0.0243598
1.29961e-11	0.0243686
1.2997e-11	0.0243772
1.29979e-11	0.0243858
1.29988e-11	0.0243942
1.29997e-11	0.0244026
1.30006e-11	0.0244109
1.30015e-11	0.0244192
1.30024e-11	0.0244273
1.30033e-11	0.0244354
1.30042e-11	0.0244434
1.30051e-11	0.0244513
1.3006e-11	0.0244591
1.30069e-11	0.0244668
1.30078e-11	0.0244745
1.30087e-11	0.0244821
1.30096e-11	0.0244896
1.30105e-11	0.024497
1.30114e-11	0.0245043
1.30123e-11	0.0245116
1.30132e-11	0.0245188
1.30141e-11	0.0245259
1.3015e-11	0.0245329
1.30159e-11	0.0245398
1.30168e-11	0.0245467
1.30177e-11	0.0245535
1.30186e-11	0.0245602
1.30195e-11	0.0245668
1.30204e-11	0.0245733
1.30213e-11	0.0245798
1.30223e-11	0.0245862
1.30232e-11	0.0245925
1.30241e-11	0.0245987
1.3025e-11	0.0246049
1.30259e-11	0.0246109
1.30268e-11	0.0246169
1.30277e-11	0.0246229
1.30286e-11	0.0246287
1.30295e-11	0.0246345
1.30304e-11	0.0246402
1.30313e-11	0.0246458
1.30322e-11	0.0246513
1.30331e-11	0.0246568
1.3034e-11	0.0246621
1.30349e-11	0.0246674
1.30358e-11	0.0246727
1.30367e-11	0.0246778
1.30376e-11	0.0246829
1.30385e-11	0.0246879
1.30394e-11	0.0246928
1.30403e-11	0.0246977
1.30412e-11	0.0247024
1.30421e-11	0.0247071
1.3043e-11	0.0247118
1.30439e-11	0.0247163
1.30448e-11	0.0247208
1.30457e-11	0.0247252
1.30466e-11	0.0247295
1.30475e-11	0.0247338
1.30484e-11	0.0247379
1.30493e-11	0.024742
1.30502e-11	0.0247461
1.30511e-11	0.02475
1.3052e-11	0.0247539
1.30529e-11	0.0247577
1.30538e-11	0.0247614
1.30547e-11	0.0247651
1.30557e-11	0.0247687
1.30566e-11	0.0247722
1.30575e-11	0.0247757
1.30584e-11	0.024779
1.30593e-11	0.0247823
1.30602e-11	0.0247855
1.30611e-11	0.0247887
1.3062e-11	0.0247918
1.30629e-11	0.0247948
1.30638e-11	0.0247977
1.30647e-11	0.0248006
1.30656e-11	0.0248034
1.30665e-11	0.0248061
1.30674e-11	0.0248088
1.30683e-11	0.0248114
1.30692e-11	0.0248139
1.30701e-11	0.0248163
1.3071e-11	0.0248187
1.30719e-11	0.024821
1.30728e-11	0.0248232
1.30737e-11	0.0248254
1.30746e-11	0.0248275
1.30755e-11	0.0248295
1.30764e-11	0.0248314
1.30773e-11	0.0248333
1.30782e-11	0.0248351
1.30791e-11	0.0248369
1.308e-11	0.0248386
1.30809e-11	0.0248402
1.30818e-11	0.0248417
1.30827e-11	0.0248432
1.30836e-11	0.0248446
1.30845e-11	0.0248459
1.30854e-11	0.0248472
1.30863e-11	0.0248484
1.30872e-11	0.0248495
1.30881e-11	0.0248506
1.30891e-11	0.0248516
1.309e-11	0.0248525
1.30909e-11	0.0248533
1.30918e-11	0.0248541
1.30927e-11	0.0248549
1.30936e-11	0.0248555
1.30945e-11	0.0248561
1.30954e-11	0.0248566
1.30963e-11	0.0248571
1.30972e-11	0.0248575
1.30981e-11	0.0248578
1.3099e-11	0.0248581
1.30999e-11	0.0248583
1.31008e-11	0.0248584
1.31017e-11	0.0248585
1.31026e-11	0.0248585
1.31035e-11	0.0248584
1.31044e-11	0.0248583
1.31053e-11	0.0248581
1.31062e-11	0.0248578
1.31071e-11	0.0248575
1.3108e-11	0.0248571
1.31089e-11	0.0248566
1.31098e-11	0.0248561
1.31107e-11	0.0248555
1.31116e-11	0.0248549
1.31125e-11	0.0248542
1.31134e-11	0.0248534
1.31143e-11	0.0248526
1.31152e-11	0.0248517
1.31161e-11	0.0248507
1.3117e-11	0.0248497
1.31179e-11	0.0248486
1.31188e-11	0.0248474
1.31197e-11	0.0248462
1.31206e-11	0.0248449
1.31215e-11	0.0248436
1.31225e-11	0.0248422
1.31234e-11	0.0248407
1.31243e-11	0.0248392
1.31252e-11	0.0248376
1.31261e-11	0.0248359
1.3127e-11	0.0248342
1.31279e-11	0.0248325
1.31288e-11	0.0248306
1.31297e-11	0.0248287
1.31306e-11	0.0248268
1.31315e-11	0.0248248
1.31324e-11	0.0248227
1.31333e-11	0.0248205
1.31342e-11	0.0248183
1.31351e-11	0.0248161
1.3136e-11	0.0248138
1.31369e-11	0.0248114
1.31378e-11	0.0248089
1.31387e-11	0.0248064
1.31396e-11	0.0248039
1.31405e-11	0.0248013
1.31414e-11	0.0247986
1.31423e-11	0.0247958
1.31432e-11	0.024793
1.31441e-11	0.0247902
1.3145e-11	0.0247873
1.31459e-11	0.0247843
1.31468e-11	0.0247813
1.31477e-11	0.0247782
1.31486e-11	0.024775
1.31495e-11	0.0247718
1.31504e-11	0.0247686
1.31513e-11	0.0247652
1.31522e-11	0.0247619
1.31531e-11	0.0247584
1.3154e-11	0.0247549
1.31549e-11	0.0247514
1.31559e-11	0.0247478
1.31568e-11	0.0247441
1.31577e-11	0.0247404
1.31586e-11	0.0247366
1.31595e-11	0.0247328
1.31604e-11	0.0247289
1.31613e-11	0.0247249
1.31622e-11	0.0247209
1.31631e-11	0.0247169
1.3164e-11	0.0247127
1.31649e-11	0.0247086
1.31658e-11	0.0247043
1.31667e-11	0.0247001
1.31676e-11	0.0246957
1.31685e-11	0.0246913
1.31694e-11	0.0246869
1.31703e-11	0.0246824
1.31712e-11	0.0246778
1.31721e-11	0.0246732
1.3173e-11	0.0246685
1.31739e-11	0.0246638
1.31748e-11	0.024659
1.31757e-11	0.0246542
1.31766e-11	0.0246493
1.31775e-11	0.0246444
1.31784e-11	0.0246394
1.31793e-11	0.0246343
1.31802e-11	0.0246292
1.31811e-11	0.0246241
1.3182e-11	0.0246189
1.31829e-11	0.0246136
1.31838e-11	0.0246083
1.31847e-11	0.0246029
1.31856e-11	0.0245975
1.31865e-11	0.024592
1.31874e-11	0.0245865
1.31883e-11	0.0245809
1.31893e-11	0.0245753
1.31902e-11	0.0245696
1.31911e-11	0.0245639
1.3192e-11	0.0245581
1.31929e-11	0.0245523
1.31938e-11	0.0245464
1.31947e-11	0.0245405
1.31956e-11	0.0245345
1.31965e-11	0.0245284
1.31974e-11	0.0245223
1.31983e-11	0.0245162
1.31992e-11	0.02451
1.32001e-11	0.0245038
1.3201e-11	0.0244975
1.32019e-11	0.0244911
1.32028e-11	0.0244847
1.32037e-11	0.0244783
1.32046e-11	0.0244718
1.32055e-11	0.0244652
1.32064e-11	0.0244586
1.32073e-11	0.024452
1.32082e-11	0.0244453
1.32091e-11	0.0244386
1.321e-11	0.0244318
1.32109e-11	0.0244249
1.32118e-11	0.024418
1.32127e-11	0.0244111
1.32136e-11	0.0244041
1.32145e-11	0.0243971
1.32154e-11	0.02439
1.32163e-11	0.0243828
1.32172e-11	0.0243757
1.32181e-11	0.0243684
1.3219e-11	0.0243612
1.32199e-11	0.0243538
1.32208e-11	0.0243465
1.32217e-11	0.024339
1.32226e-11	0.0243316
1.32236e-11	0.0243241
1.32245e-11	0.0243165
1.32254e-11	0.0243089
1.32263e-11	0.0243012
1.32272e-11	0.0242935
1.32281e-11	0.0242858
1.3229e-11	0.024278
1.32299e-11	0.0242701
1.32308e-11	0.0242622
1.32317e-11	0.0242543
1.32326e-11	0.0242463
1.32335e-11	0.0242383
1.32344e-11	0.0242302
1.32353e-11	0.0242221
1.32362e-11	0.0242139
1.32371e-11	0.0242057
1.3238e-11	0.0241975
1.32389e-11	0.0241892
1.32398e-11	0.0241808
1.32407e-11	0.0241724
1.32416e-11	0.024164
1.32425e-11	0.0241555
1.32434e-11	0.024147
1.32443e-11	0.0241384
1.32452e-11	0.0241298
1.32461e-11	0.0241211
1.3247e-11	0.0241124
1.32479e-11	0.0241037
1.32488e-11	0.0240949
1.32497e-11	0.0240861
1.32506e-11	0.0240772
1.32515e-11	0.0240683
1.32524e-11	0.0240593
1.32533e-11	0.0240503
1.32542e-11	0.0240413
1.32551e-11	0.0240322
1.3256e-11	0.024023
1.3257e-11	0.0240138
1.32579e-11	0.0240046
1.32588e-11	0.0239954
1.32597e-11	0.0239861
1.32606e-11	0.0239767
1.32615e-11	0.0239673
1.32624e-11	0.0239579
1.32633e-11	0.0239484
1.32642e-11	0.0239389
1.32651e-11	0.0239293
1.3266e-11	0.0239197
1.32669e-11	0.0239101
1.32678e-11	0.0239004
1.32687e-11	0.0238907
1.32696e-11	0.0238809
1.32705e-11	0.0238711
1.32714e-11	0.0238613
1.32723e-11	0.0238514
1.32732e-11	0.0238415
1.32741e-11	0.0238315
1.3275e-11	0.0238215
1.32759e-11	0.0238114
1.32768e-11	0.0238013
1.32777e-11	0.0237912
1.32786e-11	0.023781
1.32795e-11	0.0237708
1.32804e-11	0.0237606
1.32813e-11	0.0237503
1.32822e-11	0.02374
1.32831e-11	0.0237296
1.3284e-11	0.0237192
1.32849e-11	0.0237088
1.32858e-11	0.0236983
1.32867e-11	0.0236878
1.32876e-11	0.0236772
1.32885e-11	0.0236666
1.32894e-11	0.023656
1.32904e-11	0.0236453
1.32913e-11	0.0236346
1.32922e-11	0.0236238
1.32931e-11	0.023613
1.3294e-11	0.0236022
1.32949e-11	0.0235913
1.32958e-11	0.0235804
1.32967e-11	0.0235695
1.32976e-11	0.0235585
1.32985e-11	0.0235475
1.32994e-11	0.0235364
1.33003e-11	0.0235253
1.33012e-11	0.0235142
1.33021e-11	0.0235031
1.3303e-11	0.0234919
1.33039e-11	0.0234806
1.33048e-11	0.0234693
1.33057e-11	0.023458
1.33066e-11	0.0234467
1.33075e-11	0.0234353
1.33084e-11	0.0234239
1.33093e-11	0.0234124
1.33102e-11	0.0234009
1.33111e-11	0.0233894
1.3312e-11	0.0233779
1.33129e-11	0.0233663
1.33138e-11	0.0233546
1.33147e-11	0.023343
1.33156e-11	0.0233312
1.33165e-11	0.0233195
1.33174e-11	0.0233077
1.33183e-11	0.0232959
1.33192e-11	0.0232841
1.33201e-11	0.0232722
1.3321e-11	0.0232603
1.33219e-11	0.0232483
1.33228e-11	0.0232364
1.33238e-11	0.0232244
1.33247e-11	0.0232123
1.33256e-11	0.0232002
1.33265e-11	0.0231881
1.33274e-11	0.023176
1.33283e-11	0.0231638
1.33292e-11	0.0231516
1.33301e-11	0.0231393
1.3331e-11	0.023127
1.33319e-11	0.0231147
1.33328e-11	0.0231023
1.33337e-11	0.02309
1.33346e-11	0.0230775
1.33355e-11	0.0230651
1.33364e-11	0.0230526
1.33373e-11	0.0230401
1.33382e-11	0.0230276
1.33391e-11	0.023015
1.334e-11	0.0230024
1.33409e-11	0.0229897
1.33418e-11	0.0229771
1.33427e-11	0.0229643
1.33436e-11	0.0229516
1.33445e-11	0.0229388
1.33454e-11	0.022926
1.33463e-11	0.0229132
1.33472e-11	0.0229003
1.33481e-11	0.0228874
1.3349e-11	0.0228745
1.33499e-11	0.0228616
1.33508e-11	0.0228486
1.33517e-11	0.0228355
1.33526e-11	0.0228225
1.33535e-11	0.0228094
1.33544e-11	0.0227963
1.33553e-11	0.0227832
1.33562e-11	0.02277
1.33572e-11	0.0227568
1.33581e-11	0.0227436
1.3359e-11	0.0227303
1.33599e-11	0.022717
1.33608e-11	0.0227037
1.33617e-11	0.0226903
1.33626e-11	0.0226769
1.33635e-11	0.0226635
1.33644e-11	0.0226501
1.33653e-11	0.0226366
1.33662e-11	0.0226231
1.33671e-11	0.0226096
1.3368e-11	0.0225961
1.33689e-11	0.0225825
1.33698e-11	0.0225689
1.33707e-11	0.0225552
1.33716e-11	0.0225415
1.33725e-11	0.0225278
1.33734e-11	0.0225141
1.33743e-11	0.0225004
1.33752e-11	0.0224866
1.33761e-11	0.0224728
1.3377e-11	0.0224589
1.33779e-11	0.0224451
1.33788e-11	0.0224312
1.33797e-11	0.0224172
1.33806e-11	0.0224033
1.33815e-11	0.0223893
1.33824e-11	0.0223753
1.33833e-11	0.0223613
1.33842e-11	0.0223472
1.33851e-11	0.0223331
1.3386e-11	0.022319
1.33869e-11	0.0223049
1.33878e-11	0.0222907
1.33887e-11	0.0222765
1.33896e-11	0.0222623
1.33906e-11	0.0222481
1.33915e-11	0.0222338
1.33924e-11	0.0222195
1.33933e-11	0.0222052
1.33942e-11	0.0221908
1.33951e-11	0.0221764
1.3396e-11	0.022162
1.33969e-11	0.0221476
1.33978e-11	0.0221332
1.33987e-11	0.0221187
1.33996e-11	0.0221042
1.34005e-11	0.0220897
1.34014e-11	0.0220751
1.34023e-11	0.0220605
1.34032e-11	0.0220459
1.34041e-11	0.0220313
1.3405e-11	0.0220166
1.34059e-11	0.022002
1.34068e-11	0.0219873
1.34077e-11	0.0219725
1.34086e-11	0.0219578
1.34095e-11	0.021943
1.34104e-11	0.0219282
1.34113e-11	0.0219134
1.34122e-11	0.0218985
1.34131e-11	0.0218837
1.3414e-11	0.0218688
1.34149e-11	0.0218539
1.34158e-11	0.0218389
1.34167e-11	0.0218239
1.34176e-11	0.021809
1.34185e-11	0.0217939
1.34194e-11	0.0217789
1.34203e-11	0.0217639
1.34212e-11	0.0217488
1.34221e-11	0.0217337
1.3423e-11	0.0217185
1.3424e-11	0.0217034
1.34249e-11	0.0216882
1.34258e-11	0.021673
1.34267e-11	0.0216578
1.34276e-11	0.0216426
1.34285e-11	0.0216273
1.34294e-11	0.021612
1.34303e-11	0.0215967
1.34312e-11	0.0215814
1.34321e-11	0.021566
1.3433e-11	0.0215506
1.34339e-11	0.0215353
1.34348e-11	0.0215198
1.34357e-11	0.0215044
1.34366e-11	0.0214889
1.34375e-11	0.0214735
1.34384e-11	0.021458
1.34393e-11	0.0214424
1.34402e-11	0.0214269
1.34411e-11	0.0214113
1.3442e-11	0.0213957
1.34429e-11	0.0213801
1.34438e-11	0.0213645
1.34447e-11	0.0213489
1.34456e-11	0.0213332
1.34465e-11	0.0213175
1.34474e-11	0.0213018
1.34483e-11	0.0212861
1.34492e-11	0.0212703
1.34501e-11	0.0212546
1.3451e-11	0.0212388
1.34519e-11	0.021223
1.34528e-11	0.0212071
1.34537e-11	0.0211913
1.34546e-11	0.0211754
1.34555e-11	0.0211595
1.34564e-11	0.0211436
1.34574e-11	0.0211277
1.34583e-11	0.0211117
1.34592e-11	0.0210958
1.34601e-11	0.0210798
1.3461e-11	0.0210638
1.34619e-11	0.0210478
1.34628e-11	0.0210317
1.34637e-11	0.0210157
1.34646e-11	0.0209996
1.34655e-11	0.0209835
1.34664e-11	0.0209674
1.34673e-11	0.0209512
1.34682e-11	0.0209351
1.34691e-11	0.0209189
1.347e-11	0.0209027
1.34709e-11	0.0208865
1.34718e-11	0.0208703
1.34727e-11	0.0208541
1.34736e-11	0.0208378
1.34745e-11	0.0208215
1.34754e-11	0.0208052
1.34763e-11	0.0207889
1.34772e-11	0.0207726
1.34781e-11	0.0207563
1.3479e-11	0.0207399
1.34799e-11	0.0207235
1.34808e-11	0.0207071
1.34817e-11	0.0206907
1.34826e-11	0.0206743
1.34835e-11	0.0206578
1.34844e-11	0.0206414
1.34853e-11	0.0206249
1.34862e-11	0.0206084
1.34871e-11	0.0205919
1.3488e-11	0.0205753
1.34889e-11	0.0205588
1.34898e-11	0.0205422
1.34907e-11	0.0205256
1.34917e-11	0.020509
1.34926e-11	0.0204924
1.34935e-11	0.0204758
1.34944e-11	0.0204592
1.34953e-11	0.0204425
1.34962e-11	0.0204258
1.34971e-11	0.0204091
1.3498e-11	0.0203924
1.34989e-11	0.0203757
1.34998e-11	0.020359
1.35007e-11	0.0203422
1.35016e-11	0.0203255
1.35025e-11	0.0203087
1.35034e-11	0.0202919
1.35043e-11	0.0202751
1.35052e-11	0.0202582
1.35061e-11	0.0202414
1.3507e-11	0.0202246
1.35079e-11	0.0202077
1.35088e-11	0.0201908
1.35097e-11	0.0201739
1.35106e-11	0.020157
1.35115e-11	0.0201401
1.35124e-11	0.0201231
1.35133e-11	0.0201062
1.35142e-11	0.0200892
1.35151e-11	0.0200722
1.3516e-11	0.0200552
1.35169e-11	0.0200382
1.35178e-11	0.0200212
1.35187e-11	0.0200042
1.35196e-11	0.0199871
1.35205e-11	0.01997
1.35214e-11	0.019953
1.35223e-11	0.0199359
1.35232e-11	0.0199188
1.35241e-11	0.0199017
1.35251e-11	0.0198845
1.3526e-11	0.0198674
1.35269e-11	0.0198502
1.35278e-11	0.0198331
1.35287e-11	0.0198159
1.35296e-11	0.0197987
1.35305e-11	0.0197815
1.35314e-11	0.0197643
1.35323e-11	0.019747
1.35332e-11	0.0197298
1.35341e-11	0.0197125
1.3535e-11	0.0196953
1.35359e-11	0.019678
1.35368e-11	0.0196607
1.35377e-11	0.0196434
1.35386e-11	0.0196261
1.35395e-11	0.0196087
1.35404e-11	0.0195914
1.35413e-11	0.0195741
1.35422e-11	0.0195567
1.35431e-11	0.0195393
1.3544e-11	0.0195219
1.35449e-11	0.0195045
1.35458e-11	0.0194871
1.35467e-11	0.0194697
1.35476e-11	0.0194523
1.35485e-11	0.0194348
1.35494e-11	0.0194174
1.35503e-11	0.0193999
1.35512e-11	0.0193825
1.35521e-11	0.019365
1.3553e-11	0.0193475
1.35539e-11	0.01933
1.35548e-11	0.0193125
1.35557e-11	0.0192949
1.35566e-11	0.0192774
1.35575e-11	0.0192599
1.35585e-11	0.0192423
1.35594e-11	0.0192247
1.35603e-11	0.0192072
1.35612e-11	0.0191896
1.35621e-11	0.019172
1.3563e-11	0.0191544
1.35639e-11	0.0191368
1.35648e-11	0.0191191
1.35657e-11	0.0191015
1.35666e-11	0.0190839
1.35675e-11	0.0190662
1.35684e-11	0.0190485
1.35693e-11	0.0190309
1.35702e-11	0.0190132
1.35711e-11	0.0189955
1.3572e-11	0.0189778
1.35729e-11	0.0189601
1.35738e-11	0.0189424
1.35747e-11	0.0189246
1.35756e-11	0.0189069
1.35765e-11	0.0188892
1.35774e-11	0.0188714
1.35783e-11	0.0188537
1.35792e-11	0.0188359
1.35801e-11	0.0188181
1.3581e-11	0.0188003
1.35819e-11	0.0187825
1.35828e-11	0.0187647
1.35837e-11	0.0187469
1.35846e-11	0.0187291
1.35855e-11	0.0187113
1.35864e-11	0.0186934
1.35873e-11	0.0186756
1.35882e-11	0.0186577
1.35891e-11	0.0186399
1.359e-11	0.018622
1.35909e-11	0.0186041
1.35919e-11	0.0185863
1.35928e-11	0.0185684
1.35937e-11	0.0185505
1.35946e-11	0.0185326
1.35955e-11	0.0185147
1.35964e-11	0.0184967
1.35973e-11	0.0184788
1.35982e-11	0.0184609
1.35991e-11	0.018443
1.36e-11	0.018425
1.36009e-11	0.0184071
1.36018e-11	0.0183891
1.36027e-11	0.0183711
1.36036e-11	0.0183532
1.36045e-11	0.0183352
1.36054e-11	0.0183172
1.36063e-11	0.0182992
1.36072e-11	0.0182812
1.36081e-11	0.0182632
1.3609e-11	0.0182452
1.36099e-11	0.0182272
1.36108e-11	0.0182092
1.36117e-11	0.0181911
1.36126e-11	0.0181731
1.36135e-11	0.0181551
1.36144e-11	0.018137
1.36153e-11	0.018119
1.36162e-11	0.0181009
1.36171e-11	0.0180828
1.3618e-11	0.0180648
1.36189e-11	0.0180467
1.36198e-11	0.0180286
1.36207e-11	0.0180105
1.36216e-11	0.0179924
1.36225e-11	0.0179743
1.36234e-11	0.0179562
1.36243e-11	0.0179381
1.36253e-11	0.01792
1.36262e-11	0.0179019
1.36271e-11	0.0178838
1.3628e-11	0.0178657
1.36289e-11	0.0178475
1.36298e-11	0.0178294
1.36307e-11	0.0178113
1.36316e-11	0.0177931
1.36325e-11	0.017775
1.36334e-11	0.0177568
1.36343e-11	0.0177387
1.36352e-11	0.0177205
1.36361e-11	0.0177023
1.3637e-11	0.0176842
1.36379e-11	0.017666
1.36388e-11	0.0176478
1.36397e-11	0.0176296
1.36406e-11	0.0176114
1.36415e-11	0.0175932
1.36424e-11	0.017575
1.36433e-11	0.0175568
1.36442e-11	0.0175386
1.36451e-11	0.0175204
1.3646e-11	0.0175022
1.36469e-11	0.017484
1.36478e-11	0.0174658
1.36487e-11	0.0174476
1.36496e-11	0.0174294
1.36505e-11	0.0174111
1.36514e-11	0.0173929
1.36523e-11	0.0173747
1.36532e-11	0.0173564
1.36541e-11	0.0173382
1.3655e-11	0.01732
1.36559e-11	0.0173017
1.36568e-11	0.0172835
1.36577e-11	0.0172652
1.36587e-11	0.017247
1.36596e-11	0.0172287
1.36605e-11	0.0172104
1.36614e-11	0.0171922
1.36623e-11	0.0171739
1.36632e-11	0.0171556
1.36641e-11	0.0171374
1.3665e-11	0.0171191
1.36659e-11	0.0171008
1.36668e-11	0.0170826
1.36677e-11	0.0170643
1.36686e-11	0.017046
1.36695e-11	0.0170277
1.36704e-11	0.0170094
1.36713e-11	0.0169912
1.36722e-11	0.0169729
1.36731e-11	0.0169546
1.3674e-11	0.0169363
1.36749e-11	0.016918
1.36758e-11	0.0168997
1.36767e-11	0.0168814
1.36776e-11	0.0168631
1.36785e-11	0.0168448
1.36794e-11	0.0168265
1.36803e-11	0.0168082
1.36812e-11	0.0167899
1.36821e-11	0.0167716
1.3683e-11	0.0167533
1.36839e-11	0.016735
1.36848e-11	0.0167167
1.36857e-11	0.0166984
1.36866e-11	0.0166801
1.36875e-11	0.0166617
1.36884e-11	0.0166434
1.36893e-11	0.0166251
1.36902e-11	0.0166068
1.36911e-11	0.0165885
1.36921e-11	0.0165702
1.3693e-11	0.0165519
1.36939e-11	0.0165335
1.36948e-11	0.0165152
1.36957e-11	0.0164969
1.36966e-11	0.0164786
1.36975e-11	0.0164603
1.36984e-11	0.016442
1.36993e-11	0.0164236
1.37002e-11	0.0164053
1.37011e-11	0.016387
1.3702e-11	0.0163687
1.37029e-11	0.0163504
1.37038e-11	0.0163321
1.37047e-11	0.0163137
1.37056e-11	0.0162954
1.37065e-11	0.0162771
1.37074e-11	0.0162588
1.37083e-11	0.0162405
1.37092e-11	0.0162221
1.37101e-11	0.0162038
1.3711e-11	0.0161855
1.37119e-11	0.0161672
1.37128e-11	0.0161489
1.37137e-11	0.0161306
1.37146e-11	0.0161123
1.37155e-11	0.0160939
1.37164e-11	0.0160756
1.37173e-11	0.0160573
1.37182e-11	0.016039
1.37191e-11	0.0160207
1.372e-11	0.0160024
1.37209e-11	0.0159841
1.37218e-11	0.0159658
1.37227e-11	0.0159475
1.37236e-11	0.0159292
1.37245e-11	0.0159109
1.37255e-11	0.0158926
1.37264e-11	0.0158743
1.37273e-11	0.015856
1.37282e-11	0.0158377
1.37291e-11	0.0158194
1.373e-11	0.0158011
1.37309e-11	0.0157828
1.37318e-11	0.0157645
1.37327e-11	0.0157462
1.37336e-11	0.0157279
1.37345e-11	0.0157096
1.37354e-11	0.0156914
1.37363e-11	0.0156731
1.37372e-11	0.0156548
1.37381e-11	0.0156365
1.3739e-11	0.0156182
1.37399e-11	0.0156
1.37408e-11	0.0155817
1.37417e-11	0.0155634
1.37426e-11	0.0155452
1.37435e-11	0.0155269
1.37444e-11	0.0155086
1.37453e-11	0.0154904
1.37462e-11	0.0154721
1.37471e-11	0.0154539
1.3748e-11	0.0154356
1.37489e-11	0.0154174
1.37498e-11	0.0153991
1.37507e-11	0.0153809
1.37516e-11	0.0153626
1.37525e-11	0.0153444
1.37534e-11	0.0153262
1.37543e-11	0.0153079
1.37552e-11	0.0152897
1.37561e-11	0.0152715
1.3757e-11	0.0152532
1.37579e-11	0.015235
1.37588e-11	0.0152168
1.37598e-11	0.0151986
1.37607e-11	0.0151804
1.37616e-11	0.0151622
1.37625e-11	0.015144
1.37634e-11	0.0151258
1.37643e-11	0.0151076
1.37652e-11	0.0150894
1.37661e-11	0.0150712
1.3767e-11	0.015053
1.37679e-11	0.0150348
1.37688e-11	0.0150166
1.37697e-11	0.0149984
1.37706e-11	0.0149803
1.37715e-11	0.0149621
1.37724e-11	0.0149439
1.37733e-11	0.0149258
1.37742e-11	0.0149076
1.37751e-11	0.0148894
1.3776e-11	0.0148713
1.37769e-11	0.0148531
1.37778e-11	0.014835
1.37787e-11	0.0148169
1.37796e-11	0.0147987
1.37805e-11	0.0147806
1.37814e-11	0.0147625
1.37823e-11	0.0147443
1.37832e-11	0.0147262
1.37841e-11	0.0147081
1.3785e-11	0.01469
1.37859e-11	0.0146719
1.37868e-11	0.0146538
1.37877e-11	0.0146357
1.37886e-11	0.0146176
1.37895e-11	0.0145995
1.37904e-11	0.0145814
1.37913e-11	0.0145634
1.37922e-11	0.0145453
1.37932e-11	0.0145272
1.37941e-11	0.0145091
1.3795e-11	0.0144911
1.37959e-11	0.014473
1.37968e-11	0.014455
1.37977e-11	0.0144369
1.37986e-11	0.0144189
1.37995e-11	0.0144009
1.38004e-11	0.0143828
1.38013e-11	0.0143648
1.38022e-11	0.0143468
1.38031e-11	0.0143288
1.3804e-11	0.0143108
1.38049e-11	0.0142928
1.38058e-11	0.0142748
1.38067e-11	0.0142568
1.38076e-11	0.0142388
1.38085e-11	0.0142208
1.38094e-11	0.0142028
1.38103e-11	0.0141849
1.38112e-11	0.0141669
1.38121e-11	0.0141489
1.3813e-11	0.014131
1.38139e-11	0.014113
1.38148e-11	0.0140951
1.38157e-11	0.0140772
1.38166e-11	0.0140592
1.38175e-11	0.0140413
1.38184e-11	0.0140234
1.38193e-11	0.0140055
1.38202e-11	0.0139876
1.38211e-11	0.0139697
1.3822e-11	0.0139518
1.38229e-11	0.0139339
1.38238e-11	0.013916
1.38247e-11	0.0138981
1.38256e-11	0.0138802
1.38266e-11	0.0138624
1.38275e-11	0.0138445
1.38284e-11	0.0138267
1.38293e-11	0.0138088
1.38302e-11	0.013791
1.38311e-11	0.0137731
1.3832e-11	0.0137553
1.38329e-11	0.0137375
1.38338e-11	0.0137197
1.38347e-11	0.0137019
1.38356e-11	0.0136841
1.38365e-11	0.0136663
1.38374e-11	0.0136485
1.38383e-11	0.0136307
1.38392e-11	0.0136129
1.38401e-11	0.0135952
1.3841e-11	0.0135774
1.38419e-11	0.0135596
1.38428e-11	0.0135419
1.38437e-11	0.0135242
1.38446e-11	0.0135064
1.38455e-11	0.0134887
1.38464e-11	0.013471
1.38473e-11	0.0134533
1.38482e-11	0.0134356
1.38491e-11	0.0134179
1.385e-11	0.0134002
1.38509e-11	0.0133825
1.38518e-11	0.0133648
1.38527e-11	0.0133471
1.38536e-11	0.0133295
1.38545e-11	0.0133118
1.38554e-11	0.0132942
1.38563e-11	0.0132765
1.38572e-11	0.0132589
1.38581e-11	0.0132413
1.3859e-11	0.0132237
1.386e-11	0.013206
1.38609e-11	0.0131884
1.38618e-11	0.0131708
1.38627e-11	0.0131533
1.38636e-11	0.0131357
1.38645e-11	0.0131181
1.38654e-11	0.0131005
1.38663e-11	0.013083
1.38672e-11	0.0130654
1.38681e-11	0.0130479
1.3869e-11	0.0130304
1.38699e-11	0.0130128
1.38708e-11	0.0129953
1.38717e-11	0.0129778
1.38726e-11	0.0129603
1.38735e-11	0.0129428
1.38744e-11	0.0129253
1.38753e-11	0.0129078
1.38762e-11	0.0128904
1.38771e-11	0.0128729
1.3878e-11	0.0128555
1.38789e-11	0.012838
1.38798e-11	0.0128206
1.38807e-11	0.0128031
1.38816e-11	0.0127857
1.38825e-11	0.0127683
1.38834e-11	0.0127509
1.38843e-11	0.0127335
1.38852e-11	0.0127161
1.38861e-11	0.0126988
1.3887e-11	0.0126814
1.38879e-11	0.012664
1.38888e-11	0.0126467
1.38897e-11	0.0126293
1.38906e-11	0.012612
1.38915e-11	0.0125947
1.38924e-11	0.0125773
1.38934e-11	0.01256
1.38943e-11	0.0125427
1.38952e-11	0.0125254
1.38961e-11	0.0125082
1.3897e-11	0.0124909
1.38979e-11	0.0124736
1.38988e-11	0.0124564
1.38997e-11	0.0124391
1.39006e-11	0.0124219
1.39015e-11	0.0124046
1.39024e-11	0.0123874
1.39033e-11	0.0123702
1.39042e-11	0.012353
1.39051e-11	0.0123358
1.3906e-11	0.0123186
1.39069e-11	0.0123014
1.39078e-11	0.0122843
1.39087e-11	0.0122671
1.39096e-11	0.01225
1.39105e-11	0.0122328
1.39114e-11	0.0122157
1.39123e-11	0.0121986
1.39132e-11	0.0121815
1.39141e-11	0.0121644
1.3915e-11	0.0121473
1.39159e-11	0.0121302
1.39168e-11	0.0121131
1.39177e-11	0.0120961
1.39186e-11	0.012079
1.39195e-11	0.012062
1.39204e-11	0.0120449
1.39213e-11	0.0120279
1.39222e-11	0.0120109
1.39231e-11	0.0119939
1.3924e-11	0.0119769
1.39249e-11	0.0119599
1.39258e-11	0.0119429
1.39268e-11	0.0119259
1.39277e-11	0.011909
1.39286e-11	0.011892
1.39295e-11	0.0118751
1.39304e-11	0.0118582
1.39313e-11	0.0118413
1.39322e-11	0.0118243
1.39331e-11	0.0118074
1.3934e-11	0.0117906
1.39349e-11	0.0117737
1.39358e-11	0.0117568
1.39367e-11	0.0117399
1.39376e-11	0.0117231
1.39385e-11	0.0117063
1.39394e-11	0.0116894
1.39403e-11	0.0116726
1.39412e-11	0.0116558
1.39421e-11	0.011639
1.3943e-11	0.0116222
1.39439e-11	0.0116054
1.39448e-11	0.0115887
1.39457e-11	0.0115719
1.39466e-11	0.0115552
1.39475e-11	0.0115384
1.39484e-11	0.0115217
1.39493e-11	0.011505
1.39502e-11	0.0114883
1.39511e-11	0.0114716
1.3952e-11	0.0114549
1.39529e-11	0.0114382
1.39538e-11	0.0114216
1.39547e-11	0.0114049
1.39556e-11	0.0113883
1.39565e-11	0.0113716
1.39574e-11	0.011355
1.39583e-11	0.0113384
1.39592e-11	0.0113218
1.39602e-11	0.0113052
1.39611e-11	0.0112886
1.3962e-11	0.0112721
1.39629e-11	0.0112555
1.39638e-11	0.0112389
1.39647e-11	0.0112224
1.39656e-11	0.0112059
1.39665e-11	0.0111894
1.39674e-11	0.0111729
1.39683e-11	0.0111564
1.39692e-11	0.0111399
1.39701e-11	0.0111234
1.3971e-11	0.011107
1.39719e-11	0.0110905
1.39728e-11	0.0110741
1.39737e-11	0.0110576
1.39746e-11	0.0110412
1.39755e-11	0.0110248
1.39764e-11	0.0110084
1.39773e-11	0.010992
1.39782e-11	0.0109757
1.39791e-11	0.0109593
1.398e-11	0.010943
1.39809e-11	0.0109266
1.39818e-11	0.0109103
1.39827e-11	0.010894
1.39836e-11	0.0108777
1.39845e-11	0.0108614
1.39854e-11	0.0108451
1.39863e-11	0.0108288
1.39872e-11	0.0108126
1.39881e-11	0.0107963
1.3989e-11	0.0107801
1.39899e-11	0.0107638
1.39908e-11	0.0107476
1.39917e-11	0.0107314
1.39926e-11	0.0107152
1.39935e-11	0.010699
1.39945e-11	0.0106829
1.39954e-11	0.0106667
1.39963e-11	0.0106506
1.39972e-11	0.0106344
1.39981e-11	0.0106183
1.3999e-11	0.0106022
1.39999e-11	0.0105861
1.40008e-11	0.01057
1.40017e-11	0.0105539
1.40026e-11	0.0105379
1.40035e-11	0.0105218
1.40044e-11	0.0105058
1.40053e-11	0.0104897
1.40062e-11	0.0104737
1.40071e-11	0.0104577
1.4008e-11	0.0104417
1.40089e-11	0.0104257
1.40098e-11	0.0104098
1.40107e-11	0.0103938
1.40116e-11	0.0103779
1.40125e-11	0.0103619
1.40134e-11	0.010346
1.40143e-11	0.0103301
1.40152e-11	0.0103142
1.40161e-11	0.0102983
1.4017e-11	0.0102824
1.40179e-11	0.0102666
1.40188e-11	0.0102507
1.40197e-11	0.0102349
1.40206e-11	0.010219
1.40215e-11	0.0102032
1.40224e-11	0.0101874
1.40233e-11	0.0101716
1.40242e-11	0.0101558
1.40251e-11	0.0101401
1.4026e-11	0.0101243
1.40269e-11	0.0101086
1.40279e-11	0.0100928
1.40288e-11	0.0100771
1.40297e-11	0.0100614
1.40306e-11	0.0100457
1.40315e-11	0.01003
1.40324e-11	0.0100144
1.40333e-11	0.0099987
1.40342e-11	0.00998305
1.40351e-11	0.00996742
1.4036e-11	0.00995179
1.40369e-11	0.00993618
1.40378e-11	0.00992058
1.40387e-11	0.009905
1.40396e-11	0.00988943
1.40405e-11	0.00987387
1.40414e-11	0.00985832
1.40423e-11	0.00984278
1.40432e-11	0.00982726
1.40441e-11	0.00981175
1.4045e-11	0.00979625
1.40459e-11	0.00978076
1.40468e-11	0.00976529
1.40477e-11	0.00974983
1.40486e-11	0.00973438
1.40495e-11	0.00971894
1.40504e-11	0.00970352
1.40513e-11	0.00968811
1.40522e-11	0.00967271
1.40531e-11	0.00965732
1.4054e-11	0.00964195
1.40549e-11	0.00962659
1.40558e-11	0.00961124
1.40567e-11	0.0095959
1.40576e-11	0.00958058
1.40585e-11	0.00956527
1.40594e-11	0.00954997
1.40603e-11	0.00953469
1.40613e-11	0.00951941
1.40622e-11	0.00950415
1.40631e-11	0.00948891
1.4064e-11	0.00947367
1.40649e-11	0.00945845
1.40658e-11	0.00944324
1.40667e-11	0.00942805
1.40676e-11	0.00941286
1.40685e-11	0.00939769
1.40694e-11	0.00938254
1.40703e-11	0.00936739
1.40712e-11	0.00935226
1.40721e-11	0.00933714
1.4073e-11	0.00932204
1.40739e-11	0.00930694
1.40748e-11	0.00929186
1.40757e-11	0.0092768
1.40766e-11	0.00926174
1.40775e-11	0.0092467
1.40784e-11	0.00923167
1.40793e-11	0.00921666
1.40802e-11	0.00920165
1.40811e-11	0.00918666
1.4082e-11	0.00917169
1.40829e-11	0.00915672
1.40838e-11	0.00914177
1.40847e-11	0.00912684
1.40856e-11	0.00911191
1.40865e-11	0.009097
1.40874e-11	0.0090821
1.40883e-11	0.00906722
1.40892e-11	0.00905234
1.40901e-11	0.00903749
1.4091e-11	0.00902264
1.40919e-11	0.00900781
1.40928e-11	0.00899299
1.40937e-11	0.00897818
1.40947e-11	0.00896339
1.40956e-11	0.00894861
1.40965e-11	0.00893384
1.40974e-11	0.00891909
1.40983e-11	0.00890435
1.40992e-11	0.00888962
1.41001e-11	0.00887491
1.4101e-11	0.00886021
1.41019e-11	0.00884552
1.41028e-11	0.00883084
1.41037e-11	0.00881618
1.41046e-11	0.00880154
1.41055e-11	0.0087869
1.41064e-11	0.00877228
1.41073e-11	0.00875767
1.41082e-11	0.00874308
1.41091e-11	0.0087285
1.411e-11	0.00871393
1.41109e-11	0.00869938
1.41118e-11	0.00868483
1.41127e-11	0.00867031
1.41136e-11	0.00865579
1.41145e-11	0.00864129
1.41154e-11	0.0086268
1.41163e-11	0.00861233
1.41172e-11	0.00859787
1.41181e-11	0.00858342
1.4119e-11	0.00856899
1.41199e-11	0.00855457
1.41208e-11	0.00854016
1.41217e-11	0.00852577
1.41226e-11	0.00851139
1.41235e-11	0.00849702
1.41244e-11	0.00848267
1.41253e-11	0.00846833
1.41262e-11	0.00845401
1.41271e-11	0.00843969
1.41281e-11	0.0084254
1.4129e-11	0.00841111
1.41299e-11	0.00839684
1.41308e-11	0.00838258
1.41317e-11	0.00836834
1.41326e-11	0.00835411
1.41335e-11	0.00833989
1.41344e-11	0.00832568
1.41353e-11	0.0083115
1.41362e-11	0.00829732
1.41371e-11	0.00828316
1.4138e-11	0.00826901
1.41389e-11	0.00825487
1.41398e-11	0.00824075
1.41407e-11	0.00822664
1.41416e-11	0.00821255
1.41425e-11	0.00819847
1.41434e-11	0.0081844
1.41443e-11	0.00817035
1.41452e-11	0.00815631
1.41461e-11	0.00814228
1.4147e-11	0.00812827
1.41479e-11	0.00811427
1.41488e-11	0.00810029
1.41497e-11	0.00808631
1.41506e-11	0.00807236
1.41515e-11	0.00805841
1.41524e-11	0.00804448
1.41533e-11	0.00803057
1.41542e-11	0.00801666
1.41551e-11	0.00800278
1.4156e-11	0.0079889
1.41569e-11	0.00797504
1.41578e-11	0.00796119
1.41587e-11	0.00794736
1.41596e-11	0.00793354
1.41605e-11	0.00791973
1.41615e-11	0.00790594
1.41624e-11	0.00789216
1.41633e-11	0.0078784
1.41642e-11	0.00786465
1.41651e-11	0.00785091
1.4166e-11	0.00783719
1.41669e-11	0.00782348
1.41678e-11	0.00780979
1.41687e-11	0.00779611
1.41696e-11	0.00778244
1.41705e-11	0.00776879
1.41714e-11	0.00775515
1.41723e-11	0.00774152
1.41732e-11	0.00772791
1.41741e-11	0.00771431
1.4175e-11	0.00770073
1.41759e-11	0.00768716
1.41768e-11	0.0076736
1.41777e-11	0.00766006
1.41786e-11	0.00764653
1.41795e-11	0.00763302
1.41804e-11	0.00761952
1.41813e-11	0.00760603
1.41822e-11	0.00759256
1.41831e-11	0.0075791
1.4184e-11	0.00756566
1.41849e-11	0.00755223
1.41858e-11	0.00753881
1.41867e-11	0.00752541
1.41876e-11	0.00751202
1.41885e-11	0.00749864
1.41894e-11	0.00748528
1.41903e-11	0.00747194
1.41912e-11	0.00745861
1.41921e-11	0.00744529
1.4193e-11	0.00743198
1.41939e-11	0.00741869
1.41949e-11	0.00740542
1.41958e-11	0.00739215
1.41967e-11	0.00737891
1.41976e-11	0.00736567
1.41985e-11	0.00735245
1.41994e-11	0.00733925
1.42003e-11	0.00732605
1.42012e-11	0.00731288
1.42021e-11	0.00729971
1.4203e-11	0.00728656
1.42039e-11	0.00727343
1.42048e-11	0.0072603
1.42057e-11	0.0072472
1.42066e-11	0.0072341
1.42075e-11	0.00722102
1.42084e-11	0.00720796
1.42093e-11	0.00719491
1.42102e-11	0.00718187
1.42111e-11	0.00716885
1.4212e-11	0.00715584
1.42129e-11	0.00714284
1.42138e-11	0.00712986
1.42147e-11	0.0071169
1.42156e-11	0.00710394
1.42165e-11	0.007091
1.42174e-11	0.00707808
1.42183e-11	0.00706517
1.42192e-11	0.00705227
1.42201e-11	0.00703939
1.4221e-11	0.00702652
1.42219e-11	0.00701367
1.42228e-11	0.00700083
1.42237e-11	0.00698801
1.42246e-11	0.00697519
1.42255e-11	0.0069624
1.42264e-11	0.00694961
1.42273e-11	0.00693685
1.42283e-11	0.00692409
1.42292e-11	0.00691135
1.42301e-11	0.00689862
1.4231e-11	0.00688591
1.42319e-11	0.00687321
1.42328e-11	0.00686053
1.42337e-11	0.00684786
1.42346e-11	0.00683521
1.42355e-11	0.00682256
1.42364e-11	0.00680994
1.42373e-11	0.00679732
1.42382e-11	0.00678473
1.42391e-11	0.00677214
1.424e-11	0.00675957
1.42409e-11	0.00674701
1.42418e-11	0.00673447
1.42427e-11	0.00672194
1.42436e-11	0.00670943
1.42445e-11	0.00669693
1.42454e-11	0.00668444
1.42463e-11	0.00667197
1.42472e-11	0.00665952
1.42481e-11	0.00664707
1.4249e-11	0.00663465
1.42499e-11	0.00662223
1.42508e-11	0.00660983
1.42517e-11	0.00659744
1.42526e-11	0.00658507
1.42535e-11	0.00657272
1.42544e-11	0.00656037
1.42553e-11	0.00654804
1.42562e-11	0.00653573
1.42571e-11	0.00652343
1.4258e-11	0.00651114
1.42589e-11	0.00649887
1.42598e-11	0.00648661
1.42607e-11	0.00647437
1.42616e-11	0.00646214
1.42626e-11	0.00644992
1.42635e-11	0.00643772
1.42644e-11	0.00642553
1.42653e-11	0.00641336
1.42662e-11	0.0064012
1.42671e-11	0.00638906
1.4268e-11	0.00637693
1.42689e-11	0.00636481
1.42698e-11	0.00635271
1.42707e-11	0.00634062
1.42716e-11	0.00632855
1.42725e-11	0.00631649
1.42734e-11	0.00630444
1.42743e-11	0.00629241
1.42752e-11	0.0062804
1.42761e-11	0.00626839
1.4277e-11	0.00625641
1.42779e-11	0.00624443
1.42788e-11	0.00623247
1.42797e-11	0.00622053
1.42806e-11	0.0062086
1.42815e-11	0.00619668
1.42824e-11	0.00618478
1.42833e-11	0.00617289
1.42842e-11	0.00616101
1.42851e-11	0.00614915
1.4286e-11	0.00613731
1.42869e-11	0.00612547
1.42878e-11	0.00611366
1.42887e-11	0.00610185
1.42896e-11	0.00609006
1.42905e-11	0.00607829
1.42914e-11	0.00606653
1.42923e-11	0.00605478
1.42932e-11	0.00604305
1.42941e-11	0.00603133
1.4295e-11	0.00601963
1.4296e-11	0.00600794
1.42969e-11	0.00599626
1.42978e-11	0.0059846
1.42987e-11	0.00597295
1.42996e-11	0.00596132
1.43005e-11	0.0059497
1.43014e-11	0.0059381
1.43023e-11	0.00592651
1.43032e-11	0.00591493
1.43041e-11	0.00590337
1.4305e-11	0.00589182
1.43059e-11	0.00588029
1.43068e-11	0.00586877
1.43077e-11	0.00585726
1.43086e-11	0.00584577
1.43095e-11	0.00583429
1.43104e-11	0.00582283
1.43113e-11	0.00581138
1.43122e-11	0.00579995
1.43131e-11	0.00578853
1.4314e-11	0.00577712
1.43149e-11	0.00576573
1.43158e-11	0.00575435
1.43167e-11	0.00574299
1.43176e-11	0.00573164
1.43185e-11	0.00572031
1.43194e-11	0.00570898
1.43203e-11	0.00569768
1.43212e-11	0.00568638
1.43221e-11	0.00567511
1.4323e-11	0.00566384
1.43239e-11	0.00565259
1.43248e-11	0.00564135
1.43257e-11	0.00563013
1.43266e-11	0.00561892
1.43275e-11	0.00560773
1.43284e-11	0.00559655
1.43294e-11	0.00558539
1.43303e-11	0.00557423
1.43312e-11	0.0055631
1.43321e-11	0.00555197
1.4333e-11	0.00554087
1.43339e-11	0.00552977
1.43348e-11	0.00551869
1.43357e-11	0.00550762
1.43366e-11	0.00549657
1.43375e-11	0.00548553
1.43384e-11	0.00547451
1.43393e-11	0.0054635
1.43402e-11	0.0054525
1.43411e-11	0.00544152
1.4342e-11	0.00543055
1.43429e-11	0.0054196
1.43438e-11	0.00540866
1.43447e-11	0.00539773
1.43456e-11	0.00538682
1.43465e-11	0.00537592
1.43474e-11	0.00536504
1.43483e-11	0.00535417
1.43492e-11	0.00534331
1.43501e-11	0.00533247
1.4351e-11	0.00532165
1.43519e-11	0.00531083
1.43528e-11	0.00530003
1.43537e-11	0.00528925
1.43546e-11	0.00527848
1.43555e-11	0.00526772
1.43564e-11	0.00525698
1.43573e-11	0.00524625
1.43582e-11	0.00523553
1.43591e-11	0.00522483
1.436e-11	0.00521414
1.43609e-11	0.00520347
1.43618e-11	0.00519281
1.43628e-11	0.00518217
1.43637e-11	0.00517154
1.43646e-11	0.00516092
1.43655e-11	0.00515032
1.43664e-11	0.00513973
1.43673e-11	0.00512915
1.43682e-11	0.00511859
1.43691e-11	0.00510805
1.437e-11	0.00509751
1.43709e-11	0.00508699
1.43718e-11	0.00507649
1.43727e-11	0.005066
1.43736e-11	0.00505552
1.43745e-11	0.00504506
1.43754e-11	0.00503461
1.43763e-11	0.00502417
1.43772e-11	0.00501375
1.43781e-11	0.00500334
1.4379e-11	0.00499295
1.43799e-11	0.00498257
1.43808e-11	0.00497221
1.43817e-11	0.00496185
1.43826e-11	0.00495152
1.43835e-11	0.00494119
1.43844e-11	0.00493088
1.43853e-11	0.00492059
1.43862e-11	0.0049103
1.43871e-11	0.00490004
1.4388e-11	0.00488978
1.43889e-11	0.00487954
1.43898e-11	0.00486931
1.43907e-11	0.0048591
1.43916e-11	0.0048489
1.43925e-11	0.00483872
1.43934e-11	0.00482855
1.43943e-11	0.00481839
1.43952e-11	0.00480825
1.43962e-11	0.00479812
1.43971e-11	0.004788
1.4398e-11	0.0047779
1.43989e-11	0.00476781
1.43998e-11	0.00475774
1.44007e-11	0.00474767
1.44016e-11	0.00473763
1.44025e-11	0.0047276
1.44034e-11	0.00471758
1.44043e-11	0.00470757
1.44052e-11	0.00469758
1.44061e-11	0.0046876
1.4407e-11	0.00467764
1.44079e-11	0.00466769
1.44088e-11	0.00465775
1.44097e-11	0.00464783
1.44106e-11	0.00463792
1.44115e-11	0.00462802
1.44124e-11	0.00461814
1.44133e-11	0.00460827
1.44142e-11	0.00459842
1.44151e-11	0.00458858
1.4416e-11	0.00457875
1.44169e-11	0.00456894
1.44178e-11	0.00455914
1.44187e-11	0.00454936
1.44196e-11	0.00453958
1.44205e-11	0.00452982
1.44214e-11	0.00452008
1.44223e-11	0.00451035
1.44232e-11	0.00450063
1.44241e-11	0.00449093
1.4425e-11	0.00448124
1.44259e-11	0.00447156
1.44268e-11	0.0044619
1.44277e-11	0.00445225
1.44286e-11	0.00444262
1.44296e-11	0.00443299
1.44305e-11	0.00442339
1.44314e-11	0.00441379
1.44323e-11	0.00440421
1.44332e-11	0.00439464
1.44341e-11	0.00438509
1.4435e-11	0.00437555
1.44359e-11	0.00436602
1.44368e-11	0.00435651
1.44377e-11	0.00434701
1.44386e-11	0.00433753
1.44395e-11	0.00432805
1.44404e-11	0.0043186
1.44413e-11	0.00430915
1.44422e-11	0.00429972
1.44431e-11	0.0042903
1.4444e-11	0.0042809
1.44449e-11	0.00427151
1.44458e-11	0.00426213
1.44467e-11	0.00425276
1.44476e-11	0.00424341
1.44485e-11	0.00423408
1.44494e-11	0.00422475
1.44503e-11	0.00421544
1.44512e-11	0.00420615
1.44521e-11	0.00419686
1.4453e-11	0.00418759
1.44539e-11	0.00417834
1.44548e-11	0.00416909
1.44557e-11	0.00415986
1.44566e-11	0.00415065
1.44575e-11	0.00414145
1.44584e-11	0.00413226
1.44593e-11	0.00412308
1.44602e-11	0.00411392
1.44611e-11	0.00410477
1.4462e-11	0.00409563
1.4463e-11	0.00408651
1.44639e-11	0.0040774
1.44648e-11	0.00406831
1.44657e-11	0.00405922
1.44666e-11	0.00405016
1.44675e-11	0.0040411
1.44684e-11	0.00403206
1.44693e-11	0.00402303
1.44702e-11	0.00401401
1.44711e-11	0.00400501
1.4472e-11	0.00399602
1.44729e-11	0.00398705
1.44738e-11	0.00397808
1.44747e-11	0.00396914
1.44756e-11	0.0039602
1.44765e-11	0.00395128
1.44774e-11	0.00394237
1.44783e-11	0.00393347
1.44792e-11	0.00392459
1.44801e-11	0.00391572
1.4481e-11	0.00390686
1.44819e-11	0.00389802
1.44828e-11	0.00388919
1.44837e-11	0.00388037
1.44846e-11	0.00387157
1.44855e-11	0.00386278
1.44864e-11	0.003854
1.44873e-11	0.00384524
1.44882e-11	0.00383649
1.44891e-11	0.00382775
1.449e-11	0.00381902
1.44909e-11	0.00381031
1.44918e-11	0.00380161
1.44927e-11	0.00379293
1.44936e-11	0.00378426
1.44945e-11	0.0037756
1.44954e-11	0.00376695
1.44964e-11	0.00375832
1.44973e-11	0.0037497
1.44982e-11	0.00374109
1.44991e-11	0.0037325
1.45e-11	0.00372392
1.45009e-11	0.00371535
1.45018e-11	0.0037068
1.45027e-11	0.00369826
1.45036e-11	0.00368973
1.45045e-11	0.00368121
1.45054e-11	0.00367271
1.45063e-11	0.00366422
1.45072e-11	0.00365574
1.45081e-11	0.00364728
1.4509e-11	0.00363883
1.45099e-11	0.00363039
1.45108e-11	0.00362197
1.45117e-11	0.00361356
1.45126e-11	0.00360516
1.45135e-11	0.00359677
1.45144e-11	0.0035884
1.45153e-11	0.00358004
1.45162e-11	0.00357169
1.45171e-11	0.00356336
1.4518e-11	0.00355504
1.45189e-11	0.00354673
1.45198e-11	0.00353843
1.45207e-11	0.00353015
1.45216e-11	0.00352188
1.45225e-11	0.00351362
1.45234e-11	0.00350538
1.45243e-11	0.00349715
1.45252e-11	0.00348893
1.45261e-11	0.00348072
1.4527e-11	0.00347253
1.45279e-11	0.00346435
1.45288e-11	0.00345618
1.45297e-11	0.00344803
1.45307e-11	0.00343989
1.45316e-11	0.00343176
1.45325e-11	0.00342364
1.45334e-11	0.00341554
1.45343e-11	0.00340745
1.45352e-11	0.00339937
1.45361e-11	0.0033913
1.4537e-11	0.00338325
1.45379e-11	0.00337521
1.45388e-11	0.00336718
1.45397e-11	0.00335917
1.45406e-11	0.00335116
1.45415e-11	0.00334317
1.45424e-11	0.0033352
1.45433e-11	0.00332723
1.45442e-11	0.00331928
1.45451e-11	0.00331134
1.4546e-11	0.00330342
1.45469e-11	0.0032955
1.45478e-11	0.0032876
1.45487e-11	0.00327971
1.45496e-11	0.00327184
1.45505e-11	0.00326397
1.45514e-11	0.00325612
1.45523e-11	0.00324829
1.45532e-11	0.00324046
1.45541e-11	0.00323265
1.4555e-11	0.00322485
1.45559e-11	0.00321706
1.45568e-11	0.00320928
1.45577e-11	0.00320152
1.45586e-11	0.00319377
1.45595e-11	0.00318603
1.45604e-11	0.0031783
1.45613e-11	0.00317059
1.45622e-11	0.00316289
1.45631e-11	0.0031552
1.45641e-11	0.00314752
1.4565e-11	0.00313986
1.45659e-11	0.00313221
1.45668e-11	0.00312457
1.45677e-11	0.00311694
1.45686e-11	0.00310933
1.45695e-11	0.00310173
1.45704e-11	0.00309414
1.45713e-11	0.00308656
1.45722e-11	0.003079
1.45731e-11	0.00307144
1.4574e-11	0.0030639
1.45749e-11	0.00305638
1.45758e-11	0.00304886
1.45767e-11	0.00304136
1.45776e-11	0.00303387
1.45785e-11	0.00302639
1.45794e-11	0.00301892
1.45803e-11	0.00301147
1.45812e-11	0.00300402
1.45821e-11	0.00299659
1.4583e-11	0.00298918
1.45839e-11	0.00298177
1.45848e-11	0.00297438
1.45857e-11	0.002967
1.45866e-11	0.00295963
1.45875e-11	0.00295227
1.45884e-11	0.00294493
1.45893e-11	0.00293759
1.45902e-11	0.00293027
1.45911e-11	0.00292297
1.4592e-11	0.00291567
1.45929e-11	0.00290839
1.45938e-11	0.00290111
1.45947e-11	0.00289385
1.45956e-11	0.00288661
1.45965e-11	0.00287937
1.45975e-11	0.00287215
1.45984e-11	0.00286494
1.45993e-11	0.00285774
1.46002e-11	0.00285055
1.46011e-11	0.00284337
1.4602e-11	0.00283621
1.46029e-11	0.00282906
1.46038e-11	0.00282192
1.46047e-11	0.00281479
1.46056e-11	0.00280768
1.46065e-11	0.00280057
1.46074e-11	0.00279348
1.46083e-11	0.0027864
1.46092e-11	0.00277933
1.46101e-11	0.00277228
1.4611e-11	0.00276523
1.46119e-11	0.0027582
1.46128e-11	0.00275118
1.46137e-11	0.00274417
1.46146e-11	0.00273718
1.46155e-11	0.00273019
1.46164e-11	0.00272322
1.46173e-11	0.00271626
1.46182e-11	0.00270931
1.46191e-11	0.00270237
1.462e-11	0.00269545
1.46209e-11	0.00268853
1.46218e-11	0.00268163
1.46227e-11	0.00267474
1.46236e-11	0.00266786
1.46245e-11	0.002661
1.46254e-11	0.00265414
1.46263e-11	0.0026473
1.46272e-11	0.00264047
1.46281e-11	0.00263365
1.4629e-11	0.00262684
1.46299e-11	0.00262004
1.46309e-11	0.00261326
1.46318e-11	0.00260648
1.46327e-11	0.00259972
1.46336e-11	0.00259297
1.46345e-11	0.00258624
1.46354e-11	0.00257951
1.46363e-11	0.00257279
1.46372e-11	0.00256609
1.46381e-11	0.0025594
1.4639e-11	0.00255272
1.46399e-11	0.00254605
1.46408e-11	0.00253939
1.46417e-11	0.00253275
1.46426e-11	0.00252611
1.46435e-11	0.00251949
1.46444e-11	0.00251288
1.46453e-11	0.00250628
1.46462e-11	0.00249969
1.46471e-11	0.00249312
1.4648e-11	0.00248655
1.46489e-11	0.00248
1.46498e-11	0.00247346
1.46507e-11	0.00246693
1.46516e-11	0.00246041
1.46525e-11	0.0024539
1.46534e-11	0.0024474
1.46543e-11	0.00244092
1.46552e-11	0.00243444
1.46561e-11	0.00242798
1.4657e-11	0.00242153
1.46579e-11	0.00241509
1.46588e-11	0.00240866
1.46597e-11	0.00240225
1.46606e-11	0.00239584
1.46615e-11	0.00238945
1.46624e-11	0.00238306
1.46633e-11	0.00237669
1.46643e-11	0.00237033
1.46652e-11	0.00236398
1.46661e-11	0.00235764
1.4667e-11	0.00235132
1.46679e-11	0.002345
1.46688e-11	0.0023387
1.46697e-11	0.00233241
1.46706e-11	0.00232612
1.46715e-11	0.00231985
1.46724e-11	0.00231359
1.46733e-11	0.00230735
1.46742e-11	0.00230111
1.46751e-11	0.00229488
1.4676e-11	0.00228867
1.46769e-11	0.00228246
1.46778e-11	0.00227627
1.46787e-11	0.00227009
1.46796e-11	0.00226392
1.46805e-11	0.00225776
1.46814e-11	0.00225161
1.46823e-11	0.00224547
1.46832e-11	0.00223935
1.46841e-11	0.00223323
1.4685e-11	0.00222713
1.46859e-11	0.00222104
1.46868e-11	0.00221495
1.46877e-11	0.00220888
1.46886e-11	0.00220282
1.46895e-11	0.00219677
1.46904e-11	0.00219074
1.46913e-11	0.00218471
1.46922e-11	0.00217869
1.46931e-11	0.00217269
1.4694e-11	0.00216669
1.46949e-11	0.00216071
1.46958e-11	0.00215474
1.46967e-11	0.00214877
1.46977e-11	0.00214282
1.46986e-11	0.00213688
1.46995e-11	0.00213095
1.47004e-11	0.00212504
1.47013e-11	0.00211913
1.47022e-11	0.00211323
1.47031e-11	0.00210735
1.4704e-11	0.00210147
1.47049e-11	0.00209561
1.47058e-11	0.00208975
1.47067e-11	0.00208391
1.47076e-11	0.00207808
1.47085e-11	0.00207226
1.47094e-11	0.00206645
1.47103e-11	0.00206065
1.47112e-11	0.00205486
1.47121e-11	0.00204908
1.4713e-11	0.00204331
1.47139e-11	0.00203755
1.47148e-11	0.00203181
1.47157e-11	0.00202607
1.47166e-11	0.00202035
1.47175e-11	0.00201463
1.47184e-11	0.00200893
1.47193e-11	0.00200323
1.47202e-11	0.00199755
1.47211e-11	0.00199188
1.4722e-11	0.00198622
1.47229e-11	0.00198056
1.47238e-11	0.00197492
1.47247e-11	0.00196929
1.47256e-11	0.00196367
1.47265e-11	0.00195807
1.47274e-11	0.00195247
1.47283e-11	0.00194688
1.47292e-11	0.0019413
1.47301e-11	0.00193573
1.47311e-11	0.00193018
1.4732e-11	0.00192463
1.47329e-11	0.00191909
1.47338e-11	0.00191357
1.47347e-11	0.00190805
1.47356e-11	0.00190255
1.47365e-11	0.00189706
1.47374e-11	0.00189157
1.47383e-11	0.0018861
1.47392e-11	0.00188063
1.47401e-11	0.00187518
1.4741e-11	0.00186974
1.47419e-11	0.00186431
1.47428e-11	0.00185888
1.47437e-11	0.00185347
1.47446e-11	0.00184807
1.47455e-11	0.00184268
1.47464e-11	0.0018373
1.47473e-11	0.00183193
1.47482e-11	0.00182657
1.47491e-11	0.00182122
1.475e-11	0.00181588
1.47509e-11	0.00181055
1.47518e-11	0.00180523
1.47527e-11	0.00179992
1.47536e-11	0.00179462
1.47545e-11	0.00178933
1.47554e-11	0.00178405
1.47563e-11	0.00177878
1.47572e-11	0.00177353
1.47581e-11	0.00176828
1.4759e-11	0.00176304
1.47599e-11	0.00175781
1.47608e-11	0.00175259
1.47617e-11	0.00174738
1.47626e-11	0.00174218
1.47635e-11	0.001737
1.47644e-11	0.00173182
1.47654e-11	0.00172665
1.47663e-11	0.00172149
1.47672e-11	0.00171634
1.47681e-11	0.00171121
1.4769e-11	0.00170608
1.47699e-11	0.00170096
1.47708e-11	0.00169585
1.47717e-11	0.00169075
1.47726e-11	0.00168566
1.47735e-11	0.00168059
1.47744e-11	0.00167552
1.47753e-11	0.00167046
1.47762e-11	0.00166541
1.47771e-11	0.00166037
1.4778e-11	0.00165534
1.47789e-11	0.00165032
1.47798e-11	0.00164531
1.47807e-11	0.00164031
1.47816e-11	0.00163532
1.47825e-11	0.00163034
1.47834e-11	0.00162537
1.47843e-11	0.00162041
1.47852e-11	0.00161546
1.47861e-11	0.00161052
1.4787e-11	0.00160559
1.47879e-11	0.00160067
1.47888e-11	0.00159576
1.47897e-11	0.00159085
1.47906e-11	0.00158596
1.47915e-11	0.00158108
1.47924e-11	0.00157621
1.47933e-11	0.00157134
1.47942e-11	0.00156649
1.47951e-11	0.00156164
1.4796e-11	0.00155681
1.47969e-11	0.00155199
1.47978e-11	0.00154717
1.47988e-11	0.00154236
1.47997e-11	0.00153757
1.48006e-11	0.00153278
1.48015e-11	0.001528
1.48024e-11	0.00152324
1.48033e-11	0.00151848
1.48042e-11	0.00151373
1.48051e-11	0.00150899
1.4806e-11	0.00150426
1.48069e-11	0.00149954
1.48078e-11	0.00149483
1.48087e-11	0.00149013
1.48096e-11	0.00148544
1.48105e-11	0.00148076
1.48114e-11	0.00147608
1.48123e-11	0.00147142
1.48132e-11	0.00146677
1.48141e-11	0.00146212
1.4815e-11	0.00145749
1.48159e-11	0.00145286
1.48168e-11	0.00144825
1.48177e-11	0.00144364
1.48186e-11	0.00143904
1.48195e-11	0.00143445
1.48204e-11	0.00142987
1.48213e-11	0.0014253
1.48222e-11	0.00142074
1.48231e-11	0.00141619
1.4824e-11	0.00141165
1.48249e-11	0.00140712
1.48258e-11	0.00140259
1.48267e-11	0.00139808
1.48276e-11	0.00139357
1.48285e-11	0.00138908
1.48294e-11	0.00138459
1.48303e-11	0.00138011
1.48312e-11	0.00137565
1.48322e-11	0.00137119
1.48331e-11	0.00136674
1.4834e-11	0.0013623
1.48349e-11	0.00135786
1.48358e-11	0.00135344
1.48367e-11	0.00134903
1.48376e-11	0.00134462
1.48385e-11	0.00134023
1.48394e-11	0.00133584
1.48403e-11	0.00133147
1.48412e-11	0.0013271
1.48421e-11	0.00132274
1.4843e-11	0.00131839
1.48439e-11	0.00131405
1.48448e-11	0.00130972
1.48457e-11	0.00130539
1.48466e-11	0.00130108
1.48475e-11	0.00129677
1.48484e-11	0.00129248
1.48493e-11	0.00128819
1.48502e-11	0.00128391
1.48511e-11	0.00127964
1.4852e-11	0.00127538
1.48529e-11	0.00127113
1.48538e-11	0.00126689
1.48547e-11	0.00126265
1.48556e-11	0.00125843
1.48565e-11	0.00125421
1.48574e-11	0.00125
1.48583e-11	0.00124581
1.48592e-11	0.00124162
1.48601e-11	0.00123744
1.4861e-11	0.00123326
1.48619e-11	0.0012291
1.48628e-11	0.00122495
1.48637e-11	0.0012208
1.48646e-11	0.00121666
1.48656e-11	0.00121253
1.48665e-11	0.00120841
1.48674e-11	0.0012043
1.48683e-11	0.0012002
1.48692e-11	0.00119611
1.48701e-11	0.00119202
1.4871e-11	0.00118795
1.48719e-11	0.00118388
1.48728e-11	0.00117982
1.48737e-11	0.00117577
1.48746e-11	0.00117173
1.48755e-11	0.0011677
1.48764e-11	0.00116367
1.48773e-11	0.00115965
1.48782e-11	0.00115565
1.48791e-11	0.00115165
1.488e-11	0.00114766
1.48809e-11	0.00114368
1.48818e-11	0.0011397
1.48827e-11	0.00113574
1.48836e-11	0.00113178
1.48845e-11	0.00112784
1.48854e-11	0.0011239
1.48863e-11	0.00111997
1.48872e-11	0.00111604
1.48881e-11	0.00111213
1.4889e-11	0.00110822
1.48899e-11	0.00110433
1.48908e-11	0.00110044
1.48917e-11	0.00109656
1.48926e-11	0.00109269
1.48935e-11	0.00108882
1.48944e-11	0.00108497
1.48953e-11	0.00108112
1.48962e-11	0.00107728
1.48971e-11	0.00107345
1.4898e-11	0.00106963
1.4899e-11	0.00106582
1.48999e-11	0.00106201
1.49008e-11	0.00105822
1.49017e-11	0.00105443
1.49026e-11	0.00105065
1.49035e-11	0.00104688
1.49044e-11	0.00104311
1.49053e-11	0.00103936
1.49062e-11	0.00103561
1.49071e-11	0.00103187
1.4908e-11	0.00102814
1.49089e-11	0.00102442
1.49098e-11	0.0010207
1.49107e-11	0.001017
1.49116e-11	0.0010133
1.49125e-11	0.00100961
1.49134e-11	0.00100593
1.49143e-11	0.00100225
1.49152e-11	0.000998586
1.49161e-11	0.000994928
1.4917e-11	0.000991279
1.49179e-11	0.000987637
1.49188e-11	0.000984004
1.49197e-11	0.000980378
1.49206e-11	0.000976761
1.49215e-11	0.000973152
1.49224e-11	0.00096955
1.49233e-11	0.000965957
1.49242e-11	0.000962372
1.49251e-11	0.000958794
1.4926e-11	0.000955225
1.49269e-11	0.000951663
1.49278e-11	0.00094811
1.49287e-11	0.000944564
1.49296e-11	0.000941027
1.49305e-11	0.000937497
1.49314e-11	0.000933975
1.49324e-11	0.000930461
1.49333e-11	0.000926955
1.49342e-11	0.000923457
1.49351e-11	0.000919966
1.4936e-11	0.000916484
1.49369e-11	0.000913009
1.49378e-11	0.000909542
1.49387e-11	0.000906083
1.49396e-11	0.000902632
1.49405e-11	0.000899188
1.49414e-11	0.000895753
1.49423e-11	0.000892325
1.49432e-11	0.000888904
1.49441e-11	0.000885492
1.4945e-11	0.000882087
1.49459e-11	0.00087869
1.49468e-11	0.000875301
1.49477e-11	0.000871919
1.49486e-11	0.000868545
1.49495e-11	0.000865179
1.49504e-11	0.00086182
1.49513e-11	0.00085847
1.49522e-11	0.000855126
1.49531e-11	0.000851791
1.4954e-11	0.000848462
1.49549e-11	0.000845142
1.49558e-11	0.000841829
1.49567e-11	0.000838524
1.49576e-11	0.000835226
1.49585e-11	0.000831936
1.49594e-11	0.000828653
1.49603e-11	0.000825378
1.49612e-11	0.000822111
1.49621e-11	0.000818851
1.4963e-11	0.000815598
1.49639e-11	0.000812353
1.49648e-11	0.000809116
1.49658e-11	0.000805886
1.49667e-11	0.000802663
1.49676e-11	0.000799448
1.49685e-11	0.00079624
1.49694e-11	0.00079304
1.49703e-11	0.000789847
1.49712e-11	0.000786662
1.49721e-11	0.000783484
1.4973e-11	0.000780313
1.49739e-11	0.00077715
1.49748e-11	0.000773994
1.49757e-11	0.000770845
1.49766e-11	0.000767704
1.49775e-11	0.00076457
1.49784e-11	0.000761444
1.49793e-11	0.000758324
1.49802e-11	0.000755212
1.49811e-11	0.000752108
1.4982e-11	0.00074901
1.49829e-11	0.00074592
1.49838e-11	0.000742837
1.49847e-11	0.000739761
1.49856e-11	0.000736693
1.49865e-11	0.000733632
1.49874e-11	0.000730578
1.49883e-11	0.000727531
1.49892e-11	0.000724491
1.49901e-11	0.000721459
1.4991e-11	0.000718433
1.49919e-11	0.000715415
1.49928e-11	0.000712404
1.49937e-11	0.0007094
1.49946e-11	0.000706404
1.49955e-11	0.000703414
1.49964e-11	0.000700431
1.49973e-11	0.000697456
1.49982e-11	0.000694488
1.49992e-11	0.000691526
1.50001e-11	0.000688572
1.5001e-11	0.000685625
1.50019e-11	0.000682685
1.50028e-11	0.000679751
1.50037e-11	0.000676825
1.50046e-11	0.000673906
1.50055e-11	0.000670994
1.50064e-11	0.000668089
1.50073e-11	0.000665191
1.50082e-11	0.000662299
1.50091e-11	0.000659415
1.501e-11	0.000656538
1.50109e-11	0.000653667
1.50118e-11	0.000650804
1.50127e-11	0.000647947
1.50136e-11	0.000645097
1.50145e-11	0.000642254
1.50154e-11	0.000639418
1.50163e-11	0.000636589
1.50172e-11	0.000633767
1.50181e-11	0.000630952
1.5019e-11	0.000628143
1.50199e-11	0.000625341
1.50208e-11	0.000622546
1.50217e-11	0.000619758
1.50226e-11	0.000616977
1.50235e-11	0.000614202
1.50244e-11	0.000611434
1.50253e-11	0.000608673
1.50262e-11	0.000605919
1.50271e-11	0.000603171
1.5028e-11	0.00060043
1.50289e-11	0.000597696
1.50298e-11	0.000594968
1.50307e-11	0.000592247
1.50316e-11	0.000589533
1.50325e-11	0.000586826
1.50335e-11	0.000584125
1.50344e-11	0.000581431
1.50353e-11	0.000578743
1.50362e-11	0.000576062
1.50371e-11	0.000573388
1.5038e-11	0.00057072
1.50389e-11	0.000568059
1.50398e-11	0.000565405
1.50407e-11	0.000562757
1.50416e-11	0.000560115
1.50425e-11	0.00055748
1.50434e-11	0.000554852
1.50443e-11	0.00055223
1.50452e-11	0.000549615
1.50461e-11	0.000547006
1.5047e-11	0.000544404
1.50479e-11	0.000541808
1.50488e-11	0.000539219
1.50497e-11	0.000536636
1.50506e-11	0.00053406
1.50515e-11	0.00053149
1.50524e-11	0.000528926
1.50533e-11	0.000526369
1.50542e-11	0.000523819
1.50551e-11	0.000521274
1.5056e-11	0.000518737
1.50569e-11	0.000516205
1.50578e-11	0.00051368
1.50587e-11	0.000511161
1.50596e-11	0.000508649
1.50605e-11	0.000506143
1.50614e-11	0.000503643
1.50623e-11	0.00050115
1.50632e-11	0.000498663
1.50641e-11	0.000496182
1.5065e-11	0.000493707
1.50659e-11	0.000491239
1.50669e-11	0.000488777
1.50678e-11	0.000486322
1.50687e-11	0.000483872
1.50696e-11	0.000481429
1.50705e-11	0.000478992
1.50714e-11	0.000476561
1.50723e-11	0.000474137
1.50732e-11	0.000471718
1.50741e-11	0.000469306
1.5075e-11	0.0004669
1.50759e-11	0.0004645
1.50768e-11	0.000462106
1.50777e-11	0.000459719
1.50786e-11	0.000457338
1.50795e-11	0.000454962
1.50804e-11	0.000452593
1.50813e-11	0.00045023
1.50822e-11	0.000447873
1.50831e-11	0.000445522
1.5084e-11	0.000443177
1.50849e-11	0.000440839
1.50858e-11	0.000438506
1.50867e-11	0.000436179
1.50876e-11	0.000433859
1.50885e-11	0.000431544
1.50894e-11	0.000429235
1.50903e-11	0.000426933
1.50912e-11	0.000424636
1.50921e-11	0.000422345
1.5093e-11	0.000420061
1.50939e-11	0.000417782
1.50948e-11	0.000415509
1.50957e-11	0.000413243
1.50966e-11	0.000410982
1.50975e-11	0.000408727
1.50984e-11	0.000406478
1.50993e-11	0.000404235
1.51003e-11	0.000401997
1.51012e-11	0.000399766
1.51021e-11	0.00039754
1.5103e-11	0.000395321
1.51039e-11	0.000393107
1.51048e-11	0.000390899
1.51057e-11	0.000388697
1.51066e-11	0.000386501
1.51075e-11	0.00038431
1.51084e-11	0.000382125
1.51093e-11	0.000379946
1.51102e-11	0.000377773
1.51111e-11	0.000375606
1.5112e-11	0.000373444
1.51129e-11	0.000371288
1.51138e-11	0.000369138
1.51147e-11	0.000366994
1.51156e-11	0.000364855
1.51165e-11	0.000362722
1.51174e-11	0.000360595
1.51183e-11	0.000358474
1.51192e-11	0.000356358
1.51201e-11	0.000354247
1.5121e-11	0.000352143
1.51219e-11	0.000350044
1.51228e-11	0.000347951
1.51237e-11	0.000345863
1.51246e-11	0.000343781
1.51255e-11	0.000341705
1.51264e-11	0.000339634
1.51273e-11	0.000337569
1.51282e-11	0.000335509
1.51291e-11	0.000333455
1.513e-11	0.000331406
1.51309e-11	0.000329364
1.51318e-11	0.000327326
1.51327e-11	0.000325294
1.51337e-11	0.000323268
1.51346e-11	0.000321247
1.51355e-11	0.000319232
1.51364e-11	0.000317222
1.51373e-11	0.000315218
1.51382e-11	0.000313219
1.51391e-11	0.000311225
1.514e-11	0.000309237
1.51409e-11	0.000307255
1.51418e-11	0.000305278
1.51427e-11	0.000303306
1.51436e-11	0.00030134
1.51445e-11	0.000299379
1.51454e-11	0.000297424
1.51463e-11	0.000295474
1.51472e-11	0.000293529
1.51481e-11	0.00029159
1.5149e-11	0.000289656
1.51499e-11	0.000287727
1.51508e-11	0.000285804
1.51517e-11	0.000283886
1.51526e-11	0.000281973
1.51535e-11	0.000280066
1.51544e-11	0.000278164
1.51553e-11	0.000276267
1.51562e-11	0.000274376
1.51571e-11	0.00027249
1.5158e-11	0.000270609
1.51589e-11	0.000268733
1.51598e-11	0.000266863
1.51607e-11	0.000264998
1.51616e-11	0.000263138
1.51625e-11	0.000261283
1.51634e-11	0.000259433
1.51643e-11	0.000257589
1.51652e-11	0.00025575
1.51661e-11	0.000253916
1.51671e-11	0.000252087
1.5168e-11	0.000250264
1.51689e-11	0.000248445
1.51698e-11	0.000246632
1.51707e-11	0.000244824
1.51716e-11	0.000243021
1.51725e-11	0.000241223
1.51734e-11	0.00023943
1.51743e-11	0.000237642
1.51752e-11	0.000235859
1.51761e-11	0.000234082
1.5177e-11	0.000232309
1.51779e-11	0.000230542
1.51788e-11	0.000228779
1.51797e-11	0.000227022
1.51806e-11	0.000225269
1.51815e-11	0.000223522
1.51824e-11	0.00022178
1.51833e-11	0.000220042
1.51842e-11	0.00021831
1.51851e-11	0.000216582
1.5186e-11	0.00021486
1.51869e-11	0.000213143
1.51878e-11	0.00021143
1.51887e-11	0.000209722
1.51896e-11	0.00020802
1.51905e-11	0.000206322
1.51914e-11	0.000204629
1.51923e-11	0.000202941
1.51932e-11	0.000201258
1.51941e-11	0.00019958
1.5195e-11	0.000197907
1.51959e-11	0.000196239
1.51968e-11	0.000194575
1.51977e-11	0.000192917
1.51986e-11	0.000191263
1.51995e-11	0.000189614
1.52005e-11	0.00018797
1.52014e-11	0.000186331
1.52023e-11	0.000184696
1.52032e-11	0.000183066
1.52041e-11	0.000181441
1.5205e-11	0.000179821
1.52059e-11	0.000178206
1.52068e-11	0.000176595
1.52077e-11	0.000174989
1.52086e-11	0.000173388
1.52095e-11	0.000171792
1.52104e-11	0.0001702
1.52113e-11	0.000168613
1.52122e-11	0.000167031
1.52131e-11	0.000165454
1.5214e-11	0.000163881
1.52149e-11	0.000162313
1.52158e-11	0.000160749
1.52167e-11	0.00015919
1.52176e-11	0.000157636
1.52185e-11	0.000156087
1.52194e-11	0.000154542
1.52203e-11	0.000153002
1.52212e-11	0.000151466
1.52221e-11	0.000149935
1.5223e-11	0.000148408
1.52239e-11	0.000146887
1.52248e-11	0.000145369
1.52257e-11	0.000143857
1.52266e-11	0.000142349
1.52275e-11	0.000140845
1.52284e-11	0.000139346
1.52293e-11	0.000137852
1.52302e-11	0.000136362
1.52311e-11	0.000134876
1.5232e-11	0.000133395
1.52329e-11	0.000131919
1.52339e-11	0.000130447
1.52348e-11	0.00012898
1.52357e-11	0.000127517
1.52366e-11	0.000126058
1.52375e-11	0.000124604
1.52384e-11	0.000123155
1.52393e-11	0.00012171
1.52402e-11	0.000120269
1.52411e-11	0.000118833
1.5242e-11	0.000117401
1.52429e-11	0.000115973
1.52438e-11	0.00011455
1.52447e-11	0.000113132
1.52456e-11	0.000111717
1.52465e-11	0.000110308
1.52474e-11	0.000108902
1.52483e-11	0.000107501
1.52492e-11	0.000106104
1.52501e-11	0.000104712
1.5251e-11	0.000103323
1.52519e-11	0.00010194
1.52528e-11	0.00010056
1.52537e-11	9.91849e-05
1.52546e-11	9.7814e-05
1.52555e-11	9.64474e-05
1.52564e-11	9.5085e-05
1.52573e-11	9.3727e-05
1.52582e-11	9.23732e-05
1.52591e-11	9.10236e-05
1.526e-11	8.96783e-05
1.52609e-11	8.83372e-05
1.52618e-11	8.70004e-05
1.52627e-11	8.56678e-05
1.52636e-11	8.43394e-05
1.52645e-11	8.30152e-05
1.52654e-11	8.16952e-05
1.52663e-11	8.03794e-05
1.52673e-11	7.90677e-05
1.52682e-11	7.77603e-05
1.52691e-11	7.6457e-05
1.527e-11	7.51578e-05
1.52709e-11	7.38628e-05
1.52718e-11	7.25719e-05
1.52727e-11	7.12852e-05
1.52736e-11	7.00026e-05
1.52745e-11	6.87241e-05
1.52754e-11	6.74497e-05
1.52763e-11	6.61793e-05
1.52772e-11	6.49131e-05
1.52781e-11	6.3651e-05
1.5279e-11	6.23929e-05
1.52799e-11	6.11389e-05
1.52808e-11	5.98889e-05
1.52817e-11	5.8643e-05
1.52826e-11	5.74011e-05
1.52835e-11	5.61633e-05
1.52844e-11	5.49295e-05
1.52853e-11	5.36997e-05
1.52862e-11	5.24738e-05
1.52871e-11	5.1252e-05
1.5288e-11	5.00342e-05
1.52889e-11	4.88204e-05
1.52898e-11	4.76105e-05
1.52907e-11	4.64046e-05
1.52916e-11	4.52026e-05
1.52925e-11	4.40046e-05
1.52934e-11	4.28106e-05
1.52943e-11	4.16204e-05
1.52952e-11	4.04342e-05
1.52961e-11	3.92519e-05
1.5297e-11	3.80736e-05
1.52979e-11	3.68991e-05
1.52988e-11	3.57285e-05
1.52997e-11	3.45618e-05
1.53006e-11	3.33989e-05
1.53016e-11	3.224e-05
1.53025e-11	3.10848e-05
1.53034e-11	2.99336e-05
1.53043e-11	2.87862e-05
1.53052e-11	2.76426e-05
1.53061e-11	2.65028e-05
1.5307e-11	2.53669e-05
1.53079e-11	2.42348e-05
1.53088e-11	2.31064e-05
1.53097e-11	2.19819e-05
1.53106e-11	2.08612e-05
1.53115e-11	1.97442e-05
1.53124e-11	1.8631e-05
1.53133e-11	1.75216e-05
1.53142e-11	1.64159e-05
1.53151e-11	1.5314e-05
1.5316e-11	1.42158e-05
1.53169e-11	1.31214e-05
1.53178e-11	1.20307e-05
1.53187e-11	1.09437e-05
1.53196e-11	9.86038e-06
1.53205e-11	8.78078e-06
1.53214e-11	7.70488e-06
1.53223e-11	6.63267e-06
1.53232e-11	5.56413e-06
1.53241e-11	4.49926e-06
1.5325e-11	3.43805e-06
1.53259e-11	2.3805e-06
1.53268e-11	1.3266e-06
1.53277e-11	2.76332e-07
1.53286e-11	-7.70303e-07
1.53295e-11	-1.81331e-06
1.53304e-11	-2.85271e-06
1.53313e-11	-3.8885e-06
1.53322e-11	-4.92068e-06
1.53331e-11	-5.94928e-06
1.5334e-11	-6.97429e-06
1.5335e-11	-7.99572e-06
1.53359e-11	-9.01358e-06
1.53368e-11	-1.00279e-05
1.53377e-11	-1.10386e-05
1.53386e-11	-1.20458e-05
1.53395e-11	-1.30495e-05
1.53404e-11	-1.40496e-05
1.53413e-11	-1.50462e-05
1.53422e-11	-1.60393e-05
1.53431e-11	-1.70289e-05
1.5344e-11	-1.80149e-05
1.53449e-11	-1.89975e-05
1.53458e-11	-1.99766e-05
1.53467e-11	-2.09522e-05
1.53476e-11	-2.19244e-05
1.53485e-11	-2.2893e-05
1.53494e-11	-2.38583e-05
1.53503e-11	-2.482e-05
1.53512e-11	-2.57784e-05
1.53521e-11	-2.67333e-05
1.5353e-11	-2.76847e-05
1.53539e-11	-2.86328e-05
1.53548e-11	-2.95774e-05
1.53557e-11	-3.05187e-05
1.53566e-11	-3.14565e-05
1.53575e-11	-3.2391e-05
1.53584e-11	-3.3322e-05
1.53593e-11	-3.42497e-05
1.53602e-11	-3.51741e-05
1.53611e-11	-3.6095e-05
1.5362e-11	-3.70126e-05
1.53629e-11	-3.79269e-05
1.53638e-11	-3.88378e-05
1.53647e-11	-3.97454e-05
1.53656e-11	-4.06497e-05
1.53665e-11	-4.15507e-05
1.53674e-11	-4.24483e-05
1.53684e-11	-4.33427e-05
1.53693e-11	-4.42337e-05
1.53702e-11	-4.51215e-05
1.53711e-11	-4.6006e-05
1.5372e-11	-4.68872e-05
1.53729e-11	-4.77651e-05
1.53738e-11	-4.86398e-05
1.53747e-11	-4.95113e-05
1.53756e-11	-5.03795e-05
1.53765e-11	-5.12444e-05
1.53774e-11	-5.21062e-05
1.53783e-11	-5.29647e-05
1.53792e-11	-5.382e-05
1.53801e-11	-5.46721e-05
1.5381e-11	-5.5521e-05
1.53819e-11	-5.63667e-05
1.53828e-11	-5.72092e-05
1.53837e-11	-5.80485e-05
1.53846e-11	-5.88847e-05
1.53855e-11	-5.97177e-05
1.53864e-11	-6.05475e-05
1.53873e-11	-6.13742e-05
1.53882e-11	-6.21977e-05
1.53891e-11	-6.30181e-05
1.539e-11	-6.38354e-05
1.53909e-11	-6.46495e-05
1.53918e-11	-6.54606e-05
1.53927e-11	-6.62685e-05
1.53936e-11	-6.70733e-05
1.53945e-11	-6.78751e-05
1.53954e-11	-6.86737e-05
1.53963e-11	-6.94693e-05
1.53972e-11	-7.02618e-05
1.53981e-11	-7.10512e-05
1.5399e-11	-7.18376e-05
1.53999e-11	-7.26209e-05
1.54008e-11	-7.34011e-05
1.54018e-11	-7.41784e-05
1.54027e-11	-7.49526e-05
1.54036e-11	-7.57237e-05
1.54045e-11	-7.64919e-05
1.54054e-11	-7.7257e-05
1.54063e-11	-7.80192e-05
1.54072e-11	-7.87783e-05
1.54081e-11	-7.95345e-05
1.5409e-11	-8.02876e-05
1.54099e-11	-8.10378e-05
1.54108e-11	-8.1785e-05
1.54117e-11	-8.25293e-05
1.54126e-11	-8.32706e-05
1.54135e-11	-8.40089e-05
1.54144e-11	-8.47443e-05
1.54153e-11	-8.54768e-05
1.54162e-11	-8.62063e-05
1.54171e-11	-8.6933e-05
1.5418e-11	-8.76567e-05
1.54189e-11	-8.83774e-05
1.54198e-11	-8.90953e-05
1.54207e-11	-8.98103e-05
1.54216e-11	-9.05224e-05
1.54225e-11	-9.12317e-05
1.54234e-11	-9.1938e-05
1.54243e-11	-9.26415e-05
1.54252e-11	-9.33421e-05
1.54261e-11	-9.40399e-05
1.5427e-11	-9.47348e-05
1.54279e-11	-9.54268e-05
1.54288e-11	-9.61161e-05
1.54297e-11	-9.68025e-05
1.54306e-11	-9.74861e-05
1.54315e-11	-9.81668e-05
1.54324e-11	-9.88448e-05
1.54333e-11	-9.95199e-05
1.54342e-11	-0.000100192
1.54352e-11	-0.000100862
1.54361e-11	-0.000101529
1.5437e-11	-0.000102193
1.54379e-11	-0.000102854
1.54388e-11	-0.000103512
1.54397e-11	-0.000104168
1.54406e-11	-0.000104821
1.54415e-11	-0.000105471
1.54424e-11	-0.000106119
1.54433e-11	-0.000106764
1.54442e-11	-0.000107406
1.54451e-11	-0.000108045
1.5446e-11	-0.000108681
1.54469e-11	-0.000109315
1.54478e-11	-0.000109947
1.54487e-11	-0.000110575
1.54496e-11	-0.000111201
1.54505e-11	-0.000111824
1.54514e-11	-0.000112444
1.54523e-11	-0.000113062
1.54532e-11	-0.000113677
1.54541e-11	-0.00011429
1.5455e-11	-0.0001149
1.54559e-11	-0.000115507
1.54568e-11	-0.000116111
1.54577e-11	-0.000116713
1.54586e-11	-0.000117313
1.54595e-11	-0.000117909
1.54604e-11	-0.000118503
1.54613e-11	-0.000119095
1.54622e-11	-0.000119684
1.54631e-11	-0.00012027
1.5464e-11	-0.000120854
1.54649e-11	-0.000121435
1.54658e-11	-0.000122014
1.54667e-11	-0.00012259
1.54676e-11	-0.000123163
1.54686e-11	-0.000123734
1.54695e-11	-0.000124302
1.54704e-11	-0.000124868
1.54713e-11	-0.000125431
1.54722e-11	-0.000125992
1.54731e-11	-0.00012655
1.5474e-11	-0.000127106
1.54749e-11	-0.000127659
1.54758e-11	-0.00012821
1.54767e-11	-0.000128758
1.54776e-11	-0.000129303
1.54785e-11	-0.000129847
1.54794e-11	-0.000130387
1.54803e-11	-0.000130926
1.54812e-11	-0.000131461
1.54821e-11	-0.000131995
1.5483e-11	-0.000132526
1.54839e-11	-0.000133054
1.54848e-11	-0.00013358
1.54857e-11	-0.000134103
1.54866e-11	-0.000134625
1.54875e-11	-0.000135143
1.54884e-11	-0.000135659
1.54893e-11	-0.000136173
1.54902e-11	-0.000136685
1.54911e-11	-0.000137194
1.5492e-11	-0.0001377
1.54929e-11	-0.000138205
1.54938e-11	-0.000138706
1.54947e-11	-0.000139206
1.54956e-11	-0.000139703
1.54965e-11	-0.000140198
1.54974e-11	-0.00014069
1.54983e-11	-0.00014118
1.54992e-11	-0.000141668
1.55001e-11	-0.000142153
1.5501e-11	-0.000142636
1.5502e-11	-0.000143117
1.55029e-11	-0.000143595
1.55038e-11	-0.000144071
1.55047e-11	-0.000144545
1.55056e-11	-0.000145016
1.55065e-11	-0.000145485
1.55074e-11	-0.000145952
1.55083e-11	-0.000146417
1.55092e-11	-0.000146879
1.55101e-11	-0.000147339
1.5511e-11	-0.000147797
1.55119e-11	-0.000148252
1.55128e-11	-0.000148705
1.55137e-11	-0.000149156
1.55146e-11	-0.000149605
1.55155e-11	-0.000150051
1.55164e-11	-0.000150495
1.55173e-11	-0.000150937
1.55182e-11	-0.000151377
1.55191e-11	-0.000151814
1.552e-11	-0.00015225
1.55209e-11	-0.000152683
1.55218e-11	-0.000153114
1.55227e-11	-0.000153542
1.55236e-11	-0.000153969
1.55245e-11	-0.000154393
1.55254e-11	-0.000154815
1.55263e-11	-0.000155235
1.55272e-11	-0.000155653
1.55281e-11	-0.000156068
1.5529e-11	-0.000156482
1.55299e-11	-0.000156893
1.55308e-11	-0.000157302
1.55317e-11	-0.000157709
1.55326e-11	-0.000158114
1.55335e-11	-0.000158517
1.55344e-11	-0.000158917
1.55353e-11	-0.000159316
1.55363e-11	-0.000159712
1.55372e-11	-0.000160106
1.55381e-11	-0.000160499
1.5539e-11	-0.000160889
1.55399e-11	-0.000161277
1.55408e-11	-0.000161662
1.55417e-11	-0.000162046
1.55426e-11	-0.000162428
1.55435e-11	-0.000162808
1.55444e-11	-0.000163185
1.55453e-11	-0.000163561
1.55462e-11	-0.000163934
1.55471e-11	-0.000164305
1.5548e-11	-0.000164675
1.55489e-11	-0.000165042
1.55498e-11	-0.000165407
1.55507e-11	-0.000165771
1.55516e-11	-0.000166132
1.55525e-11	-0.000166491
1.55534e-11	-0.000166848
1.55543e-11	-0.000167203
1.55552e-11	-0.000167557
1.55561e-11	-0.000167908
1.5557e-11	-0.000168257
1.55579e-11	-0.000168604
1.55588e-11	-0.00016895
1.55597e-11	-0.000169293
1.55606e-11	-0.000169634
1.55615e-11	-0.000169973
1.55624e-11	-0.000170311
1.55633e-11	-0.000170646
1.55642e-11	-0.00017098
1.55651e-11	-0.000171311
1.5566e-11	-0.000171641
1.55669e-11	-0.000171968
1.55678e-11	-0.000172294
1.55687e-11	-0.000172618
1.55697e-11	-0.00017294
1.55706e-11	-0.00017326
1.55715e-11	-0.000173578
1.55724e-11	-0.000173894
1.55733e-11	-0.000174208
1.55742e-11	-0.000174521
1.55751e-11	-0.000174831
1.5576e-11	-0.00017514
1.55769e-11	-0.000175446
1.55778e-11	-0.000175751
1.55787e-11	-0.000176054
1.55796e-11	-0.000176355
1.55805e-11	-0.000176655
1.55814e-11	-0.000176952
1.55823e-11	-0.000177248
1.55832e-11	-0.000177541
1.55841e-11	-0.000177833
1.5585e-11	-0.000178123
1.55859e-11	-0.000178412
1.55868e-11	-0.000178698
1.55877e-11	-0.000178983
1.55886e-11	-0.000179265
1.55895e-11	-0.000179546
1.55904e-11	-0.000179826
1.55913e-11	-0.000180103
1.55922e-11	-0.000180379
1.55931e-11	-0.000180652
1.5594e-11	-0.000180924
1.55949e-11	-0.000181195
1.55958e-11	-0.000181463
1.55967e-11	-0.00018173
1.55976e-11	-0.000181995
1.55985e-11	-0.000182258
1.55994e-11	-0.00018252
1.56003e-11	-0.000182779
1.56012e-11	-0.000183037
1.56021e-11	-0.000183293
1.56031e-11	-0.000183548
1.5604e-11	-0.000183801
1.56049e-11	-0.000184052
1.56058e-11	-0.000184301
1.56067e-11	-0.000184549
1.56076e-11	-0.000184794
1.56085e-11	-0.000185039
1.56094e-11	-0.000185281
1.56103e-11	-0.000185522
1.56112e-11	-0.000185761
1.56121e-11	-0.000185999
1.5613e-11	-0.000186234
1.56139e-11	-0.000186468
1.56148e-11	-0.000186701
1.56157e-11	-0.000186931
1.56166e-11	-0.000187161
1.56175e-11	-0.000187388
1.56184e-11	-0.000187614
1.56193e-11	-0.000187838
1.56202e-11	-0.00018806
1.56211e-11	-0.000188281
1.5622e-11	-0.0001885
1.56229e-11	-0.000188718
1.56238e-11	-0.000188934
1.56247e-11	-0.000189148
1.56256e-11	-0.000189361
1.56265e-11	-0.000189572
1.56274e-11	-0.000189782
1.56283e-11	-0.000189989
1.56292e-11	-0.000190196
1.56301e-11	-0.000190401
1.5631e-11	-0.000190604
1.56319e-11	-0.000190805
1.56328e-11	-0.000191005
1.56337e-11	-0.000191204
1.56346e-11	-0.0001914
1.56355e-11	-0.000191596
1.56365e-11	-0.000191789
1.56374e-11	-0.000191982
1.56383e-11	-0.000192172
1.56392e-11	-0.000192361
1.56401e-11	-0.000192549
1.5641e-11	-0.000192735
1.56419e-11	-0.000192919
1.56428e-11	-0.000193102
1.56437e-11	-0.000193284
1.56446e-11	-0.000193463
1.56455e-11	-0.000193642
1.56464e-11	-0.000193819
1.56473e-11	-0.000193994
1.56482e-11	-0.000194168
1.56491e-11	-0.00019434
1.565e-11	-0.000194511
1.56509e-11	-0.00019468
1.56518e-11	-0.000194848
1.56527e-11	-0.000195015
1.56536e-11	-0.00019518
1.56545e-11	-0.000195343
1.56554e-11	-0.000195505
1.56563e-11	-0.000195666
1.56572e-11	-0.000195825
1.56581e-11	-0.000195982
1.5659e-11	-0.000196139
1.56599e-11	-0.000196293
1.56608e-11	-0.000196447
1.56617e-11	-0.000196599
1.56626e-11	-0.000196749
1.56635e-11	-0.000196898
1.56644e-11	-0.000197046
1.56653e-11	-0.000197192
1.56662e-11	-0.000197336
1.56671e-11	-0.00019748
1.5668e-11	-0.000197622
1.56689e-11	-0.000197762
1.56699e-11	-0.000197901
1.56708e-11	-0.000198039
1.56717e-11	-0.000198175
1.56726e-11	-0.00019831
1.56735e-11	-0.000198444
1.56744e-11	-0.000198576
1.56753e-11	-0.000198707
1.56762e-11	-0.000198837
1.56771e-11	-0.000198965
1.5678e-11	-0.000199091
1.56789e-11	-0.000199217
1.56798e-11	-0.000199341
1.56807e-11	-0.000199464
1.56816e-11	-0.000199585
1.56825e-11	-0.000199705
1.56834e-11	-0.000199824
1.56843e-11	-0.000199941
1.56852e-11	-0.000200057
1.56861e-11	-0.000200172
1.5687e-11	-0.000200285
1.56879e-11	-0.000200397
1.56888e-11	-0.000200508
1.56897e-11	-0.000200617
1.56906e-11	-0.000200725
1.56915e-11	-0.000200832
1.56924e-11	-0.000200938
1.56933e-11	-0.000201042
1.56942e-11	-0.000201145
1.56951e-11	-0.000201247
1.5696e-11	-0.000201347
1.56969e-11	-0.000201446
1.56978e-11	-0.000201544
1.56987e-11	-0.000201641
1.56996e-11	-0.000201736
1.57005e-11	-0.00020183
1.57014e-11	-0.000201923
1.57023e-11	-0.000202015
1.57033e-11	-0.000202105
1.57042e-11	-0.000202194
1.57051e-11	-0.000202282
1.5706e-11	-0.000202369
1.57069e-11	-0.000202454
1.57078e-11	-0.000202538
1.57087e-11	-0.000202621
1.57096e-11	-0.000202703
1.57105e-11	-0.000202783
1.57114e-11	-0.000202863
1.57123e-11	-0.000202941
1.57132e-11	-0.000203018
1.57141e-11	-0.000203093
1.5715e-11	-0.000203168
1.57159e-11	-0.000203241
1.57168e-11	-0.000203313
1.57177e-11	-0.000203384
1.57186e-11	-0.000203454
1.57195e-11	-0.000203522
1.57204e-11	-0.00020359
1.57213e-11	-0.000203656
1.57222e-11	-0.000203721
1.57231e-11	-0.000203785
1.5724e-11	-0.000203848
1.57249e-11	-0.000203909
1.57258e-11	-0.00020397
1.57267e-11	-0.000204029
1.57276e-11	-0.000204087
1.57285e-11	-0.000204144
1.57294e-11	-0.0002042
1.57303e-11	-0.000204255
1.57312e-11	-0.000204308
1.57321e-11	-0.000204361
1.5733e-11	-0.000204412
1.57339e-11	-0.000204463
1.57348e-11	-0.000204512
1.57357e-11	-0.00020456
1.57367e-11	-0.000204607
1.57376e-11	-0.000204652
1.57385e-11	-0.000204697
1.57394e-11	-0.000204741
1.57403e-11	-0.000204783
1.57412e-11	-0.000204825
1.57421e-11	-0.000204865
1.5743e-11	-0.000204904
1.57439e-11	-0.000204943
1.57448e-11	-0.00020498
1.57457e-11	-0.000205016
1.57466e-11	-0.000205051
1.57475e-11	-0.000205085
1.57484e-11	-0.000205118
1.57493e-11	-0.000205149
1.57502e-11	-0.00020518
1.57511e-11	-0.00020521
1.5752e-11	-0.000205238
1.57529e-11	-0.000205266
1.57538e-11	-0.000205293
1.57547e-11	-0.000205318
1.57556e-11	-0.000205343
1.57565e-11	-0.000205366
1.57574e-11	-0.000205389
1.57583e-11	-0.00020541
1.57592e-11	-0.000205431
1.57601e-11	-0.00020545
1.5761e-11	-0.000205468
1.57619e-11	-0.000205486
1.57628e-11	-0.000205502
1.57637e-11	-0.000205518
1.57646e-11	-0.000205532
1.57655e-11	-0.000205545
1.57664e-11	-0.000205558
1.57673e-11	-0.000205569
1.57682e-11	-0.00020558
1.57691e-11	-0.000205589
1.57701e-11	-0.000205598
1.5771e-11	-0.000205605
1.57719e-11	-0.000205612
1.57728e-11	-0.000205617
1.57737e-11	-0.000205622
1.57746e-11	-0.000205626
1.57755e-11	-0.000205628
1.57764e-11	-0.00020563
1.57773e-11	-0.000205631
1.57782e-11	-0.000205631
1.57791e-11	-0.00020563
1.578e-11	-0.000205628
1.57809e-11	-0.000205625
1.57818e-11	-0.000205621
1.57827e-11	-0.000205616
1.57836e-11	-0.00020561
1.57845e-11	-0.000205603
1.57854e-11	-0.000205596
1.57863e-11	-0.000205587
1.57872e-11	-0.000205578
1.57881e-11	-0.000205568
1.5789e-11	-0.000205556
1.57899e-11	-0.000205544
1.57908e-11	-0.000205531
1.57917e-11	-0.000205517
1.57926e-11	-0.000205502
1.57935e-11	-0.000205487
1.57944e-11	-0.00020547
1.57953e-11	-0.000205453
1.57962e-11	-0.000205434
1.57971e-11	-0.000205415
1.5798e-11	-0.000205395
1.57989e-11	-0.000205374
1.57998e-11	-0.000205352
1.58007e-11	-0.000205329
1.58016e-11	-0.000205306
1.58025e-11	-0.000205281
1.58034e-11	-0.000205256
1.58044e-11	-0.00020523
1.58053e-11	-0.000205203
1.58062e-11	-0.000205175
1.58071e-11	-0.000205146
1.5808e-11	-0.000205117
1.58089e-11	-0.000205086
1.58098e-11	-0.000205055
1.58107e-11	-0.000205023
1.58116e-11	-0.00020499
1.58125e-11	-0.000204956
1.58134e-11	-0.000204922
1.58143e-11	-0.000204886
1.58152e-11	-0.00020485
1.58161e-11	-0.000204813
1.5817e-11	-0.000204776
1.58179e-11	-0.000204737
1.58188e-11	-0.000204698
1.58197e-11	-0.000204657
1.58206e-11	-0.000204616
1.58215e-11	-0.000204575
1.58224e-11	-0.000204532
1.58233e-11	-0.000204489
1.58242e-11	-0.000204445
1.58251e-11	-0.0002044
1.5826e-11	-0.000204354
1.58269e-11	-0.000204307
1.58278e-11	-0.00020426
1.58287e-11	-0.000204212
1.58296e-11	-0.000204163
1.58305e-11	-0.000204114
1.58314e-11	-0.000204063
1.58323e-11	-0.000204012
1.58332e-11	-0.00020396
1.58341e-11	-0.000203908
1.5835e-11	-0.000203855
1.58359e-11	-0.0002038
1.58368e-11	-0.000203746
1.58378e-11	-0.00020369
1.58387e-11	-0.000203634
1.58396e-11	-0.000203577
1.58405e-11	-0.000203519
1.58414e-11	-0.00020346
1.58423e-11	-0.000203401
1.58432e-11	-0.000203341
1.58441e-11	-0.00020328
1.5845e-11	-0.000203219
1.58459e-11	-0.000203157
1.58468e-11	-0.000203094
1.58477e-11	-0.00020303
1.58486e-11	-0.000202966
1.58495e-11	-0.000202901
1.58504e-11	-0.000202835
1.58513e-11	-0.000202769
1.58522e-11	-0.000202702
1.58531e-11	-0.000202634
1.5854e-11	-0.000202566
1.58549e-11	-0.000202497
1.58558e-11	-0.000202427
1.58567e-11	-0.000202356
1.58576e-11	-0.000202285
1.58585e-11	-0.000202213
1.58594e-11	-0.000202141
1.58603e-11	-0.000202067
1.58612e-11	-0.000201994
1.58621e-11	-0.000201919
1.5863e-11	-0.000201844
1.58639e-11	-0.000201768
1.58648e-11	-0.000201691
1.58657e-11	-0.000201614
1.58666e-11	-0.000201536
1.58675e-11	-0.000201458
1.58684e-11	-0.000201379
1.58693e-11	-0.000201299
1.58702e-11	-0.000201218
1.58712e-11	-0.000201137
1.58721e-11	-0.000201056
1.5873e-11	-0.000200973
1.58739e-11	-0.00020089
1.58748e-11	-0.000200807
1.58757e-11	-0.000200722
1.58766e-11	-0.000200638
1.58775e-11	-0.000200552
1.58784e-11	-0.000200466
1.58793e-11	-0.000200379
1.58802e-11	-0.000200292
1.58811e-11	-0.000200204
1.5882e-11	-0.000200115
1.58829e-11	-0.000200026
1.58838e-11	-0.000199936
1.58847e-11	-0.000199846
1.58856e-11	-0.000199755
1.58865e-11	-0.000199664
1.58874e-11	-0.000199571
1.58883e-11	-0.000199479
1.58892e-11	-0.000199385
1.58901e-11	-0.000199291
1.5891e-11	-0.000199197
1.58919e-11	-0.000199102
1.58928e-11	-0.000199006
1.58937e-11	-0.00019891
1.58946e-11	-0.000198813
1.58955e-11	-0.000198716
1.58964e-11	-0.000198618
1.58973e-11	-0.000198519
1.58982e-11	-0.00019842
1.58991e-11	-0.00019832
1.59e-11	-0.00019822
1.59009e-11	-0.000198119
1.59018e-11	-0.000198018
1.59027e-11	-0.000197916
1.59036e-11	-0.000197814
1.59046e-11	-0.000197711
1.59055e-11	-0.000197607
1.59064e-11	-0.000197503
1.59073e-11	-0.000197399
1.59082e-11	-0.000197293
1.59091e-11	-0.000197188
1.591e-11	-0.000197082
1.59109e-11	-0.000196975
1.59118e-11	-0.000196868
1.59127e-11	-0.00019676
1.59136e-11	-0.000196652
1.59145e-11	-0.000196543
1.59154e-11	-0.000196433
1.59163e-11	-0.000196323
1.59172e-11	-0.000196213
1.59181e-11	-0.000196102
1.5919e-11	-0.000195991
1.59199e-11	-0.000195879
1.59208e-11	-0.000195766
1.59217e-11	-0.000195654
1.59226e-11	-0.00019554
1.59235e-11	-0.000195426
1.59244e-11	-0.000195312
1.59253e-11	-0.000195197
1.59262e-11	-0.000195082
1.59271e-11	-0.000194966
1.5928e-11	-0.000194849
1.59289e-11	-0.000194732
1.59298e-11	-0.000194615
1.59307e-11	-0.000194497
1.59316e-11	-0.000194379
1.59325e-11	-0.00019426
1.59334e-11	-0.000194141
1.59343e-11	-0.000194021
1.59352e-11	-0.000193901
1.59361e-11	-0.000193781
1.5937e-11	-0.000193659
1.5938e-11	-0.000193538
1.59389e-11	-0.000193416
1.59398e-11	-0.000193293
1.59407e-11	-0.000193171
1.59416e-11	-0.000193047
1.59425e-11	-0.000192923
1.59434e-11	-0.000192799
1.59443e-11	-0.000192674
1.59452e-11	-0.000192549
1.59461e-11	-0.000192423
1.5947e-11	-0.000192297
1.59479e-11	-0.000192171
1.59488e-11	-0.000192044
1.59497e-11	-0.000191917
1.59506e-11	-0.000191789
1.59515e-11	-0.000191661
1.59524e-11	-0.000191532
1.59533e-11	-0.000191403
1.59542e-11	-0.000191273
1.59551e-11	-0.000191143
1.5956e-11	-0.000191013
1.59569e-11	-0.000190882
1.59578e-11	-0.000190751
1.59587e-11	-0.00019062
1.59596e-11	-0.000190488
1.59605e-11	-0.000190355
1.59614e-11	-0.000190222
1.59623e-11	-0.000190089
1.59632e-11	-0.000189956
1.59641e-11	-0.000189822
1.5965e-11	-0.000189687
1.59659e-11	-0.000189552
1.59668e-11	-0.000189417
1.59677e-11	-0.000189282
1.59686e-11	-0.000189146
1.59695e-11	-0.000189009
1.59704e-11	-0.000188873
1.59714e-11	-0.000188735
1.59723e-11	-0.000188598
1.59732e-11	-0.00018846
1.59741e-11	-0.000188322
1.5975e-11	-0.000188183
1.59759e-11	-0.000188044
1.59768e-11	-0.000187905
1.59777e-11	-0.000187765
1.59786e-11	-0.000187625
1.59795e-11	-0.000187484
1.59804e-11	-0.000187343
1.59813e-11	-0.000187202
1.59822e-11	-0.000187061
1.59831e-11	-0.000186919
1.5984e-11	-0.000186776
1.59849e-11	-0.000186634
1.59858e-11	-0.000186491
1.59867e-11	-0.000186347
1.59876e-11	-0.000186204
1.59885e-11	-0.00018606
1.59894e-11	-0.000185915
1.59903e-11	-0.000185771
1.59912e-11	-0.000185625
1.59921e-11	-0.00018548
1.5993e-11	-0.000185334
1.59939e-11	-0.000185188
1.59948e-11	-0.000185042
1.59957e-11	-0.000184895
1.59966e-11	-0.000184748
1.59975e-11	-0.000184601
1.59984e-11	-0.000184453
1.59993e-11	-0.000184305
1.60002e-11	-0.000184156
1.60011e-11	-0.000184008
1.6002e-11	-0.000183859
1.60029e-11	-0.000183709
1.60038e-11	-0.00018356
1.60048e-11	-0.00018341
1.60057e-11	-0.000183259
1.60066e-11	-0.000183109
1.60075e-11	-0.000182958
1.60084e-11	-0.000182807
1.60093e-11	-0.000182655
1.60102e-11	-0.000182503
1.60111e-11	-0.000182351
1.6012e-11	-0.000182199
1.60129e-11	-0.000182046
1.60138e-11	-0.000181893
1.60147e-11	-0.00018174
1.60156e-11	-0.000181586
1.60165e-11	-0.000181433
1.60174e-11	-0.000181278
1.60183e-11	-0.000181124
1.60192e-11	-0.000180969
1.60201e-11	-0.000180814
1.6021e-11	-0.000180659
1.60219e-11	-0.000180503
1.60228e-11	-0.000180347
1.60237e-11	-0.000180191
1.60246e-11	-0.000180035
1.60255e-11	-0.000179878
1.60264e-11	-0.000179721
1.60273e-11	-0.000179564
1.60282e-11	-0.000179407
1.60291e-11	-0.000179249
1.603e-11	-0.000179091
1.60309e-11	-0.000178933
1.60318e-11	-0.000178774
1.60327e-11	-0.000178615
1.60336e-11	-0.000178456
1.60345e-11	-0.000178297
1.60354e-11	-0.000178137
1.60363e-11	-0.000177978
1.60372e-11	-0.000177818
1.60382e-11	-0.000177657
1.60391e-11	-0.000177497
1.604e-11	-0.000177336
1.60409e-11	-0.000177175
1.60418e-11	-0.000177014
1.60427e-11	-0.000176852
1.60436e-11	-0.00017669
1.60445e-11	-0.000176528
1.60454e-11	-0.000176366
1.60463e-11	-0.000176204
1.60472e-11	-0.000176041
1.60481e-11	-0.000175878
1.6049e-11	-0.000175715
1.60499e-11	-0.000175551
1.60508e-11	-0.000175388
1.60517e-11	-0.000175224
1.60526e-11	-0.00017506
1.60535e-11	-0.000174896
1.60544e-11	-0.000174731
1.60553e-11	-0.000174566
1.60562e-11	-0.000174401
1.60571e-11	-0.000174236
1.6058e-11	-0.000174071
1.60589e-11	-0.000173905
1.60598e-11	-0.000173739
1.60607e-11	-0.000173573
1.60616e-11	-0.000173407
1.60625e-11	-0.000173241
1.60634e-11	-0.000173074
1.60643e-11	-0.000172907
1.60652e-11	-0.00017274
1.60661e-11	-0.000172573
1.6067e-11	-0.000172406
1.60679e-11	-0.000172238
1.60688e-11	-0.00017207
1.60697e-11	-0.000171902
1.60706e-11	-0.000171734
1.60715e-11	-0.000171566
1.60725e-11	-0.000171397
1.60734e-11	-0.000171228
1.60743e-11	-0.000171059
1.60752e-11	-0.00017089
1.60761e-11	-0.000170721
1.6077e-11	-0.000170551
1.60779e-11	-0.000170382
1.60788e-11	-0.000170212
1.60797e-11	-0.000170042
1.60806e-11	-0.000169871
1.60815e-11	-0.000169701
1.60824e-11	-0.00016953
1.60833e-11	-0.00016936
1.60842e-11	-0.000169189
1.60851e-11	-0.000169018
1.6086e-11	-0.000168846
1.60869e-11	-0.000168675
1.60878e-11	-0.000168503
1.60887e-11	-0.000168332
1.60896e-11	-0.00016816
1.60905e-11	-0.000167988
1.60914e-11	-0.000167815
1.60923e-11	-0.000167643
1.60932e-11	-0.00016747
1.60941e-11	-0.000167298
1.6095e-11	-0.000167125
1.60959e-11	-0.000166952
1.60968e-11	-0.000166779
1.60977e-11	-0.000166605
1.60986e-11	-0.000166432
1.60995e-11	-0.000166258
1.61004e-11	-0.000166085
1.61013e-11	-0.000165911
1.61022e-11	-0.000165737
1.61031e-11	-0.000165562
1.6104e-11	-0.000165388
1.61049e-11	-0.000165214
1.61059e-11	-0.000165039
1.61068e-11	-0.000164864
1.61077e-11	-0.000164689
1.61086e-11	-0.000164514
1.61095e-11	-0.000164339
1.61104e-11	-0.000164164
1.61113e-11	-0.000163989
1.61122e-11	-0.000163813
1.61131e-11	-0.000163637
1.6114e-11	-0.000163462
1.61149e-11	-0.000163286
1.61158e-11	-0.00016311
1.61167e-11	-0.000162933
1.61176e-11	-0.000162757
1.61185e-11	-0.000162581
1.61194e-11	-0.000162404
1.61203e-11	-0.000162228
1.61212e-11	-0.000162051
1.61221e-11	-0.000161874
1.6123e-11	-0.000161697
1.61239e-11	-0.00016152
1.61248e-11	-0.000161343
1.61257e-11	-0.000161165
1.61266e-11	-0.000160988
1.61275e-11	-0.00016081
1.61284e-11	-0.000160633
1.61293e-11	-0.000160455
1.61302e-11	-0.000160277
1.61311e-11	-0.000160099
1.6132e-11	-0.000159921
1.61329e-11	-0.000159743
1.61338e-11	-0.000159565
1.61347e-11	-0.000159386
1.61356e-11	-0.000159208
1.61365e-11	-0.000159029
1.61374e-11	-0.000158851
1.61383e-11	-0.000158672
1.61393e-11	-0.000158493
1.61402e-11	-0.000158314
1.61411e-11	-0.000158135
1.6142e-11	-0.000157956
1.61429e-11	-0.000157777
1.61438e-11	-0.000157598
1.61447e-11	-0.000157419
1.61456e-11	-0.000157239
1.61465e-11	-0.00015706
1.61474e-11	-0.00015688
1.61483e-11	-0.0001567
1.61492e-11	-0.000156521
1.61501e-11	-0.000156341
1.6151e-11	-0.000156161
1.61519e-11	-0.000155981
1.61528e-11	-0.000155801
1.61537e-11	-0.000155621
1.61546e-11	-0.00015544
1.61555e-11	-0.00015526
1.61564e-11	-0.00015508
1.61573e-11	-0.000154899
1.61582e-11	-0.000154719
1.61591e-11	-0.000154538
1.616e-11	-0.000154358
1.61609e-11	-0.000154177
1.61618e-11	-0.000153996
1.61627e-11	-0.000153816
1.61636e-11	-0.000153635
1.61645e-11	-0.000153454
1.61654e-11	-0.000153273
1.61663e-11	-0.000153092
1.61672e-11	-0.000152911
1.61681e-11	-0.00015273
1.6169e-11	-0.000152548
1.61699e-11	-0.000152367
1.61708e-11	-0.000152186
1.61717e-11	-0.000152004
1.61727e-11	-0.000151823
1.61736e-11	-0.000151642
1.61745e-11	-0.00015146
1.61754e-11	-0.000151278
1.61763e-11	-0.000151097
1.61772e-11	-0.000150915
1.61781e-11	-0.000150733
1.6179e-11	-0.000150552
1.61799e-11	-0.00015037
1.61808e-11	-0.000150188
1.61817e-11	-0.000150006
1.61826e-11	-0.000149824
1.61835e-11	-0.000149642
1.61844e-11	-0.00014946
1.61853e-11	-0.000149278
1.61862e-11	-0.000149096
1.61871e-11	-0.000148914
1.6188e-11	-0.000148732
1.61889e-11	-0.00014855
1.61898e-11	-0.000148368
1.61907e-11	-0.000148186
1.61916e-11	-0.000148003
1.61925e-11	-0.000147821
1.61934e-11	-0.000147639
1.61943e-11	-0.000147456
1.61952e-11	-0.000147274
1.61961e-11	-0.000147092
1.6197e-11	-0.000146909
1.61979e-11	-0.000146727
1.61988e-11	-0.000146544
1.61997e-11	-0.000146362
1.62006e-11	-0.00014618
1.62015e-11	-0.000145997
1.62024e-11	-0.000145815
1.62033e-11	-0.000145632
1.62042e-11	-0.000145449
1.62051e-11	-0.000145267
1.62061e-11	-0.000145084
1.6207e-11	-0.000144902
1.62079e-11	-0.000144719
1.62088e-11	-0.000144536
1.62097e-11	-0.000144354
1.62106e-11	-0.000144171
1.62115e-11	-0.000143989
1.62124e-11	-0.000143806
1.62133e-11	-0.000143623
1.62142e-11	-0.000143441
1.62151e-11	-0.000143258
1.6216e-11	-0.000143075
1.62169e-11	-0.000142892
1.62178e-11	-0.00014271
1.62187e-11	-0.000142527
1.62196e-11	-0.000142344
1.62205e-11	-0.000142162
1.62214e-11	-0.000141979
1.62223e-11	-0.000141796
1.62232e-11	-0.000141614
1.62241e-11	-0.000141431
1.6225e-11	-0.000141248
1.62259e-11	-0.000141066
1.62268e-11	-0.000140883
1.62277e-11	-0.0001407
1.62286e-11	-0.000140518
1.62295e-11	-0.000140335
1.62304e-11	-0.000140152
1.62313e-11	-0.00013997
1.62322e-11	-0.000139787
1.62331e-11	-0.000139605
1.6234e-11	-0.000139422
1.62349e-11	-0.000139239
1.62358e-11	-0.000139057
1.62367e-11	-0.000138874
1.62376e-11	-0.000138692
1.62385e-11	-0.000138509
1.62395e-11	-0.000138327
1.62404e-11	-0.000138144
1.62413e-11	-0.000137962
1.62422e-11	-0.000137779
1.62431e-11	-0.000137597
1.6244e-11	-0.000137415
1.62449e-11	-0.000137232
1.62458e-11	-0.00013705
1.62467e-11	-0.000136868
1.62476e-11	-0.000136685
1.62485e-11	-0.000136503
1.62494e-11	-0.000136321
1.62503e-11	-0.000136139
1.62512e-11	-0.000135956
1.62521e-11	-0.000135774
1.6253e-11	-0.000135592
1.62539e-11	-0.00013541
1.62548e-11	-0.000135228
1.62557e-11	-0.000135046
1.62566e-11	-0.000134864
1.62575e-11	-0.000134682
1.62584e-11	-0.0001345
1.62593e-11	-0.000134318
1.62602e-11	-0.000134136
1.62611e-11	-0.000133954
1.6262e-11	-0.000133773
1.62629e-11	-0.000133591
1.62638e-11	-0.000133409
1.62647e-11	-0.000133227
1.62656e-11	-0.000133046
1.62665e-11	-0.000132864
1.62674e-11	-0.000132683
1.62683e-11	-0.000132501
1.62692e-11	-0.00013232
1.62701e-11	-0.000132138
1.6271e-11	-0.000131957
1.62719e-11	-0.000131775
1.62729e-11	-0.000131594
1.62738e-11	-0.000131413
1.62747e-11	-0.000131232
1.62756e-11	-0.000131051
1.62765e-11	-0.000130869
1.62774e-11	-0.000130688
1.62783e-11	-0.000130507
1.62792e-11	-0.000130326
1.62801e-11	-0.000130146
1.6281e-11	-0.000129965
1.62819e-11	-0.000129784
1.62828e-11	-0.000129603
1.62837e-11	-0.000129422
1.62846e-11	-0.000129242
1.62855e-11	-0.000129061
1.62864e-11	-0.000128881
1.62873e-11	-0.0001287
1.62882e-11	-0.00012852
1.62891e-11	-0.00012834
1.629e-11	-0.000128159
1.62909e-11	-0.000127979
1.62918e-11	-0.000127799
1.62927e-11	-0.000127619
1.62936e-11	-0.000127439
1.62945e-11	-0.000127259
1.62954e-11	-0.000127079
1.62963e-11	-0.000126899
1.62972e-11	-0.000126719
1.62981e-11	-0.000126539
1.6299e-11	-0.00012636
1.62999e-11	-0.00012618
1.63008e-11	-0.000126
1.63017e-11	-0.000125821
1.63026e-11	-0.000125642
1.63035e-11	-0.000125462
1.63044e-11	-0.000125283
1.63053e-11	-0.000125104
1.63062e-11	-0.000124925
1.63072e-11	-0.000124746
1.63081e-11	-0.000124567
1.6309e-11	-0.000124388
1.63099e-11	-0.000124209
1.63108e-11	-0.00012403
1.63117e-11	-0.000123851
1.63126e-11	-0.000123673
1.63135e-11	-0.000123494
1.63144e-11	-0.000123316
1.63153e-11	-0.000123137
1.63162e-11	-0.000122959
1.63171e-11	-0.000122781
1.6318e-11	-0.000122603
1.63189e-11	-0.000122424
1.63198e-11	-0.000122246
1.63207e-11	-0.000122069
1.63216e-11	-0.000121891
1.63225e-11	-0.000121713
1.63234e-11	-0.000121535
1.63243e-11	-0.000121358
1.63252e-11	-0.00012118
1.63261e-11	-0.000121003
1.6327e-11	-0.000120825
1.63279e-11	-0.000120648
1.63288e-11	-0.000120471
1.63297e-11	-0.000120294
1.63306e-11	-0.000120117
1.63315e-11	-0.00011994
1.63324e-11	-0.000119763
1.63333e-11	-0.000119586
1.63342e-11	-0.000119409
1.63351e-11	-0.000119233
1.6336e-11	-0.000119056
1.63369e-11	-0.00011888
1.63378e-11	-0.000118704
1.63387e-11	-0.000118527
1.63396e-11	-0.000118351
1.63406e-11	-0.000118175
1.63415e-11	-0.000117999
1.63424e-11	-0.000117823
1.63433e-11	-0.000117648
1.63442e-11	-0.000117472
1.63451e-11	-0.000117296
1.6346e-11	-0.000117121
1.63469e-11	-0.000116945
1.63478e-11	-0.00011677
1.63487e-11	-0.000116595
1.63496e-11	-0.00011642
1.63505e-11	-0.000116245
1.63514e-11	-0.00011607
1.63523e-11	-0.000115895
1.63532e-11	-0.00011572
1.63541e-11	-0.000115546
1.6355e-11	-0.000115371
1.63559e-11	-0.000115197
1.63568e-11	-0.000115022
1.63577e-11	-0.000114848
1.63586e-11	-0.000114674
1.63595e-11	-0.0001145
1.63604e-11	-0.000114326
1.63613e-11	-0.000114152
1.63622e-11	-0.000113979
1.63631e-11	-0.000113805
1.6364e-11	-0.000113631
1.63649e-11	-0.000113458
1.63658e-11	-0.000113285
1.63667e-11	-0.000113111
1.63676e-11	-0.000112938
1.63685e-11	-0.000112765
1.63694e-11	-0.000112593
