4.51347e-16	-0.000112529
1.35404e-15	-0.000112702
2.25673e-15	-0.000112875
3.15943e-15	-0.000113048
4.06212e-15	-0.000113221
4.96481e-15	-0.000113394
5.86751e-15	-0.000113567
6.7702e-15	-0.000113741
7.67289e-15	-0.000113914
8.57559e-15	-0.000114088
9.47828e-15	-0.000114262
1.0381e-14	-0.000114436
1.12837e-14	-0.00011461
1.21864e-14	-0.000114784
1.30891e-14	-0.000114958
1.39917e-14	-0.000115132
1.48944e-14	-0.000115307
1.57971e-14	-0.000115481
1.66998e-14	-0.000115656
1.76025e-14	-0.000115831
1.85052e-14	-0.000116005
1.94079e-14	-0.00011618
2.03106e-14	-0.000116355
2.12133e-14	-0.00011653
2.2116e-14	-0.000116705
2.30187e-14	-0.000116881
2.39214e-14	-0.000117056
2.48241e-14	-0.000117232
2.57268e-14	-0.000117407
2.66294e-14	-0.000117583
2.75321e-14	-0.000117758
2.84348e-14	-0.000117934
2.93375e-14	-0.00011811
3.02402e-14	-0.000118286
3.11429e-14	-0.000118462
3.20456e-14	-0.000118639
3.29483e-14	-0.000118815
3.3851e-14	-0.000118991
3.47537e-14	-0.000119168
3.56564e-14	-0.000119344
3.65591e-14	-0.000119521
3.74618e-14	-0.000119698
3.83645e-14	-0.000119874
3.92672e-14	-0.000120051
4.01698e-14	-0.000120228
4.10725e-14	-0.000120405
4.19752e-14	-0.000120583
4.28779e-14	-0.00012076
4.37806e-14	-0.000120937
4.46833e-14	-0.000121115
4.5586e-14	-0.000121292
4.64887e-14	-0.00012147
4.73914e-14	-0.000121647
4.82941e-14	-0.000121825
4.91968e-14	-0.000122003
5.00995e-14	-0.000122181
5.10022e-14	-0.000122359
5.19049e-14	-0.000122537
5.28076e-14	-0.000122715
5.37102e-14	-0.000122893
5.46129e-14	-0.000123072
5.55156e-14	-0.00012325
5.64183e-14	-0.000123428
5.7321e-14	-0.000123607
5.82237e-14	-0.000123785
5.91264e-14	-0.000123964
6.00291e-14	-0.000124143
6.09318e-14	-0.000124322
6.18345e-14	-0.000124501
6.27372e-14	-0.00012468
6.36399e-14	-0.000124859
6.45426e-14	-0.000125038
6.54453e-14	-0.000125217
6.63479e-14	-0.000125396
6.72506e-14	-0.000125575
6.81533e-14	-0.000125755
6.9056e-14	-0.000125934
6.99587e-14	-0.000126114
7.08614e-14	-0.000126293
7.17641e-14	-0.000126473
7.26668e-14	-0.000126653
7.35695e-14	-0.000126833
7.44722e-14	-0.000127012
7.53749e-14	-0.000127192
7.62776e-14	-0.000127372
7.71803e-14	-0.000127552
7.8083e-14	-0.000127732
7.89857e-14	-0.000127913
7.98883e-14	-0.000128093
8.0791e-14	-0.000128273
8.16937e-14	-0.000128453
8.25964e-14	-0.000128634
8.34991e-14	-0.000128814
8.44018e-14	-0.000128995
8.53045e-14	-0.000129175
8.62072e-14	-0.000129356
8.71099e-14	-0.000129537
8.80126e-14	-0.000129717
8.89153e-14	-0.000129898
8.9818e-14	-0.000130079
9.07207e-14	-0.00013026
9.16234e-14	-0.000130441
9.25261e-14	-0.000130622
9.34287e-14	-0.000130803
9.43314e-14	-0.000130984
9.52341e-14	-0.000131165
9.61368e-14	-0.000131346
9.70395e-14	-0.000131527
9.79422e-14	-0.000131709
9.88449e-14	-0.00013189
9.97476e-14	-0.000132071
1.0065e-13	-0.000132253
1.01553e-13	-0.000132434
1.02456e-13	-0.000132616
1.03358e-13	-0.000132797
1.04261e-13	-0.000132979
1.05164e-13	-0.00013316
1.06066e-13	-0.000133342
1.06969e-13	-0.000133524
1.07872e-13	-0.000133706
1.08775e-13	-0.000133887
1.09677e-13	-0.000134069
1.1058e-13	-0.000134251
1.11483e-13	-0.000134433
1.12385e-13	-0.000134615
1.13288e-13	-0.000134797
1.14191e-13	-0.000134979
1.15093e-13	-0.000135161
1.15996e-13	-0.000135343
1.16899e-13	-0.000135525
1.17801e-13	-0.000135707
1.18704e-13	-0.000135889
1.19607e-13	-0.000136071
1.2051e-13	-0.000136254
1.21412e-13	-0.000136436
1.22315e-13	-0.000136618
1.23218e-13	-0.0001368
1.2412e-13	-0.000136983
1.25023e-13	-0.000137165
1.25926e-13	-0.000137347
1.26828e-13	-0.00013753
1.27731e-13	-0.000137712
1.28634e-13	-0.000137895
1.29536e-13	-0.000138077
1.30439e-13	-0.000138259
1.31342e-13	-0.000138442
1.32245e-13	-0.000138624
1.33147e-13	-0.000138807
1.3405e-13	-0.00013899
1.34953e-13	-0.000139172
1.35855e-13	-0.000139355
1.36758e-13	-0.000139537
1.37661e-13	-0.00013972
1.38563e-13	-0.000139902
1.39466e-13	-0.000140085
1.40369e-13	-0.000140268
1.41271e-13	-0.00014045
1.42174e-13	-0.000140633
1.43077e-13	-0.000140816
1.4398e-13	-0.000140998
1.44882e-13	-0.000141181
1.45785e-13	-0.000141364
1.46688e-13	-0.000141546
1.4759e-13	-0.000141729
1.48493e-13	-0.000141912
1.49396e-13	-0.000142094
1.50298e-13	-0.000142277
1.51201e-13	-0.00014246
1.52104e-13	-0.000142642
1.53006e-13	-0.000142825
1.53909e-13	-0.000143008
1.54812e-13	-0.00014319
1.55715e-13	-0.000143373
1.56617e-13	-0.000143556
1.5752e-13	-0.000143738
1.58423e-13	-0.000143921
1.59325e-13	-0.000144104
1.60228e-13	-0.000144286
1.61131e-13	-0.000144469
1.62033e-13	-0.000144652
1.62936e-13	-0.000144834
1.63839e-13	-0.000145017
1.64742e-13	-0.0001452
1.65644e-13	-0.000145382
1.66547e-13	-0.000145565
1.6745e-13	-0.000145747
1.68352e-13	-0.00014593
1.69255e-13	-0.000146112
1.70158e-13	-0.000146295
1.7106e-13	-0.000146477
1.71963e-13	-0.00014666
1.72866e-13	-0.000146842
1.73768e-13	-0.000147024
1.74671e-13	-0.000147207
1.75574e-13	-0.000147389
1.76477e-13	-0.000147572
1.77379e-13	-0.000147754
1.78282e-13	-0.000147936
1.79185e-13	-0.000148118
1.80087e-13	-0.000148301
1.8099e-13	-0.000148483
1.81893e-13	-0.000148665
1.82795e-13	-0.000148847
1.83698e-13	-0.000149029
1.84601e-13	-0.000149211
1.85503e-13	-0.000149393
1.86406e-13	-0.000149575
1.87309e-13	-0.000149757
1.88212e-13	-0.000149939
1.89114e-13	-0.000150121
1.90017e-13	-0.000150303
1.9092e-13	-0.000150485
1.91822e-13	-0.000150666
1.92725e-13	-0.000150848
1.93628e-13	-0.00015103
1.9453e-13	-0.000151211
1.95433e-13	-0.000151393
1.96336e-13	-0.000151575
1.97238e-13	-0.000151756
1.98141e-13	-0.000151937
1.99044e-13	-0.000152119
1.99947e-13	-0.0001523
2.00849e-13	-0.000152482
2.01752e-13	-0.000152663
2.02655e-13	-0.000152844
2.03557e-13	-0.000153025
2.0446e-13	-0.000153206
2.05363e-13	-0.000153387
2.06265e-13	-0.000153568
2.07168e-13	-0.000153749
2.08071e-13	-0.00015393
2.08973e-13	-0.00015411
2.09876e-13	-0.000154291
2.10779e-13	-0.000154472
2.11682e-13	-0.000154652
2.12584e-13	-0.000154833
2.13487e-13	-0.000155013
2.1439e-13	-0.000155194
2.15292e-13	-0.000155374
2.16195e-13	-0.000155554
2.17098e-13	-0.000155734
2.18e-13	-0.000155914
2.18903e-13	-0.000156094
2.19806e-13	-0.000156274
2.20708e-13	-0.000156454
2.21611e-13	-0.000156634
2.22514e-13	-0.000156814
2.23417e-13	-0.000156993
2.24319e-13	-0.000157173
2.25222e-13	-0.000157352
2.26125e-13	-0.000157532
2.27027e-13	-0.000157711
2.2793e-13	-0.00015789
2.28833e-13	-0.000158069
2.29735e-13	-0.000158248
2.30638e-13	-0.000158427
2.31541e-13	-0.000158606
2.32443e-13	-0.000158785
2.33346e-13	-0.000158964
2.34249e-13	-0.000159142
2.35152e-13	-0.000159321
2.36054e-13	-0.000159499
2.36957e-13	-0.000159677
2.3786e-13	-0.000159855
2.38762e-13	-0.000160034
2.39665e-13	-0.000160212
2.40568e-13	-0.000160389
2.4147e-13	-0.000160567
2.42373e-13	-0.000160745
2.43276e-13	-0.000160922
2.44179e-13	-0.0001611
2.45081e-13	-0.000161277
2.45984e-13	-0.000161455
2.46887e-13	-0.000161632
2.47789e-13	-0.000161809
2.48692e-13	-0.000161986
2.49595e-13	-0.000162162
2.50497e-13	-0.000162339
2.514e-13	-0.000162516
2.52303e-13	-0.000162692
2.53205e-13	-0.000162868
2.54108e-13	-0.000163045
2.55011e-13	-0.000163221
2.55914e-13	-0.000163397
2.56816e-13	-0.000163573
2.57719e-13	-0.000163748
2.58622e-13	-0.000163924
2.59524e-13	-0.000164099
2.60427e-13	-0.000164275
2.6133e-13	-0.00016445
2.62232e-13	-0.000164625
2.63135e-13	-0.0001648
2.64038e-13	-0.000164975
2.6494e-13	-0.000165149
2.65843e-13	-0.000165324
2.66746e-13	-0.000165498
2.67649e-13	-0.000165672
2.68551e-13	-0.000165846
2.69454e-13	-0.00016602
2.70357e-13	-0.000166194
2.71259e-13	-0.000166368
2.72162e-13	-0.000166541
2.73065e-13	-0.000166715
2.73967e-13	-0.000166888
2.7487e-13	-0.000167061
2.75773e-13	-0.000167234
2.76675e-13	-0.000167407
2.77578e-13	-0.000167579
2.78481e-13	-0.000167752
2.79384e-13	-0.000167924
2.80286e-13	-0.000168096
2.81189e-13	-0.000168268
2.82092e-13	-0.00016844
2.82994e-13	-0.000168612
2.83897e-13	-0.000168783
2.848e-13	-0.000168955
2.85702e-13	-0.000169126
2.86605e-13	-0.000169297
2.87508e-13	-0.000169467
2.8841e-13	-0.000169638
2.89313e-13	-0.000169809
2.90216e-13	-0.000169979
2.91119e-13	-0.000170149
2.92021e-13	-0.000170319
2.92924e-13	-0.000170489
2.93827e-13	-0.000170658
2.94729e-13	-0.000170828
2.95632e-13	-0.000170997
2.96535e-13	-0.000171166
2.97437e-13	-0.000171335
2.9834e-13	-0.000171503
2.99243e-13	-0.000171672
3.00145e-13	-0.00017184
3.01048e-13	-0.000172008
3.01951e-13	-0.000172176
3.02854e-13	-0.000172344
3.03756e-13	-0.000172511
3.04659e-13	-0.000172679
3.05562e-13	-0.000172846
3.06464e-13	-0.000173013
3.07367e-13	-0.000173179
3.0827e-13	-0.000173346
3.09172e-13	-0.000173512
3.10075e-13	-0.000173678
3.10978e-13	-0.000173844
3.1188e-13	-0.00017401
3.12783e-13	-0.000174175
3.13686e-13	-0.00017434
3.14589e-13	-0.000174506
3.15491e-13	-0.00017467
3.16394e-13	-0.000174835
3.17297e-13	-0.000174999
3.18199e-13	-0.000175163
3.19102e-13	-0.000175327
3.20005e-13	-0.000175491
3.20907e-13	-0.000175655
3.2181e-13	-0.000175818
3.22713e-13	-0.000175981
3.23616e-13	-0.000176144
3.24518e-13	-0.000176306
3.25421e-13	-0.000176468
3.26324e-13	-0.000176631
3.27226e-13	-0.000176792
3.28129e-13	-0.000176954
3.29032e-13	-0.000177115
3.29934e-13	-0.000177277
3.30837e-13	-0.000177437
3.3174e-13	-0.000177598
3.32642e-13	-0.000177758
3.33545e-13	-0.000177919
3.34448e-13	-0.000178079
3.35351e-13	-0.000178238
3.36253e-13	-0.000178398
3.37156e-13	-0.000178557
3.38059e-13	-0.000178716
3.38961e-13	-0.000178874
3.39864e-13	-0.000179033
3.40767e-13	-0.000179191
3.41669e-13	-0.000179348
3.42572e-13	-0.000179506
3.43475e-13	-0.000179663
3.44377e-13	-0.00017982
3.4528e-13	-0.000179977
3.46183e-13	-0.000180134
3.47086e-13	-0.00018029
3.47988e-13	-0.000180446
3.48891e-13	-0.000180602
3.49794e-13	-0.000180757
3.50696e-13	-0.000180912
3.51599e-13	-0.000181067
3.52502e-13	-0.000181221
3.53404e-13	-0.000181376
3.54307e-13	-0.00018153
3.5521e-13	-0.000181683
3.56112e-13	-0.000181837
3.57015e-13	-0.00018199
3.57918e-13	-0.000182143
3.58821e-13	-0.000182295
3.59723e-13	-0.000182447
3.60626e-13	-0.000182599
3.61529e-13	-0.000182751
3.62431e-13	-0.000182902
3.63334e-13	-0.000183053
3.64237e-13	-0.000183204
3.65139e-13	-0.000183354
3.66042e-13	-0.000183504
3.66945e-13	-0.000183654
3.67847e-13	-0.000183804
3.6875e-13	-0.000183953
3.69653e-13	-0.000184102
3.70556e-13	-0.00018425
3.71458e-13	-0.000184398
3.72361e-13	-0.000184546
3.73264e-13	-0.000184694
3.74166e-13	-0.000184841
3.75069e-13	-0.000184988
3.75972e-13	-0.000185134
3.76874e-13	-0.00018528
3.77777e-13	-0.000185426
3.7868e-13	-0.000185572
3.79582e-13	-0.000185717
3.80485e-13	-0.000185862
3.81388e-13	-0.000186006
3.82291e-13	-0.000186151
3.83193e-13	-0.000186294
3.84096e-13	-0.000186438
3.84999e-13	-0.000186581
3.85901e-13	-0.000186724
3.86804e-13	-0.000186866
3.87707e-13	-0.000187008
3.88609e-13	-0.00018715
3.89512e-13	-0.000187291
3.90415e-13	-0.000187432
3.91318e-13	-0.000187573
3.9222e-13	-0.000187713
3.93123e-13	-0.000187853
3.94026e-13	-0.000187993
3.94928e-13	-0.000188132
3.95831e-13	-0.000188271
3.96734e-13	-0.000188409
3.97636e-13	-0.000188547
3.98539e-13	-0.000188685
3.99442e-13	-0.000188822
4.00344e-13	-0.000188959
4.01247e-13	-0.000189095
4.0215e-13	-0.000189232
4.03053e-13	-0.000189367
4.03955e-13	-0.000189503
4.04858e-13	-0.000189638
4.05761e-13	-0.000189772
4.06663e-13	-0.000189906
4.07566e-13	-0.00019004
4.08469e-13	-0.000190173
4.09371e-13	-0.000190306
4.10274e-13	-0.000190439
4.11177e-13	-0.000190571
4.12079e-13	-0.000190703
4.12982e-13	-0.000190834
4.13885e-13	-0.000190965
4.14788e-13	-0.000191095
4.1569e-13	-0.000191226
4.16593e-13	-0.000191355
4.17496e-13	-0.000191484
4.18398e-13	-0.000191613
4.19301e-13	-0.000191742
4.20204e-13	-0.00019187
4.21106e-13	-0.000191997
4.22009e-13	-0.000192124
4.22912e-13	-0.000192251
4.23814e-13	-0.000192377
4.24717e-13	-0.000192503
4.2562e-13	-0.000192628
4.26523e-13	-0.000192753
4.27425e-13	-0.000192877
4.28328e-13	-0.000193001
4.29231e-13	-0.000193125
4.30133e-13	-0.000193248
4.31036e-13	-0.000193371
4.31939e-13	-0.000193493
4.32841e-13	-0.000193615
4.33744e-13	-0.000193736
4.34647e-13	-0.000193857
4.35549e-13	-0.000193977
4.36452e-13	-0.000194097
4.37355e-13	-0.000194216
4.38258e-13	-0.000194335
4.3916e-13	-0.000194454
4.40063e-13	-0.000194572
4.40966e-13	-0.000194689
4.41868e-13	-0.000194806
4.42771e-13	-0.000194923
4.43674e-13	-0.000195039
4.44576e-13	-0.000195154
4.45479e-13	-0.00019527
4.46382e-13	-0.000195384
4.47284e-13	-0.000195498
4.48187e-13	-0.000195612
4.4909e-13	-0.000195725
4.49993e-13	-0.000195837
4.50895e-13	-0.00019595
4.51798e-13	-0.000196061
4.52701e-13	-0.000196172
4.53603e-13	-0.000196283
4.54506e-13	-0.000196393
4.55409e-13	-0.000196502
4.56311e-13	-0.000196611
4.57214e-13	-0.00019672
4.58117e-13	-0.000196828
4.59019e-13	-0.000196935
4.59922e-13	-0.000197042
4.60825e-13	-0.000197149
4.61728e-13	-0.000197255
4.6263e-13	-0.00019736
4.63533e-13	-0.000197465
4.64436e-13	-0.000197569
4.65338e-13	-0.000197673
4.66241e-13	-0.000197776
4.67144e-13	-0.000197878
4.68046e-13	-0.000197981
4.68949e-13	-0.000198082
4.69852e-13	-0.000198183
4.70755e-13	-0.000198283
4.71657e-13	-0.000198383
4.7256e-13	-0.000198483
4.73463e-13	-0.000198581
4.74365e-13	-0.00019868
4.75268e-13	-0.000198777
4.76171e-13	-0.000198874
4.77073e-13	-0.000198971
4.77976e-13	-0.000199067
4.78879e-13	-0.000199162
4.79781e-13	-0.000199257
4.80684e-13	-0.000199351
4.81587e-13	-0.000199444
4.8249e-13	-0.000199537
4.83392e-13	-0.00019963
4.84295e-13	-0.000199721
4.85198e-13	-0.000199813
4.861e-13	-0.000199903
4.87003e-13	-0.000199993
4.87906e-13	-0.000200083
4.88808e-13	-0.000200171
4.89711e-13	-0.000200259
4.90614e-13	-0.000200347
4.91516e-13	-0.000200434
4.92419e-13	-0.00020052
4.93322e-13	-0.000200606
4.94225e-13	-0.000200691
4.95127e-13	-0.000200776
4.9603e-13	-0.00020086
4.96933e-13	-0.000200943
4.97835e-13	-0.000201025
4.98738e-13	-0.000201107
4.99641e-13	-0.000201189
5.00543e-13	-0.000201269
5.01446e-13	-0.000201349
5.02349e-13	-0.000201429
5.03251e-13	-0.000201507
5.04154e-13	-0.000201586
5.05057e-13	-0.000201663
5.0596e-13	-0.00020174
5.06862e-13	-0.000201816
5.07765e-13	-0.000201891
5.08668e-13	-0.000201966
5.0957e-13	-0.00020204
5.10473e-13	-0.000202114
5.11376e-13	-0.000202187
5.12278e-13	-0.000202259
5.13181e-13	-0.00020233
5.14084e-13	-0.000202401
5.14986e-13	-0.000202471
5.15889e-13	-0.00020254
5.16792e-13	-0.000202609
5.17695e-13	-0.000202677
5.18597e-13	-0.000202744
5.195e-13	-0.000202811
5.20403e-13	-0.000202877
5.21305e-13	-0.000202942
5.22208e-13	-0.000203007
5.23111e-13	-0.000203071
5.24013e-13	-0.000203134
5.24916e-13	-0.000203196
5.25819e-13	-0.000203258
5.26721e-13	-0.000203319
5.27624e-13	-0.000203379
5.28527e-13	-0.000203439
5.2943e-13	-0.000203497
5.30332e-13	-0.000203555
5.31235e-13	-0.000203613
5.32138e-13	-0.000203669
5.3304e-13	-0.000203725
5.33943e-13	-0.00020378
5.34846e-13	-0.000203835
5.35748e-13	-0.000203888
5.36651e-13	-0.000203941
5.37554e-13	-0.000203993
5.38456e-13	-0.000204045
5.39359e-13	-0.000204095
5.40262e-13	-0.000204145
5.41165e-13	-0.000204194
5.42067e-13	-0.000204243
5.4297e-13	-0.00020429
5.43873e-13	-0.000204337
5.44775e-13	-0.000204383
5.45678e-13	-0.000204428
5.46581e-13	-0.000204472
5.47483e-13	-0.000204516
5.48386e-13	-0.000204559
5.49289e-13	-0.000204601
5.50192e-13	-0.000204642
5.51094e-13	-0.000204683
5.51997e-13	-0.000204723
5.529e-13	-0.000204761
5.53802e-13	-0.0002048
5.54705e-13	-0.000204837
5.55608e-13	-0.000204873
5.5651e-13	-0.000204909
5.57413e-13	-0.000204944
5.58316e-13	-0.000204978
5.59218e-13	-0.000205011
5.60121e-13	-0.000205043
5.61024e-13	-0.000205075
5.61927e-13	-0.000205105
5.62829e-13	-0.000205135
5.63732e-13	-0.000205164
5.64635e-13	-0.000205192
5.65537e-13	-0.00020522
5.6644e-13	-0.000205246
5.67343e-13	-0.000205272
5.68245e-13	-0.000205297
5.69148e-13	-0.000205321
5.70051e-13	-0.000205344
5.70953e-13	-0.000205366
5.71856e-13	-0.000205387
5.72759e-13	-0.000205408
5.73662e-13	-0.000205427
5.74564e-13	-0.000205446
5.75467e-13	-0.000205464
5.7637e-13	-0.000205481
5.77272e-13	-0.000205497
5.78175e-13	-0.000205512
5.79078e-13	-0.000205526
5.7998e-13	-0.00020554
5.80883e-13	-0.000205552
5.81786e-13	-0.000205564
5.82688e-13	-0.000205574
5.83591e-13	-0.000205584
5.84494e-13	-0.000205593
5.85397e-13	-0.000205601
5.86299e-13	-0.000205608
5.87202e-13	-0.000205614
5.88105e-13	-0.000205619
5.89007e-13	-0.000205623
5.8991e-13	-0.000205627
5.90813e-13	-0.000205629
5.91715e-13	-0.00020563
5.92618e-13	-0.000205631
5.93521e-13	-0.00020563
5.94423e-13	-0.000205629
5.95326e-13	-0.000205627
5.96229e-13	-0.000205623
5.97132e-13	-0.000205619
5.98034e-13	-0.000205614
5.98937e-13	-0.000205608
5.9984e-13	-0.000205601
6.00742e-13	-0.000205592
6.01645e-13	-0.000205583
6.02548e-13	-0.000205573
6.0345e-13	-0.000205562
6.04353e-13	-0.00020555
6.05256e-13	-0.000205537
6.06158e-13	-0.000205523
6.07061e-13	-0.000205508
6.07964e-13	-0.000205492
6.08867e-13	-0.000205475
6.09769e-13	-0.000205457
6.10672e-13	-0.000205438
6.11575e-13	-0.000205418
6.12477e-13	-0.000205397
6.1338e-13	-0.000205375
6.14283e-13	-0.000205352
6.15185e-13	-0.000205327
6.16088e-13	-0.000205302
6.16991e-13	-0.000205276
6.17893e-13	-0.000205249
6.18796e-13	-0.00020522
6.19699e-13	-0.000205191
6.20602e-13	-0.000205161
6.21504e-13	-0.000205129
6.22407e-13	-0.000205097
6.2331e-13	-0.000205063
6.24212e-13	-0.000205029
6.25115e-13	-0.000204993
6.26018e-13	-0.000204956
6.2692e-13	-0.000204919
6.27823e-13	-0.00020488
6.28726e-13	-0.00020484
6.29629e-13	-0.000204799
6.30531e-13	-0.000204757
6.31434e-13	-0.000204713
6.32337e-13	-0.000204669
6.33239e-13	-0.000204624
6.34142e-13	-0.000204577
6.35045e-13	-0.000204529
6.35947e-13	-0.000204481
6.3685e-13	-0.000204431
6.37753e-13	-0.00020438
6.38655e-13	-0.000204328
6.39558e-13	-0.000204275
6.40461e-13	-0.00020422
6.41364e-13	-0.000204165
6.42266e-13	-0.000204108
6.43169e-13	-0.000204051
6.44072e-13	-0.000203992
6.44974e-13	-0.000203932
6.45877e-13	-0.000203871
6.4678e-13	-0.000203808
6.47682e-13	-0.000203745
6.48585e-13	-0.00020368
6.49488e-13	-0.000203614
6.5039e-13	-0.000203547
6.51293e-13	-0.000203479
6.52196e-13	-0.00020341
6.53099e-13	-0.000203339
6.54001e-13	-0.000203268
6.54904e-13	-0.000203195
6.55807e-13	-0.000203121
6.56709e-13	-0.000203046
6.57612e-13	-0.000202969
6.58515e-13	-0.000202892
6.59417e-13	-0.000202813
6.6032e-13	-0.000202733
6.61223e-13	-0.000202651
6.62125e-13	-0.000202569
6.63028e-13	-0.000202485
6.63931e-13	-0.0002024
6.64834e-13	-0.000202314
6.65736e-13	-0.000202227
6.66639e-13	-0.000202138
6.67542e-13	-0.000202048
6.68444e-13	-0.000201957
6.69347e-13	-0.000201865
6.7025e-13	-0.000201771
6.71152e-13	-0.000201676
6.72055e-13	-0.00020158
6.72958e-13	-0.000201483
6.7386e-13	-0.000201384
6.74763e-13	-0.000201284
6.75666e-13	-0.000201183
6.76569e-13	-0.00020108
6.77471e-13	-0.000200976
6.78374e-13	-0.000200871
6.79277e-13	-0.000200765
6.80179e-13	-0.000200657
6.81082e-13	-0.000200548
6.81985e-13	-0.000200438
6.82887e-13	-0.000200327
6.8379e-13	-0.000200214
6.84693e-13	-0.000200099
6.85595e-13	-0.000199984
6.86498e-13	-0.000199867
6.87401e-13	-0.000199749
6.88304e-13	-0.000199629
6.89206e-13	-0.000199508
6.90109e-13	-0.000199386
6.91012e-13	-0.000199263
6.91914e-13	-0.000199138
6.92817e-13	-0.000199012
6.9372e-13	-0.000198884
6.94622e-13	-0.000198755
6.95525e-13	-0.000198625
6.96428e-13	-0.000198493
6.9733e-13	-0.00019836
6.98233e-13	-0.000198225
6.99136e-13	-0.00019809
7.00039e-13	-0.000197952
7.00941e-13	-0.000197814
7.01844e-13	-0.000197674
7.02747e-13	-0.000197532
7.03649e-13	-0.000197389
7.04552e-13	-0.000197245
7.05455e-13	-0.0001971
7.06357e-13	-0.000196953
7.0726e-13	-0.000196804
7.08163e-13	-0.000196654
7.09066e-13	-0.000196503
7.09968e-13	-0.00019635
7.10871e-13	-0.000196196
7.11774e-13	-0.00019604
7.12676e-13	-0.000195883
7.13579e-13	-0.000195725
7.14482e-13	-0.000195565
7.15384e-13	-0.000195403
7.16287e-13	-0.00019524
7.1719e-13	-0.000195076
7.18092e-13	-0.00019491
7.18995e-13	-0.000194743
7.19898e-13	-0.000194574
7.20801e-13	-0.000194403
7.21703e-13	-0.000194232
7.22606e-13	-0.000194058
7.23509e-13	-0.000193884
7.24411e-13	-0.000193707
7.25314e-13	-0.000193529
7.26217e-13	-0.00019335
7.27119e-13	-0.000193169
7.28022e-13	-0.000192987
7.28925e-13	-0.000192803
7.29827e-13	-0.000192618
7.3073e-13	-0.000192431
7.31633e-13	-0.000192242
7.32536e-13	-0.000192052
7.33438e-13	-0.00019186
7.34341e-13	-0.000191667
7.35244e-13	-0.000191473
7.36146e-13	-0.000191276
7.37049e-13	-0.000191079
7.37952e-13	-0.000190879
7.38854e-13	-0.000190678
7.39757e-13	-0.000190476
7.4066e-13	-0.000190272
7.41562e-13	-0.000190066
7.42465e-13	-0.000189858
7.43368e-13	-0.00018965
7.44271e-13	-0.000189439
7.45173e-13	-0.000189227
7.46076e-13	-0.000189013
7.46979e-13	-0.000188798
7.47881e-13	-0.000188581
7.48784e-13	-0.000188362
7.49687e-13	-0.000188142
7.50589e-13	-0.00018792
7.51492e-13	-0.000187697
7.52395e-13	-0.000187471
7.53297e-13	-0.000187245
7.542e-13	-0.000187016
7.55103e-13	-0.000186786
7.56006e-13	-0.000186554
7.56908e-13	-0.000186321
7.57811e-13	-0.000186086
7.58714e-13	-0.000185849
7.59616e-13	-0.00018561
7.60519e-13	-0.00018537
7.61422e-13	-0.000185128
7.62324e-13	-0.000184885
7.63227e-13	-0.000184639
7.6413e-13	-0.000184393
7.65032e-13	-0.000184144
7.65935e-13	-0.000183893
7.66838e-13	-0.000183641
7.67741e-13	-0.000183387
7.68643e-13	-0.000183132
7.69546e-13	-0.000182875
7.70449e-13	-0.000182616
7.71351e-13	-0.000182355
7.72254e-13	-0.000182092
7.73157e-13	-0.000181828
7.74059e-13	-0.000181562
7.74962e-13	-0.000181294
7.75865e-13	-0.000181024
7.76767e-13	-0.000180753
7.7767e-13	-0.00018048
7.78573e-13	-0.000180205
7.79476e-13	-0.000179928
7.80378e-13	-0.00017965
7.81281e-13	-0.000179369
7.82184e-13	-0.000179087
7.83086e-13	-0.000178803
7.83989e-13	-0.000178518
7.84892e-13	-0.00017823
7.85794e-13	-0.000177941
7.86697e-13	-0.000177649
7.876e-13	-0.000177356
7.88503e-13	-0.000177061
7.89405e-13	-0.000176765
7.90308e-13	-0.000176466
7.91211e-13	-0.000176166
7.92113e-13	-0.000175863
7.93016e-13	-0.000175559
7.93919e-13	-0.000175253
7.94821e-13	-0.000174945
7.95724e-13	-0.000174635
7.96627e-13	-0.000174324
7.97529e-13	-0.00017401
7.98432e-13	-0.000173695
7.99335e-13	-0.000173377
8.00238e-13	-0.000173058
8.0114e-13	-0.000172737
8.02043e-13	-0.000172414
8.02946e-13	-0.000172089
8.03848e-13	-0.000171762
8.04751e-13	-0.000171433
8.05654e-13	-0.000171102
8.06556e-13	-0.000170769
8.07459e-13	-0.000170435
8.08362e-13	-0.000170098
8.09264e-13	-0.000169759
8.10167e-13	-0.000169419
8.1107e-13	-0.000169076
8.11973e-13	-0.000168732
8.12875e-13	-0.000168385
8.13778e-13	-0.000168037
8.14681e-13	-0.000167686
8.15583e-13	-0.000167334
8.16486e-13	-0.00016698
8.17389e-13	-0.000166623
8.18291e-13	-0.000166265
8.19194e-13	-0.000165904
8.20097e-13	-0.000165542
8.20999e-13	-0.000165177
8.21902e-13	-0.00016481
8.22805e-13	-0.000164442
8.23708e-13	-0.000164071
8.2461e-13	-0.000163699
8.25513e-13	-0.000163324
8.26416e-13	-0.000162947
8.27318e-13	-0.000162568
8.28221e-13	-0.000162187
8.29124e-13	-0.000161804
8.30026e-13	-0.000161419
8.30929e-13	-0.000161032
8.31832e-13	-0.000160643
8.32734e-13	-0.000160251
8.33637e-13	-0.000159858
8.3454e-13	-0.000159462
8.35443e-13	-0.000159065
8.36345e-13	-0.000158665
8.37248e-13	-0.000158263
8.38151e-13	-0.000157859
8.39053e-13	-0.000157453
8.39956e-13	-0.000157044
8.40859e-13	-0.000156634
8.41761e-13	-0.000156221
8.42664e-13	-0.000155806
8.43567e-13	-0.000155389
8.44469e-13	-0.00015497
8.45372e-13	-0.000154549
8.46275e-13	-0.000154126
8.47178e-13	-0.0001537
8.4808e-13	-0.000153272
8.48983e-13	-0.000152842
8.49886e-13	-0.00015241
8.50788e-13	-0.000151975
8.51691e-13	-0.000151539
8.52594e-13	-0.0001511
8.53496e-13	-0.000150659
8.54399e-13	-0.000150215
8.55302e-13	-0.00014977
8.56204e-13	-0.000149322
8.57107e-13	-0.000148872
8.5801e-13	-0.000148419
8.58913e-13	-0.000147965
8.59815e-13	-0.000147508
8.60718e-13	-0.000147049
8.61621e-13	-0.000146588
8.62523e-13	-0.000146124
8.63426e-13	-0.000145658
8.64329e-13	-0.00014519
8.65231e-13	-0.000144719
8.66134e-13	-0.000144246
8.67037e-13	-0.000143771
8.6794e-13	-0.000143294
8.68842e-13	-0.000142814
8.69745e-13	-0.000142332
8.70648e-13	-0.000141847
8.7155e-13	-0.00014136
8.72453e-13	-0.000140871
8.73356e-13	-0.00014038
8.74258e-13	-0.000139886
8.75161e-13	-0.00013939
8.76064e-13	-0.000138891
8.76966e-13	-0.00013839
8.77869e-13	-0.000137887
8.78772e-13	-0.000137381
8.79675e-13	-0.000136873
8.80577e-13	-0.000136362
8.8148e-13	-0.000135849
8.82383e-13	-0.000135334
8.83285e-13	-0.000134816
8.84188e-13	-0.000134296
8.85091e-13	-0.000133773
8.85993e-13	-0.000133248
8.86896e-13	-0.000132721
8.87799e-13	-0.000132191
8.88701e-13	-0.000131658
8.89604e-13	-0.000131124
8.90507e-13	-0.000130586
8.9141e-13	-0.000130046
8.92312e-13	-0.000129504
8.93215e-13	-0.000128959
8.94118e-13	-0.000128412
8.9502e-13	-0.000127862
8.95923e-13	-0.00012731
8.96826e-13	-0.000126755
8.97728e-13	-0.000126198
8.98631e-13	-0.000125638
8.99534e-13	-0.000125076
9.00436e-13	-0.000124511
9.01339e-13	-0.000123944
9.02242e-13	-0.000123374
9.03145e-13	-0.000122801
9.04047e-13	-0.000122226
9.0495e-13	-0.000121649
9.05853e-13	-0.000121068
9.06755e-13	-0.000120486
9.07658e-13	-0.0001199
9.08561e-13	-0.000119312
9.09463e-13	-0.000118722
9.10366e-13	-0.000118129
9.11269e-13	-0.000117533
9.12171e-13	-0.000116935
9.13074e-13	-0.000116334
9.13977e-13	-0.00011573
9.1488e-13	-0.000115124
9.15782e-13	-0.000114515
9.16685e-13	-0.000113904
9.17588e-13	-0.000113289
9.1849e-13	-0.000112673
9.19393e-13	-0.000112053
9.20296e-13	-0.000111431
9.21198e-13	-0.000110806
9.22101e-13	-0.000110179
9.23004e-13	-0.000109548
9.23906e-13	-0.000108916
9.24809e-13	-0.00010828
9.25712e-13	-0.000107642
9.26615e-13	-0.000107001
9.27517e-13	-0.000106357
9.2842e-13	-0.00010571
9.29323e-13	-0.000105061
9.30225e-13	-0.000104409
9.31128e-13	-0.000103755
9.32031e-13	-0.000103097
9.32933e-13	-0.000102437
9.33836e-13	-0.000101774
9.34739e-13	-0.000101108
9.35641e-13	-0.00010044
9.36544e-13	-9.97682e-05
9.37447e-13	-9.90941e-05
9.3835e-13	-9.84172e-05
9.39252e-13	-9.77375e-05
9.40155e-13	-9.70549e-05
9.41058e-13	-9.63696e-05
9.4196e-13	-9.56814e-05
9.42863e-13	-9.49904e-05
9.43766e-13	-9.42965e-05
9.44668e-13	-9.35998e-05
9.45571e-13	-9.29002e-05
9.46474e-13	-9.21978e-05
9.47377e-13	-9.14925e-05
9.48279e-13	-9.07844e-05
9.49182e-13	-9.00733e-05
9.50085e-13	-8.93594e-05
9.50987e-13	-8.86426e-05
9.5189e-13	-8.79228e-05
9.52793e-13	-8.72002e-05
9.53695e-13	-8.64747e-05
9.54598e-13	-8.57462e-05
9.55501e-13	-8.50148e-05
9.56403e-13	-8.42805e-05
9.57306e-13	-8.35433e-05
9.58209e-13	-8.2803e-05
9.59112e-13	-8.20599e-05
9.60014e-13	-8.13138e-05
9.60917e-13	-8.05647e-05
9.6182e-13	-7.98126e-05
9.62722e-13	-7.90576e-05
9.63625e-13	-7.82995e-05
9.64528e-13	-7.75385e-05
9.6543e-13	-7.67744e-05
9.66333e-13	-7.60074e-05
9.67236e-13	-7.52374e-05
9.68138e-13	-7.44643e-05
9.69041e-13	-7.36882e-05
9.69944e-13	-7.2909e-05
9.70847e-13	-7.21268e-05
9.71749e-13	-7.13416e-05
9.72652e-13	-7.05533e-05
9.73555e-13	-6.97619e-05
9.74457e-13	-6.89675e-05
9.7536e-13	-6.817e-05
9.76263e-13	-6.73694e-05
9.77165e-13	-6.65657e-05
9.78068e-13	-6.57589e-05
9.78971e-13	-6.49491e-05
9.79873e-13	-6.4136e-05
9.80776e-13	-6.33199e-05
9.81679e-13	-6.25007e-05
9.82582e-13	-6.16783e-05
9.83484e-13	-6.08528e-05
9.84387e-13	-6.00241e-05
9.8529e-13	-5.91923e-05
9.86192e-13	-5.83573e-05
9.87095e-13	-5.75191e-05
9.87998e-13	-5.66778e-05
9.889e-13	-5.58333e-05
9.89803e-13	-5.49856e-05
9.90706e-13	-5.41346e-05
9.91608e-13	-5.32805e-05
9.92511e-13	-5.24232e-05
9.93414e-13	-5.15627e-05
9.94317e-13	-5.06989e-05
9.95219e-13	-4.98319e-05
9.96122e-13	-4.89616e-05
9.97025e-13	-4.80881e-05
9.97927e-13	-4.72114e-05
9.9883e-13	-4.63314e-05
9.99733e-13	-4.54481e-05
1.00064e-12	-4.45615e-05
1.00154e-12	-4.36717e-05
1.00244e-12	-4.27786e-05
1.00334e-12	-4.18821e-05
1.00425e-12	-4.09824e-05
1.00515e-12	-4.00793e-05
1.00605e-12	-3.9173e-05
1.00695e-12	-3.82633e-05
1.00786e-12	-3.73502e-05
1.00876e-12	-3.64339e-05
1.00966e-12	-3.55141e-05
1.01057e-12	-3.4591e-05
1.01147e-12	-3.36646e-05
1.01237e-12	-3.27348e-05
1.01327e-12	-3.18016e-05
1.01418e-12	-3.0865e-05
1.01508e-12	-2.9925e-05
1.01598e-12	-2.89816e-05
1.01688e-12	-2.80348e-05
1.01779e-12	-2.70846e-05
1.01869e-12	-2.6131e-05
1.01959e-12	-2.51739e-05
1.02049e-12	-2.42134e-05
1.0214e-12	-2.32495e-05
1.0223e-12	-2.22821e-05
1.0232e-12	-2.13112e-05
1.02411e-12	-2.03369e-05
1.02501e-12	-1.9359e-05
1.02591e-12	-1.83778e-05
1.02681e-12	-1.7393e-05
1.02772e-12	-1.64047e-05
1.02862e-12	-1.54129e-05
1.02952e-12	-1.44176e-05
1.03042e-12	-1.34188e-05
1.03133e-12	-1.24164e-05
1.03223e-12	-1.14105e-05
1.03313e-12	-1.04011e-05
1.03404e-12	-9.3881e-06
1.03494e-12	-8.37155e-06
1.03584e-12	-7.35144e-06
1.03674e-12	-6.32775e-06
1.03765e-12	-5.30048e-06
1.03855e-12	-4.26962e-06
1.03945e-12	-3.23516e-06
1.04035e-12	-2.1971e-06
1.04126e-12	-1.15542e-06
1.04216e-12	-1.10127e-07
1.04306e-12	9.38799e-07
1.04396e-12	1.99136e-06
1.04487e-12	3.04757e-06
1.04577e-12	4.10742e-06
1.04667e-12	5.17094e-06
1.04758e-12	6.23812e-06
1.04848e-12	7.30898e-06
1.04938e-12	8.38352e-06
1.05028e-12	9.46176e-06
1.05119e-12	1.05437e-05
1.05209e-12	1.16293e-05
1.05299e-12	1.27187e-05
1.05389e-12	1.38117e-05
1.0548e-12	1.49085e-05
1.0557e-12	1.60091e-05
1.0566e-12	1.71134e-05
1.05751e-12	1.82214e-05
1.05841e-12	1.93332e-05
1.05931e-12	2.04488e-05
1.06021e-12	2.15681e-05
1.06112e-12	2.26912e-05
1.06202e-12	2.38182e-05
1.06292e-12	2.49489e-05
1.06382e-12	2.60834e-05
1.06473e-12	2.72218e-05
1.06563e-12	2.83639e-05
1.06653e-12	2.95099e-05
1.06743e-12	3.06598e-05
1.06834e-12	3.18135e-05
1.06924e-12	3.2971e-05
1.07014e-12	3.41324e-05
1.07105e-12	3.52977e-05
1.07195e-12	3.64669e-05
1.07285e-12	3.76399e-05
1.07375e-12	3.88169e-05
1.07466e-12	3.99977e-05
1.07556e-12	4.11825e-05
1.07646e-12	4.23712e-05
1.07736e-12	4.35638e-05
1.07827e-12	4.47603e-05
1.07917e-12	4.59608e-05
1.08007e-12	4.71653e-05
1.08098e-12	4.83737e-05
1.08188e-12	4.9586e-05
1.08278e-12	5.08024e-05
1.08368e-12	5.20227e-05
1.08459e-12	5.32471e-05
1.08549e-12	5.44754e-05
1.08639e-12	5.57077e-05
1.08729e-12	5.69441e-05
1.0882e-12	5.81845e-05
1.0891e-12	5.94289e-05
1.09e-12	6.06774e-05
1.0909e-12	6.19299e-05
1.09181e-12	6.31865e-05
1.09271e-12	6.44471e-05
1.09361e-12	6.57118e-05
1.09452e-12	6.69806e-05
1.09542e-12	6.82535e-05
1.09632e-12	6.95305e-05
1.09722e-12	7.08116e-05
1.09813e-12	7.20969e-05
1.09903e-12	7.33862e-05
1.09993e-12	7.46797e-05
1.10083e-12	7.59773e-05
1.10174e-12	7.72791e-05
1.10264e-12	7.8585e-05
1.10354e-12	7.98951e-05
1.10445e-12	8.12094e-05
1.10535e-12	8.25278e-05
1.10625e-12	8.38505e-05
1.10715e-12	8.51773e-05
1.10806e-12	8.65084e-05
1.10896e-12	8.78437e-05
1.10986e-12	8.91832e-05
1.11076e-12	9.05269e-05
1.11167e-12	9.18749e-05
1.11257e-12	9.32271e-05
1.11347e-12	9.45836e-05
1.11437e-12	9.59444e-05
1.11528e-12	9.73094e-05
1.11618e-12	9.86787e-05
1.11708e-12	0.000100052
1.11799e-12	0.00010143
1.11889e-12	0.000102812
1.11979e-12	0.000104199
1.12069e-12	0.00010559
1.1216e-12	0.000106985
1.1225e-12	0.000108385
1.1234e-12	0.000109789
1.1243e-12	0.000111197
1.12521e-12	0.00011261
1.12611e-12	0.000114027
1.12701e-12	0.000115448
1.12792e-12	0.000116874
1.12882e-12	0.000118304
1.12972e-12	0.000119739
1.13062e-12	0.000121178
1.13153e-12	0.000122621
1.13243e-12	0.000124069
1.13333e-12	0.000125521
1.13423e-12	0.000126978
1.13514e-12	0.000128439
1.13604e-12	0.000129905
1.13694e-12	0.000131376
1.13784e-12	0.00013285
1.13875e-12	0.000134329
1.13965e-12	0.000135813
1.14055e-12	0.000137302
1.14146e-12	0.000138794
1.14236e-12	0.000140292
1.14326e-12	0.000141794
1.14416e-12	0.0001433
1.14507e-12	0.000144811
1.14597e-12	0.000146326
1.14687e-12	0.000147847
1.14777e-12	0.000149371
1.14868e-12	0.000150901
1.14958e-12	0.000152435
1.15048e-12	0.000153973
1.15139e-12	0.000155516
1.15229e-12	0.000157064
1.15319e-12	0.000158617
1.15409e-12	0.000160174
1.155e-12	0.000161735
1.1559e-12	0.000163302
1.1568e-12	0.000164873
1.1577e-12	0.000166449
1.15861e-12	0.000168029
1.15951e-12	0.000169614
1.16041e-12	0.000171204
1.16131e-12	0.000172799
1.16222e-12	0.000174398
1.16312e-12	0.000176002
1.16402e-12	0.000177611
1.16493e-12	0.000179225
1.16583e-12	0.000180843
1.16673e-12	0.000182466
1.16763e-12	0.000184094
1.16854e-12	0.000185727
1.16944e-12	0.000187365
1.17034e-12	0.000189007
1.17124e-12	0.000190654
1.17215e-12	0.000192306
1.17305e-12	0.000193963
1.17395e-12	0.000195625
1.17486e-12	0.000197291
1.17576e-12	0.000198963
1.17666e-12	0.000200639
1.17756e-12	0.00020232
1.17847e-12	0.000204006
1.17937e-12	0.000205697
1.18027e-12	0.000207393
1.18117e-12	0.000209094
1.18208e-12	0.0002108
1.18298e-12	0.00021251
1.18388e-12	0.000214226
1.18478e-12	0.000215947
1.18569e-12	0.000217672
1.18659e-12	0.000219403
1.18749e-12	0.000221138
1.1884e-12	0.000222879
1.1893e-12	0.000224624
1.1902e-12	0.000226375
1.1911e-12	0.00022813
1.19201e-12	0.000229891
1.19291e-12	0.000231657
1.19381e-12	0.000233427
1.19471e-12	0.000235203
1.19562e-12	0.000236984
1.19652e-12	0.00023877
1.19742e-12	0.000240561
1.19833e-12	0.000242357
1.19923e-12	0.000244158
1.20013e-12	0.000245964
1.20103e-12	0.000247776
1.20194e-12	0.000249592
1.20284e-12	0.000251414
1.20374e-12	0.000253241
1.20464e-12	0.000255073
1.20555e-12	0.00025691
1.20645e-12	0.000258753
1.20735e-12	0.0002606
1.20825e-12	0.000262453
1.20916e-12	0.000264311
1.21006e-12	0.000266174
1.21096e-12	0.000268043
1.21187e-12	0.000269916
1.21277e-12	0.000271795
1.21367e-12	0.00027368
1.21457e-12	0.000275569
1.21548e-12	0.000277464
1.21638e-12	0.000279364
1.21728e-12	0.000281269
1.21818e-12	0.00028318
1.21909e-12	0.000285096
1.21999e-12	0.000287017
1.22089e-12	0.000288944
1.2218e-12	0.000290876
1.2227e-12	0.000292813
1.2236e-12	0.000294756
1.2245e-12	0.000296704
1.22541e-12	0.000298657
1.22631e-12	0.000300616
1.22721e-12	0.00030258
1.22811e-12	0.00030455
1.22902e-12	0.000306525
1.22992e-12	0.000308505
1.23082e-12	0.000310491
1.23172e-12	0.000312483
1.23263e-12	0.00031448
1.23353e-12	0.000316482
1.23443e-12	0.00031849
1.23534e-12	0.000320503
1.23624e-12	0.000322522
1.23714e-12	0.000324546
1.23804e-12	0.000326576
1.23895e-12	0.000328611
1.23985e-12	0.000330652
1.24075e-12	0.000332699
1.24165e-12	0.000334751
1.24256e-12	0.000336808
1.24346e-12	0.000338871
1.24436e-12	0.00034094
1.24527e-12	0.000343015
1.24617e-12	0.000345095
1.24707e-12	0.00034718
1.24797e-12	0.000349271
1.24888e-12	0.000351368
1.24978e-12	0.000353471
1.25068e-12	0.000355579
1.25158e-12	0.000357692
1.25249e-12	0.000359812
1.25339e-12	0.000361937
1.25429e-12	0.000364068
1.25519e-12	0.000366205
1.2561e-12	0.000368347
1.257e-12	0.000370495
1.2579e-12	0.000372649
1.25881e-12	0.000374808
1.25971e-12	0.000376973
1.26061e-12	0.000379144
1.26151e-12	0.000381321
1.26242e-12	0.000383504
1.26332e-12	0.000385692
1.26422e-12	0.000387886
1.26512e-12	0.000390086
1.26603e-12	0.000392292
1.26693e-12	0.000394504
1.26783e-12	0.000396721
1.26874e-12	0.000398944
1.26964e-12	0.000401174
1.27054e-12	0.000403409
1.27144e-12	0.00040565
1.27235e-12	0.000407897
1.27325e-12	0.000410149
1.27415e-12	0.000412408
1.27505e-12	0.000414673
1.27596e-12	0.000416943
1.27686e-12	0.00041922
1.27776e-12	0.000421502
1.27866e-12	0.000423791
1.27957e-12	0.000426085
1.28047e-12	0.000428385
1.28137e-12	0.000430692
1.28228e-12	0.000433004
1.28318e-12	0.000435323
1.28408e-12	0.000437647
1.28498e-12	0.000439977
1.28589e-12	0.000442314
1.28679e-12	0.000444657
1.28769e-12	0.000447005
1.28859e-12	0.00044936
1.2895e-12	0.000451721
1.2904e-12	0.000454088
1.2913e-12	0.000456461
1.29221e-12	0.00045884
1.29311e-12	0.000461225
1.29401e-12	0.000463617
1.29491e-12	0.000466014
1.29582e-12	0.000468418
1.29672e-12	0.000470828
1.29762e-12	0.000473244
1.29852e-12	0.000475666
1.29943e-12	0.000478095
1.30033e-12	0.000480529
1.30123e-12	0.00048297
1.30213e-12	0.000485417
1.30304e-12	0.000487871
1.30394e-12	0.00049033
1.30484e-12	0.000492796
1.30575e-12	0.000495268
1.30665e-12	0.000497747
1.30755e-12	0.000500232
1.30845e-12	0.000502723
1.30936e-12	0.00050522
1.31026e-12	0.000507724
1.31116e-12	0.000510234
1.31206e-12	0.00051275
1.31297e-12	0.000515273
1.31387e-12	0.000517802
1.31477e-12	0.000520338
1.31568e-12	0.00052288
1.31658e-12	0.000525428
1.31748e-12	0.000527983
1.31838e-12	0.000530544
1.31929e-12	0.000533111
1.32019e-12	0.000535685
1.32109e-12	0.000538266
1.32199e-12	0.000540853
1.3229e-12	0.000543446
1.3238e-12	0.000546046
1.3247e-12	0.000548652
1.3256e-12	0.000551265
1.32651e-12	0.000553884
1.32741e-12	0.00055651
1.32831e-12	0.000559143
1.32922e-12	0.000561782
1.33012e-12	0.000564427
1.33102e-12	0.000567079
1.33192e-12	0.000569738
1.33283e-12	0.000572403
1.33373e-12	0.000575075
1.33463e-12	0.000577754
1.33553e-12	0.000580439
1.33644e-12	0.00058313
1.33734e-12	0.000585829
1.33824e-12	0.000588534
1.33915e-12	0.000591246
1.34005e-12	0.000593964
1.34095e-12	0.000596689
1.34185e-12	0.000599421
1.34276e-12	0.000602159
1.34366e-12	0.000604904
1.34456e-12	0.000607656
1.34546e-12	0.000610415
1.34637e-12	0.00061318
1.34727e-12	0.000615952
1.34817e-12	0.000618731
1.34907e-12	0.000621517
1.34998e-12	0.000624309
1.35088e-12	0.000627109
1.35178e-12	0.000629915
1.35269e-12	0.000632728
1.35359e-12	0.000635548
1.35449e-12	0.000638374
1.35539e-12	0.000641208
1.3563e-12	0.000644048
1.3572e-12	0.000646895
1.3581e-12	0.000649749
1.359e-12	0.00065261
1.35991e-12	0.000655478
1.36081e-12	0.000658353
1.36171e-12	0.000661235
1.36262e-12	0.000664123
1.36352e-12	0.000667019
1.36442e-12	0.000669922
1.36532e-12	0.000672831
1.36623e-12	0.000675748
1.36713e-12	0.000678671
1.36803e-12	0.000681602
1.36893e-12	0.00068454
1.36984e-12	0.000687484
1.37074e-12	0.000690436
1.37164e-12	0.000693395
1.37255e-12	0.00069636
1.37345e-12	0.000699333
1.37435e-12	0.000702313
1.37525e-12	0.0007053
1.37616e-12	0.000708294
1.37706e-12	0.000711295
1.37796e-12	0.000714304
1.37886e-12	0.000717319
1.37977e-12	0.000720342
1.38067e-12	0.000723372
1.38157e-12	0.000726409
1.38247e-12	0.000729453
1.38338e-12	0.000732504
1.38428e-12	0.000735563
1.38518e-12	0.000738629
1.38609e-12	0.000741702
1.38699e-12	0.000744782
1.38789e-12	0.000747869
1.38879e-12	0.000750964
1.3897e-12	0.000754066
1.3906e-12	0.000757176
1.3915e-12	0.000760292
1.3924e-12	0.000763416
1.39331e-12	0.000766547
1.39421e-12	0.000769686
1.39511e-12	0.000772832
1.39602e-12	0.000775985
1.39692e-12	0.000779146
1.39782e-12	0.000782313
1.39872e-12	0.000785489
1.39963e-12	0.000788671
1.40053e-12	0.000791862
1.40143e-12	0.000795059
1.40233e-12	0.000798264
1.40324e-12	0.000801476
1.40414e-12	0.000804696
1.40504e-12	0.000807924
1.40594e-12	0.000811158
1.40685e-12	0.000814401
1.40775e-12	0.00081765
1.40865e-12	0.000820908
1.40956e-12	0.000824172
1.41046e-12	0.000827445
1.41136e-12	0.000830724
1.41226e-12	0.000834012
1.41317e-12	0.000837307
1.41407e-12	0.000840609
1.41497e-12	0.000843919
1.41587e-12	0.000847237
1.41678e-12	0.000850562
1.41768e-12	0.000853895
1.41858e-12	0.000857235
1.41949e-12	0.000860584
1.42039e-12	0.000863939
1.42129e-12	0.000867303
1.42219e-12	0.000870674
1.4231e-12	0.000874053
1.424e-12	0.000877439
1.4249e-12	0.000880833
1.4258e-12	0.000884235
1.42671e-12	0.000887645
1.42761e-12	0.000891062
1.42851e-12	0.000894487
1.42941e-12	0.00089792
1.43032e-12	0.000901361
1.43122e-12	0.000904809
1.43212e-12	0.000908265
1.43303e-12	0.000911729
1.43393e-12	0.000915201
1.43483e-12	0.000918681
1.43573e-12	0.000922168
1.43664e-12	0.000925664
1.43754e-12	0.000929167
1.43844e-12	0.000932678
1.43934e-12	0.000936197
1.44025e-12	0.000939724
1.44115e-12	0.000943259
1.44205e-12	0.000946801
1.44296e-12	0.000950352
1.44386e-12	0.00095391
1.44476e-12	0.000957477
1.44566e-12	0.000961051
1.44657e-12	0.000964634
1.44747e-12	0.000968224
1.44837e-12	0.000971822
1.44927e-12	0.000975429
1.45018e-12	0.000979043
1.45108e-12	0.000982666
1.45198e-12	0.000986296
1.45288e-12	0.000989935
1.45379e-12	0.000993581
1.45469e-12	0.000997236
1.45559e-12	0.0010009
1.4565e-12	0.00100457
1.4574e-12	0.00100825
1.4583e-12	0.00101194
1.4592e-12	0.00101563
1.46011e-12	0.00101933
1.46101e-12	0.00102305
1.46191e-12	0.00102677
1.46281e-12	0.00103049
1.46372e-12	0.00103423
1.46462e-12	0.00103797
1.46552e-12	0.00104173
1.46643e-12	0.00104549
1.46733e-12	0.00104926
1.46823e-12	0.00105303
1.46913e-12	0.00105682
1.47004e-12	0.00106061
1.47094e-12	0.00106441
1.47184e-12	0.00106822
1.47274e-12	0.00107204
1.47365e-12	0.00107587
1.47455e-12	0.00107971
1.47545e-12	0.00108355
1.47635e-12	0.0010874
1.47726e-12	0.00109126
1.47816e-12	0.00109513
1.47906e-12	0.00109901
1.47997e-12	0.00110289
1.48087e-12	0.00110679
1.48177e-12	0.00111069
1.48267e-12	0.0011146
1.48358e-12	0.00111852
1.48448e-12	0.00112245
1.48538e-12	0.00112638
1.48628e-12	0.00113033
1.48719e-12	0.00113428
1.48809e-12	0.00113824
1.48899e-12	0.00114221
1.4899e-12	0.00114619
1.4908e-12	0.00115018
1.4917e-12	0.00115417
1.4926e-12	0.00115818
1.49351e-12	0.00116219
1.49441e-12	0.00116621
1.49531e-12	0.00117024
1.49621e-12	0.00117428
1.49712e-12	0.00117833
1.49802e-12	0.00118238
1.49892e-12	0.00118645
1.49982e-12	0.00119052
1.50073e-12	0.0011946
1.50163e-12	0.00119869
1.50253e-12	0.00120279
1.50344e-12	0.0012069
1.50434e-12	0.00121101
1.50524e-12	0.00121514
1.50614e-12	0.00121927
1.50705e-12	0.00122341
1.50795e-12	0.00122757
1.50885e-12	0.00123173
1.50975e-12	0.0012359
1.51066e-12	0.00124007
1.51156e-12	0.00124426
1.51246e-12	0.00124845
1.51337e-12	0.00125266
1.51427e-12	0.00125687
1.51517e-12	0.00126109
1.51607e-12	0.00126532
1.51698e-12	0.00126956
1.51788e-12	0.00127381
1.51878e-12	0.00127807
1.51968e-12	0.00128234
1.52059e-12	0.00128661
1.52149e-12	0.00129089
1.52239e-12	0.00129519
1.52329e-12	0.00129949
1.5242e-12	0.0013038
1.5251e-12	0.00130812
1.526e-12	0.00131245
1.52691e-12	0.00131679
1.52781e-12	0.00132113
1.52871e-12	0.00132549
1.52961e-12	0.00132985
1.53052e-12	0.00133423
1.53142e-12	0.00133861
1.53232e-12	0.001343
1.53322e-12	0.0013474
1.53413e-12	0.00135181
1.53503e-12	0.00135623
1.53593e-12	0.00136066
1.53684e-12	0.0013651
1.53774e-12	0.00136955
1.53864e-12	0.001374
1.53954e-12	0.00137847
1.54045e-12	0.00138294
1.54135e-12	0.00138742
1.54225e-12	0.00139192
1.54315e-12	0.00139642
1.54406e-12	0.00140093
1.54496e-12	0.00140545
1.54586e-12	0.00140998
1.54676e-12	0.00141452
1.54767e-12	0.00141906
1.54857e-12	0.00142362
1.54947e-12	0.00142819
1.55038e-12	0.00143276
1.55128e-12	0.00143735
1.55218e-12	0.00144194
1.55308e-12	0.00144655
1.55399e-12	0.00145116
1.55489e-12	0.00145578
1.55579e-12	0.00146041
1.55669e-12	0.00146505
1.5576e-12	0.0014697
1.5585e-12	0.00147436
1.5594e-12	0.00147903
1.56031e-12	0.00148371
1.56121e-12	0.0014884
1.56211e-12	0.0014931
1.56301e-12	0.0014978
1.56392e-12	0.00150252
1.56482e-12	0.00150725
1.56572e-12	0.00151198
1.56662e-12	0.00151673
1.56753e-12	0.00152148
1.56843e-12	0.00152625
1.56933e-12	0.00153102
1.57023e-12	0.0015358
1.57114e-12	0.00154059
1.57204e-12	0.0015454
1.57294e-12	0.00155021
1.57385e-12	0.00155503
1.57475e-12	0.00155986
1.57565e-12	0.0015647
1.57655e-12	0.00156955
1.57746e-12	0.00157441
1.57836e-12	0.00157928
1.57926e-12	0.00158416
1.58016e-12	0.00158905
1.58107e-12	0.00159395
1.58197e-12	0.00159886
1.58287e-12	0.00160377
1.58378e-12	0.0016087
1.58468e-12	0.00161364
1.58558e-12	0.00161859
1.58648e-12	0.00162354
1.58739e-12	0.00162851
1.58829e-12	0.00163349
1.58919e-12	0.00163847
1.59009e-12	0.00164347
1.591e-12	0.00164847
1.5919e-12	0.00165349
1.5928e-12	0.00165851
1.5937e-12	0.00166355
1.59461e-12	0.0016686
1.59551e-12	0.00167365
1.59641e-12	0.00167872
1.59732e-12	0.00168379
1.59822e-12	0.00168888
1.59912e-12	0.00169397
1.60002e-12	0.00169907
1.60093e-12	0.00170419
1.60183e-12	0.00170931
1.60273e-12	0.00171445
1.60363e-12	0.00171959
1.60454e-12	0.00172475
1.60544e-12	0.00172991
1.60634e-12	0.00173509
1.60725e-12	0.00174027
1.60815e-12	0.00174546
1.60905e-12	0.00175067
1.60995e-12	0.00175588
1.61086e-12	0.00176111
1.61176e-12	0.00176634
1.61266e-12	0.00177159
1.61356e-12	0.00177684
1.61447e-12	0.00178211
1.61537e-12	0.00178738
1.61627e-12	0.00179267
1.61717e-12	0.00179796
1.61808e-12	0.00180327
1.61898e-12	0.00180859
1.61988e-12	0.00181391
1.62079e-12	0.00181925
1.62169e-12	0.00182459
1.62259e-12	0.00182995
1.62349e-12	0.00183532
1.6244e-12	0.00184069
1.6253e-12	0.00184608
1.6262e-12	0.00185148
1.6271e-12	0.00185689
1.62801e-12	0.00186231
1.62891e-12	0.00186773
1.62981e-12	0.00187317
1.63072e-12	0.00187862
1.63162e-12	0.00188408
1.63252e-12	0.00188955
1.63342e-12	0.00189503
1.63433e-12	0.00190052
1.63523e-12	0.00190602
1.63613e-12	0.00191153
1.63703e-12	0.00191706
1.63794e-12	0.00192259
1.63884e-12	0.00192813
1.63974e-12	0.00193368
1.64064e-12	0.00193925
1.64155e-12	0.00194482
1.64245e-12	0.0019504
1.64335e-12	0.001956
1.64426e-12	0.0019616
1.64516e-12	0.00196722
1.64606e-12	0.00197285
1.64696e-12	0.00197848
1.64787e-12	0.00198413
1.64877e-12	0.00198979
1.64967e-12	0.00199546
1.65057e-12	0.00200114
1.65148e-12	0.00200683
1.65238e-12	0.00201253
1.65328e-12	0.00201824
1.65419e-12	0.00202396
1.65509e-12	0.00202969
1.65599e-12	0.00203543
1.65689e-12	0.00204119
1.6578e-12	0.00204695
1.6587e-12	0.00205272
1.6596e-12	0.00205851
1.6605e-12	0.00206431
1.66141e-12	0.00207011
1.66231e-12	0.00207593
1.66321e-12	0.00208176
1.66411e-12	0.0020876
1.66502e-12	0.00209345
1.66592e-12	0.00209931
1.66682e-12	0.00210518
1.66773e-12	0.00211106
1.66863e-12	0.00211695
1.66953e-12	0.00212286
1.67043e-12	0.00212877
1.67134e-12	0.0021347
1.67224e-12	0.00214063
1.67314e-12	0.00214658
1.67404e-12	0.00215254
1.67495e-12	0.0021585
1.67585e-12	0.00216448
1.67675e-12	0.00217047
1.67766e-12	0.00217648
1.67856e-12	0.00218249
1.67946e-12	0.00218851
1.68036e-12	0.00219455
1.68127e-12	0.00220059
1.68217e-12	0.00220665
1.68307e-12	0.00221271
1.68397e-12	0.00221879
1.68488e-12	0.00222488
1.68578e-12	0.00223098
1.68668e-12	0.00223709
1.68758e-12	0.00224321
1.68849e-12	0.00224935
1.68939e-12	0.00225549
1.69029e-12	0.00226165
1.6912e-12	0.00226781
1.6921e-12	0.00227399
1.693e-12	0.00228018
1.6939e-12	0.00228638
1.69481e-12	0.00229259
1.69571e-12	0.00229881
1.69661e-12	0.00230504
1.69751e-12	0.00231129
1.69842e-12	0.00231754
1.69932e-12	0.00232381
1.70022e-12	0.00233009
1.70113e-12	0.00233638
1.70203e-12	0.00234268
1.70293e-12	0.00234899
1.70383e-12	0.00235531
1.70474e-12	0.00236164
1.70564e-12	0.00236799
1.70654e-12	0.00237434
1.70744e-12	0.00238071
1.70835e-12	0.00238709
1.70925e-12	0.00239348
1.71015e-12	0.00239988
1.71105e-12	0.00240629
1.71196e-12	0.00241272
1.71286e-12	0.00241915
1.71376e-12	0.0024256
1.71467e-12	0.00243206
1.71557e-12	0.00243853
1.71647e-12	0.00244501
1.71737e-12	0.0024515
1.71828e-12	0.002458
1.71918e-12	0.00246452
1.72008e-12	0.00247105
1.72098e-12	0.00247758
1.72189e-12	0.00248413
1.72279e-12	0.00249069
1.72369e-12	0.00249727
1.7246e-12	0.00250385
1.7255e-12	0.00251044
1.7264e-12	0.00251705
1.7273e-12	0.00252367
1.72821e-12	0.0025303
1.72911e-12	0.00253694
1.73001e-12	0.00254359
1.73091e-12	0.00255026
1.73182e-12	0.00255693
1.73272e-12	0.00256362
1.73362e-12	0.00257032
1.73452e-12	0.00257703
1.73543e-12	0.00258375
1.73633e-12	0.00259049
1.73723e-12	0.00259723
1.73814e-12	0.00260399
1.73904e-12	0.00261076
1.73994e-12	0.00261754
1.74084e-12	0.00262433
1.74175e-12	0.00263113
1.74265e-12	0.00263795
1.74355e-12	0.00264478
1.74445e-12	0.00265162
1.74536e-12	0.00265847
1.74626e-12	0.00266533
1.74716e-12	0.0026722
1.74807e-12	0.00267909
1.74897e-12	0.00268599
1.74987e-12	0.0026929
1.75077e-12	0.00269982
1.75168e-12	0.00270675
1.75258e-12	0.00271369
1.75348e-12	0.00272065
1.75438e-12	0.00272762
1.75529e-12	0.0027346
1.75619e-12	0.00274159
1.75709e-12	0.0027486
1.758e-12	0.00275561
1.7589e-12	0.00276264
1.7598e-12	0.00276968
1.7607e-12	0.00277673
1.76161e-12	0.00278379
1.76251e-12	0.00279087
1.76341e-12	0.00279796
1.76431e-12	0.00280506
1.76522e-12	0.00281217
1.76612e-12	0.00281929
1.76702e-12	0.00282642
1.76792e-12	0.00283357
1.76883e-12	0.00284073
1.76973e-12	0.0028479
1.77063e-12	0.00285508
1.77154e-12	0.00286228
1.77244e-12	0.00286949
1.77334e-12	0.00287671
1.77424e-12	0.00288394
1.77515e-12	0.00289118
1.77605e-12	0.00289844
1.77695e-12	0.0029057
1.77785e-12	0.00291298
1.77876e-12	0.00292027
1.77966e-12	0.00292758
1.78056e-12	0.00293489
1.78147e-12	0.00294222
1.78237e-12	0.00294956
1.78327e-12	0.00295691
1.78417e-12	0.00296428
1.78508e-12	0.00297165
1.78598e-12	0.00297904
1.78688e-12	0.00298644
1.78778e-12	0.00299386
1.78869e-12	0.00300128
1.78959e-12	0.00300872
1.79049e-12	0.00301617
1.79139e-12	0.00302363
1.7923e-12	0.00303111
1.7932e-12	0.00303859
1.7941e-12	0.00304609
1.79501e-12	0.0030536
1.79591e-12	0.00306113
1.79681e-12	0.00306866
1.79771e-12	0.00307621
1.79862e-12	0.00308377
1.79952e-12	0.00309134
1.80042e-12	0.00309893
1.80132e-12	0.00310652
1.80223e-12	0.00311413
1.80313e-12	0.00312176
1.80403e-12	0.00312939
1.80494e-12	0.00313704
1.80584e-12	0.0031447
1.80674e-12	0.00315237
1.80764e-12	0.00316005
1.80855e-12	0.00316775
1.80945e-12	0.00317546
1.81035e-12	0.00318318
1.81125e-12	0.00319091
1.81216e-12	0.00319866
1.81306e-12	0.00320642
1.81396e-12	0.00321419
1.81486e-12	0.00322197
1.81577e-12	0.00322977
1.81667e-12	0.00323758
1.81757e-12	0.0032454
1.81848e-12	0.00325323
1.81938e-12	0.00326108
1.82028e-12	0.00326894
1.82118e-12	0.00327681
1.82209e-12	0.00328469
1.82299e-12	0.00329259
1.82389e-12	0.0033005
1.82479e-12	0.00330842
1.8257e-12	0.00331635
1.8266e-12	0.0033243
1.8275e-12	0.00333226
1.82841e-12	0.00334023
1.82931e-12	0.00334822
1.83021e-12	0.00335621
1.83111e-12	0.00336422
1.83202e-12	0.00337225
1.83292e-12	0.00338028
1.83382e-12	0.00338833
1.83472e-12	0.00339639
1.83563e-12	0.00340446
1.83653e-12	0.00341255
1.83743e-12	0.00342065
1.83833e-12	0.00342876
1.83924e-12	0.00343689
1.84014e-12	0.00344502
1.84104e-12	0.00345317
1.84195e-12	0.00346134
1.84285e-12	0.00346951
1.84375e-12	0.0034777
1.84465e-12	0.0034859
1.84556e-12	0.00349411
1.84646e-12	0.00350234
1.84736e-12	0.00351058
1.84826e-12	0.00351883
1.84917e-12	0.0035271
1.85007e-12	0.00353537
1.85097e-12	0.00354367
1.85188e-12	0.00355197
1.85278e-12	0.00356029
1.85368e-12	0.00356862
1.85458e-12	0.00357696
1.85549e-12	0.00358531
1.85639e-12	0.00359368
1.85729e-12	0.00360206
1.85819e-12	0.00361046
1.8591e-12	0.00361886
1.86e-12	0.00362728
1.8609e-12	0.00363572
1.8618e-12	0.00364416
1.86271e-12	0.00365262
1.86361e-12	0.00366109
1.86451e-12	0.00366958
1.86542e-12	0.00367807
1.86632e-12	0.00368658
1.86722e-12	0.00369511
1.86812e-12	0.00370364
1.86903e-12	0.00371219
1.86993e-12	0.00372076
1.87083e-12	0.00372933
1.87173e-12	0.00373792
1.87264e-12	0.00374652
1.87354e-12	0.00375514
1.87444e-12	0.00376377
1.87535e-12	0.00377241
1.87625e-12	0.00378106
1.87715e-12	0.00378973
1.87805e-12	0.00379841
1.87896e-12	0.0038071
1.87986e-12	0.00381581
1.88076e-12	0.00382453
1.88166e-12	0.00383326
1.88257e-12	0.00384201
1.88347e-12	0.00385077
1.88437e-12	0.00385954
1.88527e-12	0.00386833
1.88618e-12	0.00387712
1.88708e-12	0.00388594
1.88798e-12	0.00389476
1.88889e-12	0.0039036
1.88979e-12	0.00391245
1.89069e-12	0.00392132
1.89159e-12	0.00393019
1.8925e-12	0.00393909
1.8934e-12	0.00394799
1.8943e-12	0.00395691
1.8952e-12	0.00396584
1.89611e-12	0.00397478
1.89701e-12	0.00398374
1.89791e-12	0.00399271
1.89882e-12	0.00400169
1.89972e-12	0.00401069
1.90062e-12	0.0040197
1.90152e-12	0.00402873
1.90243e-12	0.00403776
1.90333e-12	0.00404681
1.90423e-12	0.00405588
1.90513e-12	0.00406496
1.90604e-12	0.00407405
1.90694e-12	0.00408315
1.90784e-12	0.00409227
1.90874e-12	0.0041014
1.90965e-12	0.00411054
1.91055e-12	0.0041197
1.91145e-12	0.00412887
1.91236e-12	0.00413805
1.91326e-12	0.00414725
1.91416e-12	0.00415646
1.91506e-12	0.00416569
1.91597e-12	0.00417493
1.91687e-12	0.00418418
1.91777e-12	0.00419344
1.91867e-12	0.00420272
1.91958e-12	0.00421201
1.92048e-12	0.00422132
1.92138e-12	0.00423064
1.92229e-12	0.00423997
1.92319e-12	0.00424931
1.92409e-12	0.00425867
1.92499e-12	0.00426805
1.9259e-12	0.00427743
1.9268e-12	0.00428683
1.9277e-12	0.00429624
1.9286e-12	0.00430567
1.92951e-12	0.00431511
1.93041e-12	0.00432456
1.93131e-12	0.00433403
1.93221e-12	0.00434351
1.93312e-12	0.00435301
1.93402e-12	0.00436251
1.93492e-12	0.00437204
1.93583e-12	0.00438157
1.93673e-12	0.00439112
1.93763e-12	0.00440068
1.93853e-12	0.00441026
1.93944e-12	0.00441985
1.94034e-12	0.00442945
1.94124e-12	0.00443907
1.94214e-12	0.0044487
1.94305e-12	0.00445834
1.94395e-12	0.004468
1.94485e-12	0.00447767
1.94576e-12	0.00448735
1.94666e-12	0.00449705
1.94756e-12	0.00450676
1.94846e-12	0.00451649
1.94937e-12	0.00452623
1.95027e-12	0.00453598
1.95117e-12	0.00454575
1.95207e-12	0.00455553
1.95298e-12	0.00456532
1.95388e-12	0.00457513
1.95478e-12	0.00458495
1.95568e-12	0.00459479
1.95659e-12	0.00460464
1.95749e-12	0.0046145
1.95839e-12	0.00462438
1.9593e-12	0.00463427
1.9602e-12	0.00464417
1.9611e-12	0.00465409
1.962e-12	0.00466402
1.96291e-12	0.00467397
1.96381e-12	0.00468392
1.96471e-12	0.0046939
1.96561e-12	0.00470388
1.96652e-12	0.00471388
1.96742e-12	0.0047239
1.96832e-12	0.00473393
1.96923e-12	0.00474397
1.97013e-12	0.00475402
1.97103e-12	0.00476409
1.97193e-12	0.00477418
1.97284e-12	0.00478427
1.97374e-12	0.00479438
1.97464e-12	0.00480451
1.97554e-12	0.00481465
1.97645e-12	0.0048248
1.97735e-12	0.00483496
1.97825e-12	0.00484514
1.97915e-12	0.00485534
1.98006e-12	0.00486555
1.98096e-12	0.00487577
1.98186e-12	0.004886
1.98277e-12	0.00489625
1.98367e-12	0.00490652
1.98457e-12	0.00491679
1.98547e-12	0.00492708
1.98638e-12	0.00493739
1.98728e-12	0.00494771
1.98818e-12	0.00495804
1.98908e-12	0.00496839
1.98999e-12	0.00497875
1.99089e-12	0.00498912
1.99179e-12	0.00499951
1.9927e-12	0.00500991
1.9936e-12	0.00502033
1.9945e-12	0.00503076
1.9954e-12	0.0050412
1.99631e-12	0.00505166
1.99721e-12	0.00506213
1.99811e-12	0.00507262
1.99901e-12	0.00508312
1.99992e-12	0.00509363
2.00082e-12	0.00510416
2.00172e-12	0.0051147
2.00262e-12	0.00512526
2.00353e-12	0.00513583
2.00443e-12	0.00514641
2.00533e-12	0.00515701
2.00624e-12	0.00516762
2.00714e-12	0.00517825
2.00804e-12	0.00518889
2.00894e-12	0.00519954
2.00985e-12	0.00521021
2.01075e-12	0.00522089
2.01165e-12	0.00523158
2.01255e-12	0.00524229
2.01346e-12	0.00525302
2.01436e-12	0.00526376
2.01526e-12	0.00527451
2.01617e-12	0.00528527
2.01707e-12	0.00529605
2.01797e-12	0.00530685
2.01887e-12	0.00531765
2.01978e-12	0.00532848
2.02068e-12	0.00533931
2.02158e-12	0.00535016
2.02248e-12	0.00536103
2.02339e-12	0.00537191
2.02429e-12	0.0053828
2.02519e-12	0.0053937
2.02609e-12	0.00540463
2.027e-12	0.00541556
2.0279e-12	0.00542651
2.0288e-12	0.00543747
2.02971e-12	0.00544845
2.03061e-12	0.00545944
2.03151e-12	0.00547044
2.03241e-12	0.00548146
2.03332e-12	0.0054925
2.03422e-12	0.00550354
2.03512e-12	0.00551461
2.03602e-12	0.00552568
2.03693e-12	0.00553677
2.03783e-12	0.00554788
2.03873e-12	0.00555899
2.03964e-12	0.00557013
2.04054e-12	0.00558127
2.04144e-12	0.00559243
2.04234e-12	0.00560361
2.04325e-12	0.00561479
2.04415e-12	0.005626
2.04505e-12	0.00563721
2.04595e-12	0.00564845
2.04686e-12	0.00565969
2.04776e-12	0.00567095
2.04866e-12	0.00568222
2.04956e-12	0.00569351
2.05047e-12	0.00570481
2.05137e-12	0.00571613
2.05227e-12	0.00572746
2.05318e-12	0.0057388
2.05408e-12	0.00575016
2.05498e-12	0.00576153
2.05588e-12	0.00577292
2.05679e-12	0.00578432
2.05769e-12	0.00579574
2.05859e-12	0.00580716
2.05949e-12	0.00581861
2.0604e-12	0.00583007
2.0613e-12	0.00584154
2.0622e-12	0.00585302
2.06311e-12	0.00586452
2.06401e-12	0.00587604
2.06491e-12	0.00588757
2.06581e-12	0.00589911
2.06672e-12	0.00591067
2.06762e-12	0.00592224
2.06852e-12	0.00593382
2.06942e-12	0.00594542
2.07033e-12	0.00595703
2.07123e-12	0.00596866
2.07213e-12	0.0059803
2.07303e-12	0.00599196
2.07394e-12	0.00600363
2.07484e-12	0.00601531
2.07574e-12	0.00602701
2.07665e-12	0.00603873
2.07755e-12	0.00605045
2.07845e-12	0.0060622
2.07935e-12	0.00607395
2.08026e-12	0.00608572
2.08116e-12	0.0060975
2.08206e-12	0.0061093
2.08296e-12	0.00612111
2.08387e-12	0.00613294
2.08477e-12	0.00614478
2.08567e-12	0.00615664
2.08658e-12	0.00616851
2.08748e-12	0.00618039
2.08838e-12	0.00619229
2.08928e-12	0.0062042
2.09019e-12	0.00621612
2.09109e-12	0.00622807
2.09199e-12	0.00624002
2.09289e-12	0.00625199
2.0938e-12	0.00626397
2.0947e-12	0.00627597
2.0956e-12	0.00628798
2.0965e-12	0.0063
2.09741e-12	0.00631204
2.09831e-12	0.0063241
2.09921e-12	0.00633617
2.10012e-12	0.00634825
2.10102e-12	0.00636035
2.10192e-12	0.00637246
2.10282e-12	0.00638458
2.10373e-12	0.00639672
2.10463e-12	0.00640887
2.10553e-12	0.00642104
2.10643e-12	0.00643322
2.10734e-12	0.00644542
2.10824e-12	0.00645763
2.10914e-12	0.00646985
2.11005e-12	0.00648209
2.11095e-12	0.00649435
2.11185e-12	0.00650661
2.11275e-12	0.00651889
2.11366e-12	0.00653119
2.11456e-12	0.0065435
2.11546e-12	0.00655582
2.11636e-12	0.00656816
2.11727e-12	0.00658051
2.11817e-12	0.00659288
2.11907e-12	0.00660526
2.11997e-12	0.00661766
2.12088e-12	0.00663006
2.12178e-12	0.00664249
2.12268e-12	0.00665493
2.12359e-12	0.00666738
2.12449e-12	0.00667984
2.12539e-12	0.00669232
2.12629e-12	0.00670482
2.1272e-12	0.00671733
2.1281e-12	0.00672985
2.129e-12	0.00674239
2.1299e-12	0.00675494
2.13081e-12	0.0067675
2.13171e-12	0.00678008
2.13261e-12	0.00679268
2.13352e-12	0.00680528
2.13442e-12	0.0068179
2.13532e-12	0.00683054
2.13622e-12	0.00684319
2.13713e-12	0.00685586
2.13803e-12	0.00686853
2.13893e-12	0.00688123
2.13983e-12	0.00689393
2.14074e-12	0.00690666
2.14164e-12	0.00691939
2.14254e-12	0.00693214
2.14344e-12	0.0069449
2.14435e-12	0.00695768
2.14525e-12	0.00697047
2.14615e-12	0.00698328
2.14706e-12	0.0069961
2.14796e-12	0.00700893
2.14886e-12	0.00702178
2.14976e-12	0.00703464
2.15067e-12	0.00704752
2.15157e-12	0.00706041
2.15247e-12	0.00707332
2.15337e-12	0.00708624
2.15428e-12	0.00709917
2.15518e-12	0.00711212
2.15608e-12	0.00712508
2.15699e-12	0.00713805
2.15789e-12	0.00715104
2.15879e-12	0.00716405
2.15969e-12	0.00717707
2.1606e-12	0.0071901
2.1615e-12	0.00720314
2.1624e-12	0.0072162
2.1633e-12	0.00722928
2.16421e-12	0.00724237
2.16511e-12	0.00725547
2.16601e-12	0.00726858
2.16692e-12	0.00728172
2.16782e-12	0.00729486
2.16872e-12	0.00730802
2.16962e-12	0.00732119
2.17053e-12	0.00733438
2.17143e-12	0.00734758
2.17233e-12	0.00736079
2.17323e-12	0.00737402
2.17414e-12	0.00738727
2.17504e-12	0.00740052
2.17594e-12	0.00741379
2.17684e-12	0.00742708
2.17775e-12	0.00744038
2.17865e-12	0.00745369
2.17955e-12	0.00746702
2.18046e-12	0.00748036
2.18136e-12	0.00749372
2.18226e-12	0.00750708
2.18316e-12	0.00752047
2.18407e-12	0.00753387
2.18497e-12	0.00754728
2.18587e-12	0.0075607
2.18677e-12	0.00757414
2.18768e-12	0.00758759
2.18858e-12	0.00760106
2.18948e-12	0.00761454
2.19039e-12	0.00762804
2.19129e-12	0.00764155
2.19219e-12	0.00765507
2.19309e-12	0.00766861
2.194e-12	0.00768216
2.1949e-12	0.00769572
2.1958e-12	0.0077093
2.1967e-12	0.00772289
2.19761e-12	0.0077365
2.19851e-12	0.00775012
2.19941e-12	0.00776375
2.20031e-12	0.0077774
2.20122e-12	0.00779106
2.20212e-12	0.00780474
2.20302e-12	0.00781843
2.20393e-12	0.00783213
2.20483e-12	0.00784585
2.20573e-12	0.00785958
2.20663e-12	0.00787333
2.20754e-12	0.00788709
2.20844e-12	0.00790086
2.20934e-12	0.00791465
2.21024e-12	0.00792845
2.21115e-12	0.00794226
2.21205e-12	0.00795609
2.21295e-12	0.00796993
2.21386e-12	0.00798379
2.21476e-12	0.00799766
2.21566e-12	0.00801154
2.21656e-12	0.00802544
2.21747e-12	0.00803935
2.21837e-12	0.00805327
2.21927e-12	0.00806721
2.22017e-12	0.00808116
2.22108e-12	0.00809513
2.22198e-12	0.00810911
2.22288e-12	0.0081231
2.22378e-12	0.00813711
2.22469e-12	0.00815113
2.22559e-12	0.00816517
2.22649e-12	0.00817921
2.2274e-12	0.00819328
2.2283e-12	0.00820735
2.2292e-12	0.00822144
2.2301e-12	0.00823554
2.23101e-12	0.00824966
2.23191e-12	0.00826379
2.23281e-12	0.00827794
2.23371e-12	0.00829209
2.23462e-12	0.00830626
2.23552e-12	0.00832045
2.23642e-12	0.00833465
2.23733e-12	0.00834886
2.23823e-12	0.00836309
2.23913e-12	0.00837733
2.24003e-12	0.00839158
2.24094e-12	0.00840584
2.24184e-12	0.00842012
2.24274e-12	0.00843442
2.24364e-12	0.00844873
2.24455e-12	0.00846305
2.24545e-12	0.00847738
2.24635e-12	0.00849173
2.24725e-12	0.00850609
2.24816e-12	0.00852046
2.24906e-12	0.00853485
2.24996e-12	0.00854925
2.25087e-12	0.00856367
2.25177e-12	0.0085781
2.25267e-12	0.00859254
2.25357e-12	0.008607
2.25448e-12	0.00862146
2.25538e-12	0.00863595
2.25628e-12	0.00865044
2.25718e-12	0.00866495
2.25809e-12	0.00867947
2.25899e-12	0.00869401
2.25989e-12	0.00870856
2.2608e-12	0.00872312
2.2617e-12	0.0087377
2.2626e-12	0.00875229
2.2635e-12	0.00876689
2.26441e-12	0.00878151
2.26531e-12	0.00879614
2.26621e-12	0.00881078
2.26711e-12	0.00882544
2.26802e-12	0.0088401
2.26892e-12	0.00885479
2.26982e-12	0.00886948
2.27072e-12	0.00888419
2.27163e-12	0.00889891
2.27253e-12	0.00891365
2.27343e-12	0.0089284
2.27434e-12	0.00894316
2.27524e-12	0.00895794
2.27614e-12	0.00897272
2.27704e-12	0.00898753
2.27795e-12	0.00900234
2.27885e-12	0.00901717
2.27975e-12	0.00903201
2.28065e-12	0.00904686
2.28156e-12	0.00906173
2.28246e-12	0.00907661
2.28336e-12	0.0090915
2.28427e-12	0.00910641
2.28517e-12	0.00912133
2.28607e-12	0.00913626
2.28697e-12	0.00915121
2.28788e-12	0.00916617
2.28878e-12	0.00918114
2.28968e-12	0.00919612
2.29058e-12	0.00921112
2.29149e-12	0.00922613
2.29239e-12	0.00924116
2.29329e-12	0.00925619
2.29419e-12	0.00927124
2.2951e-12	0.0092863
2.296e-12	0.00930138
2.2969e-12	0.00931647
2.29781e-12	0.00933157
2.29871e-12	0.00934668
2.29961e-12	0.00936181
2.30051e-12	0.00937695
2.30142e-12	0.0093921
2.30232e-12	0.00940727
2.30322e-12	0.00942245
2.30412e-12	0.00943764
2.30503e-12	0.00945284
2.30593e-12	0.00946806
2.30683e-12	0.00948329
2.30774e-12	0.00949853
2.30864e-12	0.00951378
2.30954e-12	0.00952905
2.31044e-12	0.00954433
2.31135e-12	0.00955963
2.31225e-12	0.00957493
2.31315e-12	0.00959025
2.31405e-12	0.00960558
2.31496e-12	0.00962092
2.31586e-12	0.00963628
2.31676e-12	0.00965165
2.31766e-12	0.00966703
2.31857e-12	0.00968243
2.31947e-12	0.00969783
2.32037e-12	0.00971325
2.32128e-12	0.00972868
2.32218e-12	0.00974413
2.32308e-12	0.00975958
2.32398e-12	0.00977505
2.32489e-12	0.00979053
2.32579e-12	0.00980603
2.32669e-12	0.00982154
2.32759e-12	0.00983705
2.3285e-12	0.00985259
2.3294e-12	0.00986813
2.3303e-12	0.00988369
2.33121e-12	0.00989925
2.33211e-12	0.00991483
2.33301e-12	0.00993043
2.33391e-12	0.00994603
2.33482e-12	0.00996165
2.33572e-12	0.00997728
2.33662e-12	0.00999292
2.33752e-12	0.0100086
2.33843e-12	0.0100242
2.33933e-12	0.0100399
2.34023e-12	0.0100556
2.34113e-12	0.0100713
2.34204e-12	0.010087
2.34294e-12	0.0101028
2.34384e-12	0.0101185
2.34475e-12	0.0101343
2.34565e-12	0.01015
2.34655e-12	0.0101658
2.34745e-12	0.0101816
2.34836e-12	0.0101974
2.34926e-12	0.0102132
2.35016e-12	0.010229
2.35106e-12	0.0102449
2.35197e-12	0.0102607
2.35287e-12	0.0102766
2.35377e-12	0.0102924
2.35468e-12	0.0103083
2.35558e-12	0.0103242
2.35648e-12	0.0103401
2.35738e-12	0.0103561
2.35829e-12	0.010372
2.35919e-12	0.0103879
2.36009e-12	0.0104039
2.36099e-12	0.0104198
2.3619e-12	0.0104358
2.3628e-12	0.0104518
2.3637e-12	0.0104678
2.3646e-12	0.0104838
2.36551e-12	0.0104999
2.36641e-12	0.0105159
2.36731e-12	0.010532
2.36822e-12	0.010548
2.36912e-12	0.0105641
2.37002e-12	0.0105802
2.37092e-12	0.0105963
2.37183e-12	0.0106124
2.37273e-12	0.0106285
2.37363e-12	0.0106446
2.37453e-12	0.0106608
2.37544e-12	0.0106769
2.37634e-12	0.0106931
2.37724e-12	0.0107093
2.37815e-12	0.0107254
2.37905e-12	0.0107416
2.37995e-12	0.0107579
2.38085e-12	0.0107741
2.38176e-12	0.0107903
2.38266e-12	0.0108066
2.38356e-12	0.0108228
2.38446e-12	0.0108391
2.38537e-12	0.0108554
2.38627e-12	0.0108717
2.38717e-12	0.010888
2.38807e-12	0.0109043
2.38898e-12	0.0109206
2.38988e-12	0.0109369
2.39078e-12	0.0109533
2.39169e-12	0.0109696
2.39259e-12	0.010986
2.39349e-12	0.0110024
2.39439e-12	0.0110188
2.3953e-12	0.0110352
2.3962e-12	0.0110516
2.3971e-12	0.011068
2.398e-12	0.0110844
2.39891e-12	0.0111009
2.39981e-12	0.0111173
2.40071e-12	0.0111338
2.40162e-12	0.0111503
2.40252e-12	0.0111668
2.40342e-12	0.0111833
2.40432e-12	0.0111998
2.40523e-12	0.0112163
2.40613e-12	0.0112328
2.40703e-12	0.0112494
2.40793e-12	0.0112659
2.40884e-12	0.0112825
2.40974e-12	0.0112991
2.41064e-12	0.0113157
2.41154e-12	0.0113323
2.41245e-12	0.0113489
2.41335e-12	0.0113655
2.41425e-12	0.0113821
2.41516e-12	0.0113988
2.41606e-12	0.0114154
2.41696e-12	0.0114321
2.41786e-12	0.0114487
2.41877e-12	0.0114654
2.41967e-12	0.0114821
2.42057e-12	0.0114988
2.42147e-12	0.0115155
2.42238e-12	0.0115323
2.42328e-12	0.011549
2.42418e-12	0.0115657
2.42509e-12	0.0115825
2.42599e-12	0.0115993
2.42689e-12	0.011616
2.42779e-12	0.0116328
2.4287e-12	0.0116496
2.4296e-12	0.0116664
2.4305e-12	0.0116832
2.4314e-12	0.0117001
2.43231e-12	0.0117169
2.43321e-12	0.0117337
2.43411e-12	0.0117506
2.43501e-12	0.0117675
2.43592e-12	0.0117843
2.43682e-12	0.0118012
2.43772e-12	0.0118181
2.43863e-12	0.011835
2.43953e-12	0.0118519
2.44043e-12	0.0118689
2.44133e-12	0.0118858
2.44224e-12	0.0119027
2.44314e-12	0.0119197
2.44404e-12	0.0119367
2.44494e-12	0.0119536
2.44585e-12	0.0119706
2.44675e-12	0.0119876
2.44765e-12	0.0120046
2.44856e-12	0.0120216
2.44946e-12	0.0120386
2.45036e-12	0.0120557
2.45126e-12	0.0120727
2.45217e-12	0.0120898
2.45307e-12	0.0121068
2.45397e-12	0.0121239
2.45487e-12	0.012141
2.45578e-12	0.0121581
2.45668e-12	0.0121752
2.45758e-12	0.0121923
2.45848e-12	0.0122094
2.45939e-12	0.0122265
2.46029e-12	0.0122437
2.46119e-12	0.0122608
2.4621e-12	0.012278
2.463e-12	0.0122951
2.4639e-12	0.0123123
2.4648e-12	0.0123295
2.46571e-12	0.0123467
2.46661e-12	0.0123639
2.46751e-12	0.0123811
2.46841e-12	0.0123983
2.46932e-12	0.0124155
2.47022e-12	0.0124328
2.47112e-12	0.01245
2.47203e-12	0.0124673
2.47293e-12	0.0124845
2.47383e-12	0.0125018
2.47473e-12	0.0125191
2.47564e-12	0.0125364
2.47654e-12	0.0125537
2.47744e-12	0.012571
2.47834e-12	0.0125883
2.47925e-12	0.0126056
2.48015e-12	0.0126229
2.48105e-12	0.0126403
2.48195e-12	0.0126576
2.48286e-12	0.012675
2.48376e-12	0.0126923
2.48466e-12	0.0127097
2.48557e-12	0.0127271
2.48647e-12	0.0127445
2.48737e-12	0.0127619
2.48827e-12	0.0127793
2.48918e-12	0.0127967
2.49008e-12	0.0128141
2.49098e-12	0.0128316
2.49188e-12	0.012849
2.49279e-12	0.0128665
2.49369e-12	0.0128839
2.49459e-12	0.0129014
2.4955e-12	0.0129189
2.4964e-12	0.0129364
2.4973e-12	0.0129538
2.4982e-12	0.0129713
2.49911e-12	0.0129889
2.50001e-12	0.0130064
2.50091e-12	0.0130239
2.50181e-12	0.0130414
2.50272e-12	0.013059
2.50362e-12	0.0130765
2.50452e-12	0.0130941
2.50542e-12	0.0131116
2.50633e-12	0.0131292
2.50723e-12	0.0131468
2.50813e-12	0.0131644
2.50904e-12	0.0131819
2.50994e-12	0.0131995
2.51084e-12	0.0132172
2.51174e-12	0.0132348
2.51265e-12	0.0132524
2.51355e-12	0.01327
2.51445e-12	0.0132877
2.51535e-12	0.0133053
2.51626e-12	0.013323
2.51716e-12	0.0133406
2.51806e-12	0.0133583
2.51897e-12	0.013376
2.51987e-12	0.0133936
2.52077e-12	0.0134113
2.52167e-12	0.013429
2.52258e-12	0.0134467
2.52348e-12	0.0134644
2.52438e-12	0.0134822
2.52528e-12	0.0134999
2.52619e-12	0.0135176
2.52709e-12	0.0135353
2.52799e-12	0.0135531
2.52889e-12	0.0135708
2.5298e-12	0.0135886
2.5307e-12	0.0136064
2.5316e-12	0.0136241
2.53251e-12	0.0136419
2.53341e-12	0.0136597
2.53431e-12	0.0136775
2.53521e-12	0.0136953
2.53612e-12	0.0137131
2.53702e-12	0.0137309
2.53792e-12	0.0137487
2.53882e-12	0.0137666
2.53973e-12	0.0137844
2.54063e-12	0.0138022
2.54153e-12	0.0138201
2.54244e-12	0.0138379
2.54334e-12	0.0138558
2.54424e-12	0.0138736
2.54514e-12	0.0138915
2.54605e-12	0.0139094
2.54695e-12	0.0139273
2.54785e-12	0.0139452
2.54875e-12	0.0139631
2.54966e-12	0.013981
2.55056e-12	0.0139989
2.55146e-12	0.0140168
2.55237e-12	0.0140347
2.55327e-12	0.0140526
2.55417e-12	0.0140705
2.55507e-12	0.0140885
2.55598e-12	0.0141064
2.55688e-12	0.0141244
2.55778e-12	0.0141423
2.55868e-12	0.0141603
2.55959e-12	0.0141782
2.56049e-12	0.0141962
2.56139e-12	0.0142142
2.56229e-12	0.0142322
2.5632e-12	0.0142501
2.5641e-12	0.0142681
2.565e-12	0.0142861
2.56591e-12	0.0143041
2.56681e-12	0.0143221
2.56771e-12	0.0143402
2.56861e-12	0.0143582
2.56952e-12	0.0143762
2.57042e-12	0.0143942
2.57132e-12	0.0144123
2.57222e-12	0.0144303
2.57313e-12	0.0144483
2.57403e-12	0.0144664
2.57493e-12	0.0144844
2.57584e-12	0.0145025
2.57674e-12	0.0145206
2.57764e-12	0.0145386
2.57854e-12	0.0145567
2.57945e-12	0.0145748
2.58035e-12	0.0145928
2.58125e-12	0.0146109
2.58215e-12	0.014629
2.58306e-12	0.0146471
2.58396e-12	0.0146652
2.58486e-12	0.0146833
2.58576e-12	0.0147014
2.58667e-12	0.0147195
2.58757e-12	0.0147377
2.58847e-12	0.0147558
2.58938e-12	0.0147739
2.59028e-12	0.014792
2.59118e-12	0.0148102
2.59208e-12	0.0148283
2.59299e-12	0.0148465
2.59389e-12	0.0148646
2.59479e-12	0.0148827
2.59569e-12	0.0149009
2.5966e-12	0.0149191
2.5975e-12	0.0149372
2.5984e-12	0.0149554
2.59931e-12	0.0149736
2.60021e-12	0.0149917
2.60111e-12	0.0150099
2.60201e-12	0.0150281
2.60292e-12	0.0150463
2.60382e-12	0.0150645
2.60472e-12	0.0150826
2.60562e-12	0.0151008
2.60653e-12	0.015119
2.60743e-12	0.0151372
2.60833e-12	0.0151554
2.60923e-12	0.0151737
2.61014e-12	0.0151919
2.61104e-12	0.0152101
2.61194e-12	0.0152283
2.61285e-12	0.0152465
2.61375e-12	0.0152647
2.61465e-12	0.015283
2.61555e-12	0.0153012
2.61646e-12	0.0153194
2.61736e-12	0.0153377
2.61826e-12	0.0153559
2.61916e-12	0.0153741
2.62007e-12	0.0153924
2.62097e-12	0.0154106
2.62187e-12	0.0154289
2.62278e-12	0.0154471
2.62368e-12	0.0154654
2.62458e-12	0.0154836
2.62548e-12	0.0155019
2.62639e-12	0.0155202
2.62729e-12	0.0155384
2.62819e-12	0.0155567
2.62909e-12	0.015575
2.63e-12	0.0155932
2.6309e-12	0.0156115
2.6318e-12	0.0156298
2.6327e-12	0.0156481
2.63361e-12	0.0156663
2.63451e-12	0.0156846
2.63541e-12	0.0157029
2.63632e-12	0.0157212
2.63722e-12	0.0157395
2.63812e-12	0.0157578
2.63902e-12	0.0157761
2.63993e-12	0.0157943
2.64083e-12	0.0158126
2.64173e-12	0.0158309
2.64263e-12	0.0158492
2.64354e-12	0.0158675
2.64444e-12	0.0158858
2.64534e-12	0.0159041
2.64625e-12	0.0159224
2.64715e-12	0.0159407
2.64805e-12	0.015959
2.64895e-12	0.0159773
2.64986e-12	0.0159956
2.65076e-12	0.016014
2.65166e-12	0.0160323
2.65256e-12	0.0160506
2.65347e-12	0.0160689
2.65437e-12	0.0160872
2.65527e-12	0.0161055
2.65617e-12	0.0161238
2.65708e-12	0.0161421
2.65798e-12	0.0161604
2.65888e-12	0.0161788
2.65979e-12	0.0161971
2.66069e-12	0.0162154
2.66159e-12	0.0162337
2.66249e-12	0.016252
2.6634e-12	0.0162703
2.6643e-12	0.0162887
2.6652e-12	0.016307
2.6661e-12	0.0163253
2.66701e-12	0.0163436
2.66791e-12	0.0163619
2.66881e-12	0.0163803
2.66972e-12	0.0163986
2.67062e-12	0.0164169
2.67152e-12	0.0164352
2.67242e-12	0.0164535
2.67333e-12	0.0164718
2.67423e-12	0.0164902
2.67513e-12	0.0165085
2.67603e-12	0.0165268
2.67694e-12	0.0165451
2.67784e-12	0.0165634
2.67874e-12	0.0165817
2.67964e-12	0.0166001
2.68055e-12	0.0166184
2.68145e-12	0.0166367
2.68235e-12	0.016655
2.68326e-12	0.0166733
2.68416e-12	0.0166916
2.68506e-12	0.0167099
2.68596e-12	0.0167282
2.68687e-12	0.0167465
2.68777e-12	0.0167648
2.68867e-12	0.0167831
2.68957e-12	0.0168015
2.69048e-12	0.0168198
2.69138e-12	0.0168381
2.69228e-12	0.0168564
2.69319e-12	0.0168747
2.69409e-12	0.0168929
2.69499e-12	0.0169112
2.69589e-12	0.0169295
2.6968e-12	0.0169478
2.6977e-12	0.0169661
2.6986e-12	0.0169844
2.6995e-12	0.0170027
2.70041e-12	0.017021
2.70131e-12	0.0170393
2.70221e-12	0.0170575
2.70311e-12	0.0170758
2.70402e-12	0.0170941
2.70492e-12	0.0171124
2.70582e-12	0.0171306
2.70673e-12	0.0171489
2.70763e-12	0.0171672
2.70853e-12	0.0171854
2.70943e-12	0.0172037
2.71034e-12	0.017222
2.71124e-12	0.0172402
2.71214e-12	0.0172585
2.71304e-12	0.0172767
2.71395e-12	0.017295
2.71485e-12	0.0173132
2.71575e-12	0.0173315
2.71666e-12	0.0173497
2.71756e-12	0.0173679
2.71846e-12	0.0173862
2.71936e-12	0.0174044
2.72027e-12	0.0174226
2.72117e-12	0.0174409
2.72207e-12	0.0174591
2.72297e-12	0.0174773
2.72388e-12	0.0174955
2.72478e-12	0.0175137
2.72568e-12	0.0175319
2.72658e-12	0.0175501
2.72749e-12	0.0175683
2.72839e-12	0.0175865
2.72929e-12	0.0176047
2.7302e-12	0.0176229
2.7311e-12	0.0176411
2.732e-12	0.0176593
2.7329e-12	0.0176775
2.73381e-12	0.0176956
2.73471e-12	0.0177138
2.73561e-12	0.017732
2.73651e-12	0.0177501
2.73742e-12	0.0177683
2.73832e-12	0.0177864
2.73922e-12	0.0178046
2.74013e-12	0.0178227
2.74103e-12	0.0178408
2.74193e-12	0.017859
2.74283e-12	0.0178771
2.74374e-12	0.0178952
2.74464e-12	0.0179133
2.74554e-12	0.0179315
2.74644e-12	0.0179496
2.74735e-12	0.0179677
2.74825e-12	0.0179858
2.74915e-12	0.0180039
2.75005e-12	0.0180219
2.75096e-12	0.01804
2.75186e-12	0.0180581
2.75276e-12	0.0180762
2.75367e-12	0.0180942
2.75457e-12	0.0181123
2.75547e-12	0.0181304
2.75637e-12	0.0181484
2.75728e-12	0.0181664
2.75818e-12	0.0181845
2.75908e-12	0.0182025
2.75998e-12	0.0182205
2.76089e-12	0.0182386
2.76179e-12	0.0182566
2.76269e-12	0.0182746
2.7636e-12	0.0182926
2.7645e-12	0.0183106
2.7654e-12	0.0183286
2.7663e-12	0.0183465
2.76721e-12	0.0183645
2.76811e-12	0.0183825
2.76901e-12	0.0184004
2.76991e-12	0.0184184
2.77082e-12	0.0184363
2.77172e-12	0.0184543
2.77262e-12	0.0184722
2.77352e-12	0.0184901
2.77443e-12	0.0185081
2.77533e-12	0.018526
2.77623e-12	0.0185439
2.77714e-12	0.0185618
2.77804e-12	0.0185797
2.77894e-12	0.0185976
2.77984e-12	0.0186154
2.78075e-12	0.0186333
2.78165e-12	0.0186512
2.78255e-12	0.018669
2.78345e-12	0.0186869
2.78436e-12	0.0187047
2.78526e-12	0.0187225
2.78616e-12	0.0187403
2.78707e-12	0.0187582
2.78797e-12	0.018776
2.78887e-12	0.0187938
2.78977e-12	0.0188115
2.79068e-12	0.0188293
2.79158e-12	0.0188471
2.79248e-12	0.0188649
2.79338e-12	0.0188826
2.79429e-12	0.0189004
2.79519e-12	0.0189181
2.79609e-12	0.0189358
2.79699e-12	0.0189536
2.7979e-12	0.0189713
2.7988e-12	0.018989
2.7997e-12	0.0190067
2.80061e-12	0.0190243
2.80151e-12	0.019042
2.80241e-12	0.0190597
2.80331e-12	0.0190773
2.80422e-12	0.019095
2.80512e-12	0.0191126
2.80602e-12	0.0191303
2.80692e-12	0.0191479
2.80783e-12	0.0191655
2.80873e-12	0.0191831
2.80963e-12	0.0192007
2.81054e-12	0.0192183
2.81144e-12	0.0192358
2.81234e-12	0.0192534
2.81324e-12	0.0192709
2.81415e-12	0.0192885
2.81505e-12	0.019306
2.81595e-12	0.0193235
2.81685e-12	0.019341
2.81776e-12	0.0193585
2.81866e-12	0.019376
2.81956e-12	0.0193935
2.82046e-12	0.019411
2.82137e-12	0.0194284
2.82227e-12	0.0194459
2.82317e-12	0.0194633
2.82408e-12	0.0194807
2.82498e-12	0.0194981
2.82588e-12	0.0195155
2.82678e-12	0.0195329
2.82769e-12	0.0195503
2.82859e-12	0.0195677
2.82949e-12	0.019585
2.83039e-12	0.0196023
2.8313e-12	0.0196197
2.8322e-12	0.019637
2.8331e-12	0.0196543
2.83401e-12	0.0196716
2.83491e-12	0.0196889
2.83581e-12	0.0197062
2.83671e-12	0.0197234
2.83762e-12	0.0197407
2.83852e-12	0.0197579
2.83942e-12	0.0197751
2.84032e-12	0.0197923
2.84123e-12	0.0198095
2.84213e-12	0.0198267
2.84303e-12	0.0198439
2.84393e-12	0.0198611
2.84484e-12	0.0198782
2.84574e-12	0.0198953
2.84664e-12	0.0199125
2.84755e-12	0.0199296
2.84845e-12	0.0199467
2.84935e-12	0.0199637
2.85025e-12	0.0199808
2.85116e-12	0.0199979
2.85206e-12	0.0200149
2.85296e-12	0.0200319
2.85386e-12	0.020049
2.85477e-12	0.020066
2.85567e-12	0.0200829
2.85657e-12	0.0200999
2.85748e-12	0.0201169
2.85838e-12	0.0201338
2.85928e-12	0.0201508
2.86018e-12	0.0201677
2.86109e-12	0.0201846
2.86199e-12	0.0202015
2.86289e-12	0.0202183
2.86379e-12	0.0202352
2.8647e-12	0.020252
2.8656e-12	0.0202689
2.8665e-12	0.0202857
2.8674e-12	0.0203025
2.86831e-12	0.0203193
2.86921e-12	0.020336
2.87011e-12	0.0203528
2.87102e-12	0.0203695
2.87192e-12	0.0203863
2.87282e-12	0.020403
2.87372e-12	0.0204197
2.87463e-12	0.0204364
2.87553e-12	0.020453
2.87643e-12	0.0204697
2.87733e-12	0.0204863
2.87824e-12	0.0205029
2.87914e-12	0.0205195
2.88004e-12	0.0205361
2.88095e-12	0.0205527
2.88185e-12	0.0205692
2.88275e-12	0.0205858
2.88365e-12	0.0206023
2.88456e-12	0.0206188
2.88546e-12	0.0206353
2.88636e-12	0.0206517
2.88726e-12	0.0206682
2.88817e-12	0.0206846
2.88907e-12	0.0207011
2.88997e-12	0.0207175
2.89087e-12	0.0207339
2.89178e-12	0.0207502
2.89268e-12	0.0207666
2.89358e-12	0.0207829
2.89449e-12	0.0207992
2.89539e-12	0.0208155
2.89629e-12	0.0208318
2.89719e-12	0.0208481
2.8981e-12	0.0208643
2.899e-12	0.0208806
2.8999e-12	0.0208968
2.9008e-12	0.020913
2.90171e-12	0.0209291
2.90261e-12	0.0209453
2.90351e-12	0.0209614
2.90442e-12	0.0209776
2.90532e-12	0.0209937
2.90622e-12	0.0210097
2.90712e-12	0.0210258
2.90803e-12	0.0210419
2.90893e-12	0.0210579
2.90983e-12	0.0210739
2.91073e-12	0.0210899
2.91164e-12	0.0211059
2.91254e-12	0.0211218
2.91344e-12	0.0211377
2.91434e-12	0.0211537
2.91525e-12	0.0211696
2.91615e-12	0.0211854
2.91705e-12	0.0212013
2.91796e-12	0.0212171
2.91886e-12	0.0212329
2.91976e-12	0.0212487
2.92066e-12	0.0212645
2.92157e-12	0.0212803
2.92247e-12	0.021296
2.92337e-12	0.0213117
2.92427e-12	0.0213274
2.92518e-12	0.0213431
2.92608e-12	0.0213587
2.92698e-12	0.0213744
2.92789e-12	0.02139
2.92879e-12	0.0214056
2.92969e-12	0.0214212
2.93059e-12	0.0214367
2.9315e-12	0.0214522
2.9324e-12	0.0214677
2.9333e-12	0.0214832
2.9342e-12	0.0214987
2.93511e-12	0.0215141
2.93601e-12	0.0215296
2.93691e-12	0.021545
2.93782e-12	0.0215604
2.93872e-12	0.0215757
2.93962e-12	0.0215911
2.94052e-12	0.0216064
2.94143e-12	0.0216217
2.94233e-12	0.0216369
2.94323e-12	0.0216522
2.94413e-12	0.0216674
2.94504e-12	0.0216826
2.94594e-12	0.0216978
2.94684e-12	0.021713
2.94774e-12	0.0217281
2.94865e-12	0.0217432
2.94955e-12	0.0217583
2.95045e-12	0.0217734
2.95136e-12	0.0217884
2.95226e-12	0.0218034
2.95316e-12	0.0218184
2.95406e-12	0.0218334
2.95497e-12	0.0218483
2.95587e-12	0.0218633
2.95677e-12	0.0218782
2.95767e-12	0.0218931
2.95858e-12	0.0219079
2.95948e-12	0.0219227
2.96038e-12	0.0219376
2.96129e-12	0.0219523
2.96219e-12	0.0219671
2.96309e-12	0.0219818
2.96399e-12	0.0219965
2.9649e-12	0.0220112
2.9658e-12	0.0220259
2.9667e-12	0.0220405
2.9676e-12	0.0220551
2.96851e-12	0.0220697
2.96941e-12	0.0220843
2.97031e-12	0.0220988
2.97121e-12	0.0221133
2.97212e-12	0.0221278
2.97302e-12	0.0221423
2.97392e-12	0.0221567
2.97483e-12	0.0221711
2.97573e-12	0.0221855
2.97663e-12	0.0221999
2.97753e-12	0.0222142
2.97844e-12	0.0222285
2.97934e-12	0.0222428
2.98024e-12	0.0222571
2.98114e-12	0.0222713
2.98205e-12	0.0222855
2.98295e-12	0.0222997
2.98385e-12	0.0223138
2.98476e-12	0.0223279
2.98566e-12	0.022342
2.98656e-12	0.0223561
2.98746e-12	0.0223701
2.98837e-12	0.0223842
2.98927e-12	0.0223981
2.99017e-12	0.0224121
2.99107e-12	0.022426
2.99198e-12	0.0224399
2.99288e-12	0.0224538
2.99378e-12	0.0224677
2.99468e-12	0.0224815
2.99559e-12	0.0224953
2.99649e-12	0.022509
2.99739e-12	0.0225228
2.9983e-12	0.0225365
2.9992e-12	0.0225502
3.0001e-12	0.0225638
3.001e-12	0.0225774
3.00191e-12	0.022591
3.00281e-12	0.0226046
3.00371e-12	0.0226181
3.00461e-12	0.0226317
3.00552e-12	0.0226451
3.00642e-12	0.0226586
3.00732e-12	0.022672
3.00823e-12	0.0226854
3.00913e-12	0.0226988
3.01003e-12	0.0227121
3.01093e-12	0.0227254
3.01184e-12	0.0227387
3.01274e-12	0.0227519
3.01364e-12	0.0227651
3.01454e-12	0.0227783
3.01545e-12	0.0227915
3.01635e-12	0.0228046
3.01725e-12	0.0228177
3.01815e-12	0.0228307
3.01906e-12	0.0228438
3.01996e-12	0.0228568
3.02086e-12	0.0228697
3.02177e-12	0.0228827
3.02267e-12	0.0228956
3.02357e-12	0.0229085
3.02447e-12	0.0229213
3.02538e-12	0.0229341
3.02628e-12	0.0229469
3.02718e-12	0.0229596
3.02808e-12	0.0229724
3.02899e-12	0.0229851
3.02989e-12	0.0229977
3.03079e-12	0.0230103
3.0317e-12	0.0230229
3.0326e-12	0.0230355
3.0335e-12	0.023048
3.0344e-12	0.0230605
3.03531e-12	0.023073
3.03621e-12	0.0230854
3.03711e-12	0.0230978
3.03801e-12	0.0231101
3.03892e-12	0.0231225
3.03982e-12	0.0231348
3.04072e-12	0.023147
3.04162e-12	0.0231593
3.04253e-12	0.0231715
3.04343e-12	0.0231836
3.04433e-12	0.0231958
3.04524e-12	0.0232079
3.04614e-12	0.0232199
3.04704e-12	0.0232319
3.04794e-12	0.0232439
3.04885e-12	0.0232559
3.04975e-12	0.0232678
3.05065e-12	0.0232797
3.05155e-12	0.0232916
3.05246e-12	0.0233034
3.05336e-12	0.0233152
3.05426e-12	0.0233269
3.05517e-12	0.0233386
3.05607e-12	0.0233503
3.05697e-12	0.023362
3.05787e-12	0.0233736
3.05878e-12	0.0233852
3.05968e-12	0.0233967
3.06058e-12	0.0234082
3.06148e-12	0.0234197
3.06239e-12	0.0234311
3.06329e-12	0.0234425
3.06419e-12	0.0234539
3.06509e-12	0.0234652
3.066e-12	0.0234765
3.0669e-12	0.0234877
3.0678e-12	0.0234989
3.06871e-12	0.0235101
3.06961e-12	0.0235212
3.07051e-12	0.0235324
3.07141e-12	0.0235434
3.07232e-12	0.0235544
3.07322e-12	0.0235654
3.07412e-12	0.0235764
3.07502e-12	0.0235873
3.07593e-12	0.0235982
3.07683e-12	0.023609
3.07773e-12	0.0236198
3.07864e-12	0.0236306
3.07954e-12	0.0236413
3.08044e-12	0.023652
3.08134e-12	0.0236627
3.08225e-12	0.0236733
3.08315e-12	0.0236839
3.08405e-12	0.0236944
3.08495e-12	0.0237049
3.08586e-12	0.0237154
3.08676e-12	0.0237258
3.08766e-12	0.0237362
3.08856e-12	0.0237465
3.08947e-12	0.0237568
3.09037e-12	0.0237671
3.09127e-12	0.0237773
3.09218e-12	0.0237875
3.09308e-12	0.0237976
3.09398e-12	0.0238077
3.09488e-12	0.0238178
3.09579e-12	0.0238278
3.09669e-12	0.0238378
3.09759e-12	0.0238477
3.09849e-12	0.0238576
3.0994e-12	0.0238675
3.1003e-12	0.0238773
3.1012e-12	0.0238871
3.10211e-12	0.0238968
3.10301e-12	0.0239065
3.10391e-12	0.0239162
3.10481e-12	0.0239258
3.10572e-12	0.0239354
3.10662e-12	0.0239449
3.10752e-12	0.0239544
3.10842e-12	0.0239638
3.10933e-12	0.0239733
3.11023e-12	0.0239826
3.11113e-12	0.0239919
3.11203e-12	0.0240012
3.11294e-12	0.0240105
3.11384e-12	0.0240196
3.11474e-12	0.0240288
3.11565e-12	0.0240379
3.11655e-12	0.024047
3.11745e-12	0.024056
3.11835e-12	0.024065
3.11926e-12	0.0240739
3.12016e-12	0.0240828
3.12106e-12	0.0240917
3.12196e-12	0.0241005
3.12287e-12	0.0241092
3.12377e-12	0.0241179
3.12467e-12	0.0241266
3.12558e-12	0.0241352
3.12648e-12	0.0241438
3.12738e-12	0.0241524
3.12828e-12	0.0241609
3.12919e-12	0.0241693
3.13009e-12	0.0241777
3.13099e-12	0.0241861
3.13189e-12	0.0241944
3.1328e-12	0.0242027
3.1337e-12	0.0242109
3.1346e-12	0.0242191
3.1355e-12	0.0242272
3.13641e-12	0.0242353
3.13731e-12	0.0242434
3.13821e-12	0.0242514
3.13912e-12	0.0242593
3.14002e-12	0.0242672
3.14092e-12	0.0242751
3.14182e-12	0.0242829
3.14273e-12	0.0242907
3.14363e-12	0.0242984
3.14453e-12	0.0243061
3.14543e-12	0.0243137
3.14634e-12	0.0243213
3.14724e-12	0.0243288
3.14814e-12	0.0243363
3.14905e-12	0.0243437
3.14995e-12	0.0243511
3.15085e-12	0.0243585
3.15175e-12	0.0243658
3.15266e-12	0.024373
3.15356e-12	0.0243802
3.15446e-12	0.0243874
3.15536e-12	0.0243945
3.15627e-12	0.0244015
3.15717e-12	0.0244085
3.15807e-12	0.0244155
3.15897e-12	0.0244224
3.15988e-12	0.0244292
3.16078e-12	0.0244361
3.16168e-12	0.0244428
3.16259e-12	0.0244495
3.16349e-12	0.0244562
3.16439e-12	0.0244628
3.16529e-12	0.0244694
3.1662e-12	0.0244759
3.1671e-12	0.0244823
3.168e-12	0.0244888
3.1689e-12	0.0244951
3.16981e-12	0.0245014
3.17071e-12	0.0245077
3.17161e-12	0.0245139
3.17252e-12	0.0245201
3.17342e-12	0.0245262
3.17432e-12	0.0245322
3.17522e-12	0.0245383
3.17613e-12	0.0245442
3.17703e-12	0.0245501
3.17793e-12	0.024556
3.17883e-12	0.0245618
3.17974e-12	0.0245675
3.18064e-12	0.0245732
3.18154e-12	0.0245789
3.18244e-12	0.0245845
3.18335e-12	0.02459
3.18425e-12	0.0245955
3.18515e-12	0.0246009
3.18606e-12	0.0246063
3.18696e-12	0.0246117
3.18786e-12	0.0246169
3.18876e-12	0.0246222
3.18967e-12	0.0246273
3.19057e-12	0.0246325
3.19147e-12	0.0246375
3.19237e-12	0.0246425
3.19328e-12	0.0246475
3.19418e-12	0.0246524
3.19508e-12	0.0246573
3.19599e-12	0.0246621
3.19689e-12	0.0246668
3.19779e-12	0.0246715
3.19869e-12	0.0246761
3.1996e-12	0.0246807
3.2005e-12	0.0246852
3.2014e-12	0.0246897
3.2023e-12	0.0246941
3.20321e-12	0.0246985
3.20411e-12	0.0247028
3.20501e-12	0.024707
3.20591e-12	0.0247112
3.20682e-12	0.0247153
3.20772e-12	0.0247194
3.20862e-12	0.0247235
3.20953e-12	0.0247274
3.21043e-12	0.0247313
3.21133e-12	0.0247352
3.21223e-12	0.024739
3.21314e-12	0.0247427
3.21404e-12	0.0247464
3.21494e-12	0.0247501
3.21584e-12	0.0247536
3.21675e-12	0.0247571
3.21765e-12	0.0247606
3.21855e-12	0.024764
3.21946e-12	0.0247673
3.22036e-12	0.0247706
3.22126e-12	0.0247739
3.22216e-12	0.024777
3.22307e-12	0.0247801
3.22397e-12	0.0247832
3.22487e-12	0.0247862
3.22577e-12	0.0247891
3.22668e-12	0.024792
3.22758e-12	0.0247948
3.22848e-12	0.0247976
3.22938e-12	0.0248003
3.23029e-12	0.0248029
3.23119e-12	0.0248055
3.23209e-12	0.024808
3.233e-12	0.0248105
3.2339e-12	0.0248129
3.2348e-12	0.0248152
3.2357e-12	0.0248175
3.23661e-12	0.0248197
3.23751e-12	0.0248219
3.23841e-12	0.024824
3.23931e-12	0.024826
3.24022e-12	0.024828
3.24112e-12	0.0248299
3.24202e-12	0.0248318
3.24293e-12	0.0248336
3.24383e-12	0.0248353
3.24473e-12	0.024837
3.24563e-12	0.0248386
3.24654e-12	0.0248402
3.24744e-12	0.0248416
3.24834e-12	0.0248431
3.24924e-12	0.0248444
3.25015e-12	0.0248457
3.25105e-12	0.024847
3.25195e-12	0.0248482
3.25285e-12	0.0248493
3.25376e-12	0.0248503
3.25466e-12	0.0248513
3.25556e-12	0.0248522
3.25647e-12	0.0248531
3.25737e-12	0.0248539
3.25827e-12	0.0248546
3.25917e-12	0.0248553
3.26008e-12	0.0248559
3.26098e-12	0.0248564
3.26188e-12	0.0248569
3.26278e-12	0.0248573
3.26369e-12	0.0248577
3.26459e-12	0.024858
3.26549e-12	0.0248582
3.2664e-12	0.0248583
3.2673e-12	0.0248584
3.2682e-12	0.0248585
3.2691e-12	0.0248584
3.27001e-12	0.0248583
3.27091e-12	0.0248582
3.27181e-12	0.0248579
3.27271e-12	0.0248576
3.27362e-12	0.0248572
3.27452e-12	0.0248568
3.27542e-12	0.0248563
3.27632e-12	0.0248557
3.27723e-12	0.0248551
3.27813e-12	0.0248544
3.27903e-12	0.0248536
3.27994e-12	0.0248528
3.28084e-12	0.0248519
3.28174e-12	0.0248509
3.28264e-12	0.0248499
3.28355e-12	0.0248488
3.28445e-12	0.0248476
3.28535e-12	0.0248464
3.28625e-12	0.0248451
3.28716e-12	0.0248437
3.28806e-12	0.0248423
3.28896e-12	0.0248407
3.28987e-12	0.0248392
3.29077e-12	0.0248375
3.29167e-12	0.0248358
3.29257e-12	0.024834
3.29348e-12	0.0248321
3.29438e-12	0.0248302
3.29528e-12	0.0248282
3.29618e-12	0.0248262
3.29709e-12	0.024824
3.29799e-12	0.0248218
3.29889e-12	0.0248195
3.29979e-12	0.0248172
3.3007e-12	0.0248148
3.3016e-12	0.0248123
3.3025e-12	0.0248097
3.30341e-12	0.0248071
3.30431e-12	0.0248044
3.30521e-12	0.0248016
3.30611e-12	0.0247988
3.30702e-12	0.0247959
3.30792e-12	0.0247929
3.30882e-12	0.0247898
3.30972e-12	0.0247867
3.31063e-12	0.0247835
3.31153e-12	0.0247802
3.31243e-12	0.0247769
3.31334e-12	0.0247735
3.31424e-12	0.02477
3.31514e-12	0.0247664
3.31604e-12	0.0247628
3.31695e-12	0.0247591
3.31785e-12	0.0247553
3.31875e-12	0.0247515
3.31965e-12	0.0247475
3.32056e-12	0.0247435
3.32146e-12	0.0247395
3.32236e-12	0.0247353
3.32327e-12	0.0247311
3.32417e-12	0.0247268
3.32507e-12	0.0247224
3.32597e-12	0.024718
3.32688e-12	0.0247134
3.32778e-12	0.0247089
3.32868e-12	0.0247042
3.32958e-12	0.0246994
3.33049e-12	0.0246946
3.33139e-12	0.0246897
3.33229e-12	0.0246847
3.33319e-12	0.0246797
3.3341e-12	0.0246746
3.335e-12	0.0246694
3.3359e-12	0.0246641
3.33681e-12	0.0246587
3.33771e-12	0.0246533
3.33861e-12	0.0246478
3.33951e-12	0.0246422
3.34042e-12	0.0246366
3.34132e-12	0.0246308
3.34222e-12	0.024625
3.34312e-12	0.0246191
3.34403e-12	0.0246132
3.34493e-12	0.0246071
3.34583e-12	0.024601
3.34674e-12	0.0245948
3.34764e-12	0.0245885
3.34854e-12	0.0245822
3.34944e-12	0.0245757
3.35035e-12	0.0245692
3.35125e-12	0.0245626
3.35215e-12	0.0245559
3.35305e-12	0.0245492
3.35396e-12	0.0245424
3.35486e-12	0.0245355
3.35576e-12	0.0245285
3.35666e-12	0.0245214
3.35757e-12	0.0245142
3.35847e-12	0.024507
3.35937e-12	0.0244997
3.36028e-12	0.0244923
3.36118e-12	0.0244849
3.36208e-12	0.0244773
3.36298e-12	0.0244697
3.36389e-12	0.024462
3.36479e-12	0.0244542
3.36569e-12	0.0244463
3.36659e-12	0.0244383
3.3675e-12	0.0244303
3.3684e-12	0.0244222
3.3693e-12	0.024414
3.37021e-12	0.0244057
3.37111e-12	0.0243973
3.37201e-12	0.0243889
3.37291e-12	0.0243804
3.37382e-12	0.0243717
3.37472e-12	0.0243631
3.37562e-12	0.0243543
3.37652e-12	0.0243454
3.37743e-12	0.0243365
3.37833e-12	0.0243274
3.37923e-12	0.0243183
3.38013e-12	0.0243091
3.38104e-12	0.0242999
3.38194e-12	0.0242905
3.38284e-12	0.0242811
3.38375e-12	0.0242715
3.38465e-12	0.0242619
3.38555e-12	0.0242522
3.38645e-12	0.0242424
3.38736e-12	0.0242326
3.38826e-12	0.0242226
3.38916e-12	0.0242126
3.39006e-12	0.0242024
3.39097e-12	0.0241922
3.39187e-12	0.0241819
3.39277e-12	0.0241716
3.39368e-12	0.0241611
3.39458e-12	0.0241505
3.39548e-12	0.0241399
3.39638e-12	0.0241292
3.39729e-12	0.0241184
3.39819e-12	0.0241075
3.39909e-12	0.0240965
3.39999e-12	0.0240854
3.4009e-12	0.0240742
3.4018e-12	0.024063
3.4027e-12	0.0240517
3.4036e-12	0.0240402
3.40451e-12	0.0240287
3.40541e-12	0.0240171
3.40631e-12	0.0240054
3.40722e-12	0.0239937
3.40812e-12	0.0239818
3.40902e-12	0.0239698
3.40992e-12	0.0239578
3.41083e-12	0.0239457
3.41173e-12	0.0239334
3.41263e-12	0.0239211
3.41353e-12	0.0239087
3.41444e-12	0.0238962
3.41534e-12	0.0238837
3.41624e-12	0.023871
3.41715e-12	0.0238582
3.41805e-12	0.0238454
3.41895e-12	0.0238325
3.41985e-12	0.0238194
3.42076e-12	0.0238063
3.42166e-12	0.0237931
3.42256e-12	0.0237798
3.42346e-12	0.0237664
3.42437e-12	0.0237529
3.42527e-12	0.0237393
3.42617e-12	0.0237257
3.42707e-12	0.0237119
3.42798e-12	0.0236981
3.42888e-12	0.0236841
3.42978e-12	0.0236701
3.43069e-12	0.023656
3.43159e-12	0.0236417
3.43249e-12	0.0236274
3.43339e-12	0.023613
3.4343e-12	0.0235985
3.4352e-12	0.0235839
3.4361e-12	0.0235692
3.437e-12	0.0235545
3.43791e-12	0.0235396
3.43881e-12	0.0235246
3.43971e-12	0.0235095
3.44062e-12	0.0234944
3.44152e-12	0.0234791
3.44242e-12	0.0234638
3.44332e-12	0.0234484
3.44423e-12	0.0234328
3.44513e-12	0.0234172
3.44603e-12	0.0234015
3.44693e-12	0.0233856
3.44784e-12	0.0233697
3.44874e-12	0.0233537
3.44964e-12	0.0233376
3.45054e-12	0.0233214
3.45145e-12	0.0233051
3.45235e-12	0.0232887
3.45325e-12	0.0232722
3.45416e-12	0.0232556
3.45506e-12	0.0232389
3.45596e-12	0.0232222
3.45686e-12	0.0232053
3.45777e-12	0.0231883
3.45867e-12	0.0231712
3.45957e-12	0.0231541
3.46047e-12	0.0231368
3.46138e-12	0.0231194
3.46228e-12	0.023102
3.46318e-12	0.0230844
3.46409e-12	0.0230667
3.46499e-12	0.023049
3.46589e-12	0.0230311
3.46679e-12	0.0230132
3.4677e-12	0.0229951
3.4686e-12	0.0229769
3.4695e-12	0.0229587
3.4704e-12	0.0229403
3.47131e-12	0.0229219
3.47221e-12	0.0229033
3.47311e-12	0.0228847
3.47401e-12	0.0228659
3.47492e-12	0.022847
3.47582e-12	0.0228281
3.47672e-12	0.022809
3.47763e-12	0.0227899
3.47853e-12	0.0227706
3.47943e-12	0.0227513
3.48033e-12	0.0227318
3.48124e-12	0.0227122
3.48214e-12	0.0226926
3.48304e-12	0.0226728
3.48394e-12	0.0226529
3.48485e-12	0.022633
3.48575e-12	0.0226129
3.48665e-12	0.0225927
3.48756e-12	0.0225724
3.48846e-12	0.0225521
3.48936e-12	0.0225316
3.49026e-12	0.022511
3.49117e-12	0.0224903
3.49207e-12	0.0224695
3.49297e-12	0.0224486
3.49387e-12	0.0224276
3.49478e-12	0.0224065
3.49568e-12	0.0223853
3.49658e-12	0.022364
3.49748e-12	0.0223426
3.49839e-12	0.022321
3.49929e-12	0.0222994
3.50019e-12	0.0222777
3.5011e-12	0.0222558
3.502e-12	0.0222339
3.5029e-12	0.0222118
3.5038e-12	0.0221897
3.50471e-12	0.0221674
3.50561e-12	0.0221451
3.50651e-12	0.0221226
3.50741e-12	0.0221
3.50832e-12	0.0220773
3.50922e-12	0.0220545
3.51012e-12	0.0220316
3.51103e-12	0.0220086
3.51193e-12	0.0219855
3.51283e-12	0.0219623
3.51373e-12	0.021939
3.51464e-12	0.0219155
3.51554e-12	0.021892
3.51644e-12	0.0218684
3.51734e-12	0.0218446
3.51825e-12	0.0218207
3.51915e-12	0.0217968
3.52005e-12	0.0217727
3.52095e-12	0.0217485
3.52186e-12	0.0217242
3.52276e-12	0.0216998
3.52366e-12	0.0216753
3.52457e-12	0.0216506
3.52547e-12	0.0216259
3.52637e-12	0.0216011
3.52727e-12	0.0215761
3.52818e-12	0.021551
3.52908e-12	0.0215259
3.52998e-12	0.0215006
3.53088e-12	0.0214752
3.53179e-12	0.0214497
3.53269e-12	0.021424
3.53359e-12	0.0213983
3.5345e-12	0.0213725
3.5354e-12	0.0213465
3.5363e-12	0.0213205
3.5372e-12	0.0212943
3.53811e-12	0.021268
3.53901e-12	0.0212416
3.53991e-12	0.0212151
3.54081e-12	0.0211885
3.54172e-12	0.0211617
3.54262e-12	0.0211349
3.54352e-12	0.0211079
3.54442e-12	0.0210808
3.54533e-12	0.0210536
3.54623e-12	0.0210263
3.54713e-12	0.0209989
3.54804e-12	0.0209714
3.54894e-12	0.0209438
3.54984e-12	0.020916
3.55074e-12	0.0208881
3.55165e-12	0.0208601
3.55255e-12	0.020832
3.55345e-12	0.0208038
3.55435e-12	0.0207755
3.55526e-12	0.0207471
3.55616e-12	0.0207185
3.55706e-12	0.0206898
3.55797e-12	0.020661
3.55887e-12	0.0206321
3.55977e-12	0.0206031
3.56067e-12	0.020574
3.56158e-12	0.0205447
3.56248e-12	0.0205153
3.56338e-12	0.0204859
3.56428e-12	0.0204563
3.56519e-12	0.0204265
3.56609e-12	0.0203967
3.56699e-12	0.0203667
3.56789e-12	0.0203367
3.5688e-12	0.0203065
3.5697e-12	0.0202762
3.5706e-12	0.0202458
3.57151e-12	0.0202152
3.57241e-12	0.0201846
3.57331e-12	0.0201538
3.57421e-12	0.0201229
3.57512e-12	0.0200919
3.57602e-12	0.0200607
3.57692e-12	0.0200295
3.57782e-12	0.0199981
3.57873e-12	0.0199666
3.57963e-12	0.019935
3.58053e-12	0.0199033
3.58144e-12	0.0198714
3.58234e-12	0.0198395
3.58324e-12	0.0198074
3.58414e-12	0.0197751
3.58505e-12	0.0197428
3.58595e-12	0.0197104
3.58685e-12	0.0196778
3.58775e-12	0.0196451
3.58866e-12	0.0196123
3.58956e-12	0.0195793
3.59046e-12	0.0195463
3.59136e-12	0.0195131
3.59227e-12	0.0194798
3.59317e-12	0.0194464
3.59407e-12	0.0194128
3.59498e-12	0.0193792
3.59588e-12	0.0193454
3.59678e-12	0.0193115
3.59768e-12	0.0192774
3.59859e-12	0.0192433
3.59949e-12	0.019209
3.60039e-12	0.0191746
3.60129e-12	0.0191401
3.6022e-12	0.0191054
3.6031e-12	0.0190706
3.604e-12	0.0190357
3.60491e-12	0.0190007
3.60581e-12	0.0189656
3.60671e-12	0.0189303
3.60761e-12	0.0188949
3.60852e-12	0.0188594
3.60942e-12	0.0188237
3.61032e-12	0.018788
3.61122e-12	0.0187521
3.61213e-12	0.018716
3.61303e-12	0.0186799
3.61393e-12	0.0186436
3.61483e-12	0.0186072
3.61574e-12	0.0185707
3.61664e-12	0.018534
3.61754e-12	0.0184973
3.61845e-12	0.0184604
3.61935e-12	0.0184233
3.62025e-12	0.0183862
3.62115e-12	0.0183489
3.62206e-12	0.0183115
3.62296e-12	0.0182739
3.62386e-12	0.0182363
3.62476e-12	0.0181985
3.62567e-12	0.0181605
3.62657e-12	0.0181225
3.62747e-12	0.0180843
3.62838e-12	0.018046
3.62928e-12	0.0180076
3.63018e-12	0.017969
3.63108e-12	0.0179303
3.63199e-12	0.0178915
3.63289e-12	0.0178525
3.63379e-12	0.0178134
3.63469e-12	0.0177742
3.6356e-12	0.0177349
3.6365e-12	0.0176954
3.6374e-12	0.0176558
3.6383e-12	0.0176161
3.63921e-12	0.0175762
3.64011e-12	0.0175362
3.64101e-12	0.0174961
3.64192e-12	0.0174559
3.64282e-12	0.0174155
3.64372e-12	0.017375
3.64462e-12	0.0173343
3.64553e-12	0.0172935
3.64643e-12	0.0172526
3.64733e-12	0.0172116
3.64823e-12	0.0171704
3.64914e-12	0.0171291
3.65004e-12	0.0170876
3.65094e-12	0.0170461
3.65185e-12	0.0170044
3.65275e-12	0.0169625
3.65365e-12	0.0169206
3.65455e-12	0.0168785
3.65546e-12	0.0168362
3.65636e-12	0.0167938
3.65726e-12	0.0167513
3.65816e-12	0.0167087
3.65907e-12	0.0166659
3.65997e-12	0.016623
3.66087e-12	0.01658
3.66177e-12	0.0165368
3.66268e-12	0.0164935
3.66358e-12	0.01645
3.66448e-12	0.0164065
3.66539e-12	0.0163628
3.66629e-12	0.0163189
3.66719e-12	0.0162749
3.66809e-12	0.0162308
3.669e-12	0.0161865
3.6699e-12	0.0161421
3.6708e-12	0.0160976
3.6717e-12	0.0160529
3.67261e-12	0.0160081
3.67351e-12	0.0159632
3.67441e-12	0.0159181
3.67532e-12	0.0158729
3.67622e-12	0.0158276
3.67712e-12	0.0157821
3.67802e-12	0.0157364
3.67893e-12	0.0156907
3.67983e-12	0.0156448
3.68073e-12	0.0155987
3.68163e-12	0.0155526
3.68254e-12	0.0155062
3.68344e-12	0.0154598
3.68434e-12	0.0154132
3.68524e-12	0.0153665
3.68615e-12	0.0153196
3.68705e-12	0.0152726
3.68795e-12	0.0152254
3.68886e-12	0.0151782
3.68976e-12	0.0151307
3.69066e-12	0.0150832
3.69156e-12	0.0150354
3.69247e-12	0.0149876
3.69337e-12	0.0149396
3.69427e-12	0.0148915
3.69517e-12	0.0148432
3.69608e-12	0.0147948
3.69698e-12	0.0147463
3.69788e-12	0.0146976
3.69879e-12	0.0146487
3.69969e-12	0.0145998
3.70059e-12	0.0145506
3.70149e-12	0.0145014
3.7024e-12	0.014452
3.7033e-12	0.0144024
3.7042e-12	0.0143528
3.7051e-12	0.0143029
3.70601e-12	0.014253
3.70691e-12	0.0142029
3.70781e-12	0.0141526
3.70871e-12	0.0141022
3.70962e-12	0.0140517
3.71052e-12	0.014001
3.71142e-12	0.0139501
3.71233e-12	0.0138992
3.71323e-12	0.0138481
3.71413e-12	0.0137968
3.71503e-12	0.0137454
3.71594e-12	0.0136939
3.71684e-12	0.0136422
3.71774e-12	0.0135903
3.71864e-12	0.0135383
3.71955e-12	0.0134862
3.72045e-12	0.0134339
3.72135e-12	0.0133815
3.72226e-12	0.013329
3.72316e-12	0.0132763
3.72406e-12	0.0132234
3.72496e-12	0.0131704
3.72587e-12	0.0131173
3.72677e-12	0.013064
3.72767e-12	0.0130105
3.72857e-12	0.0129569
3.72948e-12	0.0129032
3.73038e-12	0.0128493
3.73128e-12	0.0127953
3.73219e-12	0.0127411
3.73309e-12	0.0126868
3.73399e-12	0.0126324
3.73489e-12	0.0125777
3.7358e-12	0.012523
3.7367e-12	0.0124681
3.7376e-12	0.012413
3.7385e-12	0.0123578
3.73941e-12	0.0123024
3.74031e-12	0.0122469
3.74121e-12	0.0121913
3.74211e-12	0.0121355
3.74302e-12	0.0120795
3.74392e-12	0.0120234
3.74482e-12	0.0119672
3.74573e-12	0.0119108
3.74663e-12	0.0118542
3.74753e-12	0.0117975
3.74843e-12	0.0117407
3.74934e-12	0.0116837
3.75024e-12	0.0116265
3.75114e-12	0.0115692
3.75204e-12	0.0115118
3.75295e-12	0.0114542
3.75385e-12	0.0113964
3.75475e-12	0.0113385
3.75566e-12	0.0112805
3.75656e-12	0.0112223
3.75746e-12	0.0111639
3.75836e-12	0.0111054
3.75927e-12	0.0110467
3.76017e-12	0.0109879
3.76107e-12	0.0109289
3.76197e-12	0.0108698
3.76288e-12	0.0108105
3.76378e-12	0.0107511
3.76468e-12	0.0106915
3.76558e-12	0.0106318
3.76649e-12	0.0105719
3.76739e-12	0.0105119
3.76829e-12	0.0104517
3.7692e-12	0.0103914
3.7701e-12	0.0103309
3.771e-12	0.0102702
3.7719e-12	0.0102094
3.77281e-12	0.0101484
3.77371e-12	0.0100873
3.77461e-12	0.010026
3.77551e-12	0.00996462
3.77642e-12	0.00990304
3.77732e-12	0.00984131
3.77822e-12	0.00977942
3.77913e-12	0.00971737
3.78003e-12	0.00965517
3.78093e-12	0.00959281
3.78183e-12	0.0095303
3.78274e-12	0.00946763
3.78364e-12	0.00940481
3.78454e-12	0.00934182
3.78544e-12	0.00927869
3.78635e-12	0.00921539
3.78725e-12	0.00915194
3.78815e-12	0.00908833
3.78905e-12	0.00902457
3.78996e-12	0.00896064
3.79086e-12	0.00889656
3.79176e-12	0.00883232
3.79267e-12	0.00876793
3.79357e-12	0.00870338
3.79447e-12	0.00863866
3.79537e-12	0.00857379
3.79628e-12	0.00850877
3.79718e-12	0.00844358
3.79808e-12	0.00837824
3.79898e-12	0.00831273
3.79989e-12	0.00824707
3.80079e-12	0.00818125
3.80169e-12	0.00811527
3.8026e-12	0.00804912
3.8035e-12	0.00798282
3.8044e-12	0.00791636
3.8053e-12	0.00784975
3.80621e-12	0.00778297
3.80711e-12	0.00771603
3.80801e-12	0.00764893
3.80891e-12	0.00758166
3.80982e-12	0.00751424
3.81072e-12	0.00744666
3.81162e-12	0.00737892
3.81252e-12	0.00731101
3.81343e-12	0.00724295
3.81433e-12	0.00717472
3.81523e-12	0.00710633
3.81614e-12	0.00703778
3.81704e-12	0.00696907
3.81794e-12	0.0069002
3.81884e-12	0.00683116
3.81975e-12	0.00676197
3.82065e-12	0.00669261
3.82155e-12	0.00662308
3.82245e-12	0.0065534
3.82336e-12	0.00648355
3.82426e-12	0.00641354
3.82516e-12	0.00634336
3.82607e-12	0.00627302
3.82697e-12	0.00620252
3.82787e-12	0.00613186
3.82877e-12	0.00606103
3.82968e-12	0.00599004
3.83058e-12	0.00591888
3.83148e-12	0.00584756
3.83238e-12	0.00577607
3.83329e-12	0.00570442
3.83419e-12	0.00563261
3.83509e-12	0.00556063
3.83599e-12	0.00548849
3.8369e-12	0.00541618
3.8378e-12	0.0053437
3.8387e-12	0.00527106
3.83961e-12	0.00519826
3.84051e-12	0.00512529
3.84141e-12	0.00505215
3.84231e-12	0.00497885
3.84322e-12	0.00490538
3.84412e-12	0.00483174
3.84502e-12	0.00475794
3.84592e-12	0.00468397
3.84683e-12	0.00460984
3.84773e-12	0.00453553
3.84863e-12	0.00446107
3.84954e-12	0.00438643
3.85044e-12	0.00431163
3.85134e-12	0.00423666
3.85224e-12	0.00416152
3.85315e-12	0.00408621
3.85405e-12	0.00401074
3.85495e-12	0.0039351
3.85585e-12	0.00385929
3.85676e-12	0.00378331
3.85766e-12	0.00370716
3.85856e-12	0.00363085
3.85946e-12	0.00355437
3.86037e-12	0.00347771
3.86127e-12	0.00340089
3.86217e-12	0.0033239
3.86308e-12	0.00324674
3.86398e-12	0.00316941
3.86488e-12	0.00309191
3.86578e-12	0.00301425
3.86669e-12	0.00293641
3.86759e-12	0.0028584
3.86849e-12	0.00278022
3.86939e-12	0.00270187
3.8703e-12	0.00262335
3.8712e-12	0.00254466
3.8721e-12	0.0024658
3.87301e-12	0.00238677
3.87391e-12	0.00230757
3.87481e-12	0.0022282
3.87571e-12	0.00214865
3.87662e-12	0.00206893
3.87752e-12	0.00198905
3.87842e-12	0.00190899
3.87932e-12	0.00182876
3.88023e-12	0.00174835
3.88113e-12	0.00166778
3.88203e-12	0.00158703
3.88293e-12	0.00150611
3.88384e-12	0.00142502
3.88474e-12	0.00134376
3.88564e-12	0.00126232
3.88655e-12	0.00118071
3.88745e-12	0.00109893
3.88835e-12	0.00101697
3.88925e-12	0.000934839
3.89016e-12	0.000852536
3.89106e-12	0.000770059
3.89196e-12	0.000687408
3.89286e-12	0.000604584
3.89377e-12	0.000521585
3.89467e-12	0.000438413
3.89557e-12	0.000355066
3.89648e-12	0.000271544
3.89738e-12	0.000187848
3.89828e-12	0.000103978
3.89918e-12	1.99325e-05
3.90009e-12	-6.42878e-05
3.90099e-12	-0.000148683
3.90189e-12	-0.000233254
3.90279e-12	-0.000318
3.9037e-12	-0.000402921
3.9046e-12	-0.000488018
3.9055e-12	-0.000573291
3.9064e-12	-0.00065874
3.90731e-12	-0.000744365
3.90821e-12	-0.000830166
3.90911e-12	-0.000916143
3.91002e-12	-0.0010023
3.91092e-12	-0.00108863
3.91182e-12	-0.00117513
3.91272e-12	-0.00126182
3.91363e-12	-0.00134868
3.91453e-12	-0.00143572
3.91543e-12	-0.00152293
3.91633e-12	-0.00161032
3.91724e-12	-0.00169789
3.91814e-12	-0.00178564
3.91904e-12	-0.00187357
3.91995e-12	-0.00196167
3.92085e-12	-0.00204995
3.92175e-12	-0.00213841
3.92265e-12	-0.00222705
3.92356e-12	-0.00231586
3.92446e-12	-0.00240486
3.92536e-12	-0.00249403
3.92626e-12	-0.00258338
3.92717e-12	-0.00267291
3.92807e-12	-0.00276262
3.92897e-12	-0.00285251
3.92987e-12	-0.00294258
3.93078e-12	-0.00303282
3.93168e-12	-0.00312325
3.93258e-12	-0.00321386
3.93349e-12	-0.00330464
3.93439e-12	-0.00339561
3.93529e-12	-0.00348676
3.93619e-12	-0.00357808
3.9371e-12	-0.00366959
3.938e-12	-0.00376128
3.9389e-12	-0.00385315
3.9398e-12	-0.00394519
3.94071e-12	-0.00403742
3.94161e-12	-0.00412983
3.94251e-12	-0.00422242
3.94342e-12	-0.0043152
3.94432e-12	-0.00440815
3.94522e-12	-0.00450129
3.94612e-12	-0.0045946
3.94703e-12	-0.0046881
3.94793e-12	-0.00478178
3.94883e-12	-0.00487564
3.94973e-12	-0.00496969
3.95064e-12	-0.00506391
3.95154e-12	-0.00515832
3.95244e-12	-0.00525291
3.95334e-12	-0.00534769
3.95425e-12	-0.00544264
3.95515e-12	-0.00553778
3.95605e-12	-0.0056331
3.95696e-12	-0.00572861
3.95786e-12	-0.0058243
3.95876e-12	-0.00592017
3.95966e-12	-0.00601622
3.96057e-12	-0.00611246
3.96147e-12	-0.00620888
3.96237e-12	-0.00630549
3.96327e-12	-0.00640228
3.96418e-12	-0.00649925
3.96508e-12	-0.00659641
3.96598e-12	-0.00669375
3.96689e-12	-0.00679128
3.96779e-12	-0.00688899
3.96869e-12	-0.00698688
3.96959e-12	-0.00708496
3.9705e-12	-0.00718323
3.9714e-12	-0.00728168
3.9723e-12	-0.00738031
3.9732e-12	-0.00747913
3.97411e-12	-0.00757813
3.97501e-12	-0.00767732
3.97591e-12	-0.0077767
3.97681e-12	-0.00787626
3.97772e-12	-0.00797601
3.97862e-12	-0.00807594
3.97952e-12	-0.00817606
3.98043e-12	-0.00827636
3.98133e-12	-0.00837686
3.98223e-12	-0.00847753
3.98313e-12	-0.0085784
3.98404e-12	-0.00867945
3.98494e-12	-0.00878069
3.98584e-12	-0.00888211
3.98674e-12	-0.00898372
3.98765e-12	-0.00908552
3.98855e-12	-0.0091875
3.98945e-12	-0.00928967
3.99036e-12	-0.00939203
3.99126e-12	-0.00949458
3.99216e-12	-0.00959731
3.99306e-12	-0.00970024
3.99397e-12	-0.00980335
3.99487e-12	-0.00990664
3.99577e-12	-0.0100101
3.99667e-12	-0.0101138
3.99758e-12	-0.0102177
3.99848e-12	-0.0103217
3.99938e-12	-0.010426
4.00028e-12	-0.0105304
4.00119e-12	-0.010635
4.00209e-12	-0.0107398
4.00299e-12	-0.0108448
4.0039e-12	-0.01095
4.0048e-12	-0.0110553
4.0057e-12	-0.0111609
4.0066e-12	-0.0112667
4.00751e-12	-0.0113726
4.00841e-12	-0.0114787
4.00931e-12	-0.011585
4.01021e-12	-0.0116916
4.01112e-12	-0.0117983
4.01202e-12	-0.0119051
4.01292e-12	-0.0120122
4.01383e-12	-0.0121195
4.01473e-12	-0.0122269
4.01563e-12	-0.0123346
4.01653e-12	-0.0124424
4.01744e-12	-0.0125505
4.01834e-12	-0.0126587
4.01924e-12	-0.0127671
4.02014e-12	-0.0128757
4.02105e-12	-0.0129845
4.02195e-12	-0.0130935
4.02285e-12	-0.0132026
4.02375e-12	-0.013312
4.02466e-12	-0.0134216
4.02556e-12	-0.0135313
4.02646e-12	-0.0136413
4.02737e-12	-0.0137514
4.02827e-12	-0.0138617
4.02917e-12	-0.0139722
4.03007e-12	-0.0140829
4.03098e-12	-0.0141938
4.03188e-12	-0.0143049
4.03278e-12	-0.0144162
4.03368e-12	-0.0145277
4.03459e-12	-0.0146394
4.03549e-12	-0.0147512
4.03639e-12	-0.0148633
4.0373e-12	-0.0149755
4.0382e-12	-0.015088
4.0391e-12	-0.0152006
4.04e-12	-0.0153134
4.04091e-12	-0.0154264
4.04181e-12	-0.0155397
4.04271e-12	-0.0156531
4.04361e-12	-0.0157667
4.04452e-12	-0.0158804
4.04542e-12	-0.0159944
4.04632e-12	-0.0161086
4.04722e-12	-0.016223
4.04813e-12	-0.0163376
4.04903e-12	-0.0164523
4.04993e-12	-0.0165673
4.05084e-12	-0.0166824
4.05174e-12	-0.0167978
4.05264e-12	-0.0169133
4.05354e-12	-0.017029
4.05445e-12	-0.017145
4.05535e-12	-0.0172611
4.05625e-12	-0.0173774
4.05715e-12	-0.0174939
4.05806e-12	-0.0176106
4.05896e-12	-0.0177275
4.05986e-12	-0.0178446
4.06077e-12	-0.0179619
4.06167e-12	-0.0180794
4.06257e-12	-0.0181971
4.06347e-12	-0.018315
4.06438e-12	-0.018433
4.06528e-12	-0.0185513
4.06618e-12	-0.0186698
4.06708e-12	-0.0187884
4.06799e-12	-0.0189073
4.06889e-12	-0.0190263
4.06979e-12	-0.0191456
4.07069e-12	-0.019265
4.0716e-12	-0.0193847
4.0725e-12	-0.0195045
4.0734e-12	-0.0196245
4.07431e-12	-0.0197448
4.07521e-12	-0.0198652
4.07611e-12	-0.0199858
4.07701e-12	-0.0201066
4.07792e-12	-0.0202276
4.07882e-12	-0.0203488
4.07972e-12	-0.0204703
4.08062e-12	-0.0205919
4.08153e-12	-0.0207137
4.08243e-12	-0.0208357
4.08333e-12	-0.0209579
4.08424e-12	-0.0210803
4.08514e-12	-0.0212029
4.08604e-12	-0.0213256
4.08694e-12	-0.0214486
4.08785e-12	-0.0215718
4.08875e-12	-0.0216952
4.08965e-12	-0.0218188
4.09055e-12	-0.0219426
4.09146e-12	-0.0220665
4.09236e-12	-0.0221907
4.09326e-12	-0.0223151
4.09416e-12	-0.0224397
4.09507e-12	-0.0225644
4.09597e-12	-0.0226894
4.09687e-12	-0.0228146
4.09778e-12	-0.0229399
4.09868e-12	-0.0230655
4.09958e-12	-0.0231913
4.10048e-12	-0.0233172
4.10139e-12	-0.0234434
4.10229e-12	-0.0235697
4.10319e-12	-0.0236963
4.10409e-12	-0.023823
4.105e-12	-0.02395
4.1059e-12	-0.0240772
4.1068e-12	-0.0242045
4.10771e-12	-0.0243321
4.10861e-12	-0.0244598
4.10951e-12	-0.0245878
4.11041e-12	-0.0247159
4.11132e-12	-0.0248443
4.11222e-12	-0.0249728
4.11312e-12	-0.0251016
4.11402e-12	-0.0252305
4.11493e-12	-0.0253597
4.11583e-12	-0.025489
4.11673e-12	-0.0256186
4.11764e-12	-0.0257483
4.11854e-12	-0.0258783
4.11944e-12	-0.0260084
4.12034e-12	-0.0261388
4.12125e-12	-0.0262693
4.12215e-12	-0.0264001
4.12305e-12	-0.026531
4.12395e-12	-0.0266622
4.12486e-12	-0.0267935
4.12576e-12	-0.0269251
4.12666e-12	-0.0270568
4.12756e-12	-0.0271888
4.12847e-12	-0.027321
4.12937e-12	-0.0274533
4.13027e-12	-0.0275859
4.13118e-12	-0.0277186
4.13208e-12	-0.0278516
4.13298e-12	-0.0279848
4.13388e-12	-0.0281181
4.13479e-12	-0.0282517
4.13569e-12	-0.0283854
4.13659e-12	-0.0285194
4.13749e-12	-0.0286536
4.1384e-12	-0.028788
4.1393e-12	-0.0289225
4.1402e-12	-0.0290573
4.14111e-12	-0.0291923
4.14201e-12	-0.0293274
4.14291e-12	-0.0294628
4.14381e-12	-0.0295984
4.14472e-12	-0.0297342
4.14562e-12	-0.0298702
4.14652e-12	-0.0300064
4.14742e-12	-0.0301427
4.14833e-12	-0.0302793
4.14923e-12	-0.0304161
4.15013e-12	-0.0305531
4.15103e-12	-0.0306903
4.15194e-12	-0.0308277
4.15284e-12	-0.0309653
4.15374e-12	-0.0311031
4.15465e-12	-0.0312411
4.15555e-12	-0.0313793
4.15645e-12	-0.0315177
4.15735e-12	-0.0316564
4.15826e-12	-0.0317952
4.15916e-12	-0.0319342
4.16006e-12	-0.0320734
4.16096e-12	-0.0322128
4.16187e-12	-0.0323525
4.16277e-12	-0.0324923
4.16367e-12	-0.0326323
4.16458e-12	-0.0327726
4.16548e-12	-0.032913
4.16638e-12	-0.0330536
4.16728e-12	-0.0331945
4.16819e-12	-0.0333355
4.16909e-12	-0.0334768
4.16999e-12	-0.0336182
4.17089e-12	-0.0337599
4.1718e-12	-0.0339018
4.1727e-12	-0.0340438
4.1736e-12	-0.0341861
4.1745e-12	-0.0343286
4.17541e-12	-0.0344713
4.17631e-12	-0.0346141
4.17721e-12	-0.0347572
4.17812e-12	-0.0349005
4.17902e-12	-0.035044
4.17992e-12	-0.0351877
4.18082e-12	-0.0353316
4.18173e-12	-0.0354757
4.18263e-12	-0.03562
4.18353e-12	-0.0357645
4.18443e-12	-0.0359092
4.18534e-12	-0.0360541
4.18624e-12	-0.0361993
4.18714e-12	-0.0363446
4.18805e-12	-0.0364901
4.18895e-12	-0.0366358
4.18985e-12	-0.0367818
4.19075e-12	-0.0369279
4.19166e-12	-0.0370743
4.19256e-12	-0.0372208
4.19346e-12	-0.0373676
4.19436e-12	-0.0375145
4.19527e-12	-0.0376617
4.19617e-12	-0.0378091
4.19707e-12	-0.0379566
4.19797e-12	-0.0381044
4.19888e-12	-0.0382524
4.19978e-12	-0.0384006
4.20068e-12	-0.038549
4.20159e-12	-0.0386976
4.20249e-12	-0.0388464
4.20339e-12	-0.0389954
4.20429e-12	-0.0391446
4.2052e-12	-0.039294
4.2061e-12	-0.0394436
4.207e-12	-0.0395934
4.2079e-12	-0.0397435
4.20881e-12	-0.0398937
4.20971e-12	-0.0400441
4.21061e-12	-0.0401948
4.21152e-12	-0.0403456
4.21242e-12	-0.0404967
4.21332e-12	-0.0406479
4.21422e-12	-0.0407994
4.21513e-12	-0.0409511
4.21603e-12	-0.0411029
4.21693e-12	-0.041255
4.21783e-12	-0.0414073
4.21874e-12	-0.0415598
4.21964e-12	-0.0417125
4.22054e-12	-0.0418654
4.22144e-12	-0.0420185
4.22235e-12	-0.0421718
4.22325e-12	-0.0423253
4.22415e-12	-0.042479
4.22506e-12	-0.0426329
4.22596e-12	-0.0427871
4.22686e-12	-0.0429414
4.22776e-12	-0.0430959
4.22867e-12	-0.0432507
4.22957e-12	-0.0434056
4.23047e-12	-0.0435608
4.23137e-12	-0.0437162
4.23228e-12	-0.0438717
4.23318e-12	-0.0440275
4.23408e-12	-0.0441835
4.23499e-12	-0.0443396
4.23589e-12	-0.044496
4.23679e-12	-0.0446526
4.23769e-12	-0.0448094
4.2386e-12	-0.0449664
4.2395e-12	-0.0451236
4.2404e-12	-0.045281
4.2413e-12	-0.0454387
4.24221e-12	-0.0455965
4.24311e-12	-0.0457545
4.24401e-12	-0.0459128
4.24491e-12	-0.0460712
4.24582e-12	-0.0462298
4.24672e-12	-0.0463887
4.24762e-12	-0.0465477
4.24853e-12	-0.046707
4.24943e-12	-0.0468665
4.25033e-12	-0.0470261
4.25123e-12	-0.047186
4.25214e-12	-0.0473461
4.25304e-12	-0.0475064
4.25394e-12	-0.0476669
4.25484e-12	-0.0478276
4.25575e-12	-0.0479885
4.25665e-12	-0.0481496
4.25755e-12	-0.0483109
4.25846e-12	-0.0484725
4.25936e-12	-0.0486342
4.26026e-12	-0.0487961
4.26116e-12	-0.0489583
4.26207e-12	-0.0491206
4.26297e-12	-0.0492832
4.26387e-12	-0.0494459
4.26477e-12	-0.0496089
4.26568e-12	-0.049772
4.26658e-12	-0.0499354
4.26748e-12	-0.050099
4.26838e-12	-0.0502628
4.26929e-12	-0.0504268
4.27019e-12	-0.050591
4.27109e-12	-0.0507554
4.272e-12	-0.05092
4.2729e-12	-0.0510848
4.2738e-12	-0.0512498
4.2747e-12	-0.051415
4.27561e-12	-0.0515804
4.27651e-12	-0.0517461
4.27741e-12	-0.0519119
4.27831e-12	-0.052078
4.27922e-12	-0.0522442
4.28012e-12	-0.0524107
4.28102e-12	-0.0525773
4.28193e-12	-0.0527442
4.28283e-12	-0.0529113
4.28373e-12	-0.0530785
4.28463e-12	-0.053246
4.28554e-12	-0.0534137
4.28644e-12	-0.0535816
4.28734e-12	-0.0537497
4.28824e-12	-0.053918
4.28915e-12	-0.0540865
4.29005e-12	-0.0542552
4.29095e-12	-0.0544241
4.29185e-12	-0.0545933
4.29276e-12	-0.0547626
4.29366e-12	-0.0549321
4.29456e-12	-0.0551019
4.29547e-12	-0.0552718
4.29637e-12	-0.0554419
4.29727e-12	-0.0556123
4.29817e-12	-0.0557829
4.29908e-12	-0.0559536
4.29998e-12	-0.0561246
4.30088e-12	-0.0562958
4.30178e-12	-0.0564671
4.30269e-12	-0.0566387
4.30359e-12	-0.0568105
4.30449e-12	-0.0569825
4.3054e-12	-0.0571547
4.3063e-12	-0.0573271
4.3072e-12	-0.0574997
4.3081e-12	-0.0576725
4.30901e-12	-0.0578455
4.30991e-12	-0.0580188
4.31081e-12	-0.0581922
4.31171e-12	-0.0583658
4.31262e-12	-0.0585397
4.31352e-12	-0.0587137
4.31442e-12	-0.0588879
4.31532e-12	-0.0590624
4.31623e-12	-0.0592371
4.31713e-12	-0.0594119
4.31803e-12	-0.059587
4.31894e-12	-0.0597622
4.31984e-12	-0.0599377
4.32074e-12	-0.0601134
4.32164e-12	-0.0602893
4.32255e-12	-0.0604654
4.32345e-12	-0.0606416
4.32435e-12	-0.0608181
4.32525e-12	-0.0609948
4.32616e-12	-0.0611717
4.32706e-12	-0.0613488
4.32796e-12	-0.0615261
4.32887e-12	-0.0617037
4.32977e-12	-0.0618814
4.33067e-12	-0.0620593
4.33157e-12	-0.0622374
4.33248e-12	-0.0624158
4.33338e-12	-0.0625943
4.33428e-12	-0.062773
4.33518e-12	-0.062952
4.33609e-12	-0.0631311
4.33699e-12	-0.0633105
4.33789e-12	-0.06349
4.33879e-12	-0.0636698
4.3397e-12	-0.0638497
4.3406e-12	-0.0640299
4.3415e-12	-0.0642103
4.34241e-12	-0.0643908
4.34331e-12	-0.0645716
4.34421e-12	-0.0647526
4.34511e-12	-0.0649337
4.34602e-12	-0.0651151
4.34692e-12	-0.0652967
4.34782e-12	-0.0654785
4.34872e-12	-0.0656605
4.34963e-12	-0.0658427
4.35053e-12	-0.0660251
4.35143e-12	-0.0662077
4.35234e-12	-0.0663905
4.35324e-12	-0.0665735
4.35414e-12	-0.0667567
4.35504e-12	-0.0669401
4.35595e-12	-0.0671237
4.35685e-12	-0.0673075
4.35775e-12	-0.0674915
4.35865e-12	-0.0676758
4.35956e-12	-0.0678602
4.36046e-12	-0.0680448
4.36136e-12	-0.0682296
4.36226e-12	-0.0684147
4.36317e-12	-0.0685999
4.36407e-12	-0.0687853
4.36497e-12	-0.068971
4.36588e-12	-0.0691568
4.36678e-12	-0.0693428
4.36768e-12	-0.0695291
4.36858e-12	-0.0697155
4.36949e-12	-0.0699022
4.37039e-12	-0.070089
4.37129e-12	-0.0702761
4.37219e-12	-0.0704633
4.3731e-12	-0.0706508
4.374e-12	-0.0708384
4.3749e-12	-0.0710263
4.37581e-12	-0.0712143
4.37671e-12	-0.0714026
4.37761e-12	-0.071591
4.37851e-12	-0.0717797
4.37942e-12	-0.0719685
4.38032e-12	-0.0721576
4.38122e-12	-0.0723469
4.38212e-12	-0.0725363
4.38303e-12	-0.072726
4.38393e-12	-0.0729159
4.38483e-12	-0.0731059
4.38573e-12	-0.0732962
4.38664e-12	-0.0734866
4.38754e-12	-0.0736773
4.38844e-12	-0.0738682
4.38935e-12	-0.0740592
4.39025e-12	-0.0742505
4.39115e-12	-0.074442
4.39205e-12	-0.0746336
4.39296e-12	-0.0748255
4.39386e-12	-0.0750175
4.39476e-12	-0.0752098
4.39566e-12	-0.0754023
4.39657e-12	-0.0755949
4.39747e-12	-0.0757878
4.39837e-12	-0.0759808
4.39928e-12	-0.0761741
4.40018e-12	-0.0763676
4.40108e-12	-0.0765612
4.40198e-12	-0.0767551
4.40289e-12	-0.0769491
4.40379e-12	-0.0771434
4.40469e-12	-0.0773378
4.40559e-12	-0.0775325
4.4065e-12	-0.0777273
4.4074e-12	-0.0779224
4.4083e-12	-0.0781176
4.4092e-12	-0.0783131
4.41011e-12	-0.0785087
4.41101e-12	-0.0787046
4.41191e-12	-0.0789006
4.41282e-12	-0.0790968
4.41372e-12	-0.0792933
4.41462e-12	-0.0794899
4.41552e-12	-0.0796867
4.41643e-12	-0.0798838
4.41733e-12	-0.080081
4.41823e-12	-0.0802784
4.41913e-12	-0.080476
4.42004e-12	-0.0806738
4.42094e-12	-0.0808719
4.42184e-12	-0.0810701
4.42275e-12	-0.0812685
4.42365e-12	-0.0814671
4.42455e-12	-0.0816659
4.42545e-12	-0.0818649
4.42636e-12	-0.0820641
4.42726e-12	-0.0822635
4.42816e-12	-0.082463
4.42906e-12	-0.0826628
4.42997e-12	-0.0828628
4.43087e-12	-0.083063
4.43177e-12	-0.0832634
4.43267e-12	-0.0834639
4.43358e-12	-0.0836647
4.43448e-12	-0.0838656
4.43538e-12	-0.0840668
4.43629e-12	-0.0842681
4.43719e-12	-0.0844697
4.43809e-12	-0.0846714
4.43899e-12	-0.0848734
4.4399e-12	-0.0850755
4.4408e-12	-0.0852778
4.4417e-12	-0.0854803
4.4426e-12	-0.085683
4.44351e-12	-0.0858859
4.44441e-12	-0.086089
4.44531e-12	-0.0862923
4.44622e-12	-0.0864958
4.44712e-12	-0.0866995
4.44802e-12	-0.0869034
4.44892e-12	-0.0871075
4.44983e-12	-0.0873117
4.45073e-12	-0.0875162
4.45163e-12	-0.0877208
4.45253e-12	-0.0879257
4.45344e-12	-0.0881307
4.45434e-12	-0.0883359
4.45524e-12	-0.0885414
4.45614e-12	-0.088747
4.45705e-12	-0.0889528
4.45795e-12	-0.0891588
4.45885e-12	-0.089365
4.45976e-12	-0.0895714
4.46066e-12	-0.0897779
4.46156e-12	-0.0899847
4.46246e-12	-0.0901917
4.46337e-12	-0.0903988
4.46427e-12	-0.0906062
4.46517e-12	-0.0908137
4.46607e-12	-0.0910214
4.46698e-12	-0.0912294
4.46788e-12	-0.0914375
4.46878e-12	-0.0916458
4.46969e-12	-0.0918543
4.47059e-12	-0.0920629
4.47149e-12	-0.0922718
4.47239e-12	-0.0924809
4.4733e-12	-0.0926901
4.4742e-12	-0.0928996
4.4751e-12	-0.0931092
4.476e-12	-0.093319
4.47691e-12	-0.0935291
4.47781e-12	-0.0937393
4.47871e-12	-0.0939496
4.47961e-12	-0.0941602
4.48052e-12	-0.094371
4.48142e-12	-0.094582
4.48232e-12	-0.0947931
4.48323e-12	-0.0950045
4.48413e-12	-0.095216
4.48503e-12	-0.0954277
4.48593e-12	-0.0956396
4.48684e-12	-0.0958517
4.48774e-12	-0.096064
4.48864e-12	-0.0962764
4.48954e-12	-0.0964891
4.49045e-12	-0.0967019
4.49135e-12	-0.096915
4.49225e-12	-0.0971282
4.49316e-12	-0.0973416
4.49406e-12	-0.0975552
4.49496e-12	-0.097769
4.49586e-12	-0.0979829
4.49677e-12	-0.0981971
4.49767e-12	-0.0984114
4.49857e-12	-0.098626
4.49947e-12	-0.0988407
4.50038e-12	-0.0990556
4.50128e-12	-0.0992707
4.50218e-12	-0.0994859
4.50309e-12	-0.0997014
4.50399e-12	-0.099917
4.50489e-12	-0.100133
4.50579e-12	-0.100349
4.5067e-12	-0.100565
4.5076e-12	-0.100781
4.5085e-12	-0.100998
4.5094e-12	-0.101215
4.51031e-12	-0.101432
4.51121e-12	-0.101649
4.51211e-12	-0.101866
4.51301e-12	-0.102084
4.51392e-12	-0.102301
4.51482e-12	-0.102519
4.51572e-12	-0.102737
4.51663e-12	-0.102955
4.51753e-12	-0.103174
4.51843e-12	-0.103392
4.51933e-12	-0.103611
4.52024e-12	-0.10383
4.52114e-12	-0.104049
4.52204e-12	-0.104269
4.52294e-12	-0.104488
4.52385e-12	-0.104708
4.52475e-12	-0.104928
4.52565e-12	-0.105148
4.52656e-12	-0.105368
4.52746e-12	-0.105588
4.52836e-12	-0.105809
4.52926e-12	-0.10603
4.53017e-12	-0.106251
4.53107e-12	-0.106472
4.53197e-12	-0.106693
4.53287e-12	-0.106914
4.53378e-12	-0.107136
4.53468e-12	-0.107358
4.53558e-12	-0.10758
4.53648e-12	-0.107802
4.53739e-12	-0.108025
4.53829e-12	-0.108247
4.53919e-12	-0.10847
4.5401e-12	-0.108693
4.541e-12	-0.108916
4.5419e-12	-0.109139
4.5428e-12	-0.109363
4.54371e-12	-0.109586
4.54461e-12	-0.10981
4.54551e-12	-0.110034
4.54641e-12	-0.110258
4.54732e-12	-0.110483
4.54822e-12	-0.110707
4.54912e-12	-0.110932
4.55003e-12	-0.111157
4.55093e-12	-0.111382
4.55183e-12	-0.111607
4.55273e-12	-0.111832
4.55364e-12	-0.112058
4.55454e-12	-0.112284
4.55544e-12	-0.11251
4.55634e-12	-0.112736
4.55725e-12	-0.112962
4.55815e-12	-0.113189
4.55905e-12	-0.113415
4.55995e-12	-0.113642
4.56086e-12	-0.113869
4.56176e-12	-0.114096
4.56266e-12	-0.114323
4.56357e-12	-0.114551
4.56447e-12	-0.114779
4.56537e-12	-0.115006
4.56627e-12	-0.115235
4.56718e-12	-0.115463
4.56808e-12	-0.115691
4.56898e-12	-0.11592
4.56988e-12	-0.116148
4.57079e-12	-0.116377
4.57169e-12	-0.116606
4.57259e-12	-0.116835
4.5735e-12	-0.117065
4.5744e-12	-0.117294
4.5753e-12	-0.117524
4.5762e-12	-0.117754
4.57711e-12	-0.117984
4.57801e-12	-0.118214
4.57891e-12	-0.118445
4.57981e-12	-0.118675
4.58072e-12	-0.118906
4.58162e-12	-0.119137
4.58252e-12	-0.119368
4.58342e-12	-0.1196
4.58433e-12	-0.119831
4.58523e-12	-0.120063
4.58613e-12	-0.120294
4.58704e-12	-0.120526
4.58794e-12	-0.120758
4.58884e-12	-0.120991
4.58974e-12	-0.121223
4.59065e-12	-0.121456
4.59155e-12	-0.121689
4.59245e-12	-0.121921
4.59335e-12	-0.122155
4.59426e-12	-0.122388
4.59516e-12	-0.122621
4.59606e-12	-0.122855
4.59697e-12	-0.123089
4.59787e-12	-0.123323
4.59877e-12	-0.123557
4.59967e-12	-0.123791
4.60058e-12	-0.124026
4.60148e-12	-0.12426
4.60238e-12	-0.124495
4.60328e-12	-0.12473
4.60419e-12	-0.124965
4.60509e-12	-0.1252
4.60599e-12	-0.125436
4.60689e-12	-0.125671
4.6078e-12	-0.125907
4.6087e-12	-0.126143
4.6096e-12	-0.126379
4.61051e-12	-0.126615
4.61141e-12	-0.126852
4.61231e-12	-0.127088
4.61321e-12	-0.127325
4.61412e-12	-0.127562
4.61502e-12	-0.127799
4.61592e-12	-0.128036
4.61682e-12	-0.128273
4.61773e-12	-0.128511
4.61863e-12	-0.128749
4.61953e-12	-0.128987
4.62044e-12	-0.129225
4.62134e-12	-0.129463
4.62224e-12	-0.129701
4.62314e-12	-0.12994
4.62405e-12	-0.130178
4.62495e-12	-0.130417
4.62585e-12	-0.130656
4.62675e-12	-0.130895
4.62766e-12	-0.131134
4.62856e-12	-0.131374
4.62946e-12	-0.131613
4.63036e-12	-0.131853
4.63127e-12	-0.132093
4.63217e-12	-0.132333
4.63307e-12	-0.132573
4.63398e-12	-0.132814
4.63488e-12	-0.133054
4.63578e-12	-0.133295
4.63668e-12	-0.133536
4.63759e-12	-0.133777
4.63849e-12	-0.134018
4.63939e-12	-0.134259
4.64029e-12	-0.134501
4.6412e-12	-0.134742
4.6421e-12	-0.134984
4.643e-12	-0.135226
4.64391e-12	-0.135468
4.64481e-12	-0.13571
4.64571e-12	-0.135953
4.64661e-12	-0.136195
4.64752e-12	-0.136438
4.64842e-12	-0.136681
4.64932e-12	-0.136924
4.65022e-12	-0.137167
4.65113e-12	-0.13741
4.65203e-12	-0.137654
4.65293e-12	-0.137897
4.65383e-12	-0.138141
4.65474e-12	-0.138385
4.65564e-12	-0.138629
4.65654e-12	-0.138873
4.65745e-12	-0.139117
4.65835e-12	-0.139362
4.65925e-12	-0.139607
4.66015e-12	-0.139851
4.66106e-12	-0.140096
4.66196e-12	-0.140341
4.66286e-12	-0.140587
4.66376e-12	-0.140832
4.66467e-12	-0.141078
4.66557e-12	-0.141323
4.66647e-12	-0.141569
4.66738e-12	-0.141815
4.66828e-12	-0.142061
4.66918e-12	-0.142307
4.67008e-12	-0.142554
4.67099e-12	-0.1428
4.67189e-12	-0.143047
4.67279e-12	-0.143294
4.67369e-12	-0.143541
4.6746e-12	-0.143788
4.6755e-12	-0.144035
4.6764e-12	-0.144283
4.6773e-12	-0.14453
4.67821e-12	-0.144778
4.67911e-12	-0.145026
4.68001e-12	-0.145274
4.68092e-12	-0.145522
4.68182e-12	-0.14577
4.68272e-12	-0.146019
4.68362e-12	-0.146267
4.68453e-12	-0.146516
4.68543e-12	-0.146765
4.68633e-12	-0.147014
4.68723e-12	-0.147263
4.68814e-12	-0.147512
4.68904e-12	-0.147761
4.68994e-12	-0.148011
4.69085e-12	-0.148261
4.69175e-12	-0.14851
4.69265e-12	-0.14876
4.69355e-12	-0.14901
4.69446e-12	-0.149261
4.69536e-12	-0.149511
4.69626e-12	-0.149761
4.69716e-12	-0.150012
4.69807e-12	-0.150263
4.69897e-12	-0.150514
4.69987e-12	-0.150765
4.70077e-12	-0.151016
4.70168e-12	-0.151267
4.70258e-12	-0.151519
4.70348e-12	-0.15177
4.70439e-12	-0.152022
4.70529e-12	-0.152274
4.70619e-12	-0.152526
4.70709e-12	-0.152778
4.708e-12	-0.15303
4.7089e-12	-0.153282
4.7098e-12	-0.153535
4.7107e-12	-0.153788
4.71161e-12	-0.15404
4.71251e-12	-0.154293
4.71341e-12	-0.154546
4.71432e-12	-0.154799
4.71522e-12	-0.155053
4.71612e-12	-0.155306
4.71702e-12	-0.15556
4.71793e-12	-0.155813
4.71883e-12	-0.156067
4.71973e-12	-0.156321
4.72063e-12	-0.156575
4.72154e-12	-0.156829
4.72244e-12	-0.157084
4.72334e-12	-0.157338
4.72424e-12	-0.157593
4.72515e-12	-0.157847
4.72605e-12	-0.158102
4.72695e-12	-0.158357
4.72786e-12	-0.158612
4.72876e-12	-0.158867
4.72966e-12	-0.159123
4.73056e-12	-0.159378
4.73147e-12	-0.159634
4.73237e-12	-0.15989
4.73327e-12	-0.160145
4.73417e-12	-0.160401
4.73508e-12	-0.160657
4.73598e-12	-0.160914
4.73688e-12	-0.16117
4.73779e-12	-0.161426
4.73869e-12	-0.161683
4.73959e-12	-0.16194
4.74049e-12	-0.162196
4.7414e-12	-0.162453
4.7423e-12	-0.16271
4.7432e-12	-0.162968
4.7441e-12	-0.163225
4.74501e-12	-0.163482
4.74591e-12	-0.16374
4.74681e-12	-0.163997
4.74771e-12	-0.164255
4.74862e-12	-0.164513
4.74952e-12	-0.164771
4.75042e-12	-0.165029
4.75133e-12	-0.165287
4.75223e-12	-0.165546
4.75313e-12	-0.165804
4.75403e-12	-0.166063
4.75494e-12	-0.166321
4.75584e-12	-0.16658
4.75674e-12	-0.166839
4.75764e-12	-0.167098
4.75855e-12	-0.167357
4.75945e-12	-0.167617
4.76035e-12	-0.167876
4.76126e-12	-0.168136
4.76216e-12	-0.168395
4.76306e-12	-0.168655
4.76396e-12	-0.168915
4.76487e-12	-0.169175
4.76577e-12	-0.169435
4.76667e-12	-0.169695
4.76757e-12	-0.169955
4.76848e-12	-0.170215
4.76938e-12	-0.170476
4.77028e-12	-0.170737
4.77118e-12	-0.170997
4.77209e-12	-0.171258
4.77299e-12	-0.171519
4.77389e-12	-0.17178
4.7748e-12	-0.172041
4.7757e-12	-0.172302
4.7766e-12	-0.172564
4.7775e-12	-0.172825
4.77841e-12	-0.173087
4.77931e-12	-0.173349
4.78021e-12	-0.17361
4.78111e-12	-0.173872
4.78202e-12	-0.174134
4.78292e-12	-0.174396
4.78382e-12	-0.174659
4.78473e-12	-0.174921
4.78563e-12	-0.175183
4.78653e-12	-0.175446
4.78743e-12	-0.175708
4.78834e-12	-0.175971
4.78924e-12	-0.176234
4.79014e-12	-0.176497
4.79104e-12	-0.17676
4.79195e-12	-0.177023
4.79285e-12	-0.177286
4.79375e-12	-0.177549
4.79465e-12	-0.177813
4.79556e-12	-0.178076
4.79646e-12	-0.17834
4.79736e-12	-0.178604
4.79827e-12	-0.178868
4.79917e-12	-0.179131
4.80007e-12	-0.179395
4.80097e-12	-0.17966
4.80188e-12	-0.179924
4.80278e-12	-0.180188
4.80368e-12	-0.180452
4.80458e-12	-0.180717
4.80549e-12	-0.180982
4.80639e-12	-0.181246
4.80729e-12	-0.181511
4.8082e-12	-0.181776
4.8091e-12	-0.182041
4.81e-12	-0.182306
4.8109e-12	-0.182571
4.81181e-12	-0.182836
4.81271e-12	-0.183101
4.81361e-12	-0.183367
4.81451e-12	-0.183632
4.81542e-12	-0.183898
4.81632e-12	-0.184164
4.81722e-12	-0.184429
4.81812e-12	-0.184695
4.81903e-12	-0.184961
4.81993e-12	-0.185227
4.82083e-12	-0.185493
4.82174e-12	-0.18576
4.82264e-12	-0.186026
4.82354e-12	-0.186292
4.82444e-12	-0.186559
4.82535e-12	-0.186825
4.82625e-12	-0.187092
4.82715e-12	-0.187359
4.82805e-12	-0.187626
4.82896e-12	-0.187892
4.82986e-12	-0.188159
4.83076e-12	-0.188427
4.83167e-12	-0.188694
4.83257e-12	-0.188961
4.83347e-12	-0.189228
4.83437e-12	-0.189496
4.83528e-12	-0.189763
4.83618e-12	-0.190031
4.83708e-12	-0.190298
4.83798e-12	-0.190566
4.83889e-12	-0.190834
4.83979e-12	-0.191102
4.84069e-12	-0.19137
4.84159e-12	-0.191638
4.8425e-12	-0.191906
4.8434e-12	-0.192174
4.8443e-12	-0.192442
4.84521e-12	-0.192711
4.84611e-12	-0.192979
4.84701e-12	-0.193248
4.84791e-12	-0.193516
4.84882e-12	-0.193785
4.84972e-12	-0.194054
4.85062e-12	-0.194322
4.85152e-12	-0.194591
4.85243e-12	-0.19486
4.85333e-12	-0.195129
4.85423e-12	-0.195398
4.85514e-12	-0.195667
4.85604e-12	-0.195937
4.85694e-12	-0.196206
4.85784e-12	-0.196475
4.85875e-12	-0.196745
4.85965e-12	-0.197014
4.86055e-12	-0.197284
4.86145e-12	-0.197554
4.86236e-12	-0.197823
4.86326e-12	-0.198093
4.86416e-12	-0.198363
4.86506e-12	-0.198633
4.86597e-12	-0.198903
4.86687e-12	-0.199173
4.86777e-12	-0.199443
4.86868e-12	-0.199713
4.86958e-12	-0.199983
4.87048e-12	-0.200254
4.87138e-12	-0.200524
4.87229e-12	-0.200795
4.87319e-12	-0.201065
4.87409e-12	-0.201336
4.87499e-12	-0.201606
4.8759e-12	-0.201877
4.8768e-12	-0.202148
4.8777e-12	-0.202419
4.87861e-12	-0.202689
4.87951e-12	-0.20296
4.88041e-12	-0.203231
4.88131e-12	-0.203503
4.88222e-12	-0.203774
4.88312e-12	-0.204045
4.88402e-12	-0.204316
4.88492e-12	-0.204587
4.88583e-12	-0.204859
4.88673e-12	-0.20513
4.88763e-12	-0.205402
4.88854e-12	-0.205673
4.88944e-12	-0.205945
4.89034e-12	-0.206216
4.89124e-12	-0.206488
4.89215e-12	-0.20676
4.89305e-12	-0.207031
4.89395e-12	-0.207303
4.89485e-12	-0.207575
4.89576e-12	-0.207847
4.89666e-12	-0.208119
4.89756e-12	-0.208391
4.89846e-12	-0.208663
4.89937e-12	-0.208935
4.90027e-12	-0.209208
4.90117e-12	-0.20948
4.90208e-12	-0.209752
4.90298e-12	-0.210025
4.90388e-12	-0.210297
4.90478e-12	-0.210569
4.90569e-12	-0.210842
4.90659e-12	-0.211114
4.90749e-12	-0.211387
4.90839e-12	-0.21166
4.9093e-12	-0.211932
4.9102e-12	-0.212205
4.9111e-12	-0.212478
4.91201e-12	-0.21275
4.91291e-12	-0.213023
4.91381e-12	-0.213296
4.91471e-12	-0.213569
4.91562e-12	-0.213842
4.91652e-12	-0.214115
4.91742e-12	-0.214388
4.91832e-12	-0.214661
4.91923e-12	-0.214934
4.92013e-12	-0.215208
4.92103e-12	-0.215481
4.92193e-12	-0.215754
4.92284e-12	-0.216027
4.92374e-12	-0.216301
4.92464e-12	-0.216574
4.92555e-12	-0.216847
4.92645e-12	-0.217121
4.92735e-12	-0.217394
4.92825e-12	-0.217668
4.92916e-12	-0.217941
4.93006e-12	-0.218215
4.93096e-12	-0.218488
4.93186e-12	-0.218762
4.93277e-12	-0.219036
4.93367e-12	-0.219309
4.93457e-12	-0.219583
4.93548e-12	-0.219857
4.93638e-12	-0.220131
4.93728e-12	-0.220405
4.93818e-12	-0.220678
4.93909e-12	-0.220952
4.93999e-12	-0.221226
4.94089e-12	-0.2215
4.94179e-12	-0.221774
4.9427e-12	-0.222048
4.9436e-12	-0.222322
4.9445e-12	-0.222596
4.9454e-12	-0.22287
4.94631e-12	-0.223144
4.94721e-12	-0.223418
4.94811e-12	-0.223692
4.94902e-12	-0.223967
4.94992e-12	-0.224241
4.95082e-12	-0.224515
4.95172e-12	-0.224789
4.95263e-12	-0.225063
4.95353e-12	-0.225338
4.95443e-12	-0.225612
4.95533e-12	-0.225886
4.95624e-12	-0.226161
4.95714e-12	-0.226435
4.95804e-12	-0.226709
4.95895e-12	-0.226984
4.95985e-12	-0.227258
4.96075e-12	-0.227533
4.96165e-12	-0.227807
4.96256e-12	-0.228081
4.96346e-12	-0.228356
4.96436e-12	-0.22863
4.96526e-12	-0.228905
4.96617e-12	-0.229179
4.96707e-12	-0.229454
4.96797e-12	-0.229728
4.96887e-12	-0.230003
4.96978e-12	-0.230277
4.97068e-12	-0.230552
4.97158e-12	-0.230827
4.97249e-12	-0.231101
4.97339e-12	-0.231376
4.97429e-12	-0.23165
4.97519e-12	-0.231925
4.9761e-12	-0.2322
4.977e-12	-0.232474
4.9779e-12	-0.232749
4.9788e-12	-0.233023
4.97971e-12	-0.233298
4.98061e-12	-0.233573
4.98151e-12	-0.233847
4.98242e-12	-0.234122
4.98332e-12	-0.234397
4.98422e-12	-0.234671
4.98512e-12	-0.234946
4.98603e-12	-0.235221
4.98693e-12	-0.235495
4.98783e-12	-0.23577
4.98873e-12	-0.236045
4.98964e-12	-0.236319
4.99054e-12	-0.236594
4.99144e-12	-0.236869
4.99234e-12	-0.237143
4.99325e-12	-0.237418
4.99415e-12	-0.237693
4.99505e-12	-0.237967
4.99596e-12	-0.238242
4.99686e-12	-0.238517
4.99776e-12	-0.238791
4.99866e-12	-0.239066
4.99957e-12	-0.239341
5.00047e-12	-0.239615
5.00137e-12	-0.23989
5.00227e-12	-0.240164
5.00318e-12	-0.240439
5.00408e-12	-0.240714
5.00498e-12	-0.240988
5.00589e-12	-0.241263
5.00679e-12	-0.241537
5.00769e-12	-0.241812
5.00859e-12	-0.242086
5.0095e-12	-0.242361
5.0104e-12	-0.242635
5.0113e-12	-0.24291
5.0122e-12	-0.243184
5.01311e-12	-0.243459
5.01401e-12	-0.243733
5.01491e-12	-0.244008
5.01581e-12	-0.244282
5.01672e-12	-0.244557
5.01762e-12	-0.244831
5.01852e-12	-0.245105
5.01943e-12	-0.24538
5.02033e-12	-0.245654
5.02123e-12	-0.245928
5.02213e-12	-0.246203
5.02304e-12	-0.246477
5.02394e-12	-0.246751
5.02484e-12	-0.247026
5.02574e-12	-0.2473
5.02665e-12	-0.247574
5.02755e-12	-0.247848
5.02845e-12	-0.248122
5.02936e-12	-0.248396
5.03026e-12	-0.24867
5.03116e-12	-0.248945
5.03206e-12	-0.249219
5.03297e-12	-0.249493
5.03387e-12	-0.249767
5.03477e-12	-0.250041
5.03567e-12	-0.250314
5.03658e-12	-0.250588
5.03748e-12	-0.250862
5.03838e-12	-0.251136
5.03928e-12	-0.25141
5.04019e-12	-0.251684
5.04109e-12	-0.251957
5.04199e-12	-0.252231
5.0429e-12	-0.252505
5.0438e-12	-0.252778
5.0447e-12	-0.253052
5.0456e-12	-0.253326
5.04651e-12	-0.253599
5.04741e-12	-0.253873
5.04831e-12	-0.254146
5.04921e-12	-0.25442
5.05012e-12	-0.254693
5.05102e-12	-0.254966
5.05192e-12	-0.25524
5.05283e-12	-0.255513
5.05373e-12	-0.255786
5.05463e-12	-0.256059
5.05553e-12	-0.256333
5.05644e-12	-0.256606
5.05734e-12	-0.256879
5.05824e-12	-0.257152
5.05914e-12	-0.257425
5.06005e-12	-0.257698
5.06095e-12	-0.257971
5.06185e-12	-0.258244
5.06275e-12	-0.258516
5.06366e-12	-0.258789
5.06456e-12	-0.259062
5.06546e-12	-0.259334
5.06637e-12	-0.259607
5.06727e-12	-0.25988
5.06817e-12	-0.260152
5.06907e-12	-0.260425
5.06998e-12	-0.260697
5.07088e-12	-0.260969
5.07178e-12	-0.261242
5.07268e-12	-0.261514
5.07359e-12	-0.261786
5.07449e-12	-0.262058
5.07539e-12	-0.262331
5.0763e-12	-0.262603
5.0772e-12	-0.262875
5.0781e-12	-0.263147
5.079e-12	-0.263418
5.07991e-12	-0.26369
5.08081e-12	-0.263962
5.08171e-12	-0.264234
5.08261e-12	-0.264505
5.08352e-12	-0.264777
5.08442e-12	-0.265049
5.08532e-12	-0.26532
5.08622e-12	-0.265591
5.08713e-12	-0.265863
5.08803e-12	-0.266134
5.08893e-12	-0.266405
5.08984e-12	-0.266676
5.09074e-12	-0.266948
5.09164e-12	-0.267219
5.09254e-12	-0.26749
5.09345e-12	-0.26776
5.09435e-12	-0.268031
5.09525e-12	-0.268302
5.09615e-12	-0.268573
5.09706e-12	-0.268843
5.09796e-12	-0.269114
5.09886e-12	-0.269384
5.09977e-12	-0.269655
5.10067e-12	-0.269925
5.10157e-12	-0.270195
5.10247e-12	-0.270466
5.10338e-12	-0.270736
5.10428e-12	-0.271006
5.10518e-12	-0.271276
5.10608e-12	-0.271546
5.10699e-12	-0.271816
5.10789e-12	-0.272085
5.10879e-12	-0.272355
5.10969e-12	-0.272625
5.1106e-12	-0.272894
5.1115e-12	-0.273164
5.1124e-12	-0.273433
5.11331e-12	-0.273702
5.11421e-12	-0.273971
5.11511e-12	-0.274241
5.11601e-12	-0.27451
5.11692e-12	-0.274779
5.11782e-12	-0.275047
5.11872e-12	-0.275316
5.11962e-12	-0.275585
5.12053e-12	-0.275854
5.12143e-12	-0.276122
5.12233e-12	-0.276391
5.12324e-12	-0.276659
5.12414e-12	-0.276927
5.12504e-12	-0.277195
5.12594e-12	-0.277464
5.12685e-12	-0.277732
5.12775e-12	-0.278
5.12865e-12	-0.278267
5.12955e-12	-0.278535
5.13046e-12	-0.278803
5.13136e-12	-0.27907
5.13226e-12	-0.279338
5.13316e-12	-0.279605
5.13407e-12	-0.279872
5.13497e-12	-0.28014
5.13587e-12	-0.280407
5.13678e-12	-0.280674
5.13768e-12	-0.280941
5.13858e-12	-0.281207
5.13948e-12	-0.281474
5.14039e-12	-0.281741
5.14129e-12	-0.282007
5.14219e-12	-0.282274
5.14309e-12	-0.28254
5.144e-12	-0.282806
5.1449e-12	-0.283072
5.1458e-12	-0.283338
5.14671e-12	-0.283604
5.14761e-12	-0.28387
5.14851e-12	-0.284136
5.14941e-12	-0.284401
5.15032e-12	-0.284667
5.15122e-12	-0.284932
5.15212e-12	-0.285197
5.15302e-12	-0.285463
5.15393e-12	-0.285728
5.15483e-12	-0.285993
5.15573e-12	-0.286257
5.15663e-12	-0.286522
5.15754e-12	-0.286787
5.15844e-12	-0.287051
5.15934e-12	-0.287316
5.16025e-12	-0.28758
5.16115e-12	-0.287844
5.16205e-12	-0.288108
5.16295e-12	-0.288372
5.16386e-12	-0.288636
5.16476e-12	-0.2889
5.16566e-12	-0.289163
5.16656e-12	-0.289427
5.16747e-12	-0.28969
5.16837e-12	-0.289953
5.16927e-12	-0.290216
5.17018e-12	-0.290479
5.17108e-12	-0.290742
5.17198e-12	-0.291005
5.17288e-12	-0.291268
5.17379e-12	-0.29153
5.17469e-12	-0.291792
5.17559e-12	-0.292055
5.17649e-12	-0.292317
5.1774e-12	-0.292579
5.1783e-12	-0.292841
5.1792e-12	-0.293103
5.1801e-12	-0.293364
5.18101e-12	-0.293626
5.18191e-12	-0.293887
5.18281e-12	-0.294148
5.18372e-12	-0.294409
5.18462e-12	-0.29467
5.18552e-12	-0.294931
5.18642e-12	-0.295192
5.18733e-12	-0.295453
5.18823e-12	-0.295713
5.18913e-12	-0.295973
5.19003e-12	-0.296233
5.19094e-12	-0.296494
5.19184e-12	-0.296753
5.19274e-12	-0.297013
5.19365e-12	-0.297273
5.19455e-12	-0.297532
5.19545e-12	-0.297792
5.19635e-12	-0.298051
5.19726e-12	-0.29831
5.19816e-12	-0.298569
5.19906e-12	-0.298828
5.19996e-12	-0.299087
5.20087e-12	-0.299345
5.20177e-12	-0.299603
5.20267e-12	-0.299862
5.20357e-12	-0.30012
5.20448e-12	-0.300378
5.20538e-12	-0.300635
5.20628e-12	-0.300893
5.20719e-12	-0.301151
5.20809e-12	-0.301408
5.20899e-12	-0.301665
5.20989e-12	-0.301922
5.2108e-12	-0.302179
5.2117e-12	-0.302436
5.2126e-12	-0.302693
5.2135e-12	-0.302949
5.21441e-12	-0.303205
5.21531e-12	-0.303461
5.21621e-12	-0.303717
5.21712e-12	-0.303973
5.21802e-12	-0.304229
5.21892e-12	-0.304485
5.21982e-12	-0.30474
5.22073e-12	-0.304995
5.22163e-12	-0.30525
5.22253e-12	-0.305505
5.22343e-12	-0.30576
5.22434e-12	-0.306014
5.22524e-12	-0.306269
5.22614e-12	-0.306523
5.22704e-12	-0.306777
5.22795e-12	-0.307031
5.22885e-12	-0.307285
5.22975e-12	-0.307539
5.23066e-12	-0.307792
5.23156e-12	-0.308045
5.23246e-12	-0.308298
5.23336e-12	-0.308551
5.23427e-12	-0.308804
5.23517e-12	-0.309057
5.23607e-12	-0.309309
5.23697e-12	-0.309561
5.23788e-12	-0.309813
5.23878e-12	-0.310065
5.23968e-12	-0.310317
5.24059e-12	-0.310569
5.24149e-12	-0.31082
5.24239e-12	-0.311071
5.24329e-12	-0.311322
5.2442e-12	-0.311573
5.2451e-12	-0.311824
5.246e-12	-0.312075
5.2469e-12	-0.312325
5.24781e-12	-0.312575
5.24871e-12	-0.312825
5.24961e-12	-0.313075
5.25051e-12	-0.313325
5.25142e-12	-0.313574
5.25232e-12	-0.313823
5.25322e-12	-0.314072
5.25413e-12	-0.314321
5.25503e-12	-0.31457
5.25593e-12	-0.314819
5.25683e-12	-0.315067
5.25774e-12	-0.315315
5.25864e-12	-0.315563
5.25954e-12	-0.315811
5.26044e-12	-0.316059
5.26135e-12	-0.316306
5.26225e-12	-0.316553
5.26315e-12	-0.3168
5.26406e-12	-0.317047
5.26496e-12	-0.317294
5.26586e-12	-0.31754
5.26676e-12	-0.317787
5.26767e-12	-0.318033
5.26857e-12	-0.318279
5.26947e-12	-0.318524
5.27037e-12	-0.31877
5.27128e-12	-0.319015
5.27218e-12	-0.31926
5.27308e-12	-0.319505
5.27399e-12	-0.31975
5.27489e-12	-0.319994
5.27579e-12	-0.320239
5.27669e-12	-0.320483
5.2776e-12	-0.320727
5.2785e-12	-0.32097
5.2794e-12	-0.321214
5.2803e-12	-0.321457
5.28121e-12	-0.3217
5.28211e-12	-0.321943
5.28301e-12	-0.322186
5.28391e-12	-0.322428
5.28482e-12	-0.322671
5.28572e-12	-0.322913
5.28662e-12	-0.323155
5.28753e-12	-0.323396
5.28843e-12	-0.323638
5.28933e-12	-0.323879
5.29023e-12	-0.32412
5.29114e-12	-0.324361
5.29204e-12	-0.324601
5.29294e-12	-0.324842
5.29384e-12	-0.325082
5.29475e-12	-0.325322
5.29565e-12	-0.325562
5.29655e-12	-0.325801
5.29746e-12	-0.32604
5.29836e-12	-0.326279
5.29926e-12	-0.326518
5.30016e-12	-0.326757
5.30107e-12	-0.326995
5.30197e-12	-0.327234
5.30287e-12	-0.327472
5.30377e-12	-0.327709
5.30468e-12	-0.327947
5.30558e-12	-0.328184
5.30648e-12	-0.328421
5.30738e-12	-0.328658
5.30829e-12	-0.328895
5.30919e-12	-0.329131
5.31009e-12	-0.329368
5.311e-12	-0.329604
5.3119e-12	-0.329839
5.3128e-12	-0.330075
5.3137e-12	-0.33031
5.31461e-12	-0.330545
5.31551e-12	-0.33078
5.31641e-12	-0.331015
5.31731e-12	-0.331249
5.31822e-12	-0.331483
5.31912e-12	-0.331717
5.32002e-12	-0.331951
5.32093e-12	-0.332184
5.32183e-12	-0.332417
5.32273e-12	-0.33265
5.32363e-12	-0.332883
5.32454e-12	-0.333115
5.32544e-12	-0.333348
5.32634e-12	-0.33358
5.32724e-12	-0.333811
5.32815e-12	-0.334043
5.32905e-12	-0.334274
5.32995e-12	-0.334505
5.33085e-12	-0.334736
5.33176e-12	-0.334966
5.33266e-12	-0.335197
5.33356e-12	-0.335427
5.33447e-12	-0.335657
5.33537e-12	-0.335886
5.33627e-12	-0.336115
5.33717e-12	-0.336345
5.33808e-12	-0.336573
5.33898e-12	-0.336802
5.33988e-12	-0.33703
5.34078e-12	-0.337258
5.34169e-12	-0.337486
5.34259e-12	-0.337714
5.34349e-12	-0.337941
5.3444e-12	-0.338168
5.3453e-12	-0.338395
5.3462e-12	-0.338621
5.3471e-12	-0.338848
5.34801e-12	-0.339074
5.34891e-12	-0.339299
5.34981e-12	-0.339525
5.35071e-12	-0.33975
5.35162e-12	-0.339975
5.35252e-12	-0.3402
5.35342e-12	-0.340424
5.35432e-12	-0.340649
5.35523e-12	-0.340872
5.35613e-12	-0.341096
5.35703e-12	-0.34132
5.35794e-12	-0.341543
5.35884e-12	-0.341766
5.35974e-12	-0.341988
5.36064e-12	-0.342211
5.36155e-12	-0.342433
5.36245e-12	-0.342654
5.36335e-12	-0.342876
5.36425e-12	-0.343097
5.36516e-12	-0.343318
5.36606e-12	-0.343539
5.36696e-12	-0.343759
5.36787e-12	-0.34398
5.36877e-12	-0.344199
5.36967e-12	-0.344419
5.37057e-12	-0.344638
5.37148e-12	-0.344858
5.37238e-12	-0.345076
5.37328e-12	-0.345295
5.37418e-12	-0.345513
5.37509e-12	-0.345731
5.37599e-12	-0.345949
5.37689e-12	-0.346166
5.37779e-12	-0.346383
5.3787e-12	-0.3466
5.3796e-12	-0.346817
5.3805e-12	-0.347033
5.38141e-12	-0.347249
5.38231e-12	-0.347465
5.38321e-12	-0.34768
5.38411e-12	-0.347895
5.38502e-12	-0.34811
5.38592e-12	-0.348325
5.38682e-12	-0.348539
5.38772e-12	-0.348753
5.38863e-12	-0.348967
5.38953e-12	-0.34918
5.39043e-12	-0.349393
5.39134e-12	-0.349606
5.39224e-12	-0.349818
5.39314e-12	-0.350031
5.39404e-12	-0.350243
5.39495e-12	-0.350454
5.39585e-12	-0.350666
5.39675e-12	-0.350877
5.39765e-12	-0.351087
5.39856e-12	-0.351298
5.39946e-12	-0.351508
5.40036e-12	-0.351718
5.40126e-12	-0.351927
5.40217e-12	-0.352137
5.40307e-12	-0.352345
5.40397e-12	-0.352554
5.40488e-12	-0.352762
5.40578e-12	-0.35297
5.40668e-12	-0.353178
5.40758e-12	-0.353386
5.40849e-12	-0.353593
5.40939e-12	-0.3538
5.41029e-12	-0.354006
5.41119e-12	-0.354212
5.4121e-12	-0.354418
5.413e-12	-0.354624
5.4139e-12	-0.354829
5.41481e-12	-0.355034
5.41571e-12	-0.355238
5.41661e-12	-0.355443
5.41751e-12	-0.355647
5.41842e-12	-0.355851
5.41932e-12	-0.356054
5.42022e-12	-0.356257
5.42112e-12	-0.35646
5.42203e-12	-0.356662
5.42293e-12	-0.356864
5.42383e-12	-0.357066
5.42473e-12	-0.357267
5.42564e-12	-0.357469
5.42654e-12	-0.357669
5.42744e-12	-0.35787
5.42835e-12	-0.35807
5.42925e-12	-0.35827
5.43015e-12	-0.35847
5.43105e-12	-0.358669
5.43196e-12	-0.358868
5.43286e-12	-0.359066
5.43376e-12	-0.359264
5.43466e-12	-0.359462
5.43557e-12	-0.35966
5.43647e-12	-0.359857
5.43737e-12	-0.360054
5.43828e-12	-0.360251
5.43918e-12	-0.360447
5.44008e-12	-0.360643
5.44098e-12	-0.360838
5.44189e-12	-0.361034
5.44279e-12	-0.361228
5.44369e-12	-0.361423
5.44459e-12	-0.361617
5.4455e-12	-0.361811
5.4464e-12	-0.362005
5.4473e-12	-0.362198
5.4482e-12	-0.362391
5.44911e-12	-0.362583
5.45001e-12	-0.362776
5.45091e-12	-0.362967
5.45182e-12	-0.363159
5.45272e-12	-0.36335
5.45362e-12	-0.363541
5.45452e-12	-0.363731
5.45543e-12	-0.363922
5.45633e-12	-0.364111
5.45723e-12	-0.364301
5.45813e-12	-0.36449
5.45904e-12	-0.364679
5.45994e-12	-0.364867
5.46084e-12	-0.365055
5.46175e-12	-0.365243
5.46265e-12	-0.36543
5.46355e-12	-0.365617
5.46445e-12	-0.365804
5.46536e-12	-0.36599
5.46626e-12	-0.366176
5.46716e-12	-0.366362
5.46806e-12	-0.366547
5.46897e-12	-0.366732
5.46987e-12	-0.366916
5.47077e-12	-0.3671
5.47167e-12	-0.367284
5.47258e-12	-0.367468
5.47348e-12	-0.367651
5.47438e-12	-0.367833
5.47529e-12	-0.368016
5.47619e-12	-0.368198
5.47709e-12	-0.368379
5.47799e-12	-0.368561
5.4789e-12	-0.368742
5.4798e-12	-0.368922
5.4807e-12	-0.369102
5.4816e-12	-0.369282
5.48251e-12	-0.369462
5.48341e-12	-0.369641
5.48431e-12	-0.369819
5.48522e-12	-0.369998
5.48612e-12	-0.370176
5.48702e-12	-0.370353
5.48792e-12	-0.37053
5.48883e-12	-0.370707
5.48973e-12	-0.370884
5.49063e-12	-0.37106
5.49153e-12	-0.371235
5.49244e-12	-0.371411
5.49334e-12	-0.371586
5.49424e-12	-0.37176
5.49514e-12	-0.371935
5.49605e-12	-0.372108
5.49695e-12	-0.372282
5.49785e-12	-0.372455
5.49876e-12	-0.372628
5.49966e-12	-0.3728
5.50056e-12	-0.372972
5.50146e-12	-0.373143
5.50237e-12	-0.373314
5.50327e-12	-0.373485
5.50417e-12	-0.373656
5.50507e-12	-0.373826
5.50598e-12	-0.373995
5.50688e-12	-0.374164
5.50778e-12	-0.374333
5.50869e-12	-0.374502
5.50959e-12	-0.37467
5.51049e-12	-0.374837
5.51139e-12	-0.375005
5.5123e-12	-0.375171
5.5132e-12	-0.375338
5.5141e-12	-0.375504
5.515e-12	-0.37567
5.51591e-12	-0.375835
5.51681e-12	-0.376
5.51771e-12	-0.376164
5.51861e-12	-0.376329
5.51952e-12	-0.376492
5.52042e-12	-0.376656
5.52132e-12	-0.376818
5.52223e-12	-0.376981
5.52313e-12	-0.377143
5.52403e-12	-0.377305
5.52493e-12	-0.377466
5.52584e-12	-0.377627
5.52674e-12	-0.377787
5.52764e-12	-0.377948
5.52854e-12	-0.378107
5.52945e-12	-0.378266
5.53035e-12	-0.378425
5.53125e-12	-0.378584
5.53216e-12	-0.378742
5.53306e-12	-0.378899
5.53396e-12	-0.379057
5.53486e-12	-0.379213
5.53577e-12	-0.37937
5.53667e-12	-0.379526
5.53757e-12	-0.379681
5.53847e-12	-0.379837
5.53938e-12	-0.379991
5.54028e-12	-0.380146
5.54118e-12	-0.3803
5.54208e-12	-0.380453
5.54299e-12	-0.380606
5.54389e-12	-0.380759
5.54479e-12	-0.380911
5.5457e-12	-0.381063
5.5466e-12	-0.381214
5.5475e-12	-0.381365
5.5484e-12	-0.381516
5.54931e-12	-0.381666
5.55021e-12	-0.381816
5.55111e-12	-0.381965
5.55201e-12	-0.382114
5.55292e-12	-0.382262
5.55382e-12	-0.38241
5.55472e-12	-0.382558
5.55563e-12	-0.382705
5.55653e-12	-0.382852
5.55743e-12	-0.382998
5.55833e-12	-0.383144
5.55924e-12	-0.383289
5.56014e-12	-0.383434
5.56104e-12	-0.383579
5.56194e-12	-0.383723
5.56285e-12	-0.383867
5.56375e-12	-0.38401
5.56465e-12	-0.384153
5.56555e-12	-0.384295
5.56646e-12	-0.384437
5.56736e-12	-0.384579
5.56826e-12	-0.38472
5.56917e-12	-0.38486
5.57007e-12	-0.385001
5.57097e-12	-0.38514
5.57187e-12	-0.38528
5.57278e-12	-0.385419
5.57368e-12	-0.385557
5.57458e-12	-0.385695
5.57548e-12	-0.385832
5.57639e-12	-0.38597
5.57729e-12	-0.386106
5.57819e-12	-0.386242
5.5791e-12	-0.386378
5.58e-12	-0.386514
5.5809e-12	-0.386648
5.5818e-12	-0.386783
5.58271e-12	-0.386917
5.58361e-12	-0.38705
5.58451e-12	-0.387183
5.58541e-12	-0.387316
5.58632e-12	-0.387448
5.58722e-12	-0.38758
5.58812e-12	-0.387711
5.58902e-12	-0.387842
5.58993e-12	-0.387972
5.59083e-12	-0.388102
5.59173e-12	-0.388231
5.59264e-12	-0.38836
5.59354e-12	-0.388489
5.59444e-12	-0.388617
5.59534e-12	-0.388744
5.59625e-12	-0.388872
5.59715e-12	-0.388998
5.59805e-12	-0.389124
5.59895e-12	-0.38925
5.59986e-12	-0.389375
5.60076e-12	-0.3895
5.60166e-12	-0.389624
5.60257e-12	-0.389748
5.60347e-12	-0.389872
5.60437e-12	-0.389995
5.60527e-12	-0.390117
5.60618e-12	-0.390239
5.60708e-12	-0.390361
5.60798e-12	-0.390482
5.60888e-12	-0.390602
5.60979e-12	-0.390722
5.61069e-12	-0.390842
5.61159e-12	-0.390961
5.61249e-12	-0.39108
5.6134e-12	-0.391198
5.6143e-12	-0.391316
5.6152e-12	-0.391433
5.61611e-12	-0.39155
5.61701e-12	-0.391666
5.61791e-12	-0.391782
5.61881e-12	-0.391897
5.61972e-12	-0.392012
5.62062e-12	-0.392126
5.62152e-12	-0.39224
5.62242e-12	-0.392354
5.62333e-12	-0.392467
5.62423e-12	-0.392579
5.62513e-12	-0.392691
5.62604e-12	-0.392803
5.62694e-12	-0.392914
5.62784e-12	-0.393024
5.62874e-12	-0.393134
5.62965e-12	-0.393244
5.63055e-12	-0.393353
5.63145e-12	-0.393461
5.63235e-12	-0.393569
5.63326e-12	-0.393677
5.63416e-12	-0.393784
5.63506e-12	-0.39389
5.63596e-12	-0.393997
5.63687e-12	-0.394102
5.63777e-12	-0.394207
5.63867e-12	-0.394312
5.63958e-12	-0.394416
5.64048e-12	-0.39452
5.64138e-12	-0.394623
5.64228e-12	-0.394725
5.64319e-12	-0.394827
5.64409e-12	-0.394929
5.64499e-12	-0.39503
5.64589e-12	-0.395131
5.6468e-12	-0.395231
5.6477e-12	-0.39533
5.6486e-12	-0.39543
5.64951e-12	-0.395528
5.65041e-12	-0.395626
5.65131e-12	-0.395724
5.65221e-12	-0.395821
5.65312e-12	-0.395918
5.65402e-12	-0.396014
5.65492e-12	-0.396109
5.65582e-12	-0.396204
5.65673e-12	-0.396299
5.65763e-12	-0.396393
5.65853e-12	-0.396486
5.65943e-12	-0.396579
5.66034e-12	-0.396672
5.66124e-12	-0.396764
5.66214e-12	-0.396855
5.66305e-12	-0.396946
5.66395e-12	-0.397037
5.66485e-12	-0.397127
5.66575e-12	-0.397216
5.66666e-12	-0.397305
5.66756e-12	-0.397393
5.66846e-12	-0.397481
5.66936e-12	-0.397568
5.67027e-12	-0.397655
5.67117e-12	-0.397741
5.67207e-12	-0.397827
5.67298e-12	-0.397912
5.67388e-12	-0.397997
5.67478e-12	-0.398081
5.67568e-12	-0.398165
5.67659e-12	-0.398248
5.67749e-12	-0.398331
5.67839e-12	-0.398413
5.67929e-12	-0.398494
5.6802e-12	-0.398576
5.6811e-12	-0.398656
5.682e-12	-0.398736
5.68291e-12	-0.398815
5.68381e-12	-0.398894
5.68471e-12	-0.398973
5.68561e-12	-0.399051
5.68652e-12	-0.399128
5.68742e-12	-0.399205
5.68832e-12	-0.399281
5.68922e-12	-0.399357
5.69013e-12	-0.399432
5.69103e-12	-0.399506
5.69193e-12	-0.399581
5.69283e-12	-0.399654
5.69374e-12	-0.399727
5.69464e-12	-0.3998
5.69554e-12	-0.399872
5.69645e-12	-0.399943
5.69735e-12	-0.400014
5.69825e-12	-0.400084
5.69915e-12	-0.400154
5.70006e-12	-0.400223
5.70096e-12	-0.400292
5.70186e-12	-0.40036
5.70276e-12	-0.400428
5.70367e-12	-0.400495
5.70457e-12	-0.400561
5.70547e-12	-0.400627
5.70638e-12	-0.400693
5.70728e-12	-0.400758
5.70818e-12	-0.400822
5.70908e-12	-0.400886
5.70999e-12	-0.400949
5.71089e-12	-0.401011
5.71179e-12	-0.401074
5.71269e-12	-0.401135
5.7136e-12	-0.401196
5.7145e-12	-0.401257
5.7154e-12	-0.401317
5.7163e-12	-0.401376
5.71721e-12	-0.401435
5.71811e-12	-0.401493
5.71901e-12	-0.401551
5.71992e-12	-0.401608
5.72082e-12	-0.401664
5.72172e-12	-0.40172
5.72262e-12	-0.401776
5.72353e-12	-0.40183
5.72443e-12	-0.401885
5.72533e-12	-0.401939
5.72623e-12	-0.401992
5.72714e-12	-0.402044
5.72804e-12	-0.402096
5.72894e-12	-0.402148
5.72985e-12	-0.402199
5.73075e-12	-0.402249
5.73165e-12	-0.402299
5.73255e-12	-0.402348
5.73346e-12	-0.402397
5.73436e-12	-0.402445
5.73526e-12	-0.402492
5.73616e-12	-0.402539
5.73707e-12	-0.402586
5.73797e-12	-0.402632
5.73887e-12	-0.402677
5.73977e-12	-0.402721
5.74068e-12	-0.402765
5.74158e-12	-0.402809
5.74248e-12	-0.402852
5.74339e-12	-0.402894
5.74429e-12	-0.402936
5.74519e-12	-0.402977
5.74609e-12	-0.403018
5.747e-12	-0.403058
5.7479e-12	-0.403097
5.7488e-12	-0.403136
5.7497e-12	-0.403175
5.75061e-12	-0.403212
5.75151e-12	-0.403249
5.75241e-12	-0.403286
5.75332e-12	-0.403322
5.75422e-12	-0.403357
5.75512e-12	-0.403392
5.75602e-12	-0.403426
5.75693e-12	-0.40346
5.75783e-12	-0.403493
5.75873e-12	-0.403526
5.75963e-12	-0.403557
5.76054e-12	-0.403589
5.76144e-12	-0.403619
5.76234e-12	-0.403649
5.76324e-12	-0.403679
5.76415e-12	-0.403708
5.76505e-12	-0.403736
5.76595e-12	-0.403764
5.76686e-12	-0.403791
5.76776e-12	-0.403818
5.76866e-12	-0.403844
5.76956e-12	-0.403869
5.77047e-12	-0.403894
5.77137e-12	-0.403918
5.77227e-12	-0.403942
5.77317e-12	-0.403964
5.77408e-12	-0.403987
5.77498e-12	-0.404009
5.77588e-12	-0.40403
5.77679e-12	-0.40405
5.77769e-12	-0.40407
5.77859e-12	-0.40409
5.77949e-12	-0.404109
5.7804e-12	-0.404127
5.7813e-12	-0.404144
5.7822e-12	-0.404161
5.7831e-12	-0.404178
5.78401e-12	-0.404193
5.78491e-12	-0.404209
5.78581e-12	-0.404223
5.78671e-12	-0.404237
5.78762e-12	-0.40425
5.78852e-12	-0.404263
5.78942e-12	-0.404275
5.79033e-12	-0.404287
5.79123e-12	-0.404298
5.79213e-12	-0.404308
5.79303e-12	-0.404318
5.79394e-12	-0.404327
5.79484e-12	-0.404335
5.79574e-12	-0.404343
5.79664e-12	-0.40435
5.79755e-12	-0.404357
5.79845e-12	-0.404363
5.79935e-12	-0.404368
5.80026e-12	-0.404373
5.80116e-12	-0.404377
5.80206e-12	-0.404381
5.80296e-12	-0.404383
5.80387e-12	-0.404386
5.80477e-12	-0.404387
5.80567e-12	-0.404388
5.80657e-12	-0.404389
5.80748e-12	-0.404389
5.80838e-12	-0.404388
5.80928e-12	-0.404386
5.81018e-12	-0.404384
5.81109e-12	-0.404382
5.81199e-12	-0.404378
5.81289e-12	-0.404374
5.8138e-12	-0.40437
5.8147e-12	-0.404365
5.8156e-12	-0.404359
5.8165e-12	-0.404352
5.81741e-12	-0.404345
5.81831e-12	-0.404338
5.81921e-12	-0.404329
5.82011e-12	-0.40432
5.82102e-12	-0.404311
5.82192e-12	-0.404301
5.82282e-12	-0.40429
5.82373e-12	-0.404278
5.82463e-12	-0.404266
5.82553e-12	-0.404253
5.82643e-12	-0.40424
5.82734e-12	-0.404226
5.82824e-12	-0.404211
5.82914e-12	-0.404196
5.83004e-12	-0.40418
5.83095e-12	-0.404164
5.83185e-12	-0.404146
5.83275e-12	-0.404128
5.83365e-12	-0.40411
5.83456e-12	-0.404091
5.83546e-12	-0.404071
5.83636e-12	-0.404051
5.83727e-12	-0.40403
5.83817e-12	-0.404008
5.83907e-12	-0.403986
5.83997e-12	-0.403963
5.84088e-12	-0.403939
5.84178e-12	-0.403915
5.84268e-12	-0.40389
5.84358e-12	-0.403864
5.84449e-12	-0.403838
5.84539e-12	-0.403811
5.84629e-12	-0.403784
5.8472e-12	-0.403756
5.8481e-12	-0.403727
5.849e-12	-0.403698
5.8499e-12	-0.403667
5.85081e-12	-0.403637
5.85171e-12	-0.403605
5.85261e-12	-0.403573
5.85351e-12	-0.403541
5.85442e-12	-0.403507
5.85532e-12	-0.403473
5.85622e-12	-0.403439
5.85712e-12	-0.403403
5.85803e-12	-0.403367
5.85893e-12	-0.403331
5.85983e-12	-0.403294
5.86074e-12	-0.403256
5.86164e-12	-0.403217
5.86254e-12	-0.403178
5.86344e-12	-0.403138
5.86435e-12	-0.403097
5.86525e-12	-0.403056
5.86615e-12	-0.403014
5.86705e-12	-0.402972
5.86796e-12	-0.402929
5.86886e-12	-0.402885
5.86976e-12	-0.40284
5.87067e-12	-0.402795
5.87157e-12	-0.402749
5.87247e-12	-0.402703
5.87337e-12	-0.402656
5.87428e-12	-0.402608
5.87518e-12	-0.402559
5.87608e-12	-0.40251
5.87698e-12	-0.40246
5.87789e-12	-0.40241
5.87879e-12	-0.402359
5.87969e-12	-0.402307
5.88059e-12	-0.402254
5.8815e-12	-0.402201
5.8824e-12	-0.402147
5.8833e-12	-0.402093
5.88421e-12	-0.402038
5.88511e-12	-0.401982
5.88601e-12	-0.401925
5.88691e-12	-0.401868
5.88782e-12	-0.40181
5.88872e-12	-0.401752
5.88962e-12	-0.401693
5.89052e-12	-0.401633
5.89143e-12	-0.401572
5.89233e-12	-0.401511
5.89323e-12	-0.401449
5.89414e-12	-0.401386
5.89504e-12	-0.401323
5.89594e-12	-0.401259
5.89684e-12	-0.401195
5.89775e-12	-0.401129
5.89865e-12	-0.401063
5.89955e-12	-0.400997
5.90045e-12	-0.400929
5.90136e-12	-0.400861
5.90226e-12	-0.400793
5.90316e-12	-0.400723
5.90406e-12	-0.400653
5.90497e-12	-0.400582
5.90587e-12	-0.400511
5.90677e-12	-0.400439
5.90768e-12	-0.400366
5.90858e-12	-0.400292
5.90948e-12	-0.400218
5.91038e-12	-0.400143
5.91129e-12	-0.400068
5.91219e-12	-0.399992
5.91309e-12	-0.399915
5.91399e-12	-0.399837
5.9149e-12	-0.399759
5.9158e-12	-0.39968
5.9167e-12	-0.3996
5.91761e-12	-0.39952
5.91851e-12	-0.399439
5.91941e-12	-0.399357
5.92031e-12	-0.399275
5.92122e-12	-0.399191
5.92212e-12	-0.399108
5.92302e-12	-0.399023
5.92392e-12	-0.398938
5.92483e-12	-0.398852
5.92573e-12	-0.398765
5.92663e-12	-0.398678
5.92753e-12	-0.39859
5.92844e-12	-0.398501
5.92934e-12	-0.398412
5.93024e-12	-0.398322
5.93115e-12	-0.398231
5.93205e-12	-0.39814
5.93295e-12	-0.398048
5.93385e-12	-0.397955
5.93476e-12	-0.397861
5.93566e-12	-0.397767
5.93656e-12	-0.397672
5.93746e-12	-0.397576
5.93837e-12	-0.39748
5.93927e-12	-0.397383
5.94017e-12	-0.397285
5.94108e-12	-0.397186
5.94198e-12	-0.397087
5.94288e-12	-0.396987
5.94378e-12	-0.396887
5.94469e-12	-0.396785
5.94559e-12	-0.396683
5.94649e-12	-0.396581
5.94739e-12	-0.396477
5.9483e-12	-0.396373
5.9492e-12	-0.396268
5.9501e-12	-0.396163
5.951e-12	-0.396057
5.95191e-12	-0.39595
5.95281e-12	-0.395842
5.95371e-12	-0.395734
5.95462e-12	-0.395624
5.95552e-12	-0.395515
5.95642e-12	-0.395404
5.95732e-12	-0.395293
5.95823e-12	-0.395181
5.95913e-12	-0.395068
5.96003e-12	-0.394955
5.96093e-12	-0.394841
5.96184e-12	-0.394726
5.96274e-12	-0.394611
5.96364e-12	-0.394494
5.96455e-12	-0.394378
5.96545e-12	-0.39426
5.96635e-12	-0.394142
5.96725e-12	-0.394022
5.96816e-12	-0.393903
5.96906e-12	-0.393782
5.96996e-12	-0.393661
5.97086e-12	-0.393539
5.97177e-12	-0.393416
5.97267e-12	-0.393293
5.97357e-12	-0.393169
5.97447e-12	-0.393044
5.97538e-12	-0.392918
5.97628e-12	-0.392792
5.97718e-12	-0.392665
5.97809e-12	-0.392538
5.97899e-12	-0.392409
5.97989e-12	-0.39228
5.98079e-12	-0.39215
5.9817e-12	-0.392019
5.9826e-12	-0.391888
5.9835e-12	-0.391756
5.9844e-12	-0.391623
5.98531e-12	-0.39149
5.98621e-12	-0.391356
5.98711e-12	-0.391221
5.98802e-12	-0.391085
5.98892e-12	-0.390949
5.98982e-12	-0.390811
5.99072e-12	-0.390674
5.99163e-12	-0.390535
5.99253e-12	-0.390396
5.99343e-12	-0.390256
5.99433e-12	-0.390115
5.99524e-12	-0.389973
5.99614e-12	-0.389831
5.99704e-12	-0.389688
5.99794e-12	-0.389544
5.99885e-12	-0.3894
5.99975e-12	-0.389255
6.00065e-12	-0.389109
6.00156e-12	-0.388962
6.00246e-12	-0.388815
6.00336e-12	-0.388667
6.00426e-12	-0.388518
6.00517e-12	-0.388369
6.00607e-12	-0.388218
6.00697e-12	-0.388067
6.00787e-12	-0.387915
6.00878e-12	-0.387763
6.00968e-12	-0.38761
6.01058e-12	-0.387456
6.01149e-12	-0.387301
6.01239e-12	-0.387146
6.01329e-12	-0.386989
6.01419e-12	-0.386832
6.0151e-12	-0.386675
6.016e-12	-0.386516
6.0169e-12	-0.386357
6.0178e-12	-0.386197
6.01871e-12	-0.386037
6.01961e-12	-0.385875
6.02051e-12	-0.385713
6.02141e-12	-0.38555
6.02232e-12	-0.385387
6.02322e-12	-0.385223
6.02412e-12	-0.385057
6.02503e-12	-0.384892
6.02593e-12	-0.384725
6.02683e-12	-0.384558
6.02773e-12	-0.38439
6.02864e-12	-0.384221
6.02954e-12	-0.384051
6.03044e-12	-0.383881
6.03134e-12	-0.38371
6.03225e-12	-0.383538
6.03315e-12	-0.383366
6.03405e-12	-0.383193
6.03496e-12	-0.383019
6.03586e-12	-0.382844
6.03676e-12	-0.382668
6.03766e-12	-0.382492
6.03857e-12	-0.382315
6.03947e-12	-0.382137
6.04037e-12	-0.381959
6.04127e-12	-0.38178
6.04218e-12	-0.3816
6.04308e-12	-0.381419
6.04398e-12	-0.381237
6.04488e-12	-0.381055
6.04579e-12	-0.380872
6.04669e-12	-0.380688
6.04759e-12	-0.380504
6.0485e-12	-0.380319
6.0494e-12	-0.380133
6.0503e-12	-0.379946
6.0512e-12	-0.379758
6.05211e-12	-0.37957
6.05301e-12	-0.379381
6.05391e-12	-0.379191
6.05481e-12	-0.379001
6.05572e-12	-0.378809
6.05662e-12	-0.378617
6.05752e-12	-0.378425
6.05843e-12	-0.378231
6.05933e-12	-0.378037
6.06023e-12	-0.377842
6.06113e-12	-0.377646
6.06204e-12	-0.377449
6.06294e-12	-0.377252
6.06384e-12	-0.377054
6.06474e-12	-0.376855
6.06565e-12	-0.376655
6.06655e-12	-0.376455
6.06745e-12	-0.376254
6.06836e-12	-0.376052
6.06926e-12	-0.375849
6.07016e-12	-0.375646
6.07106e-12	-0.375442
6.07197e-12	-0.375237
6.07287e-12	-0.375031
6.07377e-12	-0.374825
6.07467e-12	-0.374618
6.07558e-12	-0.37441
6.07648e-12	-0.374201
6.07738e-12	-0.373991
6.07828e-12	-0.373781
6.07919e-12	-0.37357
6.08009e-12	-0.373358
6.08099e-12	-0.373146
6.0819e-12	-0.372932
6.0828e-12	-0.372718
6.0837e-12	-0.372504
6.0846e-12	-0.372288
6.08551e-12	-0.372072
6.08641e-12	-0.371854
6.08731e-12	-0.371637
6.08821e-12	-0.371418
6.08912e-12	-0.371198
6.09002e-12	-0.370978
6.09092e-12	-0.370757
6.09183e-12	-0.370536
6.09273e-12	-0.370313
6.09363e-12	-0.37009
6.09453e-12	-0.369866
6.09544e-12	-0.369641
6.09634e-12	-0.369415
6.09724e-12	-0.369189
6.09814e-12	-0.368962
6.09905e-12	-0.368734
6.09995e-12	-0.368505
6.10085e-12	-0.368276
6.10175e-12	-0.368046
6.10266e-12	-0.367815
6.10356e-12	-0.367583
6.10446e-12	-0.367351
6.10537e-12	-0.367117
6.10627e-12	-0.366883
6.10717e-12	-0.366649
6.10807e-12	-0.366413
6.10898e-12	-0.366177
6.10988e-12	-0.36594
6.11078e-12	-0.365702
6.11168e-12	-0.365463
6.11259e-12	-0.365224
6.11349e-12	-0.364983
6.11439e-12	-0.364742
6.1153e-12	-0.364501
6.1162e-12	-0.364258
6.1171e-12	-0.364015
6.118e-12	-0.363771
6.11891e-12	-0.363526
6.11981e-12	-0.36328
6.12071e-12	-0.363034
6.12161e-12	-0.362787
6.12252e-12	-0.362539
6.12342e-12	-0.36229
6.12432e-12	-0.36204
6.12522e-12	-0.36179
6.12613e-12	-0.361539
6.12703e-12	-0.361287
6.12793e-12	-0.361035
6.12884e-12	-0.360781
6.12974e-12	-0.360527
6.13064e-12	-0.360272
6.13154e-12	-0.360016
6.13245e-12	-0.35976
6.13335e-12	-0.359502
6.13425e-12	-0.359244
6.13515e-12	-0.358986
6.13606e-12	-0.358726
6.13696e-12	-0.358466
6.13786e-12	-0.358204
6.13877e-12	-0.357942
6.13967e-12	-0.35768
6.14057e-12	-0.357416
6.14147e-12	-0.357152
6.14238e-12	-0.356887
6.14328e-12	-0.356621
6.14418e-12	-0.356354
6.14508e-12	-0.356087
6.14599e-12	-0.355819
6.14689e-12	-0.35555
6.14779e-12	-0.35528
6.14869e-12	-0.355009
6.1496e-12	-0.354738
6.1505e-12	-0.354466
6.1514e-12	-0.354193
6.15231e-12	-0.353919
6.15321e-12	-0.353645
6.15411e-12	-0.35337
6.15501e-12	-0.353094
6.15592e-12	-0.352817
6.15682e-12	-0.352539
6.15772e-12	-0.352261
6.15862e-12	-0.351982
6.15953e-12	-0.351702
6.16043e-12	-0.351421
6.16133e-12	-0.35114
6.16224e-12	-0.350857
6.16314e-12	-0.350574
6.16404e-12	-0.35029
6.16494e-12	-0.350006
6.16585e-12	-0.34972
6.16675e-12	-0.349434
6.16765e-12	-0.349147
6.16855e-12	-0.348859
6.16946e-12	-0.348571
6.17036e-12	-0.348281
6.17126e-12	-0.347991
6.17216e-12	-0.3477
6.17307e-12	-0.347409
6.17397e-12	-0.347116
6.17487e-12	-0.346823
6.17578e-12	-0.346529
6.17668e-12	-0.346234
6.17758e-12	-0.345938
6.17848e-12	-0.345642
6.17939e-12	-0.345345
6.18029e-12	-0.345047
6.18119e-12	-0.344748
6.18209e-12	-0.344448
6.183e-12	-0.344148
6.1839e-12	-0.343847
6.1848e-12	-0.343545
6.18571e-12	-0.343242
6.18661e-12	-0.342939
6.18751e-12	-0.342634
6.18841e-12	-0.342329
6.18932e-12	-0.342023
6.19022e-12	-0.341717
6.19112e-12	-0.341409
6.19202e-12	-0.341101
6.19293e-12	-0.340792
6.19383e-12	-0.340482
6.19473e-12	-0.340172
6.19563e-12	-0.33986
6.19654e-12	-0.339548
6.19744e-12	-0.339235
6.19834e-12	-0.338921
6.19925e-12	-0.338607
6.20015e-12	-0.338291
6.20105e-12	-0.337975
6.20195e-12	-0.337658
6.20286e-12	-0.337341
6.20376e-12	-0.337022
6.20466e-12	-0.336703
6.20556e-12	-0.336383
6.20647e-12	-0.336062
6.20737e-12	-0.33574
6.20827e-12	-0.335418
6.20918e-12	-0.335094
6.21008e-12	-0.33477
6.21098e-12	-0.334446
6.21188e-12	-0.33412
6.21279e-12	-0.333793
6.21369e-12	-0.333466
6.21459e-12	-0.333138
6.21549e-12	-0.33281
6.2164e-12	-0.33248
6.2173e-12	-0.33215
6.2182e-12	-0.331818
6.2191e-12	-0.331486
6.22001e-12	-0.331154
6.22091e-12	-0.33082
6.22181e-12	-0.330486
6.22272e-12	-0.330151
6.22362e-12	-0.329815
6.22452e-12	-0.329478
6.22542e-12	-0.329141
6.22633e-12	-0.328802
6.22723e-12	-0.328463
6.22813e-12	-0.328123
6.22903e-12	-0.327783
6.22994e-12	-0.327441
6.23084e-12	-0.327099
6.23174e-12	-0.326756
6.23265e-12	-0.326412
6.23355e-12	-0.326068
6.23445e-12	-0.325722
6.23535e-12	-0.325376
6.23626e-12	-0.325029
6.23716e-12	-0.324681
6.23806e-12	-0.324333
6.23896e-12	-0.323983
6.23987e-12	-0.323633
6.24077e-12	-0.323282
6.24167e-12	-0.32293
6.24257e-12	-0.322578
6.24348e-12	-0.322224
6.24438e-12	-0.32187
6.24528e-12	-0.321515
6.24619e-12	-0.32116
6.24709e-12	-0.320803
6.24799e-12	-0.320446
6.24889e-12	-0.320088
6.2498e-12	-0.319729
6.2507e-12	-0.319369
6.2516e-12	-0.319009
6.2525e-12	-0.318647
6.25341e-12	-0.318285
6.25431e-12	-0.317923
6.25521e-12	-0.317559
6.25612e-12	-0.317194
6.25702e-12	-0.316829
6.25792e-12	-0.316463
6.25882e-12	-0.316096
6.25973e-12	-0.315729
6.26063e-12	-0.31536
6.26153e-12	-0.314991
6.26243e-12	-0.314621
6.26334e-12	-0.31425
6.26424e-12	-0.313879
6.26514e-12	-0.313507
6.26604e-12	-0.313133
6.26695e-12	-0.312759
6.26785e-12	-0.312385
6.26875e-12	-0.312009
6.26966e-12	-0.311633
6.27056e-12	-0.311256
6.27146e-12	-0.310878
6.27236e-12	-0.310499
6.27327e-12	-0.31012
6.27417e-12	-0.309739
6.27507e-12	-0.309358
6.27597e-12	-0.308976
6.27688e-12	-0.308594
6.27778e-12	-0.30821
6.27868e-12	-0.307826
6.27959e-12	-0.307441
6.28049e-12	-0.307055
6.28139e-12	-0.306669
6.28229e-12	-0.306281
6.2832e-12	-0.305893
6.2841e-12	-0.305504
6.285e-12	-0.305114
6.2859e-12	-0.304724
6.28681e-12	-0.304332
6.28771e-12	-0.30394
6.28861e-12	-0.303547
6.28951e-12	-0.303153
6.29042e-12	-0.302759
6.29132e-12	-0.302363
6.29222e-12	-0.301967
6.29313e-12	-0.30157
6.29403e-12	-0.301173
6.29493e-12	-0.300774
6.29583e-12	-0.300375
6.29674e-12	-0.299975
6.29764e-12	-0.299574
6.29854e-12	-0.299172
6.29944e-12	-0.29877
6.30035e-12	-0.298367
6.30125e-12	-0.297962
6.30215e-12	-0.297558
6.30306e-12	-0.297152
6.30396e-12	-0.296746
6.30486e-12	-0.296338
6.30576e-12	-0.29593
6.30667e-12	-0.295522
6.30757e-12	-0.295112
6.30847e-12	-0.294702
6.30937e-12	-0.294291
6.31028e-12	-0.293879
6.31118e-12	-0.293466
6.31208e-12	-0.293052
6.31298e-12	-0.292638
6.31389e-12	-0.292223
6.31479e-12	-0.291807
6.31569e-12	-0.29139
6.3166e-12	-0.290973
6.3175e-12	-0.290555
6.3184e-12	-0.290136
6.3193e-12	-0.289716
6.32021e-12	-0.289295
6.32111e-12	-0.288874
6.32201e-12	-0.288452
6.32291e-12	-0.288029
6.32382e-12	-0.287605
6.32472e-12	-0.28718
6.32562e-12	-0.286755
6.32653e-12	-0.286329
6.32743e-12	-0.285902
6.32833e-12	-0.285474
6.32923e-12	-0.285046
6.33014e-12	-0.284617
6.33104e-12	-0.284186
6.33194e-12	-0.283756
6.33284e-12	-0.283324
6.33375e-12	-0.282892
6.33465e-12	-0.282458
6.33555e-12	-0.282024
6.33645e-12	-0.28159
6.33736e-12	-0.281154
6.33826e-12	-0.280718
6.33916e-12	-0.28028
6.34007e-12	-0.279843
6.34097e-12	-0.279404
6.34187e-12	-0.278964
6.34277e-12	-0.278524
6.34368e-12	-0.278083
6.34458e-12	-0.277641
6.34548e-12	-0.277198
6.34638e-12	-0.276755
6.34729e-12	-0.276311
6.34819e-12	-0.275866
6.34909e-12	-0.27542
6.35e-12	-0.274974
6.3509e-12	-0.274526
6.3518e-12	-0.274078
6.3527e-12	-0.273629
6.35361e-12	-0.273179
6.35451e-12	-0.272729
6.35541e-12	-0.272278
6.35631e-12	-0.271826
6.35722e-12	-0.271373
6.35812e-12	-0.270919
6.35902e-12	-0.270465
6.35992e-12	-0.27001
6.36083e-12	-0.269554
6.36173e-12	-0.269097
6.36263e-12	-0.26864
6.36354e-12	-0.268181
6.36444e-12	-0.267722
6.36534e-12	-0.267262
6.36624e-12	-0.266802
6.36715e-12	-0.26634
6.36805e-12	-0.265878
6.36895e-12	-0.265415
6.36985e-12	-0.264951
6.37076e-12	-0.264487
6.37166e-12	-0.264022
6.37256e-12	-0.263555
6.37347e-12	-0.263089
6.37437e-12	-0.262621
6.37527e-12	-0.262153
6.37617e-12	-0.261683
6.37708e-12	-0.261213
6.37798e-12	-0.260743
6.37888e-12	-0.260271
6.37978e-12	-0.259799
6.38069e-12	-0.259326
6.38159e-12	-0.258852
6.38249e-12	-0.258377
6.38339e-12	-0.257902
6.3843e-12	-0.257426
6.3852e-12	-0.256949
6.3861e-12	-0.256471
6.38701e-12	-0.255992
6.38791e-12	-0.255513
6.38881e-12	-0.255033
6.38971e-12	-0.254552
6.39062e-12	-0.254071
6.39152e-12	-0.253588
6.39242e-12	-0.253105
6.39332e-12	-0.252621
6.39423e-12	-0.252136
6.39513e-12	-0.251651
6.39603e-12	-0.251165
6.39694e-12	-0.250678
6.39784e-12	-0.25019
6.39874e-12	-0.249701
6.39964e-12	-0.249212
6.40055e-12	-0.248722
6.40145e-12	-0.248231
6.40235e-12	-0.247739
6.40325e-12	-0.247247
6.40416e-12	-0.246754
6.40506e-12	-0.24626
6.40596e-12	-0.245765
6.40686e-12	-0.24527
6.40777e-12	-0.244773
6.40867e-12	-0.244276
6.40957e-12	-0.243778
6.41048e-12	-0.24328
6.41138e-12	-0.242781
6.41228e-12	-0.24228
6.41318e-12	-0.24178
6.41409e-12	-0.241278
6.41499e-12	-0.240776
6.41589e-12	-0.240272
6.41679e-12	-0.239768
6.4177e-12	-0.239264
6.4186e-12	-0.238758
6.4195e-12	-0.238252
6.42041e-12	-0.237745
6.42131e-12	-0.237237
6.42221e-12	-0.236729
6.42311e-12	-0.23622
6.42402e-12	-0.23571
6.42492e-12	-0.235199
6.42582e-12	-0.234687
6.42672e-12	-0.234175
6.42763e-12	-0.233662
6.42853e-12	-0.233148
6.42943e-12	-0.232633
6.43033e-12	-0.232118
6.43124e-12	-0.231602
6.43214e-12	-0.231085
6.43304e-12	-0.230567
6.43395e-12	-0.230049
6.43485e-12	-0.22953
6.43575e-12	-0.22901
6.43665e-12	-0.228489
6.43756e-12	-0.227967
6.43846e-12	-0.227445
6.43936e-12	-0.226922
6.44026e-12	-0.226399
6.44117e-12	-0.225874
6.44207e-12	-0.225349
6.44297e-12	-0.224823
6.44388e-12	-0.224296
6.44478e-12	-0.223769
6.44568e-12	-0.22324
6.44658e-12	-0.222711
6.44749e-12	-0.222182
6.44839e-12	-0.221651
6.44929e-12	-0.22112
6.45019e-12	-0.220588
6.4511e-12	-0.220055
6.452e-12	-0.219521
6.4529e-12	-0.218987
6.45381e-12	-0.218452
6.45471e-12	-0.217916
6.45561e-12	-0.21738
6.45651e-12	-0.216842
6.45742e-12	-0.216304
6.45832e-12	-0.215766
6.45922e-12	-0.215226
6.46012e-12	-0.214686
6.46103e-12	-0.214145
6.46193e-12	-0.213603
6.46283e-12	-0.21306
6.46373e-12	-0.212517
6.46464e-12	-0.211973
6.46554e-12	-0.211428
6.46644e-12	-0.210883
6.46735e-12	-0.210337
6.46825e-12	-0.20979
6.46915e-12	-0.209242
6.47005e-12	-0.208693
6.47096e-12	-0.208144
6.47186e-12	-0.207594
6.47276e-12	-0.207043
6.47366e-12	-0.206492
6.47457e-12	-0.20594
6.47547e-12	-0.205387
6.47637e-12	-0.204833
6.47728e-12	-0.204279
6.47818e-12	-0.203723
6.47908e-12	-0.203167
6.47998e-12	-0.202611
6.48089e-12	-0.202053
6.48179e-12	-0.201495
6.48269e-12	-0.200936
6.48359e-12	-0.200377
6.4845e-12	-0.199816
6.4854e-12	-0.199255
6.4863e-12	-0.198693
6.4872e-12	-0.198131
6.48811e-12	-0.197568
6.48901e-12	-0.197004
6.48991e-12	-0.196439
6.49082e-12	-0.195873
6.49172e-12	-0.195307
6.49262e-12	-0.19474
6.49352e-12	-0.194172
6.49443e-12	-0.193604
6.49533e-12	-0.193035
6.49623e-12	-0.192465
6.49713e-12	-0.191894
6.49804e-12	-0.191323
6.49894e-12	-0.190751
6.49984e-12	-0.190178
6.50075e-12	-0.189604
6.50165e-12	-0.18903
6.50255e-12	-0.188455
6.50345e-12	-0.187879
6.50436e-12	-0.187303
6.50526e-12	-0.186726
6.50616e-12	-0.186148
6.50706e-12	-0.185569
6.50797e-12	-0.18499
6.50887e-12	-0.18441
6.50977e-12	-0.183829
6.51067e-12	-0.183247
6.51158e-12	-0.182665
6.51248e-12	-0.182082
6.51338e-12	-0.181498
6.51429e-12	-0.180914
6.51519e-12	-0.180329
6.51609e-12	-0.179743
6.51699e-12	-0.179156
6.5179e-12	-0.178569
6.5188e-12	-0.177981
6.5197e-12	-0.177392
6.5206e-12	-0.176803
6.52151e-12	-0.176213
6.52241e-12	-0.175622
6.52331e-12	-0.17503
6.52422e-12	-0.174438
6.52512e-12	-0.173845
6.52602e-12	-0.173251
6.52692e-12	-0.172656
6.52783e-12	-0.172061
6.52873e-12	-0.171465
6.52963e-12	-0.170869
6.53053e-12	-0.170271
6.53144e-12	-0.169673
6.53234e-12	-0.169074
6.53324e-12	-0.168475
6.53414e-12	-0.167875
6.53505e-12	-0.167274
6.53595e-12	-0.166672
6.53685e-12	-0.16607
6.53776e-12	-0.165467
6.53866e-12	-0.164863
6.53956e-12	-0.164259
6.54046e-12	-0.163654
6.54137e-12	-0.163048
6.54227e-12	-0.162441
6.54317e-12	-0.161834
6.54407e-12	-0.161226
6.54498e-12	-0.160617
6.54588e-12	-0.160008
6.54678e-12	-0.159398
6.54769e-12	-0.158787
6.54859e-12	-0.158176
6.54949e-12	-0.157563
6.55039e-12	-0.156951
6.5513e-12	-0.156337
6.5522e-12	-0.155723
6.5531e-12	-0.155108
6.554e-12	-0.154492
6.55491e-12	-0.153876
6.55581e-12	-0.153259
6.55671e-12	-0.152641
6.55761e-12	-0.152022
6.55852e-12	-0.151403
6.55942e-12	-0.150783
6.56032e-12	-0.150163
6.56123e-12	-0.149542
6.56213e-12	-0.14892
6.56303e-12	-0.148297
6.56393e-12	-0.147674
6.56484e-12	-0.14705
6.56574e-12	-0.146425
6.56664e-12	-0.1458
6.56754e-12	-0.145173
6.56845e-12	-0.144547
6.56935e-12	-0.143919
6.57025e-12	-0.143291
6.57116e-12	-0.142662
6.57206e-12	-0.142033
6.57296e-12	-0.141403
6.57386e-12	-0.140772
6.57477e-12	-0.14014
6.57567e-12	-0.139508
6.57657e-12	-0.138875
6.57747e-12	-0.138241
6.57838e-12	-0.137607
6.57928e-12	-0.136972
6.58018e-12	-0.136336
6.58108e-12	-0.1357
6.58199e-12	-0.135063
6.58289e-12	-0.134425
6.58379e-12	-0.133787
6.5847e-12	-0.133148
6.5856e-12	-0.132508
6.5865e-12	-0.131868
6.5874e-12	-0.131227
6.58831e-12	-0.130585
6.58921e-12	-0.129942
6.59011e-12	-0.129299
6.59101e-12	-0.128655
6.59192e-12	-0.128011
6.59282e-12	-0.127366
6.59372e-12	-0.12672
6.59463e-12	-0.126074
6.59553e-12	-0.125427
6.59643e-12	-0.124779
6.59733e-12	-0.12413
6.59824e-12	-0.123481
6.59914e-12	-0.122831
6.60004e-12	-0.122181
6.60094e-12	-0.12153
6.60185e-12	-0.120878
6.60275e-12	-0.120225
6.60365e-12	-0.119572
6.60455e-12	-0.118918
6.60546e-12	-0.118264
6.60636e-12	-0.117609
6.60726e-12	-0.116953
6.60817e-12	-0.116297
6.60907e-12	-0.11564
6.60997e-12	-0.114982
6.61087e-12	-0.114323
6.61178e-12	-0.113664
6.61268e-12	-0.113005
6.61358e-12	-0.112344
6.61448e-12	-0.111683
6.61539e-12	-0.111021
6.61629e-12	-0.110359
6.61719e-12	-0.109696
6.6181e-12	-0.109032
6.619e-12	-0.108368
6.6199e-12	-0.107703
6.6208e-12	-0.107038
6.62171e-12	-0.106371
6.62261e-12	-0.105704
6.62351e-12	-0.105037
6.62441e-12	-0.104369
6.62532e-12	-0.1037
6.62622e-12	-0.10303
6.62712e-12	-0.10236
6.62802e-12	-0.101689
6.62893e-12	-0.101018
6.62983e-12	-0.100346
6.63073e-12	-0.0996732
6.63164e-12	-0.0989999
6.63254e-12	-0.0983259
6.63344e-12	-0.0976512
6.63434e-12	-0.096976
6.63525e-12	-0.0963
6.63615e-12	-0.0956235
6.63705e-12	-0.0949463
6.63795e-12	-0.0942685
6.63886e-12	-0.09359
6.63976e-12	-0.0929109
6.64066e-12	-0.0922312
6.64157e-12	-0.0915508
6.64247e-12	-0.0908698
6.64337e-12	-0.0901882
6.64427e-12	-0.0895059
6.64518e-12	-0.088823
6.64608e-12	-0.0881395
6.64698e-12	-0.0874554
6.64788e-12	-0.0867706
6.64879e-12	-0.0860852
6.64969e-12	-0.0853992
6.65059e-12	-0.0847125
6.65149e-12	-0.0840252
6.6524e-12	-0.0833373
6.6533e-12	-0.0826488
6.6542e-12	-0.0819596
6.65511e-12	-0.0812699
6.65601e-12	-0.0805795
6.65691e-12	-0.0798884
6.65781e-12	-0.0791968
6.65872e-12	-0.0785045
6.65962e-12	-0.0778117
6.66052e-12	-0.0771182
6.66142e-12	-0.0764241
6.66233e-12	-0.0757294
6.66323e-12	-0.075034
6.66413e-12	-0.0743381
6.66504e-12	-0.0736415
6.66594e-12	-0.0729443
6.66684e-12	-0.0722465
6.66774e-12	-0.0715481
6.66865e-12	-0.0708491
6.66955e-12	-0.0701495
6.67045e-12	-0.0694493
6.67135e-12	-0.0687485
6.67226e-12	-0.068047
6.67316e-12	-0.067345
6.67406e-12	-0.0666423
6.67496e-12	-0.065939
6.67587e-12	-0.0652352
6.67677e-12	-0.0645307
6.67767e-12	-0.0638257
6.67858e-12	-0.06312
6.67948e-12	-0.0624137
6.68038e-12	-0.0617069
6.68128e-12	-0.0609994
6.68219e-12	-0.0602913
6.68309e-12	-0.0595827
6.68399e-12	-0.0588734
6.68489e-12	-0.0581636
6.6858e-12	-0.0574531
6.6867e-12	-0.0567421
6.6876e-12	-0.0560304
6.68851e-12	-0.0553182
6.68941e-12	-0.0546054
6.69031e-12	-0.053892
6.69121e-12	-0.053178
6.69212e-12	-0.0524634
6.69302e-12	-0.0517482
6.69392e-12	-0.0510325
6.69482e-12	-0.0503161
6.69573e-12	-0.0495992
6.69663e-12	-0.0488817
6.69753e-12	-0.0481636
6.69843e-12	-0.0474449
6.69934e-12	-0.0467256
6.70024e-12	-0.0460058
6.70114e-12	-0.0452854
6.70205e-12	-0.0445644
6.70295e-12	-0.0438428
6.70385e-12	-0.0431206
6.70475e-12	-0.0423979
6.70566e-12	-0.0416746
6.70656e-12	-0.0409507
6.70746e-12	-0.0402262
6.70836e-12	-0.0395012
6.70927e-12	-0.0387756
6.71017e-12	-0.0380494
6.71107e-12	-0.0373227
6.71198e-12	-0.0365954
6.71288e-12	-0.0358675
6.71378e-12	-0.035139
6.71468e-12	-0.03441
6.71559e-12	-0.0336804
6.71649e-12	-0.0329503
6.71739e-12	-0.0322196
6.71829e-12	-0.0314883
6.7192e-12	-0.0307564
6.7201e-12	-0.030024
6.721e-12	-0.0292911
6.7219e-12	-0.0285576
6.72281e-12	-0.0278235
6.72371e-12	-0.0270888
6.72461e-12	-0.0263536
6.72552e-12	-0.0256179
6.72642e-12	-0.0248816
6.72732e-12	-0.0241447
6.72822e-12	-0.0234073
6.72913e-12	-0.0226693
6.73003e-12	-0.0219308
6.73093e-12	-0.0211918
6.73183e-12	-0.0204521
6.73274e-12	-0.019712
6.73364e-12	-0.0189713
6.73454e-12	-0.01823
6.73545e-12	-0.0174882
6.73635e-12	-0.0167458
6.73725e-12	-0.0160029
6.73815e-12	-0.0152595
6.73906e-12	-0.0145155
6.73996e-12	-0.013771
6.74086e-12	-0.0130259
6.74176e-12	-0.0122803
6.74267e-12	-0.0115342
6.74357e-12	-0.0107875
6.74447e-12	-0.0100403
6.74537e-12	-0.00929253
6.74628e-12	-0.00854424
6.74718e-12	-0.00779542
6.74808e-12	-0.00704607
6.74899e-12	-0.00629618
6.74989e-12	-0.00554577
6.75079e-12	-0.00479482
6.75169e-12	-0.00404334
6.7526e-12	-0.00329134
6.7535e-12	-0.00253881
6.7544e-12	-0.00178576
6.7553e-12	-0.00103217
6.75621e-12	-0.000278069
6.75711e-12	0.00047656
6.75801e-12	0.00123171
6.75892e-12	0.00198738
6.75982e-12	0.00274358
6.76072e-12	0.00350029
6.76162e-12	0.00425752
6.76253e-12	0.00501527
6.76343e-12	0.00577353
6.76433e-12	0.00653231
6.76523e-12	0.0072916
6.76614e-12	0.00805141
6.76704e-12	0.00881173
6.76794e-12	0.00957256
6.76884e-12	0.0103339
6.76975e-12	0.0110958
6.77065e-12	0.0118581
6.77155e-12	0.012621
6.77246e-12	0.0133844
6.77336e-12	0.0141482
6.77426e-12	0.0149126
6.77516e-12	0.0156775
6.77607e-12	0.0164429
6.77697e-12	0.0172088
6.77787e-12	0.0179752
6.77877e-12	0.0187421
6.77968e-12	0.0195095
6.78058e-12	0.0202774
6.78148e-12	0.0210457
6.78239e-12	0.0218146
6.78329e-12	0.022584
6.78419e-12	0.0233539
6.78509e-12	0.0241242
6.786e-12	0.0248951
6.7869e-12	0.0256664
6.7878e-12	0.0264383
6.7887e-12	0.0272106
6.78961e-12	0.0279834
6.79051e-12	0.0287567
6.79141e-12	0.0295305
6.79231e-12	0.0303047
6.79322e-12	0.0310795
6.79412e-12	0.0318547
6.79502e-12	0.0326304
6.79593e-12	0.0334066
6.79683e-12	0.0341833
6.79773e-12	0.0349604
6.79863e-12	0.035738
6.79954e-12	0.0365161
6.80044e-12	0.0372947
6.80134e-12	0.0380738
6.80224e-12	0.0388533
6.80315e-12	0.0396333
6.80405e-12	0.0404138
6.80495e-12	0.0411947
6.80586e-12	0.0419761
6.80676e-12	0.042758
6.80766e-12	0.0435403
6.80856e-12	0.0443231
6.80947e-12	0.0451064
6.81037e-12	0.0458901
6.81127e-12	0.0466743
6.81217e-12	0.047459
6.81308e-12	0.0482441
6.81398e-12	0.0490297
6.81488e-12	0.0498157
6.81578e-12	0.0506022
6.81669e-12	0.0513891
6.81759e-12	0.0521765
6.81849e-12	0.0529644
6.8194e-12	0.0537527
6.8203e-12	0.0545415
6.8212e-12	0.0553307
6.8221e-12	0.0561203
6.82301e-12	0.0569104
6.82391e-12	0.057701
6.82481e-12	0.058492
6.82571e-12	0.0592835
6.82662e-12	0.0600753
6.82752e-12	0.0608677
6.82842e-12	0.0616605
6.82933e-12	0.0624537
6.83023e-12	0.0632473
6.83113e-12	0.0640414
6.83203e-12	0.064836
6.83294e-12	0.0656309
6.83384e-12	0.0664263
6.83474e-12	0.0672222
6.83564e-12	0.0680185
6.83655e-12	0.0688152
6.83745e-12	0.0696123
6.83835e-12	0.0704099
6.83926e-12	0.0712079
6.84016e-12	0.0720063
6.84106e-12	0.0728051
6.84196e-12	0.0736044
6.84287e-12	0.0744041
6.84377e-12	0.0752042
6.84467e-12	0.0760048
6.84557e-12	0.0768058
6.84648e-12	0.0776071
6.84738e-12	0.078409
6.84828e-12	0.0792112
6.84918e-12	0.0800138
6.85009e-12	0.0808169
6.85099e-12	0.0816204
6.85189e-12	0.0824242
6.8528e-12	0.0832285
6.8537e-12	0.0840332
6.8546e-12	0.0848384
6.8555e-12	0.0856439
6.85641e-12	0.0864498
6.85731e-12	0.0872561
6.85821e-12	0.0880629
6.85911e-12	0.08887
6.86002e-12	0.0896776
6.86092e-12	0.0904856
6.86182e-12	0.0912939
6.86273e-12	0.0921027
6.86363e-12	0.0929118
6.86453e-12	0.0937214
6.86543e-12	0.0945313
6.86634e-12	0.0953417
6.86724e-12	0.0961524
6.86814e-12	0.0969635
6.86904e-12	0.097775
6.86995e-12	0.098587
6.87085e-12	0.0993993
6.87175e-12	0.100212
6.87265e-12	0.101025
6.87356e-12	0.101838
6.87446e-12	0.102652
6.87536e-12	0.103467
6.87627e-12	0.104281
6.87717e-12	0.105096
6.87807e-12	0.105912
6.87897e-12	0.106727
6.87988e-12	0.107543
6.88078e-12	0.10836
6.88168e-12	0.109177
6.88258e-12	0.109994
6.88349e-12	0.110812
6.88439e-12	0.11163
6.88529e-12	0.112448
6.8862e-12	0.113267
6.8871e-12	0.114086
6.888e-12	0.114905
6.8889e-12	0.115725
6.88981e-12	0.116545
6.89071e-12	0.117366
6.89161e-12	0.118187
6.89251e-12	0.119008
6.89342e-12	0.11983
6.89432e-12	0.120652
6.89522e-12	0.121474
6.89612e-12	0.122297
6.89703e-12	0.12312
6.89793e-12	0.123944
6.89883e-12	0.124767
6.89974e-12	0.125591
6.90064e-12	0.126416
6.90154e-12	0.127241
6.90244e-12	0.128066
6.90335e-12	0.128892
6.90425e-12	0.129717
6.90515e-12	0.130544
6.90605e-12	0.13137
6.90696e-12	0.132197
6.90786e-12	0.133024
6.90876e-12	0.133852
6.90967e-12	0.13468
6.91057e-12	0.135508
6.91147e-12	0.136337
6.91237e-12	0.137166
6.91328e-12	0.137995
6.91418e-12	0.138825
6.91508e-12	0.139655
6.91598e-12	0.140485
6.91689e-12	0.141315
6.91779e-12	0.142146
6.91869e-12	0.142978
6.91959e-12	0.143809
6.9205e-12	0.144641
6.9214e-12	0.145473
6.9223e-12	0.146306
6.92321e-12	0.147139
6.92411e-12	0.147972
6.92501e-12	0.148805
6.92591e-12	0.149639
6.92682e-12	0.150473
6.92772e-12	0.151308
6.92862e-12	0.152142
6.92952e-12	0.152978
6.93043e-12	0.153813
6.93133e-12	0.154649
6.93223e-12	0.155485
6.93314e-12	0.156321
6.93404e-12	0.157158
6.93494e-12	0.157994
6.93584e-12	0.158832
6.93675e-12	0.159669
6.93765e-12	0.160507
6.93855e-12	0.161345
6.93945e-12	0.162184
6.94036e-12	0.163022
6.94126e-12	0.163861
6.94216e-12	0.164701
6.94306e-12	0.16554
6.94397e-12	0.16638
6.94487e-12	0.16722
6.94577e-12	0.168061
6.94668e-12	0.168901
6.94758e-12	0.169742
6.94848e-12	0.170584
6.94938e-12	0.171425
6.95029e-12	0.172267
6.95119e-12	0.173109
6.95209e-12	0.173952
6.95299e-12	0.174795
6.9539e-12	0.175638
6.9548e-12	0.176481
6.9557e-12	0.177324
6.95661e-12	0.178168
6.95751e-12	0.179012
6.95841e-12	0.179857
6.95931e-12	0.180701
6.96022e-12	0.181546
6.96112e-12	0.182392
6.96202e-12	0.183237
6.96292e-12	0.184083
6.96383e-12	0.184929
6.96473e-12	0.185775
6.96563e-12	0.186621
6.96653e-12	0.187468
6.96744e-12	0.188315
6.96834e-12	0.189162
6.96924e-12	0.19001
6.97015e-12	0.190858
6.97105e-12	0.191706
6.97195e-12	0.192554
6.97285e-12	0.193403
6.97376e-12	0.194251
6.97466e-12	0.1951
6.97556e-12	0.19595
6.97646e-12	0.196799
6.97737e-12	0.197649
6.97827e-12	0.198499
6.97917e-12	0.199349
6.98008e-12	0.2002
6.98098e-12	0.201051
6.98188e-12	0.201902
6.98278e-12	0.202753
6.98369e-12	0.203604
6.98459e-12	0.204456
6.98549e-12	0.205308
6.98639e-12	0.20616
6.9873e-12	0.207012
6.9882e-12	0.207865
6.9891e-12	0.208718
6.99e-12	0.209571
6.99091e-12	0.210424
6.99181e-12	0.211278
6.99271e-12	0.212131
6.99362e-12	0.212985
6.99452e-12	0.21384
6.99542e-12	0.214694
6.99632e-12	0.215549
6.99723e-12	0.216403
6.99813e-12	0.217258
6.99903e-12	0.218114
6.99993e-12	0.218969
7.00084e-12	0.219825
7.00174e-12	0.220681
7.00264e-12	0.221537
7.00355e-12	0.222393
7.00445e-12	0.223249
7.00535e-12	0.224106
7.00625e-12	0.224963
7.00716e-12	0.22582
7.00806e-12	0.226678
7.00896e-12	0.227535
7.00986e-12	0.228393
7.01077e-12	0.229251
7.01167e-12	0.230109
7.01257e-12	0.230967
7.01347e-12	0.231825
7.01438e-12	0.232684
7.01528e-12	0.233543
7.01618e-12	0.234402
7.01709e-12	0.235261
7.01799e-12	0.236121
7.01889e-12	0.23698
7.01979e-12	0.23784
7.0207e-12	0.2387
7.0216e-12	0.23956
7.0225e-12	0.24042
7.0234e-12	0.241281
7.02431e-12	0.242142
7.02521e-12	0.243002
7.02611e-12	0.243863
7.02702e-12	0.244725
7.02792e-12	0.245586
7.02882e-12	0.246447
7.02972e-12	0.247309
7.03063e-12	0.248171
7.03153e-12	0.249033
7.03243e-12	0.249895
7.03333e-12	0.250757
7.03424e-12	0.25162
7.03514e-12	0.252483
7.03604e-12	0.253345
7.03694e-12	0.254208
7.03785e-12	0.255072
7.03875e-12	0.255935
7.03965e-12	0.256798
7.04056e-12	0.257662
7.04146e-12	0.258526
7.04236e-12	0.259389
7.04326e-12	0.260253
7.04417e-12	0.261118
7.04507e-12	0.261982
7.04597e-12	0.262846
7.04687e-12	0.263711
7.04778e-12	0.264576
7.04868e-12	0.265441
7.04958e-12	0.266306
7.05049e-12	0.267171
7.05139e-12	0.268036
7.05229e-12	0.268902
7.05319e-12	0.269767
7.0541e-12	0.270633
7.055e-12	0.271499
7.0559e-12	0.272364
7.0568e-12	0.273231
7.05771e-12	0.274097
7.05861e-12	0.274963
7.05951e-12	0.275829
7.06041e-12	0.276696
7.06132e-12	0.277563
7.06222e-12	0.27843
7.06312e-12	0.279296
7.06403e-12	0.280163
7.06493e-12	0.281031
7.06583e-12	0.281898
7.06673e-12	0.282765
7.06764e-12	0.283633
7.06854e-12	0.2845
7.06944e-12	0.285368
7.07034e-12	0.286236
7.07125e-12	0.287104
7.07215e-12	0.287972
7.07305e-12	0.28884
7.07396e-12	0.289708
7.07486e-12	0.290576
7.07576e-12	0.291445
7.07666e-12	0.292313
7.07757e-12	0.293182
7.07847e-12	0.29405
7.07937e-12	0.294919
7.08027e-12	0.295788
7.08118e-12	0.296657
7.08208e-12	0.297526
7.08298e-12	0.298395
7.08388e-12	0.299264
7.08479e-12	0.300133
7.08569e-12	0.301003
7.08659e-12	0.301872
7.0875e-12	0.302742
7.0884e-12	0.303611
7.0893e-12	0.304481
7.0902e-12	0.305351
7.09111e-12	0.306221
7.09201e-12	0.30709
7.09291e-12	0.30796
7.09381e-12	0.30883
7.09472e-12	0.3097
7.09562e-12	0.310571
7.09652e-12	0.311441
7.09743e-12	0.312311
7.09833e-12	0.313181
7.09923e-12	0.314052
7.10013e-12	0.314922
7.10104e-12	0.315793
7.10194e-12	0.316663
7.10284e-12	0.317534
7.10374e-12	0.318405
7.10465e-12	0.319275
7.10555e-12	0.320146
7.10645e-12	0.321017
7.10735e-12	0.321888
7.10826e-12	0.322759
7.10916e-12	0.32363
7.11006e-12	0.324501
7.11097e-12	0.325372
7.11187e-12	0.326243
7.11277e-12	0.327114
7.11367e-12	0.327985
7.11458e-12	0.328857
7.11548e-12	0.329728
7.11638e-12	0.330599
7.11728e-12	0.33147
7.11819e-12	0.332342
7.11909e-12	0.333213
7.11999e-12	0.334084
7.1209e-12	0.334956
7.1218e-12	0.335827
7.1227e-12	0.336699
7.1236e-12	0.33757
7.12451e-12	0.338442
7.12541e-12	0.339313
7.12631e-12	0.340185
7.12721e-12	0.341056
7.12812e-12	0.341928
7.12902e-12	0.3428
7.12992e-12	0.343671
7.13082e-12	0.344543
7.13173e-12	0.345414
7.13263e-12	0.346286
7.13353e-12	0.347158
7.13444e-12	0.348029
7.13534e-12	0.348901
7.13624e-12	0.349772
7.13714e-12	0.350644
7.13805e-12	0.351516
7.13895e-12	0.352387
7.13985e-12	0.353259
7.14075e-12	0.354131
7.14166e-12	0.355002
7.14256e-12	0.355874
7.14346e-12	0.356745
7.14437e-12	0.357617
7.14527e-12	0.358489
7.14617e-12	0.35936
7.14707e-12	0.360232
7.14798e-12	0.361103
7.14888e-12	0.361975
7.14978e-12	0.362846
7.15068e-12	0.363718
7.15159e-12	0.364589
7.15249e-12	0.36546
7.15339e-12	0.366332
7.15429e-12	0.367203
7.1552e-12	0.368074
7.1561e-12	0.368946
7.157e-12	0.369817
7.15791e-12	0.370688
7.15881e-12	0.371559
7.15971e-12	0.372431
7.16061e-12	0.373302
7.16152e-12	0.374173
7.16242e-12	0.375044
7.16332e-12	0.375915
7.16422e-12	0.376786
7.16513e-12	0.377657
7.16603e-12	0.378527
7.16693e-12	0.379398
7.16784e-12	0.380269
7.16874e-12	0.38114
7.16964e-12	0.38201
7.17054e-12	0.382881
7.17145e-12	0.383751
7.17235e-12	0.384622
7.17325e-12	0.385492
7.17415e-12	0.386363
7.17506e-12	0.387233
7.17596e-12	0.388103
7.17686e-12	0.388973
7.17776e-12	0.389844
7.17867e-12	0.390714
7.17957e-12	0.391584
7.18047e-12	0.392453
7.18138e-12	0.393323
7.18228e-12	0.394193
7.18318e-12	0.395063
7.18408e-12	0.395932
7.18499e-12	0.396802
7.18589e-12	0.397671
7.18679e-12	0.398541
7.18769e-12	0.39941
7.1886e-12	0.400279
7.1895e-12	0.401148
7.1904e-12	0.402017
7.19131e-12	0.402886
7.19221e-12	0.403755
7.19311e-12	0.404624
7.19401e-12	0.405492
7.19492e-12	0.406361
7.19582e-12	0.40723
7.19672e-12	0.408098
7.19762e-12	0.408966
7.19853e-12	0.409834
7.19943e-12	0.410702
7.20033e-12	0.41157
7.20123e-12	0.412438
7.20214e-12	0.413306
7.20304e-12	0.414174
7.20394e-12	0.415041
7.20485e-12	0.415909
7.20575e-12	0.416776
7.20665e-12	0.417643
7.20755e-12	0.41851
7.20846e-12	0.419377
7.20936e-12	0.420244
7.21026e-12	0.421111
7.21116e-12	0.421978
7.21207e-12	0.422844
7.21297e-12	0.42371
7.21387e-12	0.424577
7.21478e-12	0.425443
7.21568e-12	0.426309
7.21658e-12	0.427175
7.21748e-12	0.42804
7.21839e-12	0.428906
7.21929e-12	0.429771
7.22019e-12	0.430637
7.22109e-12	0.431502
7.222e-12	0.432367
7.2229e-12	0.433232
7.2238e-12	0.434097
7.2247e-12	0.434961
7.22561e-12	0.435826
7.22651e-12	0.43669
7.22741e-12	0.437554
7.22832e-12	0.438418
7.22922e-12	0.439282
7.23012e-12	0.440146
7.23102e-12	0.44101
7.23193e-12	0.441873
7.23283e-12	0.442736
7.23373e-12	0.4436
7.23463e-12	0.444463
7.23554e-12	0.445325
7.23644e-12	0.446188
7.23734e-12	0.44705
7.23825e-12	0.447913
7.23915e-12	0.448775
7.24005e-12	0.449637
7.24095e-12	0.450499
7.24186e-12	0.45136
7.24276e-12	0.452222
7.24366e-12	0.453083
7.24456e-12	0.453944
7.24547e-12	0.454805
7.24637e-12	0.455666
7.24727e-12	0.456526
7.24818e-12	0.457387
7.24908e-12	0.458247
7.24998e-12	0.459107
7.25088e-12	0.459967
7.25179e-12	0.460826
7.25269e-12	0.461686
7.25359e-12	0.462545
7.25449e-12	0.463404
7.2554e-12	0.464263
7.2563e-12	0.465122
7.2572e-12	0.46598
7.2581e-12	0.466839
7.25901e-12	0.467697
7.25991e-12	0.468555
7.26081e-12	0.469412
7.26172e-12	0.47027
7.26262e-12	0.471127
7.26352e-12	0.471984
7.26442e-12	0.472841
7.26533e-12	0.473698
7.26623e-12	0.474554
7.26713e-12	0.47541
7.26803e-12	0.476266
7.26894e-12	0.477122
7.26984e-12	0.477978
7.27074e-12	0.478833
7.27165e-12	0.479688
7.27255e-12	0.480543
7.27345e-12	0.481398
7.27435e-12	0.482252
7.27526e-12	0.483106
7.27616e-12	0.483961
7.27706e-12	0.484814
7.27796e-12	0.485668
7.27887e-12	0.486521
7.27977e-12	0.487374
7.28067e-12	0.488227
7.28157e-12	0.48908
7.28248e-12	0.489932
7.28338e-12	0.490784
7.28428e-12	0.491636
7.28519e-12	0.492488
7.28609e-12	0.493339
7.28699e-12	0.49419
7.28789e-12	0.495041
7.2888e-12	0.495892
7.2897e-12	0.496742
7.2906e-12	0.497592
7.2915e-12	0.498442
7.29241e-12	0.499292
7.29331e-12	0.500141
7.29421e-12	0.50099
7.29512e-12	0.501839
7.29602e-12	0.502688
7.29692e-12	0.503536
7.29782e-12	0.504384
7.29873e-12	0.505232
7.29963e-12	0.50608
7.30053e-12	0.506927
7.30143e-12	0.507774
7.30234e-12	0.508621
7.30324e-12	0.509467
7.30414e-12	0.510313
7.30504e-12	0.511159
7.30595e-12	0.512005
7.30685e-12	0.51285
7.30775e-12	0.513695
7.30866e-12	0.51454
7.30956e-12	0.515385
7.31046e-12	0.516229
7.31136e-12	0.517073
7.31227e-12	0.517917
7.31317e-12	0.51876
7.31407e-12	0.519603
7.31497e-12	0.520446
7.31588e-12	0.521288
7.31678e-12	0.52213
7.31768e-12	0.522972
7.31859e-12	0.523814
7.31949e-12	0.524655
7.32039e-12	0.525496
7.32129e-12	0.526337
7.3222e-12	0.527177
7.3231e-12	0.528017
7.324e-12	0.528857
7.3249e-12	0.529697
7.32581e-12	0.530536
7.32671e-12	0.531374
7.32761e-12	0.532213
7.32851e-12	0.533051
7.32942e-12	0.533889
7.33032e-12	0.534727
7.33122e-12	0.535564
7.33213e-12	0.536401
7.33303e-12	0.537237
7.33393e-12	0.538074
7.33483e-12	0.53891
7.33574e-12	0.539745
7.33664e-12	0.540581
7.33754e-12	0.541416
7.33844e-12	0.54225
7.33935e-12	0.543085
7.34025e-12	0.543919
7.34115e-12	0.544752
7.34206e-12	0.545585
7.34296e-12	0.546418
7.34386e-12	0.547251
7.34476e-12	0.548083
7.34567e-12	0.548915
7.34657e-12	0.549747
7.34747e-12	0.550578
7.34837e-12	0.551409
7.34928e-12	0.55224
7.35018e-12	0.55307
7.35108e-12	0.5539
7.35198e-12	0.554729
7.35289e-12	0.555558
7.35379e-12	0.556387
7.35469e-12	0.557215
7.3556e-12	0.558043
7.3565e-12	0.558871
7.3574e-12	0.559698
7.3583e-12	0.560525
7.35921e-12	0.561352
7.36011e-12	0.562178
7.36101e-12	0.563004
7.36191e-12	0.56383
7.36282e-12	0.564655
7.36372e-12	0.56548
7.36462e-12	0.566304
7.36553e-12	0.567128
7.36643e-12	0.567952
7.36733e-12	0.568775
7.36823e-12	0.569598
7.36914e-12	0.57042
7.37004e-12	0.571242
7.37094e-12	0.572064
7.37184e-12	0.572885
7.37275e-12	0.573706
7.37365e-12	0.574527
7.37455e-12	0.575347
7.37545e-12	0.576167
7.37636e-12	0.576986
7.37726e-12	0.577805
7.37816e-12	0.578624
7.37907e-12	0.579442
7.37997e-12	0.580259
7.38087e-12	0.581077
7.38177e-12	0.581894
7.38268e-12	0.58271
7.38358e-12	0.583527
7.38448e-12	0.584342
7.38538e-12	0.585158
7.38629e-12	0.585973
7.38719e-12	0.586787
7.38809e-12	0.587601
7.389e-12	0.588415
7.3899e-12	0.589228
7.3908e-12	0.590041
7.3917e-12	0.590853
7.39261e-12	0.591666
7.39351e-12	0.592477
7.39441e-12	0.593288
7.39531e-12	0.594099
7.39622e-12	0.594909
7.39712e-12	0.595719
7.39802e-12	0.596529
7.39892e-12	0.597338
7.39983e-12	0.598146
7.40073e-12	0.598954
7.40163e-12	0.599762
7.40254e-12	0.60057
7.40344e-12	0.601376
7.40434e-12	0.602183
7.40524e-12	0.602989
7.40615e-12	0.603794
7.40705e-12	0.604599
7.40795e-12	0.605404
7.40885e-12	0.606208
7.40976e-12	0.607012
7.41066e-12	0.607815
7.41156e-12	0.608618
7.41247e-12	0.609421
7.41337e-12	0.610222
7.41427e-12	0.611024
7.41517e-12	0.611825
7.41608e-12	0.612626
7.41698e-12	0.613426
7.41788e-12	0.614225
7.41878e-12	0.615024
7.41969e-12	0.615823
7.42059e-12	0.616621
7.42149e-12	0.617419
7.42239e-12	0.618217
7.4233e-12	0.619013
7.4242e-12	0.61981
7.4251e-12	0.620606
7.42601e-12	0.621401
7.42691e-12	0.622196
7.42781e-12	0.62299
7.42871e-12	0.623784
7.42962e-12	0.624578
7.43052e-12	0.625371
7.43142e-12	0.626163
7.43232e-12	0.626956
7.43323e-12	0.627747
7.43413e-12	0.628538
7.43503e-12	0.629329
7.43594e-12	0.630119
7.43684e-12	0.630908
7.43774e-12	0.631698
7.43864e-12	0.632486
7.43955e-12	0.633274
7.44045e-12	0.634062
7.44135e-12	0.634849
7.44225e-12	0.635636
7.44316e-12	0.636422
7.44406e-12	0.637207
7.44496e-12	0.637993
7.44586e-12	0.638777
7.44677e-12	0.639561
7.44767e-12	0.640345
7.44857e-12	0.641128
7.44948e-12	0.64191
7.45038e-12	0.642692
7.45128e-12	0.643474
7.45218e-12	0.644255
7.45309e-12	0.645036
7.45399e-12	0.645815
7.45489e-12	0.646595
7.45579e-12	0.647374
7.4567e-12	0.648152
7.4576e-12	0.64893
7.4585e-12	0.649707
7.45941e-12	0.650484
7.46031e-12	0.651261
7.46121e-12	0.652036
7.46211e-12	0.652812
7.46302e-12	0.653586
7.46392e-12	0.65436
7.46482e-12	0.655134
7.46572e-12	0.655907
7.46663e-12	0.65668
7.46753e-12	0.657452
7.46843e-12	0.658223
7.46933e-12	0.658994
7.47024e-12	0.659764
7.47114e-12	0.660534
7.47204e-12	0.661303
7.47295e-12	0.662072
7.47385e-12	0.66284
7.47475e-12	0.663608
7.47565e-12	0.664375
7.47656e-12	0.665142
7.47746e-12	0.665908
7.47836e-12	0.666673
7.47926e-12	0.667438
7.48017e-12	0.668202
7.48107e-12	0.668966
7.48197e-12	0.669729
7.48288e-12	0.670491
7.48378e-12	0.671253
7.48468e-12	0.672015
7.48558e-12	0.672776
7.48649e-12	0.673536
7.48739e-12	0.674296
7.48829e-12	0.675055
7.48919e-12	0.675813
7.4901e-12	0.676571
7.491e-12	0.677329
7.4919e-12	0.678086
7.4928e-12	0.678842
7.49371e-12	0.679598
7.49461e-12	0.680353
7.49551e-12	0.681107
7.49642e-12	0.681861
7.49732e-12	0.682615
7.49822e-12	0.683367
7.49912e-12	0.684119
7.50003e-12	0.684871
7.50093e-12	0.685622
7.50183e-12	0.686372
7.50273e-12	0.687122
7.50364e-12	0.687871
7.50454e-12	0.68862
7.50544e-12	0.689368
7.50635e-12	0.690115
7.50725e-12	0.690862
7.50815e-12	0.691608
7.50905e-12	0.692354
7.50996e-12	0.693099
7.51086e-12	0.693843
7.51176e-12	0.694587
7.51266e-12	0.69533
7.51357e-12	0.696072
7.51447e-12	0.696814
7.51537e-12	0.697555
7.51627e-12	0.698296
7.51718e-12	0.699036
7.51808e-12	0.699776
7.51898e-12	0.700514
7.51989e-12	0.701253
7.52079e-12	0.70199
7.52169e-12	0.702727
7.52259e-12	0.703463
7.5235e-12	0.704199
7.5244e-12	0.704934
7.5253e-12	0.705668
7.5262e-12	0.706402
7.52711e-12	0.707135
7.52801e-12	0.707868
7.52891e-12	0.7086
7.52982e-12	0.709331
7.53072e-12	0.710061
7.53162e-12	0.710791
7.53252e-12	0.711521
7.53343e-12	0.712249
7.53433e-12	0.712977
7.53523e-12	0.713705
7.53613e-12	0.714432
7.53704e-12	0.715158
7.53794e-12	0.715883
7.53884e-12	0.716608
7.53974e-12	0.717332
7.54065e-12	0.718055
7.54155e-12	0.718778
7.54245e-12	0.7195
7.54336e-12	0.720222
7.54426e-12	0.720943
7.54516e-12	0.721663
7.54606e-12	0.722382
7.54697e-12	0.723101
7.54787e-12	0.723819
7.54877e-12	0.724537
7.54967e-12	0.725254
7.55058e-12	0.72597
7.55148e-12	0.726685
7.55238e-12	0.7274
7.55329e-12	0.728114
7.55419e-12	0.728828
7.55509e-12	0.72954
7.55599e-12	0.730253
7.5569e-12	0.730964
7.5578e-12	0.731675
7.5587e-12	0.732385
7.5596e-12	0.733094
7.56051e-12	0.733803
7.56141e-12	0.734511
7.56231e-12	0.735218
7.56321e-12	0.735925
7.56412e-12	0.736631
7.56502e-12	0.737336
7.56592e-12	0.738041
7.56683e-12	0.738745
7.56773e-12	0.739448
7.56863e-12	0.74015
7.56953e-12	0.740852
7.57044e-12	0.741553
7.57134e-12	0.742254
7.57224e-12	0.742953
7.57314e-12	0.743652
7.57405e-12	0.744351
7.57495e-12	0.745048
7.57585e-12	0.745745
7.57676e-12	0.746441
7.57766e-12	0.747137
7.57856e-12	0.747831
7.57946e-12	0.748525
7.58037e-12	0.749219
7.58127e-12	0.749911
7.58217e-12	0.750603
7.58307e-12	0.751294
7.58398e-12	0.751985
7.58488e-12	0.752675
7.58578e-12	0.753364
7.58668e-12	0.754052
7.58759e-12	0.754739
7.58849e-12	0.755426
7.58939e-12	0.756112
7.5903e-12	0.756798
7.5912e-12	0.757482
7.5921e-12	0.758166
7.593e-12	0.75885
7.59391e-12	0.759532
7.59481e-12	0.760214
7.59571e-12	0.760895
7.59661e-12	0.761575
7.59752e-12	0.762254
7.59842e-12	0.762933
7.59932e-12	0.763611
7.60023e-12	0.764288
7.60113e-12	0.764965
7.60203e-12	0.765641
7.60293e-12	0.766316
7.60384e-12	0.76699
7.60474e-12	0.767664
7.60564e-12	0.768337
7.60654e-12	0.769009
7.60745e-12	0.76968
7.60835e-12	0.77035
7.60925e-12	0.77102
7.61015e-12	0.771689
7.61106e-12	0.772358
7.61196e-12	0.773025
7.61286e-12	0.773692
7.61377e-12	0.774358
7.61467e-12	0.775023
7.61557e-12	0.775688
7.61647e-12	0.776351
7.61738e-12	0.777014
7.61828e-12	0.777676
7.61918e-12	0.778338
7.62008e-12	0.778998
7.62099e-12	0.779658
7.62189e-12	0.780317
7.62279e-12	0.780976
7.6237e-12	0.781633
7.6246e-12	0.78229
7.6255e-12	0.782946
7.6264e-12	0.783601
7.62731e-12	0.784255
7.62821e-12	0.784909
7.62911e-12	0.785562
7.63001e-12	0.786214
7.63092e-12	0.786865
7.63182e-12	0.787516
7.63272e-12	0.788166
7.63363e-12	0.788814
7.63453e-12	0.789463
7.63543e-12	0.79011
7.63633e-12	0.790756
7.63724e-12	0.791402
7.63814e-12	0.792047
7.63904e-12	0.792691
7.63994e-12	0.793335
7.64085e-12	0.793977
7.64175e-12	0.794619
7.64265e-12	0.79526
7.64355e-12	0.7959
7.64446e-12	0.796539
7.64536e-12	0.797178
7.64626e-12	0.797816
7.64717e-12	0.798453
7.64807e-12	0.799089
7.64897e-12	0.799724
7.64987e-12	0.800359
7.65078e-12	0.800992
7.65168e-12	0.801625
7.65258e-12	0.802257
7.65348e-12	0.802889
7.65439e-12	0.803519
7.65529e-12	0.804149
7.65619e-12	0.804777
7.6571e-12	0.805405
7.658e-12	0.806033
7.6589e-12	0.806659
7.6598e-12	0.807284
7.66071e-12	0.807909
7.66161e-12	0.808533
7.66251e-12	0.809156
7.66341e-12	0.809778
7.66432e-12	0.810399
7.66522e-12	0.81102
7.66612e-12	0.81164
7.66702e-12	0.812258
7.66793e-12	0.812877
7.66883e-12	0.813494
7.66973e-12	0.81411
7.67064e-12	0.814726
7.67154e-12	0.81534
7.67244e-12	0.815954
7.67334e-12	0.816567
7.67425e-12	0.817179
7.67515e-12	0.817791
7.67605e-12	0.818401
7.67695e-12	0.819011
7.67786e-12	0.819619
7.67876e-12	0.820227
7.67966e-12	0.820834
7.68057e-12	0.82144
7.68147e-12	0.822046
7.68237e-12	0.82265
7.68327e-12	0.823254
7.68418e-12	0.823857
7.68508e-12	0.824459
7.68598e-12	0.82506
7.68688e-12	0.82566
7.68779e-12	0.826259
7.68869e-12	0.826858
7.68959e-12	0.827455
7.69049e-12	0.828052
7.6914e-12	0.828648
7.6923e-12	0.829243
7.6932e-12	0.829837
7.69411e-12	0.830431
7.69501e-12	0.831023
7.69591e-12	0.831614
7.69681e-12	0.832205
7.69772e-12	0.832795
7.69862e-12	0.833384
7.69952e-12	0.833972
7.70042e-12	0.834559
7.70133e-12	0.835145
7.70223e-12	0.835731
7.70313e-12	0.836315
7.70404e-12	0.836899
7.70494e-12	0.837482
7.70584e-12	0.838064
7.70674e-12	0.838645
7.70765e-12	0.839225
7.70855e-12	0.839804
7.70945e-12	0.840382
7.71035e-12	0.84096
7.71126e-12	0.841536
7.71216e-12	0.842112
7.71306e-12	0.842687
7.71396e-12	0.84326
7.71487e-12	0.843833
7.71577e-12	0.844406
7.71667e-12	0.844977
7.71758e-12	0.845547
7.71848e-12	0.846116
7.71938e-12	0.846685
7.72028e-12	0.847252
7.72119e-12	0.847819
7.72209e-12	0.848385
7.72299e-12	0.84895
7.72389e-12	0.849514
7.7248e-12	0.850077
7.7257e-12	0.850639
7.7266e-12	0.8512
7.72751e-12	0.85176
7.72841e-12	0.85232
7.72931e-12	0.852878
7.73021e-12	0.853436
7.73112e-12	0.853993
7.73202e-12	0.854548
7.73292e-12	0.855103
7.73382e-12	0.855657
7.73473e-12	0.85621
7.73563e-12	0.856762
7.73653e-12	0.857313
7.73743e-12	0.857864
7.73834e-12	0.858413
7.73924e-12	0.858961
7.74014e-12	0.859509
7.74105e-12	0.860055
7.74195e-12	0.860601
7.74285e-12	0.861146
7.74375e-12	0.861689
7.74466e-12	0.862232
7.74556e-12	0.862774
7.74646e-12	0.863315
7.74736e-12	0.863855
7.74827e-12	0.864394
7.74917e-12	0.864932
7.75007e-12	0.865469
7.75098e-12	0.866006
7.75188e-12	0.866541
7.75278e-12	0.867075
7.75368e-12	0.867609
7.75459e-12	0.868141
7.75549e-12	0.868673
7.75639e-12	0.869204
7.75729e-12	0.869733
7.7582e-12	0.870262
7.7591e-12	0.87079
7.76e-12	0.871317
7.7609e-12	0.871842
7.76181e-12	0.872367
7.76271e-12	0.872891
7.76361e-12	0.873414
7.76452e-12	0.873936
7.76542e-12	0.874458
7.76632e-12	0.874978
7.76722e-12	0.875497
7.76813e-12	0.876015
7.76903e-12	0.876532
7.76993e-12	0.877049
7.77083e-12	0.877564
7.77174e-12	0.878078
7.77264e-12	0.878592
7.77354e-12	0.879104
7.77445e-12	0.879616
7.77535e-12	0.880126
7.77625e-12	0.880636
7.77715e-12	0.881145
7.77806e-12	0.881652
7.77896e-12	0.882159
7.77986e-12	0.882665
7.78076e-12	0.883169
7.78167e-12	0.883673
7.78257e-12	0.884176
7.78347e-12	0.884678
7.78437e-12	0.885178
7.78528e-12	0.885678
7.78618e-12	0.886177
7.78708e-12	0.886675
7.78799e-12	0.887172
7.78889e-12	0.887668
7.78979e-12	0.888163
7.79069e-12	0.888657
7.7916e-12	0.88915
7.7925e-12	0.889642
7.7934e-12	0.890133
7.7943e-12	0.890623
7.79521e-12	0.891112
7.79611e-12	0.8916
7.79701e-12	0.892087
7.79792e-12	0.892573
7.79882e-12	0.893058
7.79972e-12	0.893542
7.80062e-12	0.894025
7.80153e-12	0.894507
7.80243e-12	0.894988
7.80333e-12	0.895469
7.80423e-12	0.895948
7.80514e-12	0.896426
7.80604e-12	0.896903
7.80694e-12	0.897379
7.80784e-12	0.897854
7.80875e-12	0.898328
7.80965e-12	0.898801
7.81055e-12	0.899273
7.81146e-12	0.899745
7.81236e-12	0.900215
7.81326e-12	0.900684
7.81416e-12	0.901152
7.81507e-12	0.901619
7.81597e-12	0.902085
7.81687e-12	0.90255
7.81777e-12	0.903014
7.81868e-12	0.903477
7.81958e-12	0.903939
7.82048e-12	0.9044
7.82139e-12	0.90486
7.82229e-12	0.905319
7.82319e-12	0.905777
7.82409e-12	0.906234
7.825e-12	0.90669
7.8259e-12	0.907145
7.8268e-12	0.907599
7.8277e-12	0.908051
7.82861e-12	0.908503
7.82951e-12	0.908954
7.83041e-12	0.909404
7.83131e-12	0.909853
7.83222e-12	0.9103
7.83312e-12	0.910747
7.83402e-12	0.911193
7.83493e-12	0.911637
7.83583e-12	0.912081
7.83673e-12	0.912524
7.83763e-12	0.912965
7.83854e-12	0.913406
7.83944e-12	0.913845
7.84034e-12	0.914284
7.84124e-12	0.914721
7.84215e-12	0.915158
7.84305e-12	0.915593
7.84395e-12	0.916027
7.84486e-12	0.916461
7.84576e-12	0.916893
7.84666e-12	0.917324
7.84756e-12	0.917754
7.84847e-12	0.918183
7.84937e-12	0.918612
7.85027e-12	0.919039
7.85117e-12	0.919465
7.85208e-12	0.91989
7.85298e-12	0.920313
7.85388e-12	0.920736
7.85478e-12	0.921158
7.85569e-12	0.921579
7.85659e-12	0.921999
7.85749e-12	0.922417
7.8584e-12	0.922835
7.8593e-12	0.923252
7.8602e-12	0.923667
7.8611e-12	0.924082
7.86201e-12	0.924495
7.86291e-12	0.924907
7.86381e-12	0.925319
7.86471e-12	0.925729
7.86562e-12	0.926138
7.86652e-12	0.926546
7.86742e-12	0.926953
7.86833e-12	0.927359
7.86923e-12	0.927764
7.87013e-12	0.928168
7.87103e-12	0.928571
7.87194e-12	0.928973
7.87284e-12	0.929374
7.87374e-12	0.929773
7.87464e-12	0.930172
7.87555e-12	0.930569
7.87645e-12	0.930966
7.87735e-12	0.931361
7.87825e-12	0.931756
7.87916e-12	0.932149
7.88006e-12	0.932541
7.88096e-12	0.932932
7.88187e-12	0.933322
7.88277e-12	0.933711
7.88367e-12	0.934099
7.88457e-12	0.934486
7.88548e-12	0.934872
7.88638e-12	0.935256
7.88728e-12	0.93564
7.88818e-12	0.936023
7.88909e-12	0.936404
7.88999e-12	0.936784
7.89089e-12	0.937164
7.8918e-12	0.937542
7.8927e-12	0.937919
7.8936e-12	0.938295
7.8945e-12	0.93867
7.89541e-12	0.939044
7.89631e-12	0.939417
7.89721e-12	0.939788
7.89811e-12	0.940159
7.89902e-12	0.940529
7.89992e-12	0.940897
7.90082e-12	0.941265
7.90172e-12	0.941631
7.90263e-12	0.941996
7.90353e-12	0.94236
7.90443e-12	0.942723
7.90534e-12	0.943085
7.90624e-12	0.943446
7.90714e-12	0.943806
7.90804e-12	0.944164
7.90895e-12	0.944522
7.90985e-12	0.944878
7.91075e-12	0.945234
7.91165e-12	0.945588
7.91256e-12	0.945941
7.91346e-12	0.946293
7.91436e-12	0.946644
7.91527e-12	0.946994
7.91617e-12	0.947343
7.91707e-12	0.947691
7.91797e-12	0.948037
7.91888e-12	0.948383
7.91978e-12	0.948727
7.92068e-12	0.949071
7.92158e-12	0.949413
7.92249e-12	0.949754
7.92339e-12	0.950094
7.92429e-12	0.950433
7.92519e-12	0.950771
7.9261e-12	0.951107
7.927e-12	0.951443
7.9279e-12	0.951777
7.92881e-12	0.952111
7.92971e-12	0.952443
7.93061e-12	0.952774
7.93151e-12	0.953104
7.93242e-12	0.953433
7.93332e-12	0.953761
7.93422e-12	0.954087
7.93512e-12	0.954413
7.93603e-12	0.954737
7.93693e-12	0.955061
7.93783e-12	0.955383
7.93874e-12	0.955704
7.93964e-12	0.956024
7.94054e-12	0.956343
7.94144e-12	0.956661
7.94235e-12	0.956977
7.94325e-12	0.957293
7.94415e-12	0.957607
7.94505e-12	0.957921
7.94596e-12	0.958233
7.94686e-12	0.958544
7.94776e-12	0.958854
7.94866e-12	0.959163
7.94957e-12	0.95947
7.95047e-12	0.959777
7.95137e-12	0.960082
7.95228e-12	0.960387
7.95318e-12	0.96069
7.95408e-12	0.960992
7.95498e-12	0.961293
7.95589e-12	0.961593
7.95679e-12	0.961891
7.95769e-12	0.962189
7.95859e-12	0.962485
7.9595e-12	0.962781
7.9604e-12	0.963075
7.9613e-12	0.963368
7.96221e-12	0.96366
7.96311e-12	0.963951
7.96401e-12	0.96424
7.96491e-12	0.964529
7.96582e-12	0.964816
7.96672e-12	0.965102
7.96762e-12	0.965387
7.96852e-12	0.965671
7.96943e-12	0.965954
7.97033e-12	0.966236
7.97123e-12	0.966517
7.97213e-12	0.966796
7.97304e-12	0.967074
7.97394e-12	0.967351
7.97484e-12	0.967627
7.97575e-12	0.967902
7.97665e-12	0.968176
7.97755e-12	0.968449
7.97845e-12	0.96872
7.97936e-12	0.96899
7.98026e-12	0.96926
7.98116e-12	0.969528
7.98206e-12	0.969794
7.98297e-12	0.97006
7.98387e-12	0.970325
7.98477e-12	0.970588
7.98568e-12	0.970851
7.98658e-12	0.971112
7.98748e-12	0.971372
7.98838e-12	0.971631
7.98929e-12	0.971888
7.99019e-12	0.972145
7.99109e-12	0.9724
7.99199e-12	0.972655
7.9929e-12	0.972908
7.9938e-12	0.97316
7.9947e-12	0.97341
7.9956e-12	0.97366
7.99651e-12	0.973909
7.99741e-12	0.974156
7.99831e-12	0.974402
7.99922e-12	0.974647
8.00012e-12	0.974891
8.00102e-12	0.975134
8.00192e-12	0.975376
8.00283e-12	0.975616
8.00373e-12	0.975855
8.00463e-12	0.976093
8.00553e-12	0.97633
8.00644e-12	0.976566
8.00734e-12	0.976801
8.00824e-12	0.977034
8.00915e-12	0.977267
8.01005e-12	0.977498
8.01095e-12	0.977728
8.01185e-12	0.977957
8.01276e-12	0.978184
8.01366e-12	0.978411
8.01456e-12	0.978636
8.01546e-12	0.978861
8.01637e-12	0.979084
8.01727e-12	0.979306
8.01817e-12	0.979526
8.01908e-12	0.979746
8.01998e-12	0.979964
8.02088e-12	0.980182
8.02178e-12	0.980398
8.02269e-12	0.980613
8.02359e-12	0.980826
8.02449e-12	0.981039
8.02539e-12	0.98125
8.0263e-12	0.981461
8.0272e-12	0.98167
8.0281e-12	0.981878
8.029e-12	0.982084
8.02991e-12	0.98229
8.03081e-12	0.982494
8.03171e-12	0.982697
8.03262e-12	0.9829
8.03352e-12	0.9831
8.03442e-12	0.9833
8.03532e-12	0.983499
8.03623e-12	0.983696
8.03713e-12	0.983892
8.03803e-12	0.984087
8.03893e-12	0.984281
8.03984e-12	0.984474
8.04074e-12	0.984666
8.04164e-12	0.984856
8.04255e-12	0.985045
8.04345e-12	0.985233
8.04435e-12	0.98542
8.04525e-12	0.985606
8.04616e-12	0.98579
8.04706e-12	0.985973
8.04796e-12	0.986156
8.04886e-12	0.986336
8.04977e-12	0.986516
8.05067e-12	0.986695
8.05157e-12	0.986872
8.05247e-12	0.987049
8.05338e-12	0.987224
8.05428e-12	0.987397
8.05518e-12	0.98757
8.05609e-12	0.987742
8.05699e-12	0.987912
8.05789e-12	0.988081
8.05879e-12	0.988249
8.0597e-12	0.988416
8.0606e-12	0.988582
8.0615e-12	0.988746
8.0624e-12	0.988909
8.06331e-12	0.989071
8.06421e-12	0.989232
8.06511e-12	0.989392
8.06602e-12	0.989551
8.06692e-12	0.989708
8.06782e-12	0.989864
8.06872e-12	0.990019
8.06963e-12	0.990173
8.07053e-12	0.990326
8.07143e-12	0.990477
8.07233e-12	0.990627
8.07324e-12	0.990776
8.07414e-12	0.990924
8.07504e-12	0.991071
8.07594e-12	0.991216
8.07685e-12	0.991361
8.07775e-12	0.991504
8.07865e-12	0.991646
8.07956e-12	0.991786
8.08046e-12	0.991926
8.08136e-12	0.992064
8.08226e-12	0.992202
8.08317e-12	0.992338
8.08407e-12	0.992472
8.08497e-12	0.992606
8.08587e-12	0.992738
8.08678e-12	0.99287
8.08768e-12	0.993
8.08858e-12	0.993129
8.08949e-12	0.993256
8.09039e-12	0.993383
8.09129e-12	0.993508
8.09219e-12	0.993632
8.0931e-12	0.993755
8.094e-12	0.993877
8.0949e-12	0.993997
8.0958e-12	0.994117
8.09671e-12	0.994235
8.09761e-12	0.994352
8.09851e-12	0.994468
8.09941e-12	0.994582
8.10032e-12	0.994695
8.10122e-12	0.994808
8.10212e-12	0.994919
8.10303e-12	0.995028
8.10393e-12	0.995137
8.10483e-12	0.995244
8.10573e-12	0.995351
8.10664e-12	0.995456
8.10754e-12	0.995559
8.10844e-12	0.995662
8.10934e-12	0.995763
8.11025e-12	0.995864
8.11115e-12	0.995963
8.11205e-12	0.996061
8.11296e-12	0.996157
8.11386e-12	0.996253
8.11476e-12	0.996347
8.11566e-12	0.99644
8.11657e-12	0.996532
8.11747e-12	0.996623
8.11837e-12	0.996712
8.11927e-12	0.9968
8.12018e-12	0.996887
8.12108e-12	0.996973
8.12198e-12	0.997058
8.12288e-12	0.997141
8.12379e-12	0.997224
8.12469e-12	0.997305
8.12559e-12	0.997385
8.1265e-12	0.997463
8.1274e-12	0.997541
8.1283e-12	0.997617
8.1292e-12	0.997692
8.13011e-12	0.997766
8.13101e-12	0.997839
8.13191e-12	0.99791
8.13281e-12	0.99798
8.13372e-12	0.998049
8.13462e-12	0.998117
8.13552e-12	0.998184
8.13643e-12	0.99825
8.13733e-12	0.998314
8.13823e-12	0.998377
8.13913e-12	0.998439
8.14004e-12	0.998499
8.14094e-12	0.998559
8.14184e-12	0.998617
8.14274e-12	0.998674
8.14365e-12	0.99873
8.14455e-12	0.998785
8.14545e-12	0.998838
8.14635e-12	0.998891
8.14726e-12	0.998942
8.14816e-12	0.998991
8.14906e-12	0.99904
8.14997e-12	0.999088
8.15087e-12	0.999134
8.15177e-12	0.999179
8.15267e-12	0.999223
8.15358e-12	0.999265
8.15448e-12	0.999307
8.15538e-12	0.999347
8.15628e-12	0.999386
8.15719e-12	0.999424
8.15809e-12	0.999461
8.15899e-12	0.999496
8.1599e-12	0.99953
8.1608e-12	0.999563
8.1617e-12	0.999595
8.1626e-12	0.999626
8.16351e-12	0.999655
8.16441e-12	0.999683
8.16531e-12	0.99971
8.16621e-12	0.999736
8.16712e-12	0.999761
8.16802e-12	0.999784
8.16892e-12	0.999806
8.16982e-12	0.999827
8.17073e-12	0.999847
8.17163e-12	0.999866
8.17253e-12	0.999883
8.17344e-12	0.999899
8.17434e-12	0.999914
8.17524e-12	0.999928
8.17614e-12	0.999941
8.17705e-12	0.999952
8.17795e-12	0.999962
8.17885e-12	0.999971
8.17975e-12	0.999979
8.18066e-12	0.999985
8.18156e-12	0.999991
8.18246e-12	0.999995
8.18337e-12	0.999998
8.18427e-12	0.999999
8.18517e-12	1
8.18607e-12	0.999999
8.18698e-12	0.999997
8.18788e-12	0.999994
8.18878e-12	0.99999
8.18968e-12	0.999985
8.19059e-12	0.999978
8.19149e-12	0.99997
8.19239e-12	0.999961
8.19329e-12	0.999951
8.1942e-12	0.999939
8.1951e-12	0.999926
8.196e-12	0.999912
8.19691e-12	0.999897
8.19781e-12	0.999881
8.19871e-12	0.999863
8.19961e-12	0.999845
8.20052e-12	0.999825
8.20142e-12	0.999804
8.20232e-12	0.999781
8.20322e-12	0.999758
8.20413e-12	0.999733
8.20503e-12	0.999707
8.20593e-12	0.99968
8.20684e-12	0.999651
8.20774e-12	0.999622
8.20864e-12	0.999591
8.20954e-12	0.999559
8.21045e-12	0.999526
8.21135e-12	0.999491
8.21225e-12	0.999456
8.21315e-12	0.999419
8.21406e-12	0.999381
8.21496e-12	0.999342
8.21586e-12	0.999301
8.21676e-12	0.99926
8.21767e-12	0.999217
8.21857e-12	0.999173
8.21947e-12	0.999128
8.22038e-12	0.999081
8.22128e-12	0.999034
8.22218e-12	0.998985
8.22308e-12	0.998935
8.22399e-12	0.998884
8.22489e-12	0.998831
8.22579e-12	0.998778
8.22669e-12	0.998723
8.2276e-12	0.998667
8.2285e-12	0.99861
8.2294e-12	0.998551
8.23031e-12	0.998492
8.23121e-12	0.998431
8.23211e-12	0.998369
8.23301e-12	0.998305
8.23392e-12	0.998241
8.23482e-12	0.998175
8.23572e-12	0.998109
8.23662e-12	0.99804
8.23753e-12	0.997971
8.23843e-12	0.997901
8.23933e-12	0.997829
8.24023e-12	0.997756
8.24114e-12	0.997682
8.24204e-12	0.997607
8.24294e-12	0.997531
8.24385e-12	0.997453
8.24475e-12	0.997374
8.24565e-12	0.997294
8.24655e-12	0.997213
8.24746e-12	0.99713
8.24836e-12	0.997047
8.24926e-12	0.996962
8.25016e-12	0.996876
8.25107e-12	0.996789
8.25197e-12	0.9967
8.25287e-12	0.996611
8.25378e-12	0.99652
8.25468e-12	0.996428
8.25558e-12	0.996335
8.25648e-12	0.99624
8.25739e-12	0.996145
8.25829e-12	0.996048
8.25919e-12	0.99595
8.26009e-12	0.995851
8.261e-12	0.99575
8.2619e-12	0.995649
8.2628e-12	0.995546
8.2637e-12	0.995442
8.26461e-12	0.995337
8.26551e-12	0.99523
8.26641e-12	0.995123
8.26732e-12	0.995014
8.26822e-12	0.994904
8.26912e-12	0.994793
8.27002e-12	0.994681
8.27093e-12	0.994567
8.27183e-12	0.994452
8.27273e-12	0.994336
8.27363e-12	0.994219
8.27454e-12	0.994101
8.27544e-12	0.993982
8.27634e-12	0.993861
8.27725e-12	0.993739
8.27815e-12	0.993616
8.27905e-12	0.993492
8.27995e-12	0.993366
8.28086e-12	0.99324
8.28176e-12	0.993112
8.28266e-12	0.992983
8.28356e-12	0.992853
8.28447e-12	0.992721
8.28537e-12	0.992589
8.28627e-12	0.992455
8.28717e-12	0.99232
8.28808e-12	0.992184
8.28898e-12	0.992046
8.28988e-12	0.991908
8.29079e-12	0.991768
8.29169e-12	0.991627
8.29259e-12	0.991485
8.29349e-12	0.991342
8.2944e-12	0.991197
8.2953e-12	0.991052
8.2962e-12	0.990905
8.2971e-12	0.990757
8.29801e-12	0.990608
8.29891e-12	0.990457
8.29981e-12	0.990306
8.30072e-12	0.990153
8.30162e-12	0.989999
8.30252e-12	0.989844
8.30342e-12	0.989687
8.30433e-12	0.98953
8.30523e-12	0.989371
8.30613e-12	0.989211
8.30703e-12	0.98905
8.30794e-12	0.988888
8.30884e-12	0.988725
8.30974e-12	0.98856
8.31064e-12	0.988394
8.31155e-12	0.988227
8.31245e-12	0.988059
8.31335e-12	0.98789
8.31426e-12	0.987719
8.31516e-12	0.987548
8.31606e-12	0.987375
8.31696e-12	0.987201
8.31787e-12	0.987025
8.31877e-12	0.986849
8.31967e-12	0.986671
8.32057e-12	0.986493
8.32148e-12	0.986313
8.32238e-12	0.986132
8.32328e-12	0.985949
8.32419e-12	0.985766
8.32509e-12	0.985581
8.32599e-12	0.985395
8.32689e-12	0.985208
8.3278e-12	0.98502
8.3287e-12	0.984831
8.3296e-12	0.98464
8.3305e-12	0.984449
8.33141e-12	0.984256
8.33231e-12	0.984062
8.33321e-12	0.983867
8.33411e-12	0.98367
8.33502e-12	0.983473
8.33592e-12	0.983274
8.33682e-12	0.983074
8.33773e-12	0.982873
8.33863e-12	0.982671
8.33953e-12	0.982468
8.34043e-12	0.982263
8.34134e-12	0.982057
8.34224e-12	0.98185
8.34314e-12	0.981642
8.34404e-12	0.981433
8.34495e-12	0.981223
8.34585e-12	0.981011
8.34675e-12	0.980798
8.34766e-12	0.980584
8.34856e-12	0.980369
8.34946e-12	0.980153
8.35036e-12	0.979936
8.35127e-12	0.979717
8.35217e-12	0.979497
8.35307e-12	0.979277
8.35397e-12	0.979054
8.35488e-12	0.978831
8.35578e-12	0.978607
8.35668e-12	0.978381
8.35758e-12	0.978155
8.35849e-12	0.977927
8.35939e-12	0.977698
8.36029e-12	0.977468
8.3612e-12	0.977236
8.3621e-12	0.977004
8.363e-12	0.97677
8.3639e-12	0.976535
8.36481e-12	0.976299
8.36571e-12	0.976062
8.36661e-12	0.975824
8.36751e-12	0.975585
8.36842e-12	0.975344
8.36932e-12	0.975102
8.37022e-12	0.974859
8.37113e-12	0.974615
8.37203e-12	0.97437
8.37293e-12	0.974124
8.37383e-12	0.973876
8.37474e-12	0.973627
8.37564e-12	0.973378
8.37654e-12	0.973127
8.37744e-12	0.972875
8.37835e-12	0.972621
8.37925e-12	0.972367
8.38015e-12	0.972111
8.38105e-12	0.971855
8.38196e-12	0.971597
8.38286e-12	0.971338
8.38376e-12	0.971078
8.38467e-12	0.970816
8.38557e-12	0.970554
8.38647e-12	0.97029
8.38737e-12	0.970025
8.38828e-12	0.96976
8.38918e-12	0.969492
8.39008e-12	0.969224
8.39098e-12	0.968955
8.39189e-12	0.968685
8.39279e-12	0.968413
8.39369e-12	0.96814
8.3946e-12	0.967866
8.3955e-12	0.967591
8.3964e-12	0.967315
8.3973e-12	0.967038
8.39821e-12	0.966759
8.39911e-12	0.96648
8.40001e-12	0.966199
8.40091e-12	0.965917
8.40182e-12	0.965634
8.40272e-12	0.96535
8.40362e-12	0.965065
8.40453e-12	0.964778
8.40543e-12	0.964491
8.40633e-12	0.964202
8.40723e-12	0.963913
8.40814e-12	0.963622
8.40904e-12	0.96333
8.40994e-12	0.963036
8.41084e-12	0.962742
8.41175e-12	0.962447
8.41265e-12	0.96215
8.41355e-12	0.961852
8.41445e-12	0.961554
8.41536e-12	0.961254
8.41626e-12	0.960952
8.41716e-12	0.96065
8.41807e-12	0.960347
8.41897e-12	0.960042
8.41987e-12	0.959737
8.42077e-12	0.95943
8.42168e-12	0.959122
8.42258e-12	0.958813
8.42348e-12	0.958503
8.42438e-12	0.958192
8.42529e-12	0.95788
8.42619e-12	0.957566
8.42709e-12	0.957252
8.428e-12	0.956936
8.4289e-12	0.956619
8.4298e-12	0.956301
8.4307e-12	0.955982
8.43161e-12	0.955662
8.43251e-12	0.955341
8.43341e-12	0.955018
8.43431e-12	0.954695
8.43522e-12	0.95437
8.43612e-12	0.954045
8.43702e-12	0.953718
8.43792e-12	0.95339
8.43883e-12	0.953061
8.43973e-12	0.952731
8.44063e-12	0.952399
8.44154e-12	0.952067
8.44244e-12	0.951733
8.44334e-12	0.951399
8.44424e-12	0.951063
8.44515e-12	0.950726
8.44605e-12	0.950388
8.44695e-12	0.950049
8.44785e-12	0.949709
8.44876e-12	0.949368
8.44966e-12	0.949026
8.45056e-12	0.948682
8.45147e-12	0.948338
8.45237e-12	0.947992
8.45327e-12	0.947645
8.45417e-12	0.947297
8.45508e-12	0.946948
8.45598e-12	0.946598
8.45688e-12	0.946247
8.45778e-12	0.945895
8.45869e-12	0.945542
8.45959e-12	0.945187
8.46049e-12	0.944832
8.46139e-12	0.944475
8.4623e-12	0.944117
8.4632e-12	0.943759
8.4641e-12	0.943399
8.46501e-12	0.943038
8.46591e-12	0.942676
8.46681e-12	0.942312
8.46771e-12	0.941948
8.46862e-12	0.941583
8.46952e-12	0.941216
8.47042e-12	0.940849
8.47132e-12	0.94048
8.47223e-12	0.940111
8.47313e-12	0.93974
8.47403e-12	0.939368
8.47494e-12	0.938995
8.47584e-12	0.938621
8.47674e-12	0.938246
8.47764e-12	0.93787
8.47855e-12	0.937492
8.47945e-12	0.937114
8.48035e-12	0.936734
8.48125e-12	0.936354
8.48216e-12	0.935972
8.48306e-12	0.93559
8.48396e-12	0.935206
8.48486e-12	0.934821
8.48577e-12	0.934435
8.48667e-12	0.934048
8.48757e-12	0.93366
8.48848e-12	0.933271
8.48938e-12	0.932881
8.49028e-12	0.93249
8.49118e-12	0.932097
8.49209e-12	0.931704
8.49299e-12	0.931309
8.49389e-12	0.930914
8.49479e-12	0.930517
8.4957e-12	0.93012
8.4966e-12	0.929721
8.4975e-12	0.929321
8.49841e-12	0.92892
8.49931e-12	0.928518
8.50021e-12	0.928115
8.50111e-12	0.927711
8.50202e-12	0.927306
8.50292e-12	0.9269
8.50382e-12	0.926493
8.50472e-12	0.926085
8.50563e-12	0.925675
8.50653e-12	0.925265
8.50743e-12	0.924853
8.50833e-12	0.924441
8.50924e-12	0.924027
8.51014e-12	0.923613
8.51104e-12	0.923197
8.51195e-12	0.92278
8.51285e-12	0.922363
8.51375e-12	0.921944
8.51465e-12	0.921524
8.51556e-12	0.921103
8.51646e-12	0.920681
8.51736e-12	0.920258
8.51826e-12	0.919834
8.51917e-12	0.919409
8.52007e-12	0.918983
8.52097e-12	0.918555
8.52188e-12	0.918127
8.52278e-12	0.917698
8.52368e-12	0.917268
8.52458e-12	0.916836
8.52549e-12	0.916404
8.52639e-12	0.91597
8.52729e-12	0.915536
8.52819e-12	0.915101
8.5291e-12	0.914664
8.53e-12	0.914226
8.5309e-12	0.913788
8.5318e-12	0.913348
8.53271e-12	0.912907
8.53361e-12	0.912466
8.53451e-12	0.912023
8.53542e-12	0.911579
8.53632e-12	0.911134
8.53722e-12	0.910689
8.53812e-12	0.910242
8.53903e-12	0.909794
8.53993e-12	0.909345
8.54083e-12	0.908895
8.54173e-12	0.908444
8.54264e-12	0.907992
8.54354e-12	0.907539
8.54444e-12	0.907085
8.54535e-12	0.90663
8.54625e-12	0.906174
8.54715e-12	0.905717
8.54805e-12	0.905259
8.54896e-12	0.9048
8.54986e-12	0.90434
8.55076e-12	0.903879
8.55166e-12	0.903416
8.55257e-12	0.902953
8.55347e-12	0.902489
8.55437e-12	0.902024
8.55527e-12	0.901558
8.55618e-12	0.901091
8.55708e-12	0.900622
8.55798e-12	0.900153
8.55889e-12	0.899683
8.55979e-12	0.899212
8.56069e-12	0.898739
8.56159e-12	0.898266
8.5625e-12	0.897792
8.5634e-12	0.897317
8.5643e-12	0.89684
8.5652e-12	0.896363
8.56611e-12	0.895885
8.56701e-12	0.895406
8.56791e-12	0.894925
8.56882e-12	0.894444
8.56972e-12	0.893962
8.57062e-12	0.893479
8.57152e-12	0.892995
8.57243e-12	0.892509
8.57333e-12	0.892023
8.57423e-12	0.891536
8.57513e-12	0.891048
8.57604e-12	0.890559
8.57694e-12	0.890068
8.57784e-12	0.889577
8.57874e-12	0.889085
8.57965e-12	0.888592
8.58055e-12	0.888098
8.58145e-12	0.887603
8.58236e-12	0.887107
8.58326e-12	0.88661
8.58416e-12	0.886112
8.58506e-12	0.885613
8.58597e-12	0.885113
8.58687e-12	0.884612
8.58777e-12	0.88411
8.58867e-12	0.883607
8.58958e-12	0.883103
8.59048e-12	0.882598
8.59138e-12	0.882092
8.59229e-12	0.881586
8.59319e-12	0.881078
8.59409e-12	0.880569
8.59499e-12	0.880059
8.5959e-12	0.879549
8.5968e-12	0.879037
8.5977e-12	0.878525
8.5986e-12	0.878011
8.59951e-12	0.877497
8.60041e-12	0.876981
8.60131e-12	0.876465
8.60221e-12	0.875947
8.60312e-12	0.875429
8.60402e-12	0.87491
8.60492e-12	0.874389
8.60583e-12	0.873868
8.60673e-12	0.873346
8.60763e-12	0.872823
8.60853e-12	0.872299
8.60944e-12	0.871773
8.61034e-12	0.871247
8.61124e-12	0.870721
8.61214e-12	0.870193
8.61305e-12	0.869664
8.61395e-12	0.869134
8.61485e-12	0.868603
8.61576e-12	0.868072
8.61666e-12	0.867539
8.61756e-12	0.867005
8.61846e-12	0.866471
8.61937e-12	0.865935
8.62027e-12	0.865399
8.62117e-12	0.864862
8.62207e-12	0.864323
8.62298e-12	0.863784
8.62388e-12	0.863244
8.62478e-12	0.862703
8.62568e-12	0.862161
8.62659e-12	0.861618
8.62749e-12	0.861074
8.62839e-12	0.860529
8.6293e-12	0.859984
8.6302e-12	0.859437
8.6311e-12	0.858889
8.632e-12	0.858341
8.63291e-12	0.857791
8.63381e-12	0.857241
8.63471e-12	0.85669
8.63561e-12	0.856138
8.63652e-12	0.855585
8.63742e-12	0.855031
8.63832e-12	0.854476
8.63923e-12	0.85392
8.64013e-12	0.853363
8.64103e-12	0.852805
8.64193e-12	0.852247
8.64284e-12	0.851687
8.64374e-12	0.851127
8.64464e-12	0.850565
8.64554e-12	0.850003
8.64645e-12	0.84944
8.64735e-12	0.848876
8.64825e-12	0.848311
8.64915e-12	0.847745
8.65006e-12	0.847178
8.65096e-12	0.84661
8.65186e-12	0.846042
8.65277e-12	0.845472
8.65367e-12	0.844902
8.65457e-12	0.844331
8.65547e-12	0.843758
8.65638e-12	0.843185
8.65728e-12	0.842611
8.65818e-12	0.842036
8.65908e-12	0.841461
8.65999e-12	0.840884
8.66089e-12	0.840306
8.66179e-12	0.839728
8.6627e-12	0.839149
8.6636e-12	0.838568
8.6645e-12	0.837987
8.6654e-12	0.837405
8.66631e-12	0.836822
8.66721e-12	0.836239
8.66811e-12	0.835654
8.66901e-12	0.835068
8.66992e-12	0.834482
8.67082e-12	0.833895
8.67172e-12	0.833307
8.67262e-12	0.832718
8.67353e-12	0.832128
8.67443e-12	0.831537
8.67533e-12	0.830945
8.67624e-12	0.830353
8.67714e-12	0.829759
8.67804e-12	0.829165
8.67894e-12	0.82857
8.67985e-12	0.827974
8.68075e-12	0.827377
8.68165e-12	0.826779
8.68255e-12	0.826181
8.68346e-12	0.825581
8.68436e-12	0.824981
8.68526e-12	0.82438
8.68617e-12	0.823778
8.68707e-12	0.823175
8.68797e-12	0.822571
8.68887e-12	0.821966
8.68978e-12	0.821361
8.69068e-12	0.820755
8.69158e-12	0.820148
8.69248e-12	0.819539
8.69339e-12	0.818931
8.69429e-12	0.818321
8.69519e-12	0.81771
8.69609e-12	0.817099
8.697e-12	0.816487
8.6979e-12	0.815874
8.6988e-12	0.81526
8.69971e-12	0.814645
8.70061e-12	0.814029
8.70151e-12	0.813413
8.70241e-12	0.812796
8.70332e-12	0.812177
8.70422e-12	0.811558
8.70512e-12	0.810939
8.70602e-12	0.810318
8.70693e-12	0.809696
8.70783e-12	0.809074
8.70873e-12	0.808451
8.70964e-12	0.807827
8.71054e-12	0.807202
8.71144e-12	0.806577
8.71234e-12	0.80595
8.71325e-12	0.805323
8.71415e-12	0.804695
8.71505e-12	0.804066
8.71595e-12	0.803436
8.71686e-12	0.802806
8.71776e-12	0.802174
8.71866e-12	0.801542
8.71956e-12	0.800909
8.72047e-12	0.800276
8.72137e-12	0.799641
8.72227e-12	0.799005
8.72318e-12	0.798369
8.72408e-12	0.797732
8.72498e-12	0.797094
8.72588e-12	0.796456
8.72679e-12	0.795816
8.72769e-12	0.795176
8.72859e-12	0.794535
8.72949e-12	0.793893
8.7304e-12	0.79325
8.7313e-12	0.792607
8.7322e-12	0.791963
8.73311e-12	0.791318
8.73401e-12	0.790672
8.73491e-12	0.790025
8.73581e-12	0.789378
8.73672e-12	0.788729
8.73762e-12	0.78808
8.73852e-12	0.787431
8.73942e-12	0.78678
8.74033e-12	0.786129
8.74123e-12	0.785476
8.74213e-12	0.784823
8.74303e-12	0.78417
8.74394e-12	0.783515
8.74484e-12	0.78286
8.74574e-12	0.782204
8.74665e-12	0.781547
8.74755e-12	0.780889
8.74845e-12	0.780231
8.74935e-12	0.779572
8.75026e-12	0.778912
8.75116e-12	0.778251
8.75206e-12	0.777589
8.75296e-12	0.776927
8.75387e-12	0.776264
8.75477e-12	0.7756
8.75567e-12	0.774936
8.75658e-12	0.77427
8.75748e-12	0.773604
8.75838e-12	0.772938
8.75928e-12	0.77227
8.76019e-12	0.771602
8.76109e-12	0.770932
8.76199e-12	0.770263
8.76289e-12	0.769592
8.7638e-12	0.76892
8.7647e-12	0.768248
8.7656e-12	0.767575
8.7665e-12	0.766902
8.76741e-12	0.766227
8.76831e-12	0.765552
8.76921e-12	0.764876
8.77012e-12	0.7642
8.77102e-12	0.763522
8.77192e-12	0.762844
8.77282e-12	0.762165
8.77373e-12	0.761486
8.77463e-12	0.760805
8.77553e-12	0.760124
8.77643e-12	0.759443
8.77734e-12	0.75876
8.77824e-12	0.758077
8.77914e-12	0.757393
8.78005e-12	0.756708
8.78095e-12	0.756022
8.78185e-12	0.755336
8.78275e-12	0.754649
8.78366e-12	0.753962
8.78456e-12	0.753273
8.78546e-12	0.752584
8.78636e-12	0.751894
8.78727e-12	0.751204
8.78817e-12	0.750513
8.78907e-12	0.749821
8.78998e-12	0.749128
8.79088e-12	0.748434
8.79178e-12	0.74774
8.79268e-12	0.747046
8.79359e-12	0.74635
8.79449e-12	0.745654
8.79539e-12	0.744957
8.79629e-12	0.744259
8.7972e-12	0.743561
8.7981e-12	0.742862
8.799e-12	0.742162
8.7999e-12	0.741461
8.80081e-12	0.74076
8.80171e-12	0.740058
8.80261e-12	0.739356
8.80352e-12	0.738652
8.80442e-12	0.737948
8.80532e-12	0.737244
8.80622e-12	0.736538
8.80713e-12	0.735832
8.80803e-12	0.735126
8.80893e-12	0.734418
8.80983e-12	0.73371
8.81074e-12	0.733001
8.81164e-12	0.732292
8.81254e-12	0.731582
8.81345e-12	0.730871
8.81435e-12	0.730159
8.81525e-12	0.729447
8.81615e-12	0.728734
8.81706e-12	0.728021
8.81796e-12	0.727306
8.81886e-12	0.726591
8.81976e-12	0.725876
8.82067e-12	0.72516
8.82157e-12	0.724443
8.82247e-12	0.723725
8.82337e-12	0.723007
8.82428e-12	0.722288
8.82518e-12	0.721568
8.82608e-12	0.720848
8.82699e-12	0.720127
8.82789e-12	0.719406
8.82879e-12	0.718683
8.82969e-12	0.71796
8.8306e-12	0.717237
8.8315e-12	0.716513
8.8324e-12	0.715788
8.8333e-12	0.715062
8.83421e-12	0.714336
8.83511e-12	0.713609
8.83601e-12	0.712882
8.83692e-12	0.712154
8.83782e-12	0.711425
8.83872e-12	0.710696
8.83962e-12	0.709966
8.84053e-12	0.709235
8.84143e-12	0.708504
8.84233e-12	0.707772
8.84323e-12	0.707039
8.84414e-12	0.706306
8.84504e-12	0.705572
8.84594e-12	0.704838
8.84684e-12	0.704103
8.84775e-12	0.703367
8.84865e-12	0.70263
8.84955e-12	0.701893
8.85046e-12	0.701156
8.85136e-12	0.700418
8.85226e-12	0.699679
8.85316e-12	0.698939
8.85407e-12	0.698199
8.85497e-12	0.697458
8.85587e-12	0.696717
8.85677e-12	0.695975
8.85768e-12	0.695232
8.85858e-12	0.694489
8.85948e-12	0.693745
8.86039e-12	0.693001
8.86129e-12	0.692256
8.86219e-12	0.69151
8.86309e-12	0.690764
8.864e-12	0.690017
8.8649e-12	0.68927
8.8658e-12	0.688522
8.8667e-12	0.687773
8.86761e-12	0.687024
8.86851e-12	0.686274
8.86941e-12	0.685524
8.87031e-12	0.684772
8.87122e-12	0.684021
8.87212e-12	0.683269
8.87302e-12	0.682516
8.87393e-12	0.681762
8.87483e-12	0.681008
8.87573e-12	0.680254
8.87663e-12	0.679499
8.87754e-12	0.678743
8.87844e-12	0.677987
8.87934e-12	0.67723
8.88024e-12	0.676472
8.88115e-12	0.675714
8.88205e-12	0.674955
8.88295e-12	0.674196
8.88386e-12	0.673436
8.88476e-12	0.672676
8.88566e-12	0.671915
8.88656e-12	0.671154
8.88747e-12	0.670391
8.88837e-12	0.669629
8.88927e-12	0.668866
8.89017e-12	0.668102
8.89108e-12	0.667337
8.89198e-12	0.666573
8.89288e-12	0.665807
8.89378e-12	0.665041
8.89469e-12	0.664274
8.89559e-12	0.663507
8.89649e-12	0.66274
8.8974e-12	0.661971
8.8983e-12	0.661203
8.8992e-12	0.660433
8.9001e-12	0.659663
8.90101e-12	0.658893
8.90191e-12	0.658122
8.90281e-12	0.65735
8.90371e-12	0.656578
8.90462e-12	0.655806
8.90552e-12	0.655033
8.90642e-12	0.654259
8.90733e-12	0.653485
8.90823e-12	0.65271
8.90913e-12	0.651935
8.91003e-12	0.651159
8.91094e-12	0.650382
8.91184e-12	0.649606
8.91274e-12	0.648828
8.91364e-12	0.64805
8.91455e-12	0.647272
8.91545e-12	0.646493
8.91635e-12	0.645713
8.91725e-12	0.644933
8.91816e-12	0.644153
8.91906e-12	0.643372
8.91996e-12	0.64259
8.92087e-12	0.641808
8.92177e-12	0.641025
8.92267e-12	0.640242
8.92357e-12	0.639458
8.92448e-12	0.638674
8.92538e-12	0.63789
8.92628e-12	0.637104
8.92718e-12	0.636319
8.92809e-12	0.635532
8.92899e-12	0.634746
8.92989e-12	0.633959
8.9308e-12	0.633171
8.9317e-12	0.632383
8.9326e-12	0.631594
8.9335e-12	0.630805
8.93441e-12	0.630015
8.93531e-12	0.629225
8.93621e-12	0.628434
8.93711e-12	0.627643
8.93802e-12	0.626852
8.93892e-12	0.62606
8.93982e-12	0.625267
8.94072e-12	0.624474
8.94163e-12	0.62368
8.94253e-12	0.622886
8.94343e-12	0.622092
8.94434e-12	0.621297
8.94524e-12	0.620501
8.94614e-12	0.619705
8.94704e-12	0.618909
8.94795e-12	0.618112
8.94885e-12	0.617315
8.94975e-12	0.616517
8.95065e-12	0.615718
8.95156e-12	0.61492
8.95246e-12	0.61412
8.95336e-12	0.613321
8.95427e-12	0.612521
8.95517e-12	0.61172
8.95607e-12	0.610919
8.95697e-12	0.610117
8.95788e-12	0.609315
8.95878e-12	0.608513
8.95968e-12	0.60771
8.96058e-12	0.606907
8.96149e-12	0.606103
8.96239e-12	0.605299
8.96329e-12	0.604494
8.96419e-12	0.603689
8.9651e-12	0.602883
8.966e-12	0.602077
8.9669e-12	0.601271
8.96781e-12	0.600464
8.96871e-12	0.599656
8.96961e-12	0.598849
8.97051e-12	0.59804
8.97142e-12	0.597232
8.97232e-12	0.596423
8.97322e-12	0.595613
8.97412e-12	0.594803
8.97503e-12	0.593993
8.97593e-12	0.593182
8.97683e-12	0.592371
8.97774e-12	0.591559
8.97864e-12	0.590747
8.97954e-12	0.589934
8.98044e-12	0.589122
8.98135e-12	0.588308
8.98225e-12	0.587494
8.98315e-12	0.58668
8.98405e-12	0.585866
8.98496e-12	0.585051
8.98586e-12	0.584235
8.98676e-12	0.58342
8.98766e-12	0.582603
8.98857e-12	0.581787
8.98947e-12	0.58097
8.99037e-12	0.580152
8.99128e-12	0.579334
8.99218e-12	0.578516
8.99308e-12	0.577698
8.99398e-12	0.576878
8.99489e-12	0.576059
8.99579e-12	0.575239
8.99669e-12	0.574419
8.99759e-12	0.573599
8.9985e-12	0.572778
8.9994e-12	0.571956
9.0003e-12	0.571134
9.00121e-12	0.570312
9.00211e-12	0.56949
9.00301e-12	0.568667
9.00391e-12	0.567843
9.00482e-12	0.56702
9.00572e-12	0.566196
9.00662e-12	0.565371
9.00752e-12	0.564547
9.00843e-12	0.563721
9.00933e-12	0.562896
9.01023e-12	0.56207
9.01113e-12	0.561244
9.01204e-12	0.560417
9.01294e-12	0.55959
9.01384e-12	0.558763
9.01475e-12	0.557935
9.01565e-12	0.557107
9.01655e-12	0.556278
9.01745e-12	0.555449
9.01836e-12	0.55462
9.01926e-12	0.553791
9.02016e-12	0.552961
9.02106e-12	0.552131
9.02197e-12	0.5513
9.02287e-12	0.550469
9.02377e-12	0.549638
9.02468e-12	0.548806
9.02558e-12	0.547974
9.02648e-12	0.547142
9.02738e-12	0.546309
9.02829e-12	0.545476
9.02919e-12	0.544643
9.03009e-12	0.543809
9.03099e-12	0.542975
9.0319e-12	0.542141
9.0328e-12	0.541306
9.0337e-12	0.540471
9.0346e-12	0.539636
9.03551e-12	0.5388
9.03641e-12	0.537964
9.03731e-12	0.537128
9.03822e-12	0.536291
9.03912e-12	0.535454
9.04002e-12	0.534617
9.04092e-12	0.533779
9.04183e-12	0.532941
9.04273e-12	0.532103
9.04363e-12	0.531264
9.04453e-12	0.530426
9.04544e-12	0.529586
9.04634e-12	0.528747
9.04724e-12	0.527907
9.04815e-12	0.527067
9.04905e-12	0.526227
9.04995e-12	0.525386
9.05085e-12	0.524545
9.05176e-12	0.523704
9.05266e-12	0.522862
9.05356e-12	0.52202
9.05446e-12	0.521178
9.05537e-12	0.520335
9.05627e-12	0.519492
9.05717e-12	0.518649
9.05807e-12	0.517806
9.05898e-12	0.516962
9.05988e-12	0.516118
9.06078e-12	0.515274
9.06169e-12	0.514429
9.06259e-12	0.513585
9.06349e-12	0.512739
9.06439e-12	0.511894
9.0653e-12	0.511048
9.0662e-12	0.510202
9.0671e-12	0.509356
9.068e-12	0.50851
9.06891e-12	0.507663
9.06981e-12	0.506816
9.07071e-12	0.505969
9.07162e-12	0.505121
9.07252e-12	0.504273
9.07342e-12	0.503425
9.07432e-12	0.502577
9.07523e-12	0.501728
9.07613e-12	0.500879
9.07703e-12	0.50003
9.07793e-12	0.49918
9.07884e-12	0.498331
9.07974e-12	0.497481
9.08064e-12	0.496631
9.08154e-12	0.49578
9.08245e-12	0.49493
9.08335e-12	0.494079
9.08425e-12	0.493227
9.08516e-12	0.492376
9.08606e-12	0.491524
9.08696e-12	0.490672
9.08786e-12	0.48982
9.08877e-12	0.488968
9.08967e-12	0.488115
9.09057e-12	0.487262
9.09147e-12	0.486409
9.09238e-12	0.485556
9.09328e-12	0.484702
9.09418e-12	0.483849
9.09509e-12	0.482994
9.09599e-12	0.48214
9.09689e-12	0.481286
9.09779e-12	0.480431
9.0987e-12	0.479576
9.0996e-12	0.478721
9.1005e-12	0.477865
9.1014e-12	0.47701
9.10231e-12	0.476154
9.10321e-12	0.475298
9.10411e-12	0.474442
9.10501e-12	0.473585
9.10592e-12	0.472729
9.10682e-12	0.471872
9.10772e-12	0.471015
9.10863e-12	0.470157
9.10953e-12	0.4693
9.11043e-12	0.468442
9.11133e-12	0.467584
9.11224e-12	0.466726
9.11314e-12	0.465868
9.11404e-12	0.465009
9.11494e-12	0.464151
9.11585e-12	0.463292
9.11675e-12	0.462433
9.11765e-12	0.461573
9.11856e-12	0.460714
9.11946e-12	0.459854
9.12036e-12	0.458994
9.12126e-12	0.458134
9.12217e-12	0.457274
9.12307e-12	0.456414
9.12397e-12	0.455553
9.12487e-12	0.454692
9.12578e-12	0.453831
9.12668e-12	0.45297
9.12758e-12	0.452109
9.12848e-12	0.451247
9.12939e-12	0.450386
9.13029e-12	0.449524
9.13119e-12	0.448662
9.1321e-12	0.4478
9.133e-12	0.446937
9.1339e-12	0.446075
9.1348e-12	0.445212
9.13571e-12	0.444349
9.13661e-12	0.443486
9.13751e-12	0.442623
9.13841e-12	0.44176
9.13932e-12	0.440896
9.14022e-12	0.440033
9.14112e-12	0.439169
9.14203e-12	0.438305
9.14293e-12	0.437441
9.14383e-12	0.436577
9.14473e-12	0.435713
9.14564e-12	0.434848
9.14654e-12	0.433983
9.14744e-12	0.433119
9.14834e-12	0.432254
9.14925e-12	0.431389
9.15015e-12	0.430523
9.15105e-12	0.429658
9.15195e-12	0.428792
9.15286e-12	0.427927
9.15376e-12	0.427061
9.15466e-12	0.426195
9.15557e-12	0.425329
9.15647e-12	0.424463
9.15737e-12	0.423597
9.15827e-12	0.42273
9.15918e-12	0.421864
9.16008e-12	0.420997
9.16098e-12	0.42013
9.16188e-12	0.419264
9.16279e-12	0.418397
9.16369e-12	0.417529
9.16459e-12	0.416662
9.1655e-12	0.415795
9.1664e-12	0.414927
9.1673e-12	0.41406
9.1682e-12	0.413192
9.16911e-12	0.412324
9.17001e-12	0.411457
9.17091e-12	0.410589
9.17181e-12	0.40972
9.17272e-12	0.408852
9.17362e-12	0.407984
9.17452e-12	0.407116
9.17542e-12	0.406247
9.17633e-12	0.405379
9.17723e-12	0.40451
9.17813e-12	0.403641
9.17904e-12	0.402772
9.17994e-12	0.401903
9.18084e-12	0.401034
9.18174e-12	0.400165
9.18265e-12	0.399296
9.18355e-12	0.398427
9.18445e-12	0.397557
9.18535e-12	0.396688
9.18626e-12	0.395818
9.18716e-12	0.394949
9.18806e-12	0.394079
9.18897e-12	0.393209
9.18987e-12	0.392339
9.19077e-12	0.391469
9.19167e-12	0.390599
9.19258e-12	0.389729
9.19348e-12	0.388859
9.19438e-12	0.387989
9.19528e-12	0.387119
9.19619e-12	0.386249
9.19709e-12	0.385378
9.19799e-12	0.384508
9.1989e-12	0.383637
9.1998e-12	0.382767
9.2007e-12	0.381896
9.2016e-12	0.381025
9.20251e-12	0.380155
9.20341e-12	0.379284
9.20431e-12	0.378413
9.20521e-12	0.377542
9.20612e-12	0.376671
9.20702e-12	0.3758
9.20792e-12	0.374929
9.20882e-12	0.374058
9.20973e-12	0.373187
9.21063e-12	0.372316
9.21153e-12	0.371445
9.21244e-12	0.370574
9.21334e-12	0.369703
9.21424e-12	0.368831
9.21514e-12	0.36796
9.21605e-12	0.367089
9.21695e-12	0.366217
9.21785e-12	0.365346
9.21875e-12	0.364475
9.21966e-12	0.363603
9.22056e-12	0.362732
9.22146e-12	0.36186
9.22237e-12	0.360989
9.22327e-12	0.360117
9.22417e-12	0.359246
9.22507e-12	0.358374
9.22598e-12	0.357503
9.22688e-12	0.356631
9.22778e-12	0.355759
9.22868e-12	0.354888
9.22959e-12	0.354016
9.23049e-12	0.353145
9.23139e-12	0.352273
9.23229e-12	0.351401
9.2332e-12	0.35053
9.2341e-12	0.349658
9.235e-12	0.348787
9.23591e-12	0.347915
9.23681e-12	0.347043
9.23771e-12	0.346172
9.23861e-12	0.3453
9.23952e-12	0.344428
9.24042e-12	0.343557
9.24132e-12	0.342685
9.24222e-12	0.341814
9.24313e-12	0.340942
9.24403e-12	0.34007
9.24493e-12	0.339199
9.24584e-12	0.338327
9.24674e-12	0.337456
9.24764e-12	0.336584
9.24854e-12	0.335713
9.24945e-12	0.334842
9.25035e-12	0.33397
9.25125e-12	0.333099
9.25215e-12	0.332227
9.25306e-12	0.331356
9.25396e-12	0.330485
9.25486e-12	0.329614
9.25576e-12	0.328742
9.25667e-12	0.327871
9.25757e-12	0.327
9.25847e-12	0.326129
9.25938e-12	0.325258
9.26028e-12	0.324387
9.26118e-12	0.323516
9.26208e-12	0.322645
9.26299e-12	0.321774
9.26389e-12	0.320903
9.26479e-12	0.320032
9.26569e-12	0.319161
9.2666e-12	0.318291
9.2675e-12	0.31742
9.2684e-12	0.316549
9.26931e-12	0.315679
9.27021e-12	0.314808
9.27111e-12	0.313938
9.27201e-12	0.313067
9.27292e-12	0.312197
9.27382e-12	0.311327
9.27472e-12	0.310456
9.27562e-12	0.309586
9.27653e-12	0.308716
9.27743e-12	0.307846
9.27833e-12	0.306976
9.27923e-12	0.306106
9.28014e-12	0.305237
9.28104e-12	0.304367
9.28194e-12	0.303497
9.28285e-12	0.302628
9.28375e-12	0.301758
9.28465e-12	0.300889
9.28555e-12	0.300019
9.28646e-12	0.29915
9.28736e-12	0.298281
9.28826e-12	0.297412
9.28916e-12	0.296543
9.29007e-12	0.295674
9.29097e-12	0.294805
9.29187e-12	0.293936
9.29278e-12	0.293068
9.29368e-12	0.292199
9.29458e-12	0.291331
9.29548e-12	0.290462
9.29639e-12	0.289594
9.29729e-12	0.288726
9.29819e-12	0.287858
9.29909e-12	0.28699
9.3e-12	0.286122
9.3009e-12	0.285254
9.3018e-12	0.284386
9.3027e-12	0.283519
9.30361e-12	0.282651
9.30451e-12	0.281784
9.30541e-12	0.280917
9.30632e-12	0.28005
9.30722e-12	0.279183
9.30812e-12	0.278316
9.30902e-12	0.277449
9.30993e-12	0.276582
9.31083e-12	0.275716
9.31173e-12	0.274849
9.31263e-12	0.273983
9.31354e-12	0.273117
9.31444e-12	0.272251
9.31534e-12	0.271385
9.31625e-12	0.270519
9.31715e-12	0.269654
9.31805e-12	0.268788
9.31895e-12	0.267923
9.31986e-12	0.267057
9.32076e-12	0.266192
9.32166e-12	0.265327
9.32256e-12	0.264462
9.32347e-12	0.263598
9.32437e-12	0.262733
9.32527e-12	0.261869
9.32617e-12	0.261004
9.32708e-12	0.26014
9.32798e-12	0.259276
9.32888e-12	0.258412
9.32979e-12	0.257549
9.33069e-12	0.256685
9.33159e-12	0.255822
9.33249e-12	0.254958
9.3334e-12	0.254095
9.3343e-12	0.253232
9.3352e-12	0.252369
9.3361e-12	0.251507
9.33701e-12	0.250644
9.33791e-12	0.249782
9.33881e-12	0.24892
9.33972e-12	0.248058
9.34062e-12	0.247196
9.34152e-12	0.246334
9.34242e-12	0.245473
9.34333e-12	0.244612
9.34423e-12	0.24375
9.34513e-12	0.242889
9.34603e-12	0.242029
9.34694e-12	0.241168
9.34784e-12	0.240308
9.34874e-12	0.239447
9.34964e-12	0.238587
9.35055e-12	0.237727
9.35145e-12	0.236867
9.35235e-12	0.236008
9.35326e-12	0.235148
9.35416e-12	0.234289
9.35506e-12	0.23343
9.35596e-12	0.232571
9.35687e-12	0.231713
9.35777e-12	0.230854
9.35867e-12	0.229996
9.35957e-12	0.229138
9.36048e-12	0.22828
9.36138e-12	0.227423
9.36228e-12	0.226565
9.36319e-12	0.225708
9.36409e-12	0.224851
9.36499e-12	0.223994
9.36589e-12	0.223137
9.3668e-12	0.222281
9.3677e-12	0.221424
9.3686e-12	0.220568
9.3695e-12	0.219713
9.37041e-12	0.218857
9.37131e-12	0.218001
9.37221e-12	0.217146
9.37311e-12	0.216291
9.37402e-12	0.215436
9.37492e-12	0.214582
9.37582e-12	0.213727
9.37673e-12	0.212873
9.37763e-12	0.212019
9.37853e-12	0.211166
9.37943e-12	0.210312
9.38034e-12	0.209459
9.38124e-12	0.208606
9.38214e-12	0.207753
9.38304e-12	0.206901
9.38395e-12	0.206048
9.38485e-12	0.205196
9.38575e-12	0.204344
9.38666e-12	0.203493
9.38756e-12	0.202641
9.38846e-12	0.20179
9.38936e-12	0.200939
9.39027e-12	0.200088
9.39117e-12	0.199238
9.39207e-12	0.198388
9.39297e-12	0.197538
9.39388e-12	0.196688
9.39478e-12	0.195838
9.39568e-12	0.194989
9.39658e-12	0.19414
9.39749e-12	0.193291
9.39839e-12	0.192443
9.39929e-12	0.191595
9.4002e-12	0.190747
9.4011e-12	0.189899
9.402e-12	0.189051
9.4029e-12	0.188204
9.40381e-12	0.187357
9.40471e-12	0.18651
9.40561e-12	0.185664
9.40651e-12	0.184818
9.40742e-12	0.183972
9.40832e-12	0.183126
9.40922e-12	0.182281
9.41013e-12	0.181435
9.41103e-12	0.180591
9.41193e-12	0.179746
9.41283e-12	0.178902
9.41374e-12	0.178058
9.41464e-12	0.177214
9.41554e-12	0.17637
9.41644e-12	0.175527
9.41735e-12	0.174684
9.41825e-12	0.173841
9.41915e-12	0.172999
9.42005e-12	0.172157
9.42096e-12	0.171315
9.42186e-12	0.170473
9.42276e-12	0.169632
9.42367e-12	0.168791
9.42457e-12	0.16795
9.42547e-12	0.16711
9.42637e-12	0.16627
9.42728e-12	0.16543
9.42818e-12	0.16459
9.42908e-12	0.163751
9.42998e-12	0.162912
9.43089e-12	0.162074
9.43179e-12	0.161235
9.43269e-12	0.160397
9.4336e-12	0.159559
9.4345e-12	0.158722
9.4354e-12	0.157885
9.4363e-12	0.157048
9.43721e-12	0.156211
9.43811e-12	0.155375
9.43901e-12	0.154539
9.43991e-12	0.153703
9.44082e-12	0.152868
9.44172e-12	0.152033
9.44262e-12	0.151198
9.44352e-12	0.150364
9.44443e-12	0.14953
9.44533e-12	0.148696
9.44623e-12	0.147863
9.44714e-12	0.147029
9.44804e-12	0.146197
9.44894e-12	0.145364
9.44984e-12	0.144532
9.45075e-12	0.1437
9.45165e-12	0.142869
9.45255e-12	0.142037
9.45345e-12	0.141206
9.45436e-12	0.140376
9.45526e-12	0.139546
9.45616e-12	0.138716
9.45707e-12	0.137886
9.45797e-12	0.137057
9.45887e-12	0.136228
9.45977e-12	0.135399
9.46068e-12	0.134571
9.46158e-12	0.133743
9.46248e-12	0.132916
9.46338e-12	0.132089
9.46429e-12	0.131262
9.46519e-12	0.130435
9.46609e-12	0.129609
9.46699e-12	0.128783
9.4679e-12	0.127958
9.4688e-12	0.127133
9.4697e-12	0.126308
9.47061e-12	0.125483
9.47151e-12	0.124659
9.47241e-12	0.123835
9.47331e-12	0.123012
9.47422e-12	0.122189
9.47512e-12	0.121366
9.47602e-12	0.120544
9.47692e-12	0.119722
9.47783e-12	0.1189
9.47873e-12	0.118079
9.47963e-12	0.117258
9.48054e-12	0.116438
9.48144e-12	0.115618
9.48234e-12	0.114798
9.48324e-12	0.113978
9.48415e-12	0.113159
9.48505e-12	0.112341
9.48595e-12	0.111522
9.48685e-12	0.110704
9.48776e-12	0.109887
9.48866e-12	0.10907
9.48956e-12	0.108253
9.49046e-12	0.107436
9.49137e-12	0.10662
9.49227e-12	0.105805
9.49317e-12	0.104989
9.49408e-12	0.104174
9.49498e-12	0.10336
9.49588e-12	0.102546
9.49678e-12	0.101732
9.49769e-12	0.100918
9.49859e-12	0.100105
9.49949e-12	0.0992927
9.50039e-12	0.0984804
9.5013e-12	0.0976686
9.5022e-12	0.0968571
9.5031e-12	0.096046
9.50401e-12	0.0952353
9.50491e-12	0.0944251
9.50581e-12	0.0936152
9.50671e-12	0.0928057
9.50762e-12	0.0919966
9.50852e-12	0.0911879
9.50942e-12	0.0903796
9.51032e-12	0.0895717
9.51123e-12	0.0887642
9.51213e-12	0.0879571
9.51303e-12	0.0871504
9.51393e-12	0.0863441
9.51484e-12	0.0855382
9.51574e-12	0.0847327
9.51664e-12	0.0839277
9.51755e-12	0.083123
9.51845e-12	0.0823188
9.51935e-12	0.0815149
9.52025e-12	0.0807115
9.52116e-12	0.0799085
9.52206e-12	0.0791059
9.52296e-12	0.0783038
9.52386e-12	0.077502
9.52477e-12	0.0767007
9.52567e-12	0.0758998
9.52657e-12	0.0750993
9.52748e-12	0.0742992
9.52838e-12	0.0734996
9.52928e-12	0.0727003
9.53018e-12	0.0719015
9.53109e-12	0.0711032
9.53199e-12	0.0703052
9.53289e-12	0.0695077
9.53379e-12	0.0687106
9.5347e-12	0.067914
9.5356e-12	0.0671178
9.5365e-12	0.066322
9.5374e-12	0.0655266
9.53831e-12	0.0647317
9.53921e-12	0.0639372
9.54011e-12	0.0631432
9.54102e-12	0.0623496
9.54192e-12	0.0615564
9.54282e-12	0.0607637
9.54372e-12	0.0599714
9.54463e-12	0.0591796
9.54553e-12	0.0583882
9.54643e-12	0.0575973
9.54733e-12	0.0568068
9.54824e-12	0.0560167
9.54914e-12	0.0552271
9.55004e-12	0.054438
9.55095e-12	0.0536493
9.55185e-12	0.052861
9.55275e-12	0.0520732
9.55365e-12	0.0512859
9.55456e-12	0.050499
9.55546e-12	0.0497126
9.55636e-12	0.0489266
9.55726e-12	0.0481411
9.55817e-12	0.047356
9.55907e-12	0.0465714
9.55997e-12	0.0457873
9.56087e-12	0.0450036
9.56178e-12	0.0442204
9.56268e-12	0.0434377
9.56358e-12	0.0426554
9.56449e-12	0.0418736
9.56539e-12	0.0410922
9.56629e-12	0.0403114
9.56719e-12	0.039531
9.5681e-12	0.038751
9.569e-12	0.0379716
9.5699e-12	0.0371926
9.5708e-12	0.0364141
9.57171e-12	0.035636
9.57261e-12	0.0348585
9.57351e-12	0.0340814
9.57442e-12	0.0333048
9.57532e-12	0.0325286
9.57622e-12	0.031753
9.57712e-12	0.0309778
9.57803e-12	0.0302031
9.57893e-12	0.0294289
9.57983e-12	0.0286552
9.58073e-12	0.027882
9.58164e-12	0.0271092
9.58254e-12	0.026337
9.58344e-12	0.0255652
9.58435e-12	0.0247939
9.58525e-12	0.0240232
9.58615e-12	0.0232529
9.58705e-12	0.0224831
9.58796e-12	0.0217137
9.58886e-12	0.0209449
9.58976e-12	0.0201766
9.59066e-12	0.0194088
9.59157e-12	0.0186415
9.59247e-12	0.0178746
9.59337e-12	0.0171083
9.59427e-12	0.0163425
9.59518e-12	0.0155772
9.59608e-12	0.0148123
9.59698e-12	0.014048
9.59789e-12	0.0132842
9.59879e-12	0.0125209
9.59969e-12	0.0117581
9.60059e-12	0.0109958
9.6015e-12	0.010234
9.6024e-12	0.00947274
9.6033e-12	0.00871197
9.6042e-12	0.00795172
9.60511e-12	0.00719198
9.60601e-12	0.00643275
9.60691e-12	0.00567404
9.60782e-12	0.00491585
9.60872e-12	0.00415817
9.60962e-12	0.003401
9.61052e-12	0.00264436
9.61143e-12	0.00188824
9.61233e-12	0.00113263
9.61323e-12	0.00037755
9.61413e-12	-0.00037701
9.61504e-12	-0.00113105
9.61594e-12	-0.00188456
9.61684e-12	-0.00263755
9.61774e-12	-0.00339001
9.61865e-12	-0.00414194
9.61955e-12	-0.00489335
9.62045e-12	-0.00564422
9.62136e-12	-0.00639457
9.62226e-12	-0.00714439
9.62316e-12	-0.00789367
9.62406e-12	-0.00864242
9.62497e-12	-0.00939064
9.62587e-12	-0.0101383
9.62677e-12	-0.0108855
9.62767e-12	-0.0116321
9.62858e-12	-0.0123781
9.62948e-12	-0.0131237
9.63038e-12	-0.0138687
9.63129e-12	-0.0146131
9.63219e-12	-0.015357
9.63309e-12	-0.0161004
9.63399e-12	-0.0168432
9.6349e-12	-0.0175855
9.6358e-12	-0.0183272
9.6367e-12	-0.0190684
9.6376e-12	-0.0198091
9.63851e-12	-0.0205492
9.63941e-12	-0.0212887
9.64031e-12	-0.0220277
9.64121e-12	-0.0227662
9.64212e-12	-0.0235041
9.64302e-12	-0.0242414
9.64392e-12	-0.0249782
9.64483e-12	-0.0257144
9.64573e-12	-0.0264501
9.64663e-12	-0.0271852
9.64753e-12	-0.0279198
9.64844e-12	-0.0286538
9.64934e-12	-0.0293873
9.65024e-12	-0.0301201
9.65114e-12	-0.0308525
9.65205e-12	-0.0315842
9.65295e-12	-0.0323154
9.65385e-12	-0.0330461
9.65476e-12	-0.0337762
9.65566e-12	-0.0345057
9.65656e-12	-0.0352346
9.65746e-12	-0.035963
9.65837e-12	-0.0366908
9.65927e-12	-0.037418
9.66017e-12	-0.0381447
9.66107e-12	-0.0388708
9.66198e-12	-0.0395963
9.66288e-12	-0.0403213
9.66378e-12	-0.0410457
9.66468e-12	-0.0417695
9.66559e-12	-0.0424927
9.66649e-12	-0.0432154
9.66739e-12	-0.0439375
9.6683e-12	-0.044659
9.6692e-12	-0.0453799
9.6701e-12	-0.0461003
9.671e-12	-0.04682
9.67191e-12	-0.0475392
9.67281e-12	-0.0482578
9.67371e-12	-0.0489758
9.67461e-12	-0.0496933
9.67552e-12	-0.0504101
9.67642e-12	-0.0511264
9.67732e-12	-0.0518421
9.67823e-12	-0.0525572
9.67913e-12	-0.0532717
9.68003e-12	-0.0539856
9.68093e-12	-0.0546989
9.68184e-12	-0.0554117
9.68274e-12	-0.0561238
9.68364e-12	-0.0568354
9.68454e-12	-0.0575463
9.68545e-12	-0.0582567
9.68635e-12	-0.0589665
9.68725e-12	-0.0596757
9.68815e-12	-0.0603842
9.68906e-12	-0.0610922
9.68996e-12	-0.0617996
9.69086e-12	-0.0625064
9.69177e-12	-0.0632126
9.69267e-12	-0.0639182
9.69357e-12	-0.0646232
9.69447e-12	-0.0653275
9.69538e-12	-0.0660313
9.69628e-12	-0.0667345
9.69718e-12	-0.0674371
9.69808e-12	-0.068139
9.69899e-12	-0.0688404
9.69989e-12	-0.0695412
9.70079e-12	-0.0702413
9.7017e-12	-0.0709409
9.7026e-12	-0.0716398
9.7035e-12	-0.0723381
9.7044e-12	-0.0730358
9.70531e-12	-0.0737329
9.70621e-12	-0.0744294
9.70711e-12	-0.0751253
9.70801e-12	-0.0758205
9.70892e-12	-0.0765152
9.70982e-12	-0.0772092
9.71072e-12	-0.0779026
9.71162e-12	-0.0785954
9.71253e-12	-0.0792876
9.71343e-12	-0.0799791
9.71433e-12	-0.0806701
9.71524e-12	-0.0813604
9.71614e-12	-0.0820501
9.71704e-12	-0.0827391
9.71794e-12	-0.0834276
9.71885e-12	-0.0841154
9.71975e-12	-0.0848026
9.72065e-12	-0.0854892
9.72155e-12	-0.0861751
9.72246e-12	-0.0868604
9.72336e-12	-0.0875451
9.72426e-12	-0.0882292
9.72517e-12	-0.0889126
9.72607e-12	-0.0895955
9.72697e-12	-0.0902776
9.72787e-12	-0.0909592
9.72878e-12	-0.0916401
9.72968e-12	-0.0923204
9.73058e-12	-0.093
9.73148e-12	-0.093679
9.73239e-12	-0.0943574
9.73329e-12	-0.0950352
9.73419e-12	-0.0957123
9.73509e-12	-0.0963887
9.736e-12	-0.0970646
9.7369e-12	-0.0977397
9.7378e-12	-0.0984143
9.73871e-12	-0.0990882
9.73961e-12	-0.0997615
9.74051e-12	-0.100434
9.74141e-12	-0.101106
9.74232e-12	-0.101777
9.74322e-12	-0.102448
9.74412e-12	-0.103118
9.74502e-12	-0.103788
9.74593e-12	-0.104456
9.74683e-12	-0.105124
9.74773e-12	-0.105792
9.74864e-12	-0.106459
9.74954e-12	-0.107125
9.75044e-12	-0.10779
9.75134e-12	-0.108455
9.75225e-12	-0.10912
9.75315e-12	-0.109783
9.75405e-12	-0.110446
9.75495e-12	-0.111108
9.75586e-12	-0.11177
9.75676e-12	-0.112431
9.75766e-12	-0.113091
9.75856e-12	-0.113751
9.75947e-12	-0.11441
9.76037e-12	-0.115068
9.76127e-12	-0.115726
9.76218e-12	-0.116383
9.76308e-12	-0.117039
9.76398e-12	-0.117695
9.76488e-12	-0.11835
9.76579e-12	-0.119004
9.76669e-12	-0.119658
9.76759e-12	-0.120311
9.76849e-12	-0.120963
9.7694e-12	-0.121615
9.7703e-12	-0.122266
9.7712e-12	-0.122917
9.77211e-12	-0.123566
9.77301e-12	-0.124215
9.77391e-12	-0.124864
9.77481e-12	-0.125511
9.77572e-12	-0.126158
9.77662e-12	-0.126805
9.77752e-12	-0.127451
9.77842e-12	-0.128096
9.77933e-12	-0.12874
9.78023e-12	-0.129384
9.78113e-12	-0.130027
9.78203e-12	-0.130669
9.78294e-12	-0.131311
9.78384e-12	-0.131952
9.78474e-12	-0.132592
9.78565e-12	-0.133232
9.78655e-12	-0.133871
9.78745e-12	-0.134509
9.78835e-12	-0.135147
9.78926e-12	-0.135783
9.79016e-12	-0.13642
9.79106e-12	-0.137055
9.79196e-12	-0.13769
9.79287e-12	-0.138324
9.79377e-12	-0.138958
9.79467e-12	-0.139591
9.79558e-12	-0.140223
9.79648e-12	-0.140854
9.79738e-12	-0.141485
9.79828e-12	-0.142115
9.79919e-12	-0.142745
9.80009e-12	-0.143374
9.80099e-12	-0.144002
9.80189e-12	-0.144629
9.8028e-12	-0.145256
9.8037e-12	-0.145882
9.8046e-12	-0.146507
9.8055e-12	-0.147132
9.80641e-12	-0.147755
9.80731e-12	-0.148379
9.80821e-12	-0.149001
9.80912e-12	-0.149623
9.81002e-12	-0.150244
9.81092e-12	-0.150865
9.81182e-12	-0.151484
9.81273e-12	-0.152104
9.81363e-12	-0.152722
9.81453e-12	-0.15334
9.81543e-12	-0.153957
9.81634e-12	-0.154573
9.81724e-12	-0.155188
9.81814e-12	-0.155803
9.81905e-12	-0.156417
9.81995e-12	-0.157031
9.82085e-12	-0.157644
9.82175e-12	-0.158256
9.82266e-12	-0.158867
9.82356e-12	-0.159478
9.82446e-12	-0.160088
9.82536e-12	-0.160697
9.82627e-12	-0.161306
9.82717e-12	-0.161914
9.82807e-12	-0.162521
9.82897e-12	-0.163127
9.82988e-12	-0.163733
9.83078e-12	-0.164338
9.83168e-12	-0.164942
9.83259e-12	-0.165546
9.83349e-12	-0.166149
9.83439e-12	-0.166751
9.83529e-12	-0.167353
9.8362e-12	-0.167954
9.8371e-12	-0.168554
9.838e-12	-0.169153
9.8389e-12	-0.169752
9.83981e-12	-0.17035
9.84071e-12	-0.170947
9.84161e-12	-0.171543
9.84252e-12	-0.172139
9.84342e-12	-0.172734
9.84432e-12	-0.173329
9.84522e-12	-0.173922
9.84613e-12	-0.174515
9.84703e-12	-0.175108
9.84793e-12	-0.175699
9.84883e-12	-0.17629
9.84974e-12	-0.17688
9.85064e-12	-0.177469
9.85154e-12	-0.178058
9.85244e-12	-0.178646
9.85335e-12	-0.179233
9.85425e-12	-0.17982
9.85515e-12	-0.180406
9.85606e-12	-0.180991
9.85696e-12	-0.181575
9.85786e-12	-0.182159
9.85876e-12	-0.182742
9.85967e-12	-0.183324
9.86057e-12	-0.183905
9.86147e-12	-0.184486
9.86237e-12	-0.185066
9.86328e-12	-0.185645
9.86418e-12	-0.186224
9.86508e-12	-0.186801
9.86599e-12	-0.187379
9.86689e-12	-0.187955
9.86779e-12	-0.188531
9.86869e-12	-0.189106
9.8696e-12	-0.18968
9.8705e-12	-0.190253
9.8714e-12	-0.190826
9.8723e-12	-0.191398
9.87321e-12	-0.191969
9.87411e-12	-0.19254
9.87501e-12	-0.193109
9.87591e-12	-0.193679
9.87682e-12	-0.194247
9.87772e-12	-0.194815
9.87862e-12	-0.195381
9.87953e-12	-0.195948
9.88043e-12	-0.196513
9.88133e-12	-0.197078
9.88223e-12	-0.197642
9.88314e-12	-0.198205
9.88404e-12	-0.198767
9.88494e-12	-0.199329
9.88584e-12	-0.19989
9.88675e-12	-0.20045
9.88765e-12	-0.20101
9.88855e-12	-0.201568
9.88946e-12	-0.202127
9.89036e-12	-0.202684
9.89126e-12	-0.20324
9.89216e-12	-0.203796
9.89307e-12	-0.204351
9.89397e-12	-0.204906
9.89487e-12	-0.205459
9.89577e-12	-0.206012
9.89668e-12	-0.206564
9.89758e-12	-0.207116
9.89848e-12	-0.207666
9.89938e-12	-0.208216
9.90029e-12	-0.208765
9.90119e-12	-0.209314
9.90209e-12	-0.209861
9.903e-12	-0.210408
9.9039e-12	-0.210954
9.9048e-12	-0.2115
9.9057e-12	-0.212045
9.90661e-12	-0.212588
9.90751e-12	-0.213132
9.90841e-12	-0.213674
9.90931e-12	-0.214216
9.91022e-12	-0.214757
9.91112e-12	-0.215297
9.91202e-12	-0.215836
9.91293e-12	-0.216375
9.91383e-12	-0.216913
9.91473e-12	-0.21745
9.91563e-12	-0.217987
9.91654e-12	-0.218522
9.91744e-12	-0.219057
9.91834e-12	-0.219591
9.91924e-12	-0.220125
9.92015e-12	-0.220658
9.92105e-12	-0.221189
9.92195e-12	-0.221721
9.92285e-12	-0.222251
9.92376e-12	-0.222781
9.92466e-12	-0.22331
9.92556e-12	-0.223838
9.92647e-12	-0.224365
9.92737e-12	-0.224892
9.92827e-12	-0.225418
9.92917e-12	-0.225943
9.93008e-12	-0.226467
9.93098e-12	-0.226991
9.93188e-12	-0.227514
9.93278e-12	-0.228036
9.93369e-12	-0.228557
9.93459e-12	-0.229078
9.93549e-12	-0.229598
9.9364e-12	-0.230117
9.9373e-12	-0.230635
9.9382e-12	-0.231153
9.9391e-12	-0.231669
9.94001e-12	-0.232185
9.94091e-12	-0.232701
9.94181e-12	-0.233215
9.94271e-12	-0.233729
9.94362e-12	-0.234242
9.94452e-12	-0.234754
9.94542e-12	-0.235266
9.94632e-12	-0.235776
9.94723e-12	-0.236286
9.94813e-12	-0.236796
9.94903e-12	-0.237304
9.94994e-12	-0.237812
9.95084e-12	-0.238319
9.95174e-12	-0.238825
9.95264e-12	-0.23933
9.95355e-12	-0.239835
9.95445e-12	-0.240338
9.95535e-12	-0.240842
9.95625e-12	-0.241344
9.95716e-12	-0.241845
9.95806e-12	-0.242346
9.95896e-12	-0.242846
9.95987e-12	-0.243345
9.96077e-12	-0.243844
9.96167e-12	-0.244342
9.96257e-12	-0.244838
9.96348e-12	-0.245335
9.96438e-12	-0.24583
9.96528e-12	-0.246325
9.96618e-12	-0.246818
9.96709e-12	-0.247312
9.96799e-12	-0.247804
9.96889e-12	-0.248295
9.9698e-12	-0.248786
9.9707e-12	-0.249276
9.9716e-12	-0.249765
9.9725e-12	-0.250254
9.97341e-12	-0.250742
9.97431e-12	-0.251229
9.97521e-12	-0.251715
9.97611e-12	-0.2522
9.97702e-12	-0.252685
9.97792e-12	-0.253168
9.97882e-12	-0.253651
9.97972e-12	-0.254134
9.98063e-12	-0.254615
9.98153e-12	-0.255096
9.98243e-12	-0.255576
9.98334e-12	-0.256055
9.98424e-12	-0.256534
9.98514e-12	-0.257011
9.98604e-12	-0.257488
9.98695e-12	-0.257964
9.98785e-12	-0.258439
9.98875e-12	-0.258914
9.98965e-12	-0.259388
9.99056e-12	-0.259861
9.99146e-12	-0.260333
9.99236e-12	-0.260804
9.99327e-12	-0.261275
9.99417e-12	-0.261745
9.99507e-12	-0.262214
9.99597e-12	-0.262682
9.99688e-12	-0.26315
9.99778e-12	-0.263617
9.99868e-12	-0.264083
9.99958e-12	-0.264548
1.00005e-11	-0.265012
1.00014e-11	-0.265476
1.00023e-11	-0.265939
1.00032e-11	-0.266401
1.00041e-11	-0.266862
1.0005e-11	-0.267323
1.00059e-11	-0.267782
1.00068e-11	-0.268241
1.00077e-11	-0.2687
1.00086e-11	-0.269157
1.00095e-11	-0.269614
1.00104e-11	-0.270069
1.00113e-11	-0.270525
1.00122e-11	-0.270979
1.00131e-11	-0.271432
1.0014e-11	-0.271885
1.00149e-11	-0.272337
1.00158e-11	-0.272788
1.00167e-11	-0.273238
1.00176e-11	-0.273688
1.00185e-11	-0.274137
1.00194e-11	-0.274585
1.00203e-11	-0.275032
1.00212e-11	-0.275479
1.00222e-11	-0.275924
1.00231e-11	-0.276369
1.0024e-11	-0.276813
1.00249e-11	-0.277257
1.00258e-11	-0.277699
1.00267e-11	-0.278141
1.00276e-11	-0.278582
1.00285e-11	-0.279022
1.00294e-11	-0.279461
1.00303e-11	-0.2799
1.00312e-11	-0.280338
1.00321e-11	-0.280775
1.0033e-11	-0.281211
1.00339e-11	-0.281647
1.00348e-11	-0.282081
1.00357e-11	-0.282515
1.00366e-11	-0.282948
1.00375e-11	-0.283381
1.00384e-11	-0.283812
1.00393e-11	-0.284243
1.00402e-11	-0.284673
1.00411e-11	-0.285102
1.0042e-11	-0.28553
1.00429e-11	-0.285958
1.00438e-11	-0.286385
1.00447e-11	-0.286811
1.00456e-11	-0.287236
1.00465e-11	-0.287661
1.00474e-11	-0.288084
1.00483e-11	-0.288507
1.00492e-11	-0.288929
1.00501e-11	-0.289351
1.0051e-11	-0.289771
1.00519e-11	-0.290191
1.00528e-11	-0.29061
1.00537e-11	-0.291028
1.00546e-11	-0.291445
1.00556e-11	-0.291862
1.00565e-11	-0.292278
1.00574e-11	-0.292693
1.00583e-11	-0.293107
1.00592e-11	-0.29352
1.00601e-11	-0.293933
1.0061e-11	-0.294345
1.00619e-11	-0.294756
1.00628e-11	-0.295166
1.00637e-11	-0.295575
1.00646e-11	-0.295984
1.00655e-11	-0.296392
1.00664e-11	-0.296799
1.00673e-11	-0.297205
1.00682e-11	-0.297611
1.00691e-11	-0.298016
1.007e-11	-0.298419
1.00709e-11	-0.298823
1.00718e-11	-0.299225
1.00727e-11	-0.299627
1.00736e-11	-0.300027
1.00745e-11	-0.300427
1.00754e-11	-0.300826
1.00763e-11	-0.301225
1.00772e-11	-0.301622
1.00781e-11	-0.302019
1.0079e-11	-0.302415
1.00799e-11	-0.302811
1.00808e-11	-0.303205
1.00817e-11	-0.303599
1.00826e-11	-0.303991
1.00835e-11	-0.304384
1.00844e-11	-0.304775
1.00853e-11	-0.305165
1.00862e-11	-0.305555
1.00871e-11	-0.305944
1.0088e-11	-0.306332
1.0089e-11	-0.306719
1.00899e-11	-0.307106
1.00908e-11	-0.307492
1.00917e-11	-0.307876
1.00926e-11	-0.308261
1.00935e-11	-0.308644
1.00944e-11	-0.309027
1.00953e-11	-0.309408
1.00962e-11	-0.309789
1.00971e-11	-0.310169
1.0098e-11	-0.310549
1.00989e-11	-0.310927
1.00998e-11	-0.311305
1.01007e-11	-0.311682
1.01016e-11	-0.312058
1.01025e-11	-0.312434
1.01034e-11	-0.312809
1.01043e-11	-0.313182
1.01052e-11	-0.313555
1.01061e-11	-0.313928
1.0107e-11	-0.314299
1.01079e-11	-0.31467
1.01088e-11	-0.31504
1.01097e-11	-0.315409
1.01106e-11	-0.315777
1.01115e-11	-0.316145
1.01124e-11	-0.316511
1.01133e-11	-0.316877
1.01142e-11	-0.317242
1.01151e-11	-0.317607
1.0116e-11	-0.31797
1.01169e-11	-0.318333
1.01178e-11	-0.318695
1.01187e-11	-0.319056
1.01196e-11	-0.319416
1.01205e-11	-0.319776
1.01214e-11	-0.320135
1.01224e-11	-0.320493
1.01233e-11	-0.32085
1.01242e-11	-0.321206
1.01251e-11	-0.321562
1.0126e-11	-0.321917
1.01269e-11	-0.322271
1.01278e-11	-0.322624
1.01287e-11	-0.322976
1.01296e-11	-0.323328
1.01305e-11	-0.323679
1.01314e-11	-0.324029
1.01323e-11	-0.324378
1.01332e-11	-0.324727
1.01341e-11	-0.325075
1.0135e-11	-0.325421
1.01359e-11	-0.325768
1.01368e-11	-0.326113
1.01377e-11	-0.326457
1.01386e-11	-0.326801
1.01395e-11	-0.327144
1.01404e-11	-0.327486
1.01413e-11	-0.327827
1.01422e-11	-0.328168
1.01431e-11	-0.328508
1.0144e-11	-0.328847
1.01449e-11	-0.329185
1.01458e-11	-0.329522
1.01467e-11	-0.329859
1.01476e-11	-0.330195
1.01485e-11	-0.33053
1.01494e-11	-0.330864
1.01503e-11	-0.331197
1.01512e-11	-0.33153
1.01521e-11	-0.331862
1.0153e-11	-0.332193
1.01539e-11	-0.332523
1.01548e-11	-0.332853
1.01557e-11	-0.333181
1.01567e-11	-0.333509
1.01576e-11	-0.333836
1.01585e-11	-0.334163
1.01594e-11	-0.334488
1.01603e-11	-0.334813
1.01612e-11	-0.335137
1.01621e-11	-0.33546
1.0163e-11	-0.335782
1.01639e-11	-0.336104
1.01648e-11	-0.336425
1.01657e-11	-0.336745
1.01666e-11	-0.337064
1.01675e-11	-0.337382
1.01684e-11	-0.3377
1.01693e-11	-0.338017
1.01702e-11	-0.338333
1.01711e-11	-0.338648
1.0172e-11	-0.338962
1.01729e-11	-0.339276
1.01738e-11	-0.339589
1.01747e-11	-0.339901
1.01756e-11	-0.340212
1.01765e-11	-0.340523
1.01774e-11	-0.340833
1.01783e-11	-0.341142
1.01792e-11	-0.34145
1.01801e-11	-0.341757
1.0181e-11	-0.342064
1.01819e-11	-0.342369
1.01828e-11	-0.342674
1.01837e-11	-0.342979
1.01846e-11	-0.343282
1.01855e-11	-0.343585
1.01864e-11	-0.343886
1.01873e-11	-0.344187
1.01882e-11	-0.344488
1.01891e-11	-0.344787
1.01901e-11	-0.345086
1.0191e-11	-0.345384
1.01919e-11	-0.345681
1.01928e-11	-0.345977
1.01937e-11	-0.346273
1.01946e-11	-0.346567
1.01955e-11	-0.346861
1.01964e-11	-0.347155
1.01973e-11	-0.347447
1.01982e-11	-0.347739
1.01991e-11	-0.348029
1.02e-11	-0.348319
1.02009e-11	-0.348609
1.02018e-11	-0.348897
1.02027e-11	-0.349185
1.02036e-11	-0.349472
1.02045e-11	-0.349758
1.02054e-11	-0.350043
1.02063e-11	-0.350328
1.02072e-11	-0.350611
1.02081e-11	-0.350894
1.0209e-11	-0.351177
1.02099e-11	-0.351458
1.02108e-11	-0.351739
1.02117e-11	-0.352018
1.02126e-11	-0.352298
1.02135e-11	-0.352576
1.02144e-11	-0.352853
1.02153e-11	-0.35313
1.02162e-11	-0.353406
1.02171e-11	-0.353681
1.0218e-11	-0.353955
1.02189e-11	-0.354229
1.02198e-11	-0.354502
1.02207e-11	-0.354774
1.02216e-11	-0.355045
1.02225e-11	-0.355315
1.02235e-11	-0.355585
1.02244e-11	-0.355854
1.02253e-11	-0.356122
1.02262e-11	-0.356389
1.02271e-11	-0.356656
1.0228e-11	-0.356922
1.02289e-11	-0.357187
1.02298e-11	-0.357451
1.02307e-11	-0.357714
1.02316e-11	-0.357977
1.02325e-11	-0.358239
1.02334e-11	-0.3585
1.02343e-11	-0.35876
1.02352e-11	-0.35902
1.02361e-11	-0.359278
1.0237e-11	-0.359536
1.02379e-11	-0.359793
1.02388e-11	-0.36005
1.02397e-11	-0.360305
1.02406e-11	-0.36056
1.02415e-11	-0.360814
1.02424e-11	-0.361068
1.02433e-11	-0.36132
1.02442e-11	-0.361572
1.02451e-11	-0.361823
1.0246e-11	-0.362073
1.02469e-11	-0.362323
1.02478e-11	-0.362571
1.02487e-11	-0.362819
1.02496e-11	-0.363066
1.02505e-11	-0.363312
1.02514e-11	-0.363558
1.02523e-11	-0.363803
1.02532e-11	-0.364047
1.02541e-11	-0.36429
1.0255e-11	-0.364532
1.02559e-11	-0.364774
1.02569e-11	-0.365015
1.02578e-11	-0.365255
1.02587e-11	-0.365494
1.02596e-11	-0.365733
1.02605e-11	-0.365971
1.02614e-11	-0.366208
1.02623e-11	-0.366444
1.02632e-11	-0.366679
1.02641e-11	-0.366914
1.0265e-11	-0.367148
1.02659e-11	-0.367381
1.02668e-11	-0.367614
1.02677e-11	-0.367845
1.02686e-11	-0.368076
1.02695e-11	-0.368306
1.02704e-11	-0.368536
1.02713e-11	-0.368764
1.02722e-11	-0.368992
1.02731e-11	-0.369219
1.0274e-11	-0.369445
1.02749e-11	-0.369671
1.02758e-11	-0.369895
1.02767e-11	-0.370119
1.02776e-11	-0.370342
1.02785e-11	-0.370565
1.02794e-11	-0.370786
1.02803e-11	-0.371007
1.02812e-11	-0.371227
1.02821e-11	-0.371447
1.0283e-11	-0.371665
1.02839e-11	-0.371883
1.02848e-11	-0.3721
1.02857e-11	-0.372316
1.02866e-11	-0.372532
1.02875e-11	-0.372747
1.02884e-11	-0.372961
1.02893e-11	-0.373174
1.02903e-11	-0.373386
1.02912e-11	-0.373598
1.02921e-11	-0.373809
1.0293e-11	-0.374019
1.02939e-11	-0.374228
1.02948e-11	-0.374437
1.02957e-11	-0.374645
1.02966e-11	-0.374852
1.02975e-11	-0.375058
1.02984e-11	-0.375264
1.02993e-11	-0.375469
1.03002e-11	-0.375673
1.03011e-11	-0.375876
1.0302e-11	-0.376079
1.03029e-11	-0.37628
1.03038e-11	-0.376481
1.03047e-11	-0.376682
1.03056e-11	-0.376881
1.03065e-11	-0.37708
1.03074e-11	-0.377278
1.03083e-11	-0.377475
1.03092e-11	-0.377672
1.03101e-11	-0.377867
1.0311e-11	-0.378062
1.03119e-11	-0.378257
1.03128e-11	-0.37845
1.03137e-11	-0.378643
1.03146e-11	-0.378835
1.03155e-11	-0.379026
1.03164e-11	-0.379216
1.03173e-11	-0.379406
1.03182e-11	-0.379595
1.03191e-11	-0.379783
1.032e-11	-0.37997
1.03209e-11	-0.380157
1.03218e-11	-0.380343
1.03227e-11	-0.380528
1.03237e-11	-0.380713
1.03246e-11	-0.380896
1.03255e-11	-0.381079
1.03264e-11	-0.381261
1.03273e-11	-0.381443
1.03282e-11	-0.381623
1.03291e-11	-0.381803
1.033e-11	-0.381982
1.03309e-11	-0.382161
1.03318e-11	-0.382338
1.03327e-11	-0.382515
1.03336e-11	-0.382691
1.03345e-11	-0.382867
1.03354e-11	-0.383041
1.03363e-11	-0.383215
1.03372e-11	-0.383389
1.03381e-11	-0.383561
1.0339e-11	-0.383733
1.03399e-11	-0.383904
1.03408e-11	-0.384074
1.03417e-11	-0.384243
1.03426e-11	-0.384412
1.03435e-11	-0.38458
1.03444e-11	-0.384747
1.03453e-11	-0.384913
1.03462e-11	-0.385079
1.03471e-11	-0.385244
1.0348e-11	-0.385408
1.03489e-11	-0.385572
1.03498e-11	-0.385735
1.03507e-11	-0.385897
1.03516e-11	-0.386058
1.03525e-11	-0.386218
1.03534e-11	-0.386378
1.03543e-11	-0.386537
1.03552e-11	-0.386696
1.03561e-11	-0.386853
1.03571e-11	-0.38701
1.0358e-11	-0.387166
1.03589e-11	-0.387321
1.03598e-11	-0.387476
1.03607e-11	-0.38763
1.03616e-11	-0.387783
1.03625e-11	-0.387935
1.03634e-11	-0.388087
1.03643e-11	-0.388238
1.03652e-11	-0.388388
1.03661e-11	-0.388538
1.0367e-11	-0.388686
1.03679e-11	-0.388834
1.03688e-11	-0.388982
1.03697e-11	-0.389128
1.03706e-11	-0.389274
1.03715e-11	-0.389419
1.03724e-11	-0.389563
1.03733e-11	-0.389707
1.03742e-11	-0.38985
1.03751e-11	-0.389992
1.0376e-11	-0.390133
1.03769e-11	-0.390274
1.03778e-11	-0.390414
1.03787e-11	-0.390553
1.03796e-11	-0.390692
1.03805e-11	-0.390829
1.03814e-11	-0.390967
1.03823e-11	-0.391103
1.03832e-11	-0.391238
1.03841e-11	-0.391373
1.0385e-11	-0.391507
1.03859e-11	-0.391641
1.03868e-11	-0.391773
1.03877e-11	-0.391905
1.03886e-11	-0.392037
1.03895e-11	-0.392167
1.03905e-11	-0.392297
1.03914e-11	-0.392426
1.03923e-11	-0.392554
1.03932e-11	-0.392682
1.03941e-11	-0.392809
1.0395e-11	-0.392935
1.03959e-11	-0.39306
1.03968e-11	-0.393185
1.03977e-11	-0.393309
1.03986e-11	-0.393432
1.03995e-11	-0.393555
1.04004e-11	-0.393677
1.04013e-11	-0.393798
1.04022e-11	-0.393918
1.04031e-11	-0.394038
1.0404e-11	-0.394157
1.04049e-11	-0.394275
1.04058e-11	-0.394393
1.04067e-11	-0.39451
1.04076e-11	-0.394626
1.04085e-11	-0.394741
1.04094e-11	-0.394856
1.04103e-11	-0.39497
1.04112e-11	-0.395083
1.04121e-11	-0.395196
1.0413e-11	-0.395308
1.04139e-11	-0.395419
1.04148e-11	-0.395529
1.04157e-11	-0.395639
1.04166e-11	-0.395748
1.04175e-11	-0.395856
1.04184e-11	-0.395964
1.04193e-11	-0.396071
1.04202e-11	-0.396177
1.04211e-11	-0.396282
1.0422e-11	-0.396387
1.04229e-11	-0.396491
1.04238e-11	-0.396594
1.04248e-11	-0.396697
1.04257e-11	-0.396799
1.04266e-11	-0.3969
1.04275e-11	-0.397
1.04284e-11	-0.3971
1.04293e-11	-0.397199
1.04302e-11	-0.397298
1.04311e-11	-0.397395
1.0432e-11	-0.397492
1.04329e-11	-0.397589
1.04338e-11	-0.397684
1.04347e-11	-0.397779
1.04356e-11	-0.397873
1.04365e-11	-0.397967
1.04374e-11	-0.39806
1.04383e-11	-0.398152
1.04392e-11	-0.398243
1.04401e-11	-0.398334
1.0441e-11	-0.398424
1.04419e-11	-0.398513
1.04428e-11	-0.398602
1.04437e-11	-0.39869
1.04446e-11	-0.398777
1.04455e-11	-0.398863
1.04464e-11	-0.398949
1.04473e-11	-0.399034
1.04482e-11	-0.399119
1.04491e-11	-0.399202
1.045e-11	-0.399285
1.04509e-11	-0.399368
1.04518e-11	-0.399449
1.04527e-11	-0.39953
1.04536e-11	-0.399611
1.04545e-11	-0.39969
1.04554e-11	-0.399769
1.04563e-11	-0.399847
1.04572e-11	-0.399925
1.04582e-11	-0.400002
1.04591e-11	-0.400078
1.046e-11	-0.400153
1.04609e-11	-0.400228
1.04618e-11	-0.400302
1.04627e-11	-0.400376
1.04636e-11	-0.400448
1.04645e-11	-0.40052
1.04654e-11	-0.400592
1.04663e-11	-0.400662
1.04672e-11	-0.400732
1.04681e-11	-0.400802
1.0469e-11	-0.40087
1.04699e-11	-0.400938
1.04708e-11	-0.401005
1.04717e-11	-0.401072
1.04726e-11	-0.401138
1.04735e-11	-0.401203
1.04744e-11	-0.401268
1.04753e-11	-0.401331
1.04762e-11	-0.401395
1.04771e-11	-0.401457
1.0478e-11	-0.401519
1.04789e-11	-0.40158
1.04798e-11	-0.401641
1.04807e-11	-0.4017
1.04816e-11	-0.401759
1.04825e-11	-0.401818
1.04834e-11	-0.401876
1.04843e-11	-0.401933
1.04852e-11	-0.401989
1.04861e-11	-0.402045
1.0487e-11	-0.4021
1.04879e-11	-0.402154
1.04888e-11	-0.402208
1.04897e-11	-0.402261
1.04906e-11	-0.402314
1.04916e-11	-0.402365
1.04925e-11	-0.402416
1.04934e-11	-0.402467
1.04943e-11	-0.402517
1.04952e-11	-0.402566
1.04961e-11	-0.402614
1.0497e-11	-0.402662
1.04979e-11	-0.402709
1.04988e-11	-0.402755
1.04997e-11	-0.402801
1.05006e-11	-0.402846
1.05015e-11	-0.402891
1.05024e-11	-0.402934
1.05033e-11	-0.402977
1.05042e-11	-0.40302
1.05051e-11	-0.403062
1.0506e-11	-0.403103
1.05069e-11	-0.403143
1.05078e-11	-0.403183
1.05087e-11	-0.403222
1.05096e-11	-0.403261
1.05105e-11	-0.403299
1.05114e-11	-0.403336
1.05123e-11	-0.403372
1.05132e-11	-0.403408
1.05141e-11	-0.403443
1.0515e-11	-0.403478
1.05159e-11	-0.403512
1.05168e-11	-0.403545
1.05177e-11	-0.403578
1.05186e-11	-0.40361
1.05195e-11	-0.403641
1.05204e-11	-0.403671
1.05213e-11	-0.403701
1.05222e-11	-0.403731
1.05231e-11	-0.403759
1.0524e-11	-0.403788
1.0525e-11	-0.403815
1.05259e-11	-0.403842
1.05268e-11	-0.403868
1.05277e-11	-0.403893
1.05286e-11	-0.403918
1.05295e-11	-0.403942
1.05304e-11	-0.403966
1.05313e-11	-0.403989
1.05322e-11	-0.404011
1.05331e-11	-0.404032
1.0534e-11	-0.404053
1.05349e-11	-0.404074
1.05358e-11	-0.404093
1.05367e-11	-0.404112
1.05376e-11	-0.404131
1.05385e-11	-0.404149
1.05394e-11	-0.404166
1.05403e-11	-0.404182
1.05412e-11	-0.404198
1.05421e-11	-0.404213
1.0543e-11	-0.404228
1.05439e-11	-0.404242
1.05448e-11	-0.404255
1.05457e-11	-0.404268
1.05466e-11	-0.40428
1.05475e-11	-0.404291
1.05484e-11	-0.404302
1.05493e-11	-0.404312
1.05502e-11	-0.404322
1.05511e-11	-0.40433
1.0552e-11	-0.404339
1.05529e-11	-0.404346
1.05538e-11	-0.404353
1.05547e-11	-0.40436
1.05556e-11	-0.404365
1.05565e-11	-0.40437
1.05574e-11	-0.404375
1.05584e-11	-0.404379
1.05593e-11	-0.404382
1.05602e-11	-0.404385
1.05611e-11	-0.404387
1.0562e-11	-0.404388
1.05629e-11	-0.404389
1.05638e-11	-0.404389
1.05647e-11	-0.404388
1.05656e-11	-0.404387
1.05665e-11	-0.404385
1.05674e-11	-0.404383
1.05683e-11	-0.40438
1.05692e-11	-0.404377
1.05701e-11	-0.404372
1.0571e-11	-0.404367
1.05719e-11	-0.404362
1.05728e-11	-0.404356
1.05737e-11	-0.404349
1.05746e-11	-0.404342
1.05755e-11	-0.404334
1.05764e-11	-0.404325
1.05773e-11	-0.404316
1.05782e-11	-0.404307
1.05791e-11	-0.404296
1.058e-11	-0.404285
1.05809e-11	-0.404274
1.05818e-11	-0.404261
1.05827e-11	-0.404249
1.05836e-11	-0.404235
1.05845e-11	-0.404221
1.05854e-11	-0.404207
1.05863e-11	-0.404191
1.05872e-11	-0.404176
1.05881e-11	-0.404159
1.0589e-11	-0.404142
1.05899e-11	-0.404124
1.05908e-11	-0.404106
1.05918e-11	-0.404087
1.05927e-11	-0.404068
1.05936e-11	-0.404048
1.05945e-11	-0.404027
1.05954e-11	-0.404006
1.05963e-11	-0.403984
1.05972e-11	-0.403962
1.05981e-11	-0.403938
1.0599e-11	-0.403915
1.05999e-11	-0.403891
1.06008e-11	-0.403866
1.06017e-11	-0.40384
1.06026e-11	-0.403814
1.06035e-11	-0.403788
1.06044e-11	-0.40376
1.06053e-11	-0.403733
1.06062e-11	-0.403704
1.06071e-11	-0.403675
1.0608e-11	-0.403646
1.06089e-11	-0.403615
1.06098e-11	-0.403585
1.06107e-11	-0.403553
1.06116e-11	-0.403521
1.06125e-11	-0.403489
1.06134e-11	-0.403456
1.06143e-11	-0.403422
1.06152e-11	-0.403388
1.06161e-11	-0.403353
1.0617e-11	-0.403317
1.06179e-11	-0.403281
1.06188e-11	-0.403245
1.06197e-11	-0.403207
1.06206e-11	-0.40317
1.06215e-11	-0.403131
1.06224e-11	-0.403092
1.06233e-11	-0.403053
1.06242e-11	-0.403013
1.06252e-11	-0.402972
1.06261e-11	-0.402931
1.0627e-11	-0.402889
1.06279e-11	-0.402846
1.06288e-11	-0.402803
1.06297e-11	-0.40276
1.06306e-11	-0.402716
1.06315e-11	-0.402671
1.06324e-11	-0.402626
1.06333e-11	-0.40258
1.06342e-11	-0.402533
1.06351e-11	-0.402486
1.0636e-11	-0.402439
1.06369e-11	-0.40239
1.06378e-11	-0.402342
1.06387e-11	-0.402292
1.06396e-11	-0.402243
1.06405e-11	-0.402192
1.06414e-11	-0.402141
1.06423e-11	-0.40209
1.06432e-11	-0.402037
1.06441e-11	-0.401985
1.0645e-11	-0.401932
1.06459e-11	-0.401878
1.06468e-11	-0.401823
1.06477e-11	-0.401768
1.06486e-11	-0.401713
1.06495e-11	-0.401657
1.06504e-11	-0.4016
1.06513e-11	-0.401543
1.06522e-11	-0.401485
1.06531e-11	-0.401427
1.0654e-11	-0.401368
1.06549e-11	-0.401309
1.06558e-11	-0.401249
1.06567e-11	-0.401188
1.06576e-11	-0.401127
1.06585e-11	-0.401065
1.06595e-11	-0.401003
1.06604e-11	-0.400941
1.06613e-11	-0.400877
1.06622e-11	-0.400813
1.06631e-11	-0.400749
1.0664e-11	-0.400684
1.06649e-11	-0.400619
1.06658e-11	-0.400553
1.06667e-11	-0.400486
1.06676e-11	-0.400419
1.06685e-11	-0.400351
1.06694e-11	-0.400283
1.06703e-11	-0.400214
1.06712e-11	-0.400145
1.06721e-11	-0.400075
1.0673e-11	-0.400005
1.06739e-11	-0.399934
1.06748e-11	-0.399862
1.06757e-11	-0.39979
1.06766e-11	-0.399718
1.06775e-11	-0.399645
1.06784e-11	-0.399571
1.06793e-11	-0.399497
1.06802e-11	-0.399422
1.06811e-11	-0.399347
1.0682e-11	-0.399271
1.06829e-11	-0.399195
1.06838e-11	-0.399118
1.06847e-11	-0.39904
1.06856e-11	-0.398962
1.06865e-11	-0.398884
1.06874e-11	-0.398805
1.06883e-11	-0.398726
1.06892e-11	-0.398645
1.06901e-11	-0.398565
1.0691e-11	-0.398484
1.06919e-11	-0.398402
1.06929e-11	-0.39832
1.06938e-11	-0.398237
1.06947e-11	-0.398154
1.06956e-11	-0.39807
1.06965e-11	-0.397986
1.06974e-11	-0.397901
1.06983e-11	-0.397816
1.06992e-11	-0.39773
1.07001e-11	-0.397644
1.0701e-11	-0.397557
1.07019e-11	-0.39747
1.07028e-11	-0.397382
1.07037e-11	-0.397293
1.07046e-11	-0.397204
1.07055e-11	-0.397115
1.07064e-11	-0.397025
1.07073e-11	-0.396934
1.07082e-11	-0.396843
1.07091e-11	-0.396752
1.071e-11	-0.39666
1.07109e-11	-0.396567
1.07118e-11	-0.396474
1.07127e-11	-0.39638
1.07136e-11	-0.396286
1.07145e-11	-0.396192
1.07154e-11	-0.396097
1.07163e-11	-0.396001
1.07172e-11	-0.395905
1.07181e-11	-0.395808
1.0719e-11	-0.395711
1.07199e-11	-0.395613
1.07208e-11	-0.395515
1.07217e-11	-0.395417
1.07226e-11	-0.395317
1.07235e-11	-0.395218
1.07244e-11	-0.395118
1.07253e-11	-0.395017
1.07263e-11	-0.394916
1.07272e-11	-0.394814
1.07281e-11	-0.394712
1.0729e-11	-0.394609
1.07299e-11	-0.394506
1.07308e-11	-0.394402
1.07317e-11	-0.394298
1.07326e-11	-0.394194
1.07335e-11	-0.394088
1.07344e-11	-0.393983
1.07353e-11	-0.393877
1.07362e-11	-0.39377
1.07371e-11	-0.393663
1.0738e-11	-0.393555
1.07389e-11	-0.393447
1.07398e-11	-0.393338
1.07407e-11	-0.393229
1.07416e-11	-0.39312
1.07425e-11	-0.39301
1.07434e-11	-0.392899
1.07443e-11	-0.392788
1.07452e-11	-0.392676
1.07461e-11	-0.392564
1.0747e-11	-0.392452
1.07479e-11	-0.392339
1.07488e-11	-0.392225
1.07497e-11	-0.392112
1.07506e-11	-0.391997
1.07515e-11	-0.391882
1.07524e-11	-0.391767
1.07533e-11	-0.391651
1.07542e-11	-0.391535
1.07551e-11	-0.391418
1.0756e-11	-0.3913
1.07569e-11	-0.391183
1.07578e-11	-0.391064
1.07587e-11	-0.390946
1.07597e-11	-0.390826
1.07606e-11	-0.390707
1.07615e-11	-0.390586
1.07624e-11	-0.390466
1.07633e-11	-0.390345
1.07642e-11	-0.390223
1.07651e-11	-0.390101
1.0766e-11	-0.389979
1.07669e-11	-0.389856
1.07678e-11	-0.389732
1.07687e-11	-0.389608
1.07696e-11	-0.389484
1.07705e-11	-0.389359
1.07714e-11	-0.389234
1.07723e-11	-0.389108
1.07732e-11	-0.388982
1.07741e-11	-0.388855
1.0775e-11	-0.388728
1.07759e-11	-0.3886
1.07768e-11	-0.388472
1.07777e-11	-0.388343
1.07786e-11	-0.388214
1.07795e-11	-0.388085
1.07804e-11	-0.387955
1.07813e-11	-0.387825
1.07822e-11	-0.387694
1.07831e-11	-0.387562
1.0784e-11	-0.387431
1.07849e-11	-0.387299
1.07858e-11	-0.387166
1.07867e-11	-0.387033
1.07876e-11	-0.386899
1.07885e-11	-0.386765
1.07894e-11	-0.386631
1.07903e-11	-0.386496
1.07912e-11	-0.38636
1.07921e-11	-0.386225
1.07931e-11	-0.386088
1.0794e-11	-0.385952
1.07949e-11	-0.385814
1.07958e-11	-0.385677
1.07967e-11	-0.385539
1.07976e-11	-0.3854
1.07985e-11	-0.385261
1.07994e-11	-0.385122
1.08003e-11	-0.384982
1.08012e-11	-0.384842
1.08021e-11	-0.384701
1.0803e-11	-0.38456
1.08039e-11	-0.384419
1.08048e-11	-0.384277
1.08057e-11	-0.384134
1.08066e-11	-0.383991
1.08075e-11	-0.383848
1.08084e-11	-0.383704
1.08093e-11	-0.38356
1.08102e-11	-0.383415
1.08111e-11	-0.38327
1.0812e-11	-0.383125
1.08129e-11	-0.382979
1.08138e-11	-0.382833
1.08147e-11	-0.382686
1.08156e-11	-0.382539
1.08165e-11	-0.382391
1.08174e-11	-0.382243
1.08183e-11	-0.382094
1.08192e-11	-0.381945
1.08201e-11	-0.381796
1.0821e-11	-0.381646
1.08219e-11	-0.381496
1.08228e-11	-0.381346
1.08237e-11	-0.381194
1.08246e-11	-0.381043
1.08255e-11	-0.380891
1.08265e-11	-0.380739
1.08274e-11	-0.380586
1.08283e-11	-0.380433
1.08292e-11	-0.380279
1.08301e-11	-0.380125
1.0831e-11	-0.379971
1.08319e-11	-0.379816
1.08328e-11	-0.379661
1.08337e-11	-0.379505
1.08346e-11	-0.379349
1.08355e-11	-0.379193
1.08364e-11	-0.379036
1.08373e-11	-0.378879
1.08382e-11	-0.378721
1.08391e-11	-0.378563
1.084e-11	-0.378404
1.08409e-11	-0.378246
1.08418e-11	-0.378086
1.08427e-11	-0.377927
1.08436e-11	-0.377766
1.08445e-11	-0.377606
1.08454e-11	-0.377445
1.08463e-11	-0.377284
1.08472e-11	-0.377122
1.08481e-11	-0.37696
1.0849e-11	-0.376797
1.08499e-11	-0.376634
1.08508e-11	-0.376471
1.08517e-11	-0.376307
1.08526e-11	-0.376143
1.08535e-11	-0.375978
1.08544e-11	-0.375813
1.08553e-11	-0.375648
1.08562e-11	-0.375482
1.08571e-11	-0.375316
1.0858e-11	-0.37515
1.08589e-11	-0.374983
1.08599e-11	-0.374815
1.08608e-11	-0.374648
1.08617e-11	-0.37448
1.08626e-11	-0.374311
1.08635e-11	-0.374142
1.08644e-11	-0.373973
1.08653e-11	-0.373803
1.08662e-11	-0.373633
1.08671e-11	-0.373463
1.0868e-11	-0.373292
1.08689e-11	-0.373121
1.08698e-11	-0.372949
1.08707e-11	-0.372777
1.08716e-11	-0.372605
1.08725e-11	-0.372432
1.08734e-11	-0.372259
1.08743e-11	-0.372086
1.08752e-11	-0.371912
1.08761e-11	-0.371737
1.0877e-11	-0.371563
1.08779e-11	-0.371388
1.08788e-11	-0.371212
1.08797e-11	-0.371037
1.08806e-11	-0.370861
1.08815e-11	-0.370684
1.08824e-11	-0.370507
1.08833e-11	-0.37033
1.08842e-11	-0.370152
1.08851e-11	-0.369974
1.0886e-11	-0.369796
1.08869e-11	-0.369617
1.08878e-11	-0.369438
1.08887e-11	-0.369259
1.08896e-11	-0.369079
1.08905e-11	-0.368898
1.08914e-11	-0.368718
1.08923e-11	-0.368537
1.08933e-11	-0.368356
1.08942e-11	-0.368174
1.08951e-11	-0.367992
1.0896e-11	-0.36781
1.08969e-11	-0.367627
1.08978e-11	-0.367444
1.08987e-11	-0.36726
1.08996e-11	-0.367076
1.09005e-11	-0.366892
1.09014e-11	-0.366708
1.09023e-11	-0.366523
1.09032e-11	-0.366337
1.09041e-11	-0.366152
1.0905e-11	-0.365966
1.09059e-11	-0.365779
1.09068e-11	-0.365593
1.09077e-11	-0.365406
1.09086e-11	-0.365218
1.09095e-11	-0.365031
1.09104e-11	-0.364842
1.09113e-11	-0.364654
1.09122e-11	-0.364465
1.09131e-11	-0.364276
1.0914e-11	-0.364087
1.09149e-11	-0.363897
1.09158e-11	-0.363706
1.09167e-11	-0.363516
1.09176e-11	-0.363325
1.09185e-11	-0.363134
1.09194e-11	-0.362942
1.09203e-11	-0.36275
1.09212e-11	-0.362558
1.09221e-11	-0.362366
1.0923e-11	-0.362173
1.09239e-11	-0.361979
1.09248e-11	-0.361786
1.09257e-11	-0.361592
1.09266e-11	-0.361398
1.09276e-11	-0.361203
1.09285e-11	-0.361008
1.09294e-11	-0.360813
1.09303e-11	-0.360617
1.09312e-11	-0.360421
1.09321e-11	-0.360225
1.0933e-11	-0.360028
1.09339e-11	-0.359831
1.09348e-11	-0.359634
1.09357e-11	-0.359436
1.09366e-11	-0.359238
1.09375e-11	-0.35904
1.09384e-11	-0.358842
1.09393e-11	-0.358643
1.09402e-11	-0.358443
1.09411e-11	-0.358244
1.0942e-11	-0.358044
1.09429e-11	-0.357844
1.09438e-11	-0.357643
1.09447e-11	-0.357442
1.09456e-11	-0.357241
1.09465e-11	-0.35704
1.09474e-11	-0.356838
1.09483e-11	-0.356636
1.09492e-11	-0.356433
1.09501e-11	-0.35623
1.0951e-11	-0.356027
1.09519e-11	-0.355824
1.09528e-11	-0.35562
1.09537e-11	-0.355416
1.09546e-11	-0.355212
1.09555e-11	-0.355007
1.09564e-11	-0.354802
1.09573e-11	-0.354597
1.09582e-11	-0.354391
1.09591e-11	-0.354185
1.096e-11	-0.353979
1.0961e-11	-0.353772
1.09619e-11	-0.353566
1.09628e-11	-0.353358
1.09637e-11	-0.353151
1.09646e-11	-0.352943
1.09655e-11	-0.352735
1.09664e-11	-0.352527
1.09673e-11	-0.352318
1.09682e-11	-0.352109
1.09691e-11	-0.3519
1.097e-11	-0.35169
1.09709e-11	-0.35148
1.09718e-11	-0.35127
1.09727e-11	-0.35106
1.09736e-11	-0.350849
1.09745e-11	-0.350638
1.09754e-11	-0.350426
1.09763e-11	-0.350215
1.09772e-11	-0.350003
1.09781e-11	-0.349791
1.0979e-11	-0.349578
1.09799e-11	-0.349365
1.09808e-11	-0.349152
1.09817e-11	-0.348939
1.09826e-11	-0.348725
1.09835e-11	-0.348511
1.09844e-11	-0.348296
1.09853e-11	-0.348082
1.09862e-11	-0.347867
1.09871e-11	-0.347652
1.0988e-11	-0.347436
1.09889e-11	-0.347221
1.09898e-11	-0.347005
1.09907e-11	-0.346788
1.09916e-11	-0.346572
1.09925e-11	-0.346355
1.09934e-11	-0.346138
1.09944e-11	-0.34592
1.09953e-11	-0.345702
1.09962e-11	-0.345484
1.09971e-11	-0.345266
1.0998e-11	-0.345048
1.09989e-11	-0.344829
1.09998e-11	-0.34461
1.10007e-11	-0.34439
1.10016e-11	-0.344171
1.10025e-11	-0.343951
1.10034e-11	-0.34373
1.10043e-11	-0.34351
1.10052e-11	-0.343289
1.10061e-11	-0.343068
1.1007e-11	-0.342847
1.10079e-11	-0.342625
1.10088e-11	-0.342404
1.10097e-11	-0.342181
1.10106e-11	-0.341959
1.10115e-11	-0.341736
1.10124e-11	-0.341513
1.10133e-11	-0.34129
1.10142e-11	-0.341067
1.10151e-11	-0.340843
1.1016e-11	-0.340619
1.10169e-11	-0.340395
1.10178e-11	-0.34017
1.10187e-11	-0.339946
1.10196e-11	-0.339721
1.10205e-11	-0.339495
1.10214e-11	-0.33927
1.10223e-11	-0.339044
1.10232e-11	-0.338818
1.10241e-11	-0.338592
1.1025e-11	-0.338365
1.10259e-11	-0.338138
1.10268e-11	-0.337911
1.10278e-11	-0.337684
1.10287e-11	-0.337456
1.10296e-11	-0.337228
1.10305e-11	-0.337
1.10314e-11	-0.336772
1.10323e-11	-0.336543
1.10332e-11	-0.336315
1.10341e-11	-0.336085
1.1035e-11	-0.335856
1.10359e-11	-0.335626
1.10368e-11	-0.335397
1.10377e-11	-0.335167
1.10386e-11	-0.334936
1.10395e-11	-0.334706
1.10404e-11	-0.334475
1.10413e-11	-0.334244
1.10422e-11	-0.334012
1.10431e-11	-0.333781
1.1044e-11	-0.333549
1.10449e-11	-0.333317
1.10458e-11	-0.333085
1.10467e-11	-0.332852
1.10476e-11	-0.33262
1.10485e-11	-0.332387
1.10494e-11	-0.332153
1.10503e-11	-0.33192
1.10512e-11	-0.331686
1.10521e-11	-0.331452
1.1053e-11	-0.331218
1.10539e-11	-0.330984
1.10548e-11	-0.330749
1.10557e-11	-0.330514
1.10566e-11	-0.330279
1.10575e-11	-0.330044
1.10584e-11	-0.329808
1.10593e-11	-0.329573
1.10602e-11	-0.329337
1.10612e-11	-0.3291
1.10621e-11	-0.328864
1.1063e-11	-0.328627
1.10639e-11	-0.32839
1.10648e-11	-0.328153
1.10657e-11	-0.327916
1.10666e-11	-0.327678
1.10675e-11	-0.32744
1.10684e-11	-0.327202
1.10693e-11	-0.326964
1.10702e-11	-0.326726
1.10711e-11	-0.326487
1.1072e-11	-0.326248
1.10729e-11	-0.326009
1.10738e-11	-0.32577
1.10747e-11	-0.32553
1.10756e-11	-0.32529
1.10765e-11	-0.32505
1.10774e-11	-0.32481
1.10783e-11	-0.32457
1.10792e-11	-0.324329
1.10801e-11	-0.324088
1.1081e-11	-0.323847
1.10819e-11	-0.323606
1.10828e-11	-0.323364
1.10837e-11	-0.323123
1.10846e-11	-0.322881
1.10855e-11	-0.322639
1.10864e-11	-0.322397
1.10873e-11	-0.322154
1.10882e-11	-0.321911
1.10891e-11	-0.321668
1.109e-11	-0.321425
1.10909e-11	-0.321182
1.10918e-11	-0.320938
1.10927e-11	-0.320695
1.10936e-11	-0.320451
1.10946e-11	-0.320207
1.10955e-11	-0.319962
1.10964e-11	-0.319718
1.10973e-11	-0.319473
1.10982e-11	-0.319228
1.10991e-11	-0.318983
1.11e-11	-0.318738
1.11009e-11	-0.318492
1.11018e-11	-0.318246
1.11027e-11	-0.318
1.11036e-11	-0.317754
1.11045e-11	-0.317508
1.11054e-11	-0.317261
1.11063e-11	-0.317015
1.11072e-11	-0.316768
1.11081e-11	-0.316521
1.1109e-11	-0.316274
1.11099e-11	-0.316026
1.11108e-11	-0.315778
1.11117e-11	-0.315531
1.11126e-11	-0.315283
1.11135e-11	-0.315034
1.11144e-11	-0.314786
1.11153e-11	-0.314537
1.11162e-11	-0.314289
1.11171e-11	-0.31404
1.1118e-11	-0.313791
1.11189e-11	-0.313541
1.11198e-11	-0.313292
1.11207e-11	-0.313042
1.11216e-11	-0.312792
1.11225e-11	-0.312542
1.11234e-11	-0.312292
1.11243e-11	-0.312042
1.11252e-11	-0.311791
1.11261e-11	-0.31154
1.1127e-11	-0.31129
1.1128e-11	-0.311038
1.11289e-11	-0.310787
1.11298e-11	-0.310536
1.11307e-11	-0.310284
1.11316e-11	-0.310032
1.11325e-11	-0.30978
1.11334e-11	-0.309528
1.11343e-11	-0.309276
1.11352e-11	-0.309024
1.11361e-11	-0.308771
1.1137e-11	-0.308518
1.11379e-11	-0.308265
1.11388e-11	-0.308012
1.11397e-11	-0.307759
1.11406e-11	-0.307505
1.11415e-11	-0.307252
1.11424e-11	-0.306998
1.11433e-11	-0.306744
1.11442e-11	-0.30649
1.11451e-11	-0.306235
1.1146e-11	-0.305981
1.11469e-11	-0.305726
1.11478e-11	-0.305472
1.11487e-11	-0.305217
1.11496e-11	-0.304962
1.11505e-11	-0.304706
1.11514e-11	-0.304451
1.11523e-11	-0.304195
1.11532e-11	-0.30394
1.11541e-11	-0.303684
1.1155e-11	-0.303428
1.11559e-11	-0.303172
1.11568e-11	-0.302915
1.11577e-11	-0.302659
1.11586e-11	-0.302402
1.11595e-11	-0.302146
1.11604e-11	-0.301889
1.11614e-11	-0.301631
1.11623e-11	-0.301374
1.11632e-11	-0.301117
1.11641e-11	-0.300859
1.1165e-11	-0.300602
1.11659e-11	-0.300344
1.11668e-11	-0.300086
1.11677e-11	-0.299828
1.11686e-11	-0.29957
1.11695e-11	-0.299311
1.11704e-11	-0.299053
1.11713e-11	-0.298794
1.11722e-11	-0.298535
1.11731e-11	-0.298276
1.1174e-11	-0.298017
1.11749e-11	-0.297758
1.11758e-11	-0.297498
1.11767e-11	-0.297239
1.11776e-11	-0.296979
1.11785e-11	-0.296719
1.11794e-11	-0.296459
1.11803e-11	-0.296199
1.11812e-11	-0.295939
1.11821e-11	-0.295679
1.1183e-11	-0.295418
1.11839e-11	-0.295158
1.11848e-11	-0.294897
1.11857e-11	-0.294636
1.11866e-11	-0.294375
1.11875e-11	-0.294114
1.11884e-11	-0.293853
1.11893e-11	-0.293591
1.11902e-11	-0.29333
1.11911e-11	-0.293068
1.1192e-11	-0.292806
1.11929e-11	-0.292544
1.11938e-11	-0.292282
1.11947e-11	-0.29202
1.11957e-11	-0.291758
1.11966e-11	-0.291496
1.11975e-11	-0.291233
1.11984e-11	-0.29097
1.11993e-11	-0.290708
1.12002e-11	-0.290445
1.12011e-11	-0.290182
1.1202e-11	-0.289919
1.12029e-11	-0.289655
1.12038e-11	-0.289392
1.12047e-11	-0.289129
1.12056e-11	-0.288865
1.12065e-11	-0.288601
1.12074e-11	-0.288337
1.12083e-11	-0.288073
1.12092e-11	-0.287809
1.12101e-11	-0.287545
1.1211e-11	-0.287281
1.12119e-11	-0.287017
1.12128e-11	-0.286752
1.12137e-11	-0.286487
1.12146e-11	-0.286223
1.12155e-11	-0.285958
1.12164e-11	-0.285693
1.12173e-11	-0.285428
1.12182e-11	-0.285163
1.12191e-11	-0.284897
1.122e-11	-0.284632
1.12209e-11	-0.284366
1.12218e-11	-0.284101
1.12227e-11	-0.283835
1.12236e-11	-0.283569
1.12245e-11	-0.283303
1.12254e-11	-0.283037
1.12263e-11	-0.282771
1.12272e-11	-0.282505
1.12281e-11	-0.282239
1.12291e-11	-0.281972
1.123e-11	-0.281706
1.12309e-11	-0.281439
1.12318e-11	-0.281172
1.12327e-11	-0.280906
1.12336e-11	-0.280639
1.12345e-11	-0.280372
1.12354e-11	-0.280105
1.12363e-11	-0.279837
1.12372e-11	-0.27957
1.12381e-11	-0.279303
1.1239e-11	-0.279035
1.12399e-11	-0.278768
1.12408e-11	-0.2785
1.12417e-11	-0.278232
1.12426e-11	-0.277964
1.12435e-11	-0.277696
1.12444e-11	-0.277428
1.12453e-11	-0.27716
1.12462e-11	-0.276892
1.12471e-11	-0.276624
1.1248e-11	-0.276355
1.12489e-11	-0.276087
1.12498e-11	-0.275818
1.12507e-11	-0.27555
1.12516e-11	-0.275281
1.12525e-11	-0.275012
1.12534e-11	-0.274743
1.12543e-11	-0.274474
1.12552e-11	-0.274205
1.12561e-11	-0.273936
1.1257e-11	-0.273667
1.12579e-11	-0.273398
1.12588e-11	-0.273128
1.12597e-11	-0.272859
1.12606e-11	-0.272589
1.12615e-11	-0.27232
1.12625e-11	-0.27205
1.12634e-11	-0.27178
1.12643e-11	-0.27151
1.12652e-11	-0.27124
1.12661e-11	-0.27097
1.1267e-11	-0.2707
1.12679e-11	-0.27043
1.12688e-11	-0.27016
1.12697e-11	-0.26989
1.12706e-11	-0.269619
1.12715e-11	-0.269349
1.12724e-11	-0.269078
1.12733e-11	-0.268808
1.12742e-11	-0.268537
1.12751e-11	-0.268266
1.1276e-11	-0.267996
1.12769e-11	-0.267725
1.12778e-11	-0.267454
1.12787e-11	-0.267183
1.12796e-11	-0.266912
1.12805e-11	-0.266641
1.12814e-11	-0.26637
1.12823e-11	-0.266098
1.12832e-11	-0.265827
1.12841e-11	-0.265556
1.1285e-11	-0.265284
1.12859e-11	-0.265013
1.12868e-11	-0.264741
1.12877e-11	-0.26447
1.12886e-11	-0.264198
1.12895e-11	-0.263926
1.12904e-11	-0.263655
1.12913e-11	-0.263383
1.12922e-11	-0.263111
1.12931e-11	-0.262839
1.1294e-11	-0.262567
1.12949e-11	-0.262295
1.12959e-11	-0.262023
1.12968e-11	-0.261751
1.12977e-11	-0.261478
1.12986e-11	-0.261206
1.12995e-11	-0.260934
1.13004e-11	-0.260661
1.13013e-11	-0.260389
1.13022e-11	-0.260116
1.13031e-11	-0.259844
1.1304e-11	-0.259571
1.13049e-11	-0.259299
1.13058e-11	-0.259026
1.13067e-11	-0.258753
1.13076e-11	-0.258481
1.13085e-11	-0.258208
1.13094e-11	-0.257935
1.13103e-11	-0.257662
1.13112e-11	-0.257389
1.13121e-11	-0.257116
1.1313e-11	-0.256843
1.13139e-11	-0.25657
1.13148e-11	-0.256297
1.13157e-11	-0.256024
1.13166e-11	-0.25575
1.13175e-11	-0.255477
1.13184e-11	-0.255204
1.13193e-11	-0.254931
1.13202e-11	-0.254657
1.13211e-11	-0.254384
1.1322e-11	-0.25411
1.13229e-11	-0.253837
1.13238e-11	-0.253563
1.13247e-11	-0.25329
1.13256e-11	-0.253016
1.13265e-11	-0.252743
1.13274e-11	-0.252469
1.13283e-11	-0.252195
1.13293e-11	-0.251922
1.13302e-11	-0.251648
1.13311e-11	-0.251374
1.1332e-11	-0.2511
1.13329e-11	-0.250826
1.13338e-11	-0.250552
1.13347e-11	-0.250279
1.13356e-11	-0.250005
1.13365e-11	-0.249731
1.13374e-11	-0.249457
1.13383e-11	-0.249183
1.13392e-11	-0.248909
1.13401e-11	-0.248635
1.1341e-11	-0.24836
1.13419e-11	-0.248086
1.13428e-11	-0.247812
1.13437e-11	-0.247538
1.13446e-11	-0.247264
1.13455e-11	-0.24699
1.13464e-11	-0.246715
1.13473e-11	-0.246441
1.13482e-11	-0.246167
1.13491e-11	-0.245892
1.135e-11	-0.245618
1.13509e-11	-0.245344
1.13518e-11	-0.245069
1.13527e-11	-0.244795
1.13536e-11	-0.244521
1.13545e-11	-0.244246
1.13554e-11	-0.243972
1.13563e-11	-0.243697
1.13572e-11	-0.243423
1.13581e-11	-0.243148
1.1359e-11	-0.242874
1.13599e-11	-0.242599
1.13608e-11	-0.242325
1.13617e-11	-0.24205
1.13627e-11	-0.241776
1.13636e-11	-0.241501
1.13645e-11	-0.241227
1.13654e-11	-0.240952
1.13663e-11	-0.240678
1.13672e-11	-0.240403
1.13681e-11	-0.240128
1.1369e-11	-0.239854
1.13699e-11	-0.239579
1.13708e-11	-0.239305
1.13717e-11	-0.23903
1.13726e-11	-0.238755
1.13735e-11	-0.238481
1.13744e-11	-0.238206
1.13753e-11	-0.237931
1.13762e-11	-0.237657
1.13771e-11	-0.237382
1.1378e-11	-0.237107
1.13789e-11	-0.236833
1.13798e-11	-0.236558
1.13807e-11	-0.236283
1.13816e-11	-0.236009
1.13825e-11	-0.235734
1.13834e-11	-0.235459
1.13843e-11	-0.235185
1.13852e-11	-0.23491
1.13861e-11	-0.234635
1.1387e-11	-0.234361
1.13879e-11	-0.234086
1.13888e-11	-0.233811
1.13897e-11	-0.233537
1.13906e-11	-0.233262
1.13915e-11	-0.232987
1.13924e-11	-0.232713
1.13933e-11	-0.232438
1.13942e-11	-0.232164
1.13951e-11	-0.231889
1.13961e-11	-0.231614
1.1397e-11	-0.23134
1.13979e-11	-0.231065
1.13988e-11	-0.230791
1.13997e-11	-0.230516
1.14006e-11	-0.230241
1.14015e-11	-0.229967
1.14024e-11	-0.229692
1.14033e-11	-0.229418
1.14042e-11	-0.229143
1.14051e-11	-0.228869
1.1406e-11	-0.228594
1.14069e-11	-0.22832
1.14078e-11	-0.228045
1.14087e-11	-0.227771
1.14096e-11	-0.227497
1.14105e-11	-0.227222
1.14114e-11	-0.226948
1.14123e-11	-0.226673
1.14132e-11	-0.226399
1.14141e-11	-0.226125
1.1415e-11	-0.22585
1.14159e-11	-0.225576
1.14168e-11	-0.225302
1.14177e-11	-0.225027
1.14186e-11	-0.224753
1.14195e-11	-0.224479
1.14204e-11	-0.224205
1.14213e-11	-0.223931
1.14222e-11	-0.223656
1.14231e-11	-0.223382
1.1424e-11	-0.223108
1.14249e-11	-0.222834
1.14258e-11	-0.22256
1.14267e-11	-0.222286
1.14276e-11	-0.222012
1.14285e-11	-0.221738
1.14294e-11	-0.221464
1.14304e-11	-0.22119
1.14313e-11	-0.220916
1.14322e-11	-0.220642
1.14331e-11	-0.220369
1.1434e-11	-0.220095
1.14349e-11	-0.219821
1.14358e-11	-0.219547
1.14367e-11	-0.219274
1.14376e-11	-0.219
1.14385e-11	-0.218726
1.14394e-11	-0.218453
1.14403e-11	-0.218179
1.14412e-11	-0.217905
1.14421e-11	-0.217632
1.1443e-11	-0.217358
1.14439e-11	-0.217085
1.14448e-11	-0.216811
1.14457e-11	-0.216538
1.14466e-11	-0.216265
1.14475e-11	-0.215991
1.14484e-11	-0.215718
1.14493e-11	-0.215445
1.14502e-11	-0.215172
1.14511e-11	-0.214899
1.1452e-11	-0.214625
1.14529e-11	-0.214352
1.14538e-11	-0.214079
1.14547e-11	-0.213806
1.14556e-11	-0.213533
1.14565e-11	-0.21326
1.14574e-11	-0.212988
1.14583e-11	-0.212715
1.14592e-11	-0.212442
1.14601e-11	-0.212169
1.1461e-11	-0.211896
1.14619e-11	-0.211624
1.14628e-11	-0.211351
1.14638e-11	-0.211079
1.14647e-11	-0.210806
1.14656e-11	-0.210534
1.14665e-11	-0.210261
1.14674e-11	-0.209989
1.14683e-11	-0.209716
1.14692e-11	-0.209444
1.14701e-11	-0.209172
1.1471e-11	-0.2089
1.14719e-11	-0.208628
1.14728e-11	-0.208356
1.14737e-11	-0.208083
1.14746e-11	-0.207811
1.14755e-11	-0.20754
1.14764e-11	-0.207268
1.14773e-11	-0.206996
1.14782e-11	-0.206724
1.14791e-11	-0.206452
1.148e-11	-0.206181
1.14809e-11	-0.205909
1.14818e-11	-0.205637
1.14827e-11	-0.205366
1.14836e-11	-0.205094
1.14845e-11	-0.204823
1.14854e-11	-0.204552
1.14863e-11	-0.20428
1.14872e-11	-0.204009
1.14881e-11	-0.203738
1.1489e-11	-0.203467
1.14899e-11	-0.203196
1.14908e-11	-0.202925
1.14917e-11	-0.202654
1.14926e-11	-0.202383
1.14935e-11	-0.202112
1.14944e-11	-0.201842
1.14953e-11	-0.201571
1.14962e-11	-0.2013
1.14972e-11	-0.20103
1.14981e-11	-0.200759
1.1499e-11	-0.200489
1.14999e-11	-0.200218
1.15008e-11	-0.199948
1.15017e-11	-0.199678
1.15026e-11	-0.199408
1.15035e-11	-0.199137
1.15044e-11	-0.198867
1.15053e-11	-0.198597
1.15062e-11	-0.198328
1.15071e-11	-0.198058
1.1508e-11	-0.197788
1.15089e-11	-0.197518
1.15098e-11	-0.197249
1.15107e-11	-0.196979
1.15116e-11	-0.196709
1.15125e-11	-0.19644
1.15134e-11	-0.196171
1.15143e-11	-0.195901
1.15152e-11	-0.195632
1.15161e-11	-0.195363
1.1517e-11	-0.195094
1.15179e-11	-0.194825
1.15188e-11	-0.194556
1.15197e-11	-0.194287
1.15206e-11	-0.194018
1.15215e-11	-0.19375
1.15224e-11	-0.193481
1.15233e-11	-0.193212
1.15242e-11	-0.192944
1.15251e-11	-0.192675
1.1526e-11	-0.192407
1.15269e-11	-0.192139
1.15278e-11	-0.191871
1.15287e-11	-0.191603
1.15296e-11	-0.191335
1.15306e-11	-0.191067
1.15315e-11	-0.190799
1.15324e-11	-0.190531
1.15333e-11	-0.190263
1.15342e-11	-0.189996
1.15351e-11	-0.189728
1.1536e-11	-0.189461
1.15369e-11	-0.189193
1.15378e-11	-0.188926
1.15387e-11	-0.188659
1.15396e-11	-0.188392
1.15405e-11	-0.188124
1.15414e-11	-0.187857
1.15423e-11	-0.187591
1.15432e-11	-0.187324
1.15441e-11	-0.187057
1.1545e-11	-0.18679
1.15459e-11	-0.186524
1.15468e-11	-0.186257
1.15477e-11	-0.185991
1.15486e-11	-0.185725
1.15495e-11	-0.185459
1.15504e-11	-0.185192
1.15513e-11	-0.184926
1.15522e-11	-0.18466
1.15531e-11	-0.184395
1.1554e-11	-0.184129
1.15549e-11	-0.183863
1.15558e-11	-0.183598
1.15567e-11	-0.183332
1.15576e-11	-0.183067
1.15585e-11	-0.182801
1.15594e-11	-0.182536
1.15603e-11	-0.182271
1.15612e-11	-0.182006
1.15621e-11	-0.181741
1.1563e-11	-0.181476
1.1564e-11	-0.181211
1.15649e-11	-0.180947
1.15658e-11	-0.180682
1.15667e-11	-0.180418
1.15676e-11	-0.180153
1.15685e-11	-0.179889
1.15694e-11	-0.179625
1.15703e-11	-0.179361
1.15712e-11	-0.179097
1.15721e-11	-0.178833
1.1573e-11	-0.178569
1.15739e-11	-0.178305
1.15748e-11	-0.178042
1.15757e-11	-0.177778
1.15766e-11	-0.177515
1.15775e-11	-0.177252
1.15784e-11	-0.176988
1.15793e-11	-0.176725
1.15802e-11	-0.176462
1.15811e-11	-0.176199
1.1582e-11	-0.175937
1.15829e-11	-0.175674
1.15838e-11	-0.175411
1.15847e-11	-0.175149
1.15856e-11	-0.174886
1.15865e-11	-0.174624
1.15874e-11	-0.174362
1.15883e-11	-0.1741
1.15892e-11	-0.173838
1.15901e-11	-0.173576
1.1591e-11	-0.173314
1.15919e-11	-0.173053
1.15928e-11	-0.172791
1.15937e-11	-0.17253
1.15946e-11	-0.172268
1.15955e-11	-0.172007
1.15964e-11	-0.171746
1.15974e-11	-0.171485
1.15983e-11	-0.171224
1.15992e-11	-0.170963
1.16001e-11	-0.170702
1.1601e-11	-0.170442
1.16019e-11	-0.170181
1.16028e-11	-0.169921
1.16037e-11	-0.169661
1.16046e-11	-0.169401
1.16055e-11	-0.169141
1.16064e-11	-0.168881
1.16073e-11	-0.168621
1.16082e-11	-0.168361
1.16091e-11	-0.168101
1.161e-11	-0.167842
1.16109e-11	-0.167583
1.16118e-11	-0.167323
1.16127e-11	-0.167064
1.16136e-11	-0.166805
1.16145e-11	-0.166546
1.16154e-11	-0.166288
1.16163e-11	-0.166029
1.16172e-11	-0.16577
1.16181e-11	-0.165512
1.1619e-11	-0.165253
1.16199e-11	-0.164995
1.16208e-11	-0.164737
1.16217e-11	-0.164479
1.16226e-11	-0.164221
1.16235e-11	-0.163964
1.16244e-11	-0.163706
1.16253e-11	-0.163448
1.16262e-11	-0.163191
1.16271e-11	-0.162934
1.1628e-11	-0.162677
1.16289e-11	-0.16242
1.16298e-11	-0.162163
1.16308e-11	-0.161906
1.16317e-11	-0.161649
1.16326e-11	-0.161393
1.16335e-11	-0.161136
1.16344e-11	-0.16088
1.16353e-11	-0.160624
1.16362e-11	-0.160368
1.16371e-11	-0.160112
1.1638e-11	-0.159856
1.16389e-11	-0.1596
1.16398e-11	-0.159345
1.16407e-11	-0.159089
1.16416e-11	-0.158834
1.16425e-11	-0.158579
1.16434e-11	-0.158324
1.16443e-11	-0.158069
1.16452e-11	-0.157814
1.16461e-11	-0.157559
1.1647e-11	-0.157305
1.16479e-11	-0.15705
1.16488e-11	-0.156796
1.16497e-11	-0.156542
1.16506e-11	-0.156288
1.16515e-11	-0.156034
1.16524e-11	-0.15578
1.16533e-11	-0.155526
1.16542e-11	-0.155273
1.16551e-11	-0.155019
1.1656e-11	-0.154766
1.16569e-11	-0.154513
1.16578e-11	-0.15426
1.16587e-11	-0.154007
1.16596e-11	-0.153754
1.16605e-11	-0.153502
1.16614e-11	-0.153249
1.16623e-11	-0.152997
1.16632e-11	-0.152745
1.16642e-11	-0.152493
1.16651e-11	-0.152241
1.1666e-11	-0.151989
1.16669e-11	-0.151737
1.16678e-11	-0.151486
1.16687e-11	-0.151234
1.16696e-11	-0.150983
1.16705e-11	-0.150732
1.16714e-11	-0.150481
1.16723e-11	-0.15023
1.16732e-11	-0.149979
1.16741e-11	-0.149729
1.1675e-11	-0.149478
1.16759e-11	-0.149228
1.16768e-11	-0.148978
1.16777e-11	-0.148727
1.16786e-11	-0.148478
1.16795e-11	-0.148228
1.16804e-11	-0.147978
1.16813e-11	-0.147729
1.16822e-11	-0.147479
1.16831e-11	-0.14723
1.1684e-11	-0.146981
1.16849e-11	-0.146732
1.16858e-11	-0.146483
1.16867e-11	-0.146234
1.16876e-11	-0.145986
1.16885e-11	-0.145738
1.16894e-11	-0.145489
1.16903e-11	-0.145241
1.16912e-11	-0.144993
1.16921e-11	-0.144745
1.1693e-11	-0.144498
1.16939e-11	-0.14425
1.16948e-11	-0.144003
1.16957e-11	-0.143756
1.16966e-11	-0.143508
1.16975e-11	-0.143261
1.16985e-11	-0.143015
1.16994e-11	-0.142768
1.17003e-11	-0.142521
1.17012e-11	-0.142275
1.17021e-11	-0.142029
1.1703e-11	-0.141783
1.17039e-11	-0.141537
1.17048e-11	-0.141291
1.17057e-11	-0.141045
1.17066e-11	-0.1408
1.17075e-11	-0.140554
1.17084e-11	-0.140309
1.17093e-11	-0.140064
1.17102e-11	-0.139819
1.17111e-11	-0.139575
1.1712e-11	-0.13933
1.17129e-11	-0.139085
1.17138e-11	-0.138841
1.17147e-11	-0.138597
1.17156e-11	-0.138353
1.17165e-11	-0.138109
1.17174e-11	-0.137865
1.17183e-11	-0.137622
1.17192e-11	-0.137378
1.17201e-11	-0.137135
1.1721e-11	-0.136892
1.17219e-11	-0.136649
1.17228e-11	-0.136406
1.17237e-11	-0.136163
1.17246e-11	-0.135921
1.17255e-11	-0.135679
1.17264e-11	-0.135436
1.17273e-11	-0.135194
1.17282e-11	-0.134952
1.17291e-11	-0.134711
1.173e-11	-0.134469
1.17309e-11	-0.134228
1.17319e-11	-0.133986
1.17328e-11	-0.133745
1.17337e-11	-0.133504
1.17346e-11	-0.133263
1.17355e-11	-0.133023
1.17364e-11	-0.132782
1.17373e-11	-0.132542
1.17382e-11	-0.132302
1.17391e-11	-0.132062
1.174e-11	-0.131822
1.17409e-11	-0.131582
1.17418e-11	-0.131342
1.17427e-11	-0.131103
1.17436e-11	-0.130864
1.17445e-11	-0.130625
1.17454e-11	-0.130386
1.17463e-11	-0.130147
1.17472e-11	-0.129908
1.17481e-11	-0.12967
1.1749e-11	-0.129431
1.17499e-11	-0.129193
1.17508e-11	-0.128955
1.17517e-11	-0.128717
1.17526e-11	-0.12848
1.17535e-11	-0.128242
1.17544e-11	-0.128005
1.17553e-11	-0.127768
1.17562e-11	-0.127531
1.17571e-11	-0.127294
1.1758e-11	-0.127057
1.17589e-11	-0.126821
1.17598e-11	-0.126584
1.17607e-11	-0.126348
1.17616e-11	-0.126112
1.17625e-11	-0.125876
1.17634e-11	-0.12564
1.17643e-11	-0.125405
1.17653e-11	-0.125169
1.17662e-11	-0.124934
1.17671e-11	-0.124699
1.1768e-11	-0.124464
1.17689e-11	-0.124229
1.17698e-11	-0.123995
1.17707e-11	-0.12376
1.17716e-11	-0.123526
1.17725e-11	-0.123292
1.17734e-11	-0.123058
1.17743e-11	-0.122824
1.17752e-11	-0.122591
1.17761e-11	-0.122357
1.1777e-11	-0.122124
1.17779e-11	-0.121891
1.17788e-11	-0.121658
1.17797e-11	-0.121425
1.17806e-11	-0.121193
1.17815e-11	-0.12096
1.17824e-11	-0.120728
1.17833e-11	-0.120496
1.17842e-11	-0.120264
1.17851e-11	-0.120032
1.1786e-11	-0.119801
1.17869e-11	-0.119569
1.17878e-11	-0.119338
1.17887e-11	-0.119107
1.17896e-11	-0.118876
1.17905e-11	-0.118645
1.17914e-11	-0.118415
1.17923e-11	-0.118184
1.17932e-11	-0.117954
1.17941e-11	-0.117724
1.1795e-11	-0.117494
1.17959e-11	-0.117264
1.17968e-11	-0.117035
1.17977e-11	-0.116805
1.17987e-11	-0.116576
1.17996e-11	-0.116347
1.18005e-11	-0.116118
1.18014e-11	-0.11589
1.18023e-11	-0.115661
1.18032e-11	-0.115433
1.18041e-11	-0.115205
1.1805e-11	-0.114977
1.18059e-11	-0.114749
1.18068e-11	-0.114521
1.18077e-11	-0.114294
1.18086e-11	-0.114066
1.18095e-11	-0.113839
1.18104e-11	-0.113612
1.18113e-11	-0.113385
1.18122e-11	-0.113159
1.18131e-11	-0.112932
1.1814e-11	-0.112706
1.18149e-11	-0.11248
1.18158e-11	-0.112254
1.18167e-11	-0.112028
1.18176e-11	-0.111803
1.18185e-11	-0.111577
1.18194e-11	-0.111352
1.18203e-11	-0.111127
1.18212e-11	-0.110902
1.18221e-11	-0.110678
1.1823e-11	-0.110453
1.18239e-11	-0.110229
1.18248e-11	-0.110005
1.18257e-11	-0.109781
1.18266e-11	-0.109557
1.18275e-11	-0.109333
1.18284e-11	-0.10911
1.18293e-11	-0.108887
1.18302e-11	-0.108664
1.18311e-11	-0.108441
1.18321e-11	-0.108218
1.1833e-11	-0.107995
1.18339e-11	-0.107773
1.18348e-11	-0.107551
1.18357e-11	-0.107329
1.18366e-11	-0.107107
1.18375e-11	-0.106885
1.18384e-11	-0.106664
1.18393e-11	-0.106443
1.18402e-11	-0.106222
1.18411e-11	-0.106001
1.1842e-11	-0.10578
1.18429e-11	-0.105559
1.18438e-11	-0.105339
1.18447e-11	-0.105119
1.18456e-11	-0.104899
1.18465e-11	-0.104679
1.18474e-11	-0.104459
1.18483e-11	-0.10424
1.18492e-11	-0.10402
1.18501e-11	-0.103801
1.1851e-11	-0.103582
1.18519e-11	-0.103364
1.18528e-11	-0.103145
1.18537e-11	-0.102927
1.18546e-11	-0.102709
1.18555e-11	-0.102491
1.18564e-11	-0.102273
1.18573e-11	-0.102055
1.18582e-11	-0.101838
1.18591e-11	-0.10162
1.186e-11	-0.101403
1.18609e-11	-0.101186
1.18618e-11	-0.10097
1.18627e-11	-0.100753
1.18636e-11	-0.100537
1.18645e-11	-0.100321
1.18655e-11	-0.100105
1.18664e-11	-0.0998887
1.18673e-11	-0.0996731
1.18682e-11	-0.0994577
1.18691e-11	-0.0992424
1.187e-11	-0.0990274
1.18709e-11	-0.0988125
1.18718e-11	-0.0985978
1.18727e-11	-0.0983833
1.18736e-11	-0.098169
1.18745e-11	-0.0979549
1.18754e-11	-0.0977409
1.18763e-11	-0.0975272
1.18772e-11	-0.0973136
1.18781e-11	-0.0971002
1.1879e-11	-0.096887
1.18799e-11	-0.096674
1.18808e-11	-0.0964612
1.18817e-11	-0.0962486
1.18826e-11	-0.0960361
1.18835e-11	-0.0958239
1.18844e-11	-0.0956118
1.18853e-11	-0.0953999
1.18862e-11	-0.0951882
1.18871e-11	-0.0949767
1.1888e-11	-0.0947654
1.18889e-11	-0.0945543
1.18898e-11	-0.0943433
1.18907e-11	-0.0941326
1.18916e-11	-0.093922
1.18925e-11	-0.0937117
1.18934e-11	-0.0935015
1.18943e-11	-0.0932915
1.18952e-11	-0.0930817
1.18961e-11	-0.0928721
1.1897e-11	-0.0926627
1.18979e-11	-0.0924534
1.18989e-11	-0.0922444
1.18998e-11	-0.0920356
1.19007e-11	-0.0918269
1.19016e-11	-0.0916184
1.19025e-11	-0.0914102
1.19034e-11	-0.0912021
1.19043e-11	-0.0909942
1.19052e-11	-0.0907865
1.19061e-11	-0.090579
1.1907e-11	-0.0903716
1.19079e-11	-0.0901645
1.19088e-11	-0.0899576
1.19097e-11	-0.0897508
1.19106e-11	-0.0895443
1.19115e-11	-0.0893379
1.19124e-11	-0.0891318
1.19133e-11	-0.0889258
1.19142e-11	-0.08872
1.19151e-11	-0.0885144
1.1916e-11	-0.088309
1.19169e-11	-0.0881038
1.19178e-11	-0.0878988
1.19187e-11	-0.087694
1.19196e-11	-0.0874894
1.19205e-11	-0.0872849
1.19214e-11	-0.0870807
1.19223e-11	-0.0868766
1.19232e-11	-0.0866728
1.19241e-11	-0.0864691
1.1925e-11	-0.0862657
1.19259e-11	-0.0860624
1.19268e-11	-0.0858593
1.19277e-11	-0.0856564
1.19286e-11	-0.0854537
1.19295e-11	-0.0852513
1.19304e-11	-0.085049
1.19313e-11	-0.0848469
1.19323e-11	-0.084645
1.19332e-11	-0.0844432
1.19341e-11	-0.0842417
1.1935e-11	-0.0840404
1.19359e-11	-0.0838393
1.19368e-11	-0.0836383
1.19377e-11	-0.0834376
1.19386e-11	-0.0832371
1.19395e-11	-0.0830367
1.19404e-11	-0.0828366
1.19413e-11	-0.0826366
1.19422e-11	-0.0824369
1.19431e-11	-0.0822373
1.1944e-11	-0.0820379
1.19449e-11	-0.0818388
1.19458e-11	-0.0816398
1.19467e-11	-0.081441
1.19476e-11	-0.0812424
1.19485e-11	-0.0810441
1.19494e-11	-0.0808459
1.19503e-11	-0.0806479
1.19512e-11	-0.0804501
1.19521e-11	-0.0802525
1.1953e-11	-0.0800551
1.19539e-11	-0.0798579
1.19548e-11	-0.0796609
1.19557e-11	-0.0794641
1.19566e-11	-0.0792675
1.19575e-11	-0.0790711
1.19584e-11	-0.0788749
1.19593e-11	-0.0786789
1.19602e-11	-0.078483
1.19611e-11	-0.0782874
1.1962e-11	-0.078092
1.19629e-11	-0.0778968
1.19638e-11	-0.0777018
1.19647e-11	-0.0775069
1.19656e-11	-0.0773123
1.19666e-11	-0.0771179
1.19675e-11	-0.0769237
1.19684e-11	-0.0767296
1.19693e-11	-0.0765358
1.19702e-11	-0.0763422
1.19711e-11	-0.0761487
1.1972e-11	-0.0759555
1.19729e-11	-0.0757625
1.19738e-11	-0.0755696
1.19747e-11	-0.075377
1.19756e-11	-0.0751846
1.19765e-11	-0.0749923
1.19774e-11	-0.0748003
1.19783e-11	-0.0746085
1.19792e-11	-0.0744168
1.19801e-11	-0.0742254
1.1981e-11	-0.0740342
1.19819e-11	-0.0738431
1.19828e-11	-0.0736523
1.19837e-11	-0.0734616
1.19846e-11	-0.0732712
1.19855e-11	-0.073081
1.19864e-11	-0.0728909
1.19873e-11	-0.0727011
1.19882e-11	-0.0725115
1.19891e-11	-0.072322
1.199e-11	-0.0721328
1.19909e-11	-0.0719438
1.19918e-11	-0.0717549
1.19927e-11	-0.0715663
1.19936e-11	-0.0713779
1.19945e-11	-0.0711896
1.19954e-11	-0.0710016
1.19963e-11	-0.0708138
1.19972e-11	-0.0706262
1.19981e-11	-0.0704387
1.1999e-11	-0.0702515
1.2e-11	-0.0700645
1.20009e-11	-0.0698777
1.20018e-11	-0.0696911
1.20027e-11	-0.0695046
1.20036e-11	-0.0693184
1.20045e-11	-0.0691324
1.20054e-11	-0.0689466
1.20063e-11	-0.068761
1.20072e-11	-0.0685756
1.20081e-11	-0.0683904
1.2009e-11	-0.0682054
1.20099e-11	-0.0680206
1.20108e-11	-0.067836
1.20117e-11	-0.0676516
1.20126e-11	-0.0674674
1.20135e-11	-0.0672834
1.20144e-11	-0.0670996
1.20153e-11	-0.066916
1.20162e-11	-0.0667327
1.20171e-11	-0.0665495
1.2018e-11	-0.0663665
1.20189e-11	-0.0661837
1.20198e-11	-0.0660011
1.20207e-11	-0.0658188
1.20216e-11	-0.0656366
1.20225e-11	-0.0654546
1.20234e-11	-0.0652729
1.20243e-11	-0.0650913
1.20252e-11	-0.06491
1.20261e-11	-0.0647288
1.2027e-11	-0.0645479
1.20279e-11	-0.0643671
1.20288e-11	-0.0641866
1.20297e-11	-0.0640062
1.20306e-11	-0.0638261
1.20315e-11	-0.0636462
1.20324e-11	-0.0634665
1.20334e-11	-0.0632869
1.20343e-11	-0.0631076
1.20352e-11	-0.0629285
1.20361e-11	-0.0627496
1.2037e-11	-0.0625709
1.20379e-11	-0.0623924
1.20388e-11	-0.0622141
1.20397e-11	-0.062036
1.20406e-11	-0.0618581
1.20415e-11	-0.0616804
1.20424e-11	-0.0615029
1.20433e-11	-0.0613256
1.20442e-11	-0.0611485
1.20451e-11	-0.0609716
1.2046e-11	-0.060795
1.20469e-11	-0.0606185
1.20478e-11	-0.0604422
1.20487e-11	-0.0602662
1.20496e-11	-0.0600903
1.20505e-11	-0.0599147
1.20514e-11	-0.0597392
1.20523e-11	-0.059564
1.20532e-11	-0.059389
1.20541e-11	-0.0592141
1.2055e-11	-0.0590395
1.20559e-11	-0.0588651
1.20568e-11	-0.0586909
1.20577e-11	-0.0585168
1.20586e-11	-0.058343
1.20595e-11	-0.0581694
1.20604e-11	-0.057996
1.20613e-11	-0.0578228
1.20622e-11	-0.0576499
1.20631e-11	-0.0574771
1.2064e-11	-0.0573045
1.20649e-11	-0.0571321
1.20658e-11	-0.0569599
1.20668e-11	-0.056788
1.20677e-11	-0.0566162
1.20686e-11	-0.0564446
1.20695e-11	-0.0562733
1.20704e-11	-0.0561022
1.20713e-11	-0.0559312
1.20722e-11	-0.0557605
1.20731e-11	-0.0555899
1.2074e-11	-0.0554196
1.20749e-11	-0.0552495
1.20758e-11	-0.0550796
1.20767e-11	-0.0549099
1.20776e-11	-0.0547404
1.20785e-11	-0.0545711
1.20794e-11	-0.054402
1.20803e-11	-0.0542331
1.20812e-11	-0.0540644
1.20821e-11	-0.0538959
1.2083e-11	-0.0537276
1.20839e-11	-0.0535596
1.20848e-11	-0.0533917
1.20857e-11	-0.053224
1.20866e-11	-0.0530566
1.20875e-11	-0.0528893
1.20884e-11	-0.0527223
1.20893e-11	-0.0525554
1.20902e-11	-0.0523888
1.20911e-11	-0.0522224
1.2092e-11	-0.0520562
1.20929e-11	-0.0518902
1.20938e-11	-0.0517243
1.20947e-11	-0.0515587
1.20956e-11	-0.0513933
1.20965e-11	-0.0512281
1.20974e-11	-0.0510632
1.20983e-11	-0.0508984
1.20992e-11	-0.0507338
1.21002e-11	-0.0505694
1.21011e-11	-0.0504052
1.2102e-11	-0.0502413
1.21029e-11	-0.0500775
1.21038e-11	-0.049914
1.21047e-11	-0.0497506
1.21056e-11	-0.0495875
1.21065e-11	-0.0494246
1.21074e-11	-0.0492618
1.21083e-11	-0.0490993
1.21092e-11	-0.048937
1.21101e-11	-0.0487749
1.2111e-11	-0.048613
1.21119e-11	-0.0484513
1.21128e-11	-0.0482898
1.21137e-11	-0.0481285
1.21146e-11	-0.0479674
1.21155e-11	-0.0478065
1.21164e-11	-0.0476458
1.21173e-11	-0.0474854
1.21182e-11	-0.0473251
1.21191e-11	-0.047165
1.212e-11	-0.0470052
1.21209e-11	-0.0468455
1.21218e-11	-0.0466861
1.21227e-11	-0.0465269
1.21236e-11	-0.0463678
1.21245e-11	-0.046209
1.21254e-11	-0.0460504
1.21263e-11	-0.045892
1.21272e-11	-0.0457338
1.21281e-11	-0.0455758
1.2129e-11	-0.045418
1.21299e-11	-0.0452604
1.21308e-11	-0.045103
1.21317e-11	-0.0449458
1.21326e-11	-0.0447888
1.21336e-11	-0.0446321
1.21345e-11	-0.0444755
1.21354e-11	-0.0443191
1.21363e-11	-0.044163
1.21372e-11	-0.044007
1.21381e-11	-0.0438513
1.2139e-11	-0.0436958
1.21399e-11	-0.0435404
1.21408e-11	-0.0433853
1.21417e-11	-0.0432304
1.21426e-11	-0.0430757
1.21435e-11	-0.0429211
1.21444e-11	-0.0427668
1.21453e-11	-0.0426127
1.21462e-11	-0.0424588
1.21471e-11	-0.0423052
1.2148e-11	-0.0421517
1.21489e-11	-0.0419984
1.21498e-11	-0.0418453
1.21507e-11	-0.0416924
1.21516e-11	-0.0415398
1.21525e-11	-0.0413873
1.21534e-11	-0.0412351
1.21543e-11	-0.041083
1.21552e-11	-0.0409312
1.21561e-11	-0.0407795
1.2157e-11	-0.0406281
1.21579e-11	-0.0404769
1.21588e-11	-0.0403258
1.21597e-11	-0.040175
1.21606e-11	-0.0400244
1.21615e-11	-0.039874
1.21624e-11	-0.0397238
1.21633e-11	-0.0395738
1.21642e-11	-0.039424
1.21651e-11	-0.0392744
1.2166e-11	-0.039125
1.2167e-11	-0.0389758
1.21679e-11	-0.0388268
1.21688e-11	-0.0386781
1.21697e-11	-0.0385295
1.21706e-11	-0.0383811
1.21715e-11	-0.038233
1.21724e-11	-0.038085
1.21733e-11	-0.0379373
1.21742e-11	-0.0377897
1.21751e-11	-0.0376424
1.2176e-11	-0.0374953
1.21769e-11	-0.0373483
1.21778e-11	-0.0372016
1.21787e-11	-0.0370551
1.21796e-11	-0.0369087
1.21805e-11	-0.0367626
1.21814e-11	-0.0366167
1.21823e-11	-0.036471
1.21832e-11	-0.0363255
1.21841e-11	-0.0361802
1.2185e-11	-0.0360351
1.21859e-11	-0.0358902
1.21868e-11	-0.0357455
1.21877e-11	-0.0356011
1.21886e-11	-0.0354568
1.21895e-11	-0.0353127
1.21904e-11	-0.0351688
1.21913e-11	-0.0350252
1.21922e-11	-0.0348817
1.21931e-11	-0.0347384
1.2194e-11	-0.0345954
1.21949e-11	-0.0344525
1.21958e-11	-0.0343099
1.21967e-11	-0.0341674
1.21976e-11	-0.0340252
1.21985e-11	-0.0338832
1.21994e-11	-0.0337413
1.22003e-11	-0.0335997
1.22013e-11	-0.0334583
1.22022e-11	-0.033317
1.22031e-11	-0.033176
1.2204e-11	-0.0330352
1.22049e-11	-0.0328946
1.22058e-11	-0.0327542
1.22067e-11	-0.0326139
1.22076e-11	-0.0324739
1.22085e-11	-0.0323341
1.22094e-11	-0.0321945
1.22103e-11	-0.0320551
1.22112e-11	-0.0319159
1.22121e-11	-0.0317769
1.2213e-11	-0.0316382
1.22139e-11	-0.0314996
1.22148e-11	-0.0313612
1.22157e-11	-0.031223
1.22166e-11	-0.031085
1.22175e-11	-0.0309473
1.22184e-11	-0.0308097
1.22193e-11	-0.0306723
1.22202e-11	-0.0305351
1.22211e-11	-0.0303982
1.2222e-11	-0.0302614
1.22229e-11	-0.0301248
1.22238e-11	-0.0299885
1.22247e-11	-0.0298523
1.22256e-11	-0.0297164
1.22265e-11	-0.0295806
1.22274e-11	-0.0294451
1.22283e-11	-0.0293097
1.22292e-11	-0.0291746
1.22301e-11	-0.0290396
1.2231e-11	-0.0289049
1.22319e-11	-0.0287703
1.22328e-11	-0.028636
1.22337e-11	-0.0285018
1.22347e-11	-0.0283679
1.22356e-11	-0.0282342
1.22365e-11	-0.0281006
1.22374e-11	-0.0279673
1.22383e-11	-0.0278341
1.22392e-11	-0.0277012
1.22401e-11	-0.0275685
1.2241e-11	-0.0274359
1.22419e-11	-0.0273036
1.22428e-11	-0.0271715
1.22437e-11	-0.0270396
1.22446e-11	-0.0269078
1.22455e-11	-0.0267763
1.22464e-11	-0.026645
1.22473e-11	-0.0265138
1.22482e-11	-0.0263829
1.22491e-11	-0.0262522
1.225e-11	-0.0261217
1.22509e-11	-0.0259913
1.22518e-11	-0.0258612
1.22527e-11	-0.0257313
1.22536e-11	-0.0256016
1.22545e-11	-0.0254721
1.22554e-11	-0.0253427
1.22563e-11	-0.0252136
1.22572e-11	-0.0250847
1.22581e-11	-0.024956
1.2259e-11	-0.0248274
1.22599e-11	-0.0246991
1.22608e-11	-0.024571
1.22617e-11	-0.0244431
1.22626e-11	-0.0243153
1.22635e-11	-0.0241878
1.22644e-11	-0.0240605
1.22653e-11	-0.0239333
1.22662e-11	-0.0238064
1.22671e-11	-0.0236797
1.22681e-11	-0.0235531
1.2269e-11	-0.0234268
1.22699e-11	-0.0233007
1.22708e-11	-0.0231747
1.22717e-11	-0.023049
1.22726e-11	-0.0229235
1.22735e-11	-0.0227981
1.22744e-11	-0.022673
1.22753e-11	-0.0225481
1.22762e-11	-0.0224233
1.22771e-11	-0.0222988
1.2278e-11	-0.0221744
1.22789e-11	-0.0220503
1.22798e-11	-0.0219263
1.22807e-11	-0.0218026
1.22816e-11	-0.021679
1.22825e-11	-0.0215557
1.22834e-11	-0.0214325
1.22843e-11	-0.0213095
1.22852e-11	-0.0211868
1.22861e-11	-0.0210642
1.2287e-11	-0.0209418
1.22879e-11	-0.0208197
1.22888e-11	-0.0206977
1.22897e-11	-0.0205759
1.22906e-11	-0.0204543
1.22915e-11	-0.0203329
1.22924e-11	-0.0202118
1.22933e-11	-0.0200908
1.22942e-11	-0.01997
1.22951e-11	-0.0198494
1.2296e-11	-0.019729
1.22969e-11	-0.0196088
1.22978e-11	-0.0194888
1.22987e-11	-0.019369
1.22996e-11	-0.0192493
1.23005e-11	-0.0191299
1.23015e-11	-0.0190107
1.23024e-11	-0.0188917
1.23033e-11	-0.0187728
1.23042e-11	-0.0186542
1.23051e-11	-0.0185358
1.2306e-11	-0.0184175
1.23069e-11	-0.0182995
1.23078e-11	-0.0181816
1.23087e-11	-0.018064
1.23096e-11	-0.0179465
1.23105e-11	-0.0178292
1.23114e-11	-0.0177122
1.23123e-11	-0.0175953
1.23132e-11	-0.0174786
1.23141e-11	-0.0173621
1.2315e-11	-0.0172458
1.23159e-11	-0.0171297
1.23168e-11	-0.0170138
1.23177e-11	-0.0168981
1.23186e-11	-0.0167826
1.23195e-11	-0.0166673
1.23204e-11	-0.0165522
1.23213e-11	-0.0164373
1.23222e-11	-0.0163225
1.23231e-11	-0.016208
1.2324e-11	-0.0160936
1.23249e-11	-0.0159795
1.23258e-11	-0.0158655
1.23267e-11	-0.0157517
1.23276e-11	-0.0156382
1.23285e-11	-0.0155248
1.23294e-11	-0.0154116
1.23303e-11	-0.0152986
1.23312e-11	-0.0151858
1.23321e-11	-0.0150732
1.2333e-11	-0.0149608
1.23339e-11	-0.0148486
1.23349e-11	-0.0147365
1.23358e-11	-0.0146247
1.23367e-11	-0.0145131
1.23376e-11	-0.0144016
1.23385e-11	-0.0142903
1.23394e-11	-0.0141793
1.23403e-11	-0.0140684
1.23412e-11	-0.0139577
1.23421e-11	-0.0138472
1.2343e-11	-0.0137369
1.23439e-11	-0.0136268
1.23448e-11	-0.0135169
1.23457e-11	-0.0134072
1.23466e-11	-0.0132977
1.23475e-11	-0.0131883
1.23484e-11	-0.0130792
1.23493e-11	-0.0129702
1.23502e-11	-0.0128614
1.23511e-11	-0.0127529
1.2352e-11	-0.0126445
1.23529e-11	-0.0125363
1.23538e-11	-0.0124283
1.23547e-11	-0.0123205
1.23556e-11	-0.0122128
1.23565e-11	-0.0121054
1.23574e-11	-0.0119982
1.23583e-11	-0.0118911
1.23592e-11	-0.0117842
1.23601e-11	-0.0116776
1.2361e-11	-0.0115711
1.23619e-11	-0.0114648
1.23628e-11	-0.0113587
1.23637e-11	-0.0112528
1.23646e-11	-0.0111471
1.23655e-11	-0.0110415
1.23664e-11	-0.0109362
1.23673e-11	-0.010831
1.23683e-11	-0.010726
1.23692e-11	-0.0106213
1.23701e-11	-0.0105167
1.2371e-11	-0.0104123
1.23719e-11	-0.0103081
1.23728e-11	-0.010204
1.23737e-11	-0.0101002
1.23746e-11	-0.00999654
1.23755e-11	-0.00989308
1.23764e-11	-0.00978981
1.23773e-11	-0.00968673
1.23782e-11	-0.00958383
1.23791e-11	-0.00948112
1.238e-11	-0.0093786
1.23809e-11	-0.00927626
1.23818e-11	-0.00917412
1.23827e-11	-0.00907215
1.23836e-11	-0.00897038
1.23845e-11	-0.00886879
1.23854e-11	-0.0087674
1.23863e-11	-0.00866618
1.23872e-11	-0.00856516
1.23881e-11	-0.00846432
1.2389e-11	-0.00836367
1.23899e-11	-0.0082632
1.23908e-11	-0.00816292
1.23917e-11	-0.00806282
1.23926e-11	-0.00796291
1.23935e-11	-0.00786319
1.23944e-11	-0.00776365
1.23953e-11	-0.0076643
1.23962e-11	-0.00756514
1.23971e-11	-0.00746616
1.2398e-11	-0.00736736
1.23989e-11	-0.00726875
1.23998e-11	-0.00717033
1.24007e-11	-0.00707209
1.24017e-11	-0.00697403
1.24026e-11	-0.00687616
1.24035e-11	-0.00677847
1.24044e-11	-0.00668097
1.24053e-11	-0.00658365
1.24062e-11	-0.00648652
1.24071e-11	-0.00638957
1.2408e-11	-0.00629281
1.24089e-11	-0.00619623
1.24098e-11	-0.00609983
1.24107e-11	-0.00600361
1.24116e-11	-0.00590758
1.24125e-11	-0.00581174
1.24134e-11	-0.00571607
1.24143e-11	-0.00562059
1.24152e-11	-0.00552529
1.24161e-11	-0.00543018
1.2417e-11	-0.00533525
1.24179e-11	-0.0052405
1.24188e-11	-0.00514593
1.24197e-11	-0.00505154
1.24206e-11	-0.00495734
1.24215e-11	-0.00486332
1.24224e-11	-0.00476948
1.24233e-11	-0.00467583
1.24242e-11	-0.00458235
1.24251e-11	-0.00448906
1.2426e-11	-0.00439595
1.24269e-11	-0.00430302
1.24278e-11	-0.00421027
1.24287e-11	-0.0041177
1.24296e-11	-0.00402532
1.24305e-11	-0.00393311
1.24314e-11	-0.00384109
1.24323e-11	-0.00374924
1.24332e-11	-0.00365758
1.24341e-11	-0.00356609
1.24351e-11	-0.00347479
1.2436e-11	-0.00338367
1.24369e-11	-0.00329273
1.24378e-11	-0.00320196
1.24387e-11	-0.00311138
1.24396e-11	-0.00302098
1.24405e-11	-0.00293075
1.24414e-11	-0.00284071
1.24423e-11	-0.00275084
1.24432e-11	-0.00266116
1.24441e-11	-0.00257165
1.2445e-11	-0.00248232
1.24459e-11	-0.00239317
1.24468e-11	-0.0023042
1.24477e-11	-0.00221541
1.24486e-11	-0.0021268
1.24495e-11	-0.00203836
1.24504e-11	-0.0019501
1.24513e-11	-0.00186202
1.24522e-11	-0.00177412
1.24531e-11	-0.0016864
1.2454e-11	-0.00159885
1.24549e-11	-0.00151148
1.24558e-11	-0.00142429
1.24567e-11	-0.00133727
1.24576e-11	-0.00125044
1.24585e-11	-0.00116378
1.24594e-11	-0.00107729
1.24603e-11	-0.000990986
1.24612e-11	-0.000904856
1.24621e-11	-0.000818902
1.2463e-11	-0.000733124
1.24639e-11	-0.000647522
1.24648e-11	-0.000562097
1.24657e-11	-0.000476847
1.24666e-11	-0.000391773
1.24675e-11	-0.000306874
1.24684e-11	-0.000222151
1.24694e-11	-0.000137604
1.24703e-11	-5.32311e-05
1.24712e-11	3.09663e-05
1.24721e-11	0.000114989
1.2473e-11	0.000198836
1.24739e-11	0.000282509
1.24748e-11	0.000366008
1.24757e-11	0.000449332
1.24766e-11	0.000532482
1.24775e-11	0.000615457
1.24784e-11	0.000698259
1.24793e-11	0.000780887
1.24802e-11	0.000863341
1.24811e-11	0.000945622
1.2482e-11	0.00102773
1.24829e-11	0.00110966
1.24838e-11	0.00119142
1.24847e-11	0.00127301
1.24856e-11	0.00135443
1.24865e-11	0.00143567
1.24874e-11	0.00151674
1.24883e-11	0.00159763
1.24892e-11	0.00167836
1.24901e-11	0.00175891
1.2491e-11	0.00183929
1.24919e-11	0.0019195
1.24928e-11	0.00199954
1.24937e-11	0.0020794
1.24946e-11	0.00215909
1.24955e-11	0.00223862
1.24964e-11	0.00231797
1.24973e-11	0.00239715
1.24982e-11	0.00247616
1.24991e-11	0.00255499
1.25e-11	0.00263366
1.25009e-11	0.00271216
1.25018e-11	0.00279048
1.25028e-11	0.00286864
1.25037e-11	0.00294663
1.25046e-11	0.00302444
1.25055e-11	0.00310209
1.25064e-11	0.00317956
1.25073e-11	0.00325687
1.25082e-11	0.00333401
1.25091e-11	0.00341098
1.251e-11	0.00348778
1.25109e-11	0.00356441
1.25118e-11	0.00364087
1.25127e-11	0.00371716
1.25136e-11	0.00379329
1.25145e-11	0.00386924
1.25154e-11	0.00394503
1.25163e-11	0.00402065
1.25172e-11	0.0040961
1.25181e-11	0.00417138
1.2519e-11	0.0042465
1.25199e-11	0.00432145
1.25208e-11	0.00439623
1.25217e-11	0.00447084
1.25226e-11	0.00454529
1.25235e-11	0.00461957
1.25244e-11	0.00469368
1.25253e-11	0.00476763
1.25262e-11	0.00484141
1.25271e-11	0.00491502
1.2528e-11	0.00498847
1.25289e-11	0.00506175
1.25298e-11	0.00513487
1.25307e-11	0.00520782
1.25316e-11	0.0052806
1.25325e-11	0.00535322
1.25334e-11	0.00542567
1.25343e-11	0.00549796
1.25352e-11	0.00557008
1.25362e-11	0.00564204
1.25371e-11	0.00571383
1.2538e-11	0.00578546
1.25389e-11	0.00585692
1.25398e-11	0.00592822
1.25407e-11	0.00599936
1.25416e-11	0.00607033
1.25425e-11	0.00614114
1.25434e-11	0.00621178
1.25443e-11	0.00628226
1.25452e-11	0.00635258
1.25461e-11	0.00642273
1.2547e-11	0.00649272
1.25479e-11	0.00656255
1.25488e-11	0.00663221
1.25497e-11	0.00670171
1.25506e-11	0.00677105
1.25515e-11	0.00684023
1.25524e-11	0.00690924
1.25533e-11	0.0069781
1.25542e-11	0.00704679
1.25551e-11	0.00711531
1.2556e-11	0.00718368
1.25569e-11	0.00725189
1.25578e-11	0.00731993
1.25587e-11	0.00738781
1.25596e-11	0.00745554
1.25605e-11	0.0075231
1.25614e-11	0.0075905
1.25623e-11	0.00765774
1.25632e-11	0.00772482
1.25641e-11	0.00779173
1.2565e-11	0.00785849
1.25659e-11	0.00792509
1.25668e-11	0.00799153
1.25677e-11	0.00805781
1.25686e-11	0.00812393
1.25696e-11	0.00818989
1.25705e-11	0.00825569
1.25714e-11	0.00832133
1.25723e-11	0.00838681
1.25732e-11	0.00845214
1.25741e-11	0.00851731
1.2575e-11	0.00858231
1.25759e-11	0.00864716
1.25768e-11	0.00871185
1.25777e-11	0.00877638
1.25786e-11	0.00884076
1.25795e-11	0.00890498
1.25804e-11	0.00896904
1.25813e-11	0.00903294
1.25822e-11	0.00909668
1.25831e-11	0.00916027
1.2584e-11	0.0092237
1.25849e-11	0.00928698
1.25858e-11	0.00935009
1.25867e-11	0.00941306
1.25876e-11	0.00947586
1.25885e-11	0.00953851
1.25894e-11	0.009601
1.25903e-11	0.00966334
1.25912e-11	0.00972552
1.25921e-11	0.00978754
1.2593e-11	0.00984941
1.25939e-11	0.00991113
1.25948e-11	0.00997269
1.25957e-11	0.0100341
1.25966e-11	0.0100953
1.25975e-11	0.0101564
1.25984e-11	0.0102174
1.25993e-11	0.0102782
1.26002e-11	0.0103388
1.26011e-11	0.0103993
1.2602e-11	0.0104596
1.2603e-11	0.0105198
1.26039e-11	0.0105798
1.26048e-11	0.0106397
1.26057e-11	0.0106994
1.26066e-11	0.0107589
1.26075e-11	0.0108183
1.26084e-11	0.0108776
1.26093e-11	0.0109367
1.26102e-11	0.0109956
1.26111e-11	0.0110544
1.2612e-11	0.0111131
1.26129e-11	0.0111716
1.26138e-11	0.0112299
1.26147e-11	0.0112881
1.26156e-11	0.0113461
1.26165e-11	0.011404
1.26174e-11	0.0114617
1.26183e-11	0.0115193
1.26192e-11	0.0115768
1.26201e-11	0.011634
1.2621e-11	0.0116912
1.26219e-11	0.0117481
1.26228e-11	0.011805
1.26237e-11	0.0118617
1.26246e-11	0.0119182
1.26255e-11	0.0119746
1.26264e-11	0.0120308
1.26273e-11	0.0120869
1.26282e-11	0.0121428
1.26291e-11	0.0121986
1.263e-11	0.0122542
1.26309e-11	0.0123097
1.26318e-11	0.012365
1.26327e-11	0.0124202
1.26336e-11	0.0124753
1.26345e-11	0.0125302
1.26354e-11	0.0125849
1.26364e-11	0.0126395
1.26373e-11	0.012694
1.26382e-11	0.0127483
1.26391e-11	0.0128024
1.264e-11	0.0128564
1.26409e-11	0.0129103
1.26418e-11	0.012964
1.26427e-11	0.0130175
1.26436e-11	0.013071
1.26445e-11	0.0131242
1.26454e-11	0.0131774
1.26463e-11	0.0132303
1.26472e-11	0.0132832
1.26481e-11	0.0133359
1.2649e-11	0.0133884
1.26499e-11	0.0134408
1.26508e-11	0.0134931
1.26517e-11	0.0135452
1.26526e-11	0.0135971
1.26535e-11	0.0136489
1.26544e-11	0.0137006
1.26553e-11	0.0137522
1.26562e-11	0.0138035
1.26571e-11	0.0138548
1.2658e-11	0.0139059
1.26589e-11	0.0139568
1.26598e-11	0.0140076
1.26607e-11	0.0140583
1.26616e-11	0.0141088
1.26625e-11	0.0141592
1.26634e-11	0.0142094
1.26643e-11	0.0142595
1.26652e-11	0.0143095
1.26661e-11	0.0143593
1.2667e-11	0.0144089
1.26679e-11	0.0144585
1.26688e-11	0.0145079
1.26698e-11	0.0145571
1.26707e-11	0.0146062
1.26716e-11	0.0146551
1.26725e-11	0.014704
1.26734e-11	0.0147526
1.26743e-11	0.0148012
1.26752e-11	0.0148496
1.26761e-11	0.0148978
1.2677e-11	0.0149459
1.26779e-11	0.0149939
1.26788e-11	0.0150417
1.26797e-11	0.0150894
1.26806e-11	0.015137
1.26815e-11	0.0151844
1.26824e-11	0.0152316
1.26833e-11	0.0152788
1.26842e-11	0.0153258
1.26851e-11	0.0153726
1.2686e-11	0.0154193
1.26869e-11	0.0154659
1.26878e-11	0.0155123
1.26887e-11	0.0155586
1.26896e-11	0.0156048
1.26905e-11	0.0156508
1.26914e-11	0.0156967
1.26923e-11	0.0157424
1.26932e-11	0.015788
1.26941e-11	0.0158335
1.2695e-11	0.0158788
1.26959e-11	0.015924
1.26968e-11	0.0159691
1.26977e-11	0.016014
1.26986e-11	0.0160588
1.26995e-11	0.0161035
1.27004e-11	0.016148
1.27013e-11	0.0161923
1.27022e-11	0.0162366
1.27032e-11	0.0162807
1.27041e-11	0.0163247
1.2705e-11	0.0163685
1.27059e-11	0.0164122
1.27068e-11	0.0164558
1.27077e-11	0.0164992
1.27086e-11	0.0165425
1.27095e-11	0.0165856
1.27104e-11	0.0166287
1.27113e-11	0.0166715
1.27122e-11	0.0167143
1.27131e-11	0.0167569
1.2714e-11	0.0167994
1.27149e-11	0.0168418
1.27158e-11	0.016884
1.27167e-11	0.0169261
1.27176e-11	0.016968
1.27185e-11	0.0170098
1.27194e-11	0.0170515
1.27203e-11	0.0170931
1.27212e-11	0.0171345
1.27221e-11	0.0171758
1.2723e-11	0.017217
1.27239e-11	0.017258
1.27248e-11	0.0172989
1.27257e-11	0.0173396
1.27266e-11	0.0173803
1.27275e-11	0.0174208
1.27284e-11	0.0174611
1.27293e-11	0.0175014
1.27302e-11	0.0175415
1.27311e-11	0.0175815
1.2732e-11	0.0176213
1.27329e-11	0.017661
1.27338e-11	0.0177006
1.27347e-11	0.0177401
1.27356e-11	0.0177794
1.27365e-11	0.0178186
1.27375e-11	0.0178576
1.27384e-11	0.0178966
1.27393e-11	0.0179354
1.27402e-11	0.0179741
1.27411e-11	0.0180126
1.2742e-11	0.018051
1.27429e-11	0.0180893
1.27438e-11	0.0181275
1.27447e-11	0.0181655
1.27456e-11	0.0182034
1.27465e-11	0.0182412
1.27474e-11	0.0182789
1.27483e-11	0.0183164
1.27492e-11	0.0183538
1.27501e-11	0.0183911
1.2751e-11	0.0184282
1.27519e-11	0.0184652
1.27528e-11	0.0185021
1.27537e-11	0.0185389
1.27546e-11	0.0185755
1.27555e-11	0.018612
1.27564e-11	0.0186484
1.27573e-11	0.0186846
1.27582e-11	0.0187208
1.27591e-11	0.0187568
1.276e-11	0.0187927
1.27609e-11	0.0188284
1.27618e-11	0.018864
1.27627e-11	0.0188995
1.27636e-11	0.0189349
1.27645e-11	0.0189702
1.27654e-11	0.0190053
1.27663e-11	0.0190403
1.27672e-11	0.0190752
1.27681e-11	0.01911
1.2769e-11	0.0191446
1.27699e-11	0.0191791
1.27709e-11	0.0192135
1.27718e-11	0.0192478
1.27727e-11	0.0192819
1.27736e-11	0.0193159
1.27745e-11	0.0193498
1.27754e-11	0.0193836
1.27763e-11	0.0194172
1.27772e-11	0.0194508
1.27781e-11	0.0194842
1.2779e-11	0.0195175
1.27799e-11	0.0195506
1.27808e-11	0.0195837
1.27817e-11	0.0196166
1.27826e-11	0.0196494
1.27835e-11	0.0196821
1.27844e-11	0.0197146
1.27853e-11	0.0197471
1.27862e-11	0.0197794
1.27871e-11	0.0198116
1.2788e-11	0.0198437
1.27889e-11	0.0198756
1.27898e-11	0.0199074
1.27907e-11	0.0199392
1.27916e-11	0.0199708
1.27925e-11	0.0200022
1.27934e-11	0.0200336
1.27943e-11	0.0200648
1.27952e-11	0.0200959
1.27961e-11	0.0201269
1.2797e-11	0.0201578
1.27979e-11	0.0201886
1.27988e-11	0.0202192
1.27997e-11	0.0202498
1.28006e-11	0.0202802
1.28015e-11	0.0203105
1.28024e-11	0.0203406
1.28033e-11	0.0203707
1.28043e-11	0.0204006
1.28052e-11	0.0204304
1.28061e-11	0.0204601
1.2807e-11	0.0204897
1.28079e-11	0.0205192
1.28088e-11	0.0205486
1.28097e-11	0.0205778
1.28106e-11	0.0206069
1.28115e-11	0.0206359
1.28124e-11	0.0206648
1.28133e-11	0.0206936
1.28142e-11	0.0207223
1.28151e-11	0.0207508
1.2816e-11	0.0207792
1.28169e-11	0.0208075
1.28178e-11	0.0208357
1.28187e-11	0.0208638
1.28196e-11	0.0208918
1.28205e-11	0.0209196
1.28214e-11	0.0209474
1.28223e-11	0.020975
1.28232e-11	0.0210025
1.28241e-11	0.0210299
1.2825e-11	0.0210572
1.28259e-11	0.0210844
1.28268e-11	0.0211114
1.28277e-11	0.0211384
1.28286e-11	0.0211652
1.28295e-11	0.021192
1.28304e-11	0.0212186
1.28313e-11	0.0212451
1.28322e-11	0.0212714
1.28331e-11	0.0212977
1.2834e-11	0.0213239
1.28349e-11	0.0213499
1.28358e-11	0.0213759
1.28367e-11	0.0214017
1.28377e-11	0.0214274
1.28386e-11	0.021453
1.28395e-11	0.0214785
1.28404e-11	0.0215039
1.28413e-11	0.0215292
1.28422e-11	0.0215543
1.28431e-11	0.0215794
1.2844e-11	0.0216043
1.28449e-11	0.0216292
1.28458e-11	0.0216539
1.28467e-11	0.0216785
1.28476e-11	0.021703
1.28485e-11	0.0217274
1.28494e-11	0.0217517
1.28503e-11	0.0217758
1.28512e-11	0.0217999
1.28521e-11	0.0218239
1.2853e-11	0.0218477
1.28539e-11	0.0218715
1.28548e-11	0.0218951
1.28557e-11	0.0219186
1.28566e-11	0.021942
1.28575e-11	0.0219654
1.28584e-11	0.0219886
1.28593e-11	0.0220117
1.28602e-11	0.0220347
1.28611e-11	0.0220575
1.2862e-11	0.0220803
1.28629e-11	0.022103
1.28638e-11	0.0221255
1.28647e-11	0.022148
1.28656e-11	0.0221704
1.28665e-11	0.0221926
1.28674e-11	0.0222147
1.28683e-11	0.0222368
1.28692e-11	0.0222587
1.28701e-11	0.0222805
1.28711e-11	0.0223022
1.2872e-11	0.0223239
1.28729e-11	0.0223454
1.28738e-11	0.0223668
1.28747e-11	0.0223881
1.28756e-11	0.0224093
1.28765e-11	0.0224304
1.28774e-11	0.0224513
1.28783e-11	0.0224722
1.28792e-11	0.022493
1.28801e-11	0.0225137
1.2881e-11	0.0225343
1.28819e-11	0.0225547
1.28828e-11	0.0225751
1.28837e-11	0.0225954
1.28846e-11	0.0226155
1.28855e-11	0.0226356
1.28864e-11	0.0226555
1.28873e-11	0.0226754
1.28882e-11	0.0226952
1.28891e-11	0.0227148
1.289e-11	0.0227344
1.28909e-11	0.0227538
1.28918e-11	0.0227731
1.28927e-11	0.0227924
1.28936e-11	0.0228115
1.28945e-11	0.0228306
1.28954e-11	0.0228495
1.28963e-11	0.0228684
1.28972e-11	0.0228871
1.28981e-11	0.0229058
1.2899e-11	0.0229243
1.28999e-11	0.0229427
1.29008e-11	0.0229611
1.29017e-11	0.0229793
1.29026e-11	0.0229975
1.29035e-11	0.0230155
1.29045e-11	0.0230335
1.29054e-11	0.0230513
1.29063e-11	0.0230691
1.29072e-11	0.0230867
1.29081e-11	0.0231043
1.2909e-11	0.0231217
1.29099e-11	0.0231391
1.29108e-11	0.0231563
1.29117e-11	0.0231735
1.29126e-11	0.0231905
1.29135e-11	0.0232075
1.29144e-11	0.0232244
1.29153e-11	0.0232411
1.29162e-11	0.0232578
1.29171e-11	0.0232744
1.2918e-11	0.0232909
1.29189e-11	0.0233073
1.29198e-11	0.0233235
1.29207e-11	0.0233397
1.29216e-11	0.0233558
1.29225e-11	0.0233718
1.29234e-11	0.0233877
1.29243e-11	0.0234035
1.29252e-11	0.0234192
1.29261e-11	0.0234349
1.2927e-11	0.0234504
1.29279e-11	0.0234658
1.29288e-11	0.0234811
1.29297e-11	0.0234964
1.29306e-11	0.0235115
1.29315e-11	0.0235266
1.29324e-11	0.0235415
1.29333e-11	0.0235564
1.29342e-11	0.0235712
1.29351e-11	0.0235858
1.2936e-11	0.0236004
1.29369e-11	0.0236149
1.29379e-11	0.0236293
1.29388e-11	0.0236436
1.29397e-11	0.0236578
1.29406e-11	0.0236719
1.29415e-11	0.023686
1.29424e-11	0.0236999
1.29433e-11	0.0237137
1.29442e-11	0.0237275
1.29451e-11	0.0237411
1.2946e-11	0.0237547
1.29469e-11	0.0237682
1.29478e-11	0.0237815
1.29487e-11	0.0237948
1.29496e-11	0.023808
1.29505e-11	0.0238211
1.29514e-11	0.0238342
1.29523e-11	0.0238471
1.29532e-11	0.0238599
1.29541e-11	0.0238727
1.2955e-11	0.0238853
1.29559e-11	0.0238979
1.29568e-11	0.0239104
1.29577e-11	0.0239228
1.29586e-11	0.0239351
1.29595e-11	0.0239473
1.29604e-11	0.0239594
1.29613e-11	0.0239714
1.29622e-11	0.0239834
1.29631e-11	0.0239952
1.2964e-11	0.024007
1.29649e-11	0.0240186
1.29658e-11	0.0240302
1.29667e-11	0.0240417
1.29676e-11	0.0240531
1.29685e-11	0.0240645
1.29694e-11	0.0240757
1.29703e-11	0.0240869
1.29712e-11	0.0240979
1.29722e-11	0.0241089
1.29731e-11	0.0241198
1.2974e-11	0.0241306
1.29749e-11	0.0241413
1.29758e-11	0.0241519
1.29767e-11	0.0241625
1.29776e-11	0.0241729
1.29785e-11	0.0241833
1.29794e-11	0.0241936
1.29803e-11	0.0242038
1.29812e-11	0.0242139
1.29821e-11	0.0242239
1.2983e-11	0.0242339
1.29839e-11	0.0242437
1.29848e-11	0.0242535
1.29857e-11	0.0242632
1.29866e-11	0.0242728
1.29875e-11	0.0242823
1.29884e-11	0.0242917
1.29893e-11	0.0243011
1.29902e-11	0.0243104
1.29911e-11	0.0243195
1.2992e-11	0.0243286
1.29929e-11	0.0243377
1.29938e-11	0.0243466
1.29947e-11	0.0243554
1.29956e-11	0.0243642
1.29965e-11	0.0243729
1.29974e-11	0.0243815
1.29983e-11	0.02439
1.29992e-11	0.0243984
1.30001e-11	0.0244068
1.3001e-11	0.0244151
1.30019e-11	0.0244233
1.30028e-11	0.0244314
1.30037e-11	0.0244394
1.30046e-11	0.0244473
1.30056e-11	0.0244552
1.30065e-11	0.024463
1.30074e-11	0.0244707
1.30083e-11	0.0244783
1.30092e-11	0.0244858
1.30101e-11	0.0244933
1.3011e-11	0.0245007
1.30119e-11	0.024508
1.30128e-11	0.0245152
1.30137e-11	0.0245223
1.30146e-11	0.0245294
1.30155e-11	0.0245364
1.30164e-11	0.0245433
1.30173e-11	0.0245501
1.30182e-11	0.0245568
1.30191e-11	0.0245635
1.302e-11	0.0245701
1.30209e-11	0.0245766
1.30218e-11	0.024583
1.30227e-11	0.0245893
1.30236e-11	0.0245956
1.30245e-11	0.0246018
1.30254e-11	0.0246079
1.30263e-11	0.024614
1.30272e-11	0.0246199
1.30281e-11	0.0246258
1.3029e-11	0.0246316
1.30299e-11	0.0246373
1.30308e-11	0.024643
1.30317e-11	0.0246485
1.30326e-11	0.024654
1.30335e-11	0.0246595
1.30344e-11	0.0246648
1.30353e-11	0.0246701
1.30362e-11	0.0246753
1.30371e-11	0.0246804
1.3038e-11	0.0246854
1.3039e-11	0.0246904
1.30399e-11	0.0246953
1.30408e-11	0.0247001
1.30417e-11	0.0247048
1.30426e-11	0.0247095
1.30435e-11	0.024714
1.30444e-11	0.0247186
1.30453e-11	0.024723
1.30462e-11	0.0247274
1.30471e-11	0.0247316
1.3048e-11	0.0247359
1.30489e-11	0.02474
1.30498e-11	0.0247441
1.30507e-11	0.024748
1.30516e-11	0.024752
1.30525e-11	0.0247558
1.30534e-11	0.0247596
1.30543e-11	0.0247633
1.30552e-11	0.0247669
1.30561e-11	0.0247705
1.3057e-11	0.0247739
1.30579e-11	0.0247773
1.30588e-11	0.0247807
1.30597e-11	0.0247839
1.30606e-11	0.0247871
1.30615e-11	0.0247903
1.30624e-11	0.0247933
1.30633e-11	0.0247963
1.30642e-11	0.0247992
1.30651e-11	0.024802
1.3066e-11	0.0248048
1.30669e-11	0.0248075
1.30678e-11	0.0248101
1.30687e-11	0.0248126
1.30696e-11	0.0248151
1.30705e-11	0.0248175
1.30714e-11	0.0248198
1.30724e-11	0.0248221
1.30733e-11	0.0248243
1.30742e-11	0.0248264
1.30751e-11	0.0248285
1.3076e-11	0.0248305
1.30769e-11	0.0248324
1.30778e-11	0.0248342
1.30787e-11	0.024836
1.30796e-11	0.0248377
1.30805e-11	0.0248394
1.30814e-11	0.0248409
1.30823e-11	0.0248424
1.30832e-11	0.0248439
1.30841e-11	0.0248452
1.3085e-11	0.0248465
1.30859e-11	0.0248478
1.30868e-11	0.0248489
1.30877e-11	0.02485
1.30886e-11	0.0248511
1.30895e-11	0.024852
1.30904e-11	0.0248529
1.30913e-11	0.0248537
1.30922e-11	0.0248545
1.30931e-11	0.0248552
1.3094e-11	0.0248558
1.30949e-11	0.0248564
1.30958e-11	0.0248569
1.30967e-11	0.0248573
1.30976e-11	0.0248577
1.30985e-11	0.0248579
1.30994e-11	0.0248582
1.31003e-11	0.0248583
1.31012e-11	0.0248584
1.31021e-11	0.0248585
1.3103e-11	0.0248584
1.31039e-11	0.0248583
1.31048e-11	0.0248582
1.31058e-11	0.0248579
1.31067e-11	0.0248576
1.31076e-11	0.0248573
1.31085e-11	0.0248569
1.31094e-11	0.0248564
1.31103e-11	0.0248558
1.31112e-11	0.0248552
1.31121e-11	0.0248545
1.3113e-11	0.0248538
1.31139e-11	0.024853
1.31148e-11	0.0248521
1.31157e-11	0.0248512
1.31166e-11	0.0248502
1.31175e-11	0.0248491
1.31184e-11	0.024848
1.31193e-11	0.0248468
1.31202e-11	0.0248456
1.31211e-11	0.0248443
1.3122e-11	0.0248429
1.31229e-11	0.0248415
1.31238e-11	0.02484
1.31247e-11	0.0248384
1.31256e-11	0.0248368
1.31265e-11	0.0248351
1.31274e-11	0.0248334
1.31283e-11	0.0248315
1.31292e-11	0.0248297
1.31301e-11	0.0248278
1.3131e-11	0.0248258
1.31319e-11	0.0248237
1.31328e-11	0.0248216
1.31337e-11	0.0248194
1.31346e-11	0.0248172
1.31355e-11	0.0248149
1.31364e-11	0.0248126
1.31373e-11	0.0248102
1.31382e-11	0.0248077
1.31392e-11	0.0248052
1.31401e-11	0.0248026
1.3141e-11	0.0247999
1.31419e-11	0.0247972
1.31428e-11	0.0247945
1.31437e-11	0.0247916
1.31446e-11	0.0247887
1.31455e-11	0.0247858
1.31464e-11	0.0247828
1.31473e-11	0.0247797
1.31482e-11	0.0247766
1.31491e-11	0.0247734
1.315e-11	0.0247702
1.31509e-11	0.0247669
1.31518e-11	0.0247636
1.31527e-11	0.0247602
1.31536e-11	0.0247567
1.31545e-11	0.0247532
1.31554e-11	0.0247496
1.31563e-11	0.0247459
1.31572e-11	0.0247423
1.31581e-11	0.0247385
1.3159e-11	0.0247347
1.31599e-11	0.0247308
1.31608e-11	0.0247269
1.31617e-11	0.0247229
1.31626e-11	0.0247189
1.31635e-11	0.0247148
1.31644e-11	0.0247107
1.31653e-11	0.0247065
1.31662e-11	0.0247022
1.31671e-11	0.0246979
1.3168e-11	0.0246935
1.31689e-11	0.0246891
1.31698e-11	0.0246846
1.31707e-11	0.0246801
1.31716e-11	0.0246755
1.31726e-11	0.0246709
1.31735e-11	0.0246662
1.31744e-11	0.0246614
1.31753e-11	0.0246566
1.31762e-11	0.0246518
1.31771e-11	0.0246469
1.3178e-11	0.0246419
1.31789e-11	0.0246369
1.31798e-11	0.0246318
1.31807e-11	0.0246267
1.31816e-11	0.0246215
1.31825e-11	0.0246163
1.31834e-11	0.024611
1.31843e-11	0.0246056
1.31852e-11	0.0246002
1.31861e-11	0.0245948
1.3187e-11	0.0245893
1.31879e-11	0.0245837
1.31888e-11	0.0245781
1.31897e-11	0.0245725
1.31906e-11	0.0245668
1.31915e-11	0.024561
1.31924e-11	0.0245552
1.31933e-11	0.0245493
1.31942e-11	0.0245434
1.31951e-11	0.0245375
1.3196e-11	0.0245315
1.31969e-11	0.0245254
1.31978e-11	0.0245193
1.31987e-11	0.0245131
1.31996e-11	0.0245069
1.32005e-11	0.0245006
1.32014e-11	0.0244943
1.32023e-11	0.0244879
1.32032e-11	0.0244815
1.32041e-11	0.024475
1.3205e-11	0.0244685
1.3206e-11	0.0244619
1.32069e-11	0.0244553
1.32078e-11	0.0244487
1.32087e-11	0.0244419
1.32096e-11	0.0244352
1.32105e-11	0.0244283
1.32114e-11	0.0244215
1.32123e-11	0.0244146
1.32132e-11	0.0244076
1.32141e-11	0.0244006
1.3215e-11	0.0243935
1.32159e-11	0.0243864
1.32168e-11	0.0243793
1.32177e-11	0.0243721
1.32186e-11	0.0243648
1.32195e-11	0.0243575
1.32204e-11	0.0243501
1.32213e-11	0.0243428
1.32222e-11	0.0243353
1.32231e-11	0.0243278
1.3224e-11	0.0243203
1.32249e-11	0.0243127
1.32258e-11	0.0243051
1.32267e-11	0.0242974
1.32276e-11	0.0242896
1.32285e-11	0.0242819
1.32294e-11	0.0242741
1.32303e-11	0.0242662
1.32312e-11	0.0242583
1.32321e-11	0.0242503
1.3233e-11	0.0242423
1.32339e-11	0.0242343
1.32348e-11	0.0242262
1.32357e-11	0.024218
1.32366e-11	0.0242098
1.32375e-11	0.0242016
1.32384e-11	0.0241933
1.32393e-11	0.024185
1.32403e-11	0.0241766
1.32412e-11	0.0241682
1.32421e-11	0.0241598
1.3243e-11	0.0241513
1.32439e-11	0.0241427
1.32448e-11	0.0241341
1.32457e-11	0.0241255
1.32466e-11	0.0241168
1.32475e-11	0.0241081
1.32484e-11	0.0240993
1.32493e-11	0.0240905
1.32502e-11	0.0240816
1.32511e-11	0.0240727
1.3252e-11	0.0240638
1.32529e-11	0.0240548
1.32538e-11	0.0240458
1.32547e-11	0.0240367
1.32556e-11	0.0240276
1.32565e-11	0.0240184
1.32574e-11	0.0240092
1.32583e-11	0.024
1.32592e-11	0.0239907
1.32601e-11	0.0239814
1.3261e-11	0.023972
1.32619e-11	0.0239626
1.32628e-11	0.0239532
1.32637e-11	0.0239437
1.32646e-11	0.0239341
1.32655e-11	0.0239245
1.32664e-11	0.0239149
1.32673e-11	0.0239053
1.32682e-11	0.0238956
1.32691e-11	0.0238858
1.327e-11	0.023876
1.32709e-11	0.0238662
1.32718e-11	0.0238563
1.32727e-11	0.0238464
1.32737e-11	0.0238365
1.32746e-11	0.0238265
1.32755e-11	0.0238165
1.32764e-11	0.0238064
1.32773e-11	0.0237963
1.32782e-11	0.0237861
1.32791e-11	0.023776
1.328e-11	0.0237657
1.32809e-11	0.0237555
1.32818e-11	0.0237451
1.32827e-11	0.0237348
1.32836e-11	0.0237244
1.32845e-11	0.023714
1.32854e-11	0.0237035
1.32863e-11	0.023693
1.32872e-11	0.0236825
1.32881e-11	0.0236719
1.3289e-11	0.0236613
1.32899e-11	0.0236506
1.32908e-11	0.0236399
1.32917e-11	0.0236292
1.32926e-11	0.0236184
1.32935e-11	0.0236076
1.32944e-11	0.0235968
1.32953e-11	0.0235859
1.32962e-11	0.023575
1.32971e-11	0.023564
1.3298e-11	0.023553
1.32989e-11	0.023542
1.32998e-11	0.0235309
1.33007e-11	0.0235198
1.33016e-11	0.0235086
1.33025e-11	0.0234975
1.33034e-11	0.0234862
1.33043e-11	0.023475
1.33052e-11	0.0234637
1.33061e-11	0.0234524
1.33071e-11	0.023441
1.3308e-11	0.0234296
1.33089e-11	0.0234182
1.33098e-11	0.0234067
1.33107e-11	0.0233952
1.33116e-11	0.0233836
1.33125e-11	0.0233721
1.33134e-11	0.0233604
1.33143e-11	0.0233488
1.33152e-11	0.0233371
1.33161e-11	0.0233254
1.3317e-11	0.0233136
1.33179e-11	0.0233018
1.33188e-11	0.02329
1.33197e-11	0.0232781
1.33206e-11	0.0232663
1.33215e-11	0.0232543
1.33224e-11	0.0232424
1.33233e-11	0.0232304
1.33242e-11	0.0232183
1.33251e-11	0.0232063
1.3326e-11	0.0231942
1.33269e-11	0.023182
1.33278e-11	0.0231699
1.33287e-11	0.0231577
1.33296e-11	0.0231454
1.33305e-11	0.0231332
1.33314e-11	0.0231209
1.33323e-11	0.0231085
1.33332e-11	0.0230962
1.33341e-11	0.0230838
1.3335e-11	0.0230713
1.33359e-11	0.0230589
1.33368e-11	0.0230464
1.33377e-11	0.0230338
1.33386e-11	0.0230213
1.33395e-11	0.0230087
1.33405e-11	0.0229961
1.33414e-11	0.0229834
1.33423e-11	0.0229707
1.33432e-11	0.022958
1.33441e-11	0.0229452
1.3345e-11	0.0229324
1.33459e-11	0.0229196
1.33468e-11	0.0229068
1.33477e-11	0.0228939
1.33486e-11	0.022881
1.33495e-11	0.022868
1.33504e-11	0.0228551
1.33513e-11	0.0228421
1.33522e-11	0.022829
1.33531e-11	0.022816
1.3354e-11	0.0228029
1.33549e-11	0.0227897
1.33558e-11	0.0227766
1.33567e-11	0.0227634
1.33576e-11	0.0227502
1.33585e-11	0.0227369
1.33594e-11	0.0227237
1.33603e-11	0.0227103
1.33612e-11	0.022697
1.33621e-11	0.0226836
1.3363e-11	0.0226702
1.33639e-11	0.0226568
1.33648e-11	0.0226434
1.33657e-11	0.0226299
1.33666e-11	0.0226164
1.33675e-11	0.0226028
1.33684e-11	0.0225893
1.33693e-11	0.0225757
1.33702e-11	0.022562
1.33711e-11	0.0225484
1.3372e-11	0.0225347
1.33729e-11	0.022521
1.33739e-11	0.0225072
1.33748e-11	0.0224935
1.33757e-11	0.0224797
1.33766e-11	0.0224658
1.33775e-11	0.022452
1.33784e-11	0.0224381
1.33793e-11	0.0224242
1.33802e-11	0.0224103
1.33811e-11	0.0223963
1.3382e-11	0.0223823
1.33829e-11	0.0223683
1.33838e-11	0.0223543
1.33847e-11	0.0223402
1.33856e-11	0.0223261
1.33865e-11	0.022312
1.33874e-11	0.0222978
1.33883e-11	0.0222836
1.33892e-11	0.0222694
1.33901e-11	0.0222552
1.3391e-11	0.0222409
1.33919e-11	0.0222266
1.33928e-11	0.0222123
1.33937e-11	0.022198
1.33946e-11	0.0221836
1.33955e-11	0.0221693
1.33964e-11	0.0221548
1.33973e-11	0.0221404
1.33982e-11	0.0221259
1.33991e-11	0.0221114
1.34e-11	0.0220969
1.34009e-11	0.0220824
1.34018e-11	0.0220678
1.34027e-11	0.0220532
1.34036e-11	0.0220386
1.34045e-11	0.022024
1.34054e-11	0.0220093
1.34063e-11	0.0219946
1.34073e-11	0.0219799
1.34082e-11	0.0219652
1.34091e-11	0.0219504
1.341e-11	0.0219356
1.34109e-11	0.0219208
1.34118e-11	0.021906
1.34127e-11	0.0218911
1.34136e-11	0.0218762
1.34145e-11	0.0218613
1.34154e-11	0.0218464
1.34163e-11	0.0218314
1.34172e-11	0.0218165
1.34181e-11	0.0218015
1.3419e-11	0.0217864
1.34199e-11	0.0217714
1.34208e-11	0.0217563
1.34217e-11	0.0217412
1.34226e-11	0.0217261
1.34235e-11	0.021711
1.34244e-11	0.0216958
1.34253e-11	0.0216806
1.34262e-11	0.0216654
1.34271e-11	0.0216502
1.3428e-11	0.0216349
1.34289e-11	0.0216197
1.34298e-11	0.0216044
1.34307e-11	0.021589
1.34316e-11	0.0215737
1.34325e-11	0.0215583
1.34334e-11	0.021543
1.34343e-11	0.0215276
1.34352e-11	0.0215121
1.34361e-11	0.0214967
1.3437e-11	0.0214812
1.34379e-11	0.0214657
1.34388e-11	0.0214502
1.34397e-11	0.0214347
1.34407e-11	0.0214191
1.34416e-11	0.0214035
1.34425e-11	0.0213879
1.34434e-11	0.0213723
1.34443e-11	0.0213567
1.34452e-11	0.021341
1.34461e-11	0.0213254
1.3447e-11	0.0213097
1.34479e-11	0.0212939
1.34488e-11	0.0212782
1.34497e-11	0.0212624
1.34506e-11	0.0212467
1.34515e-11	0.0212309
1.34524e-11	0.021215
1.34533e-11	0.0211992
1.34542e-11	0.0211833
1.34551e-11	0.0211675
1.3456e-11	0.0211516
1.34569e-11	0.0211357
1.34578e-11	0.0211197
1.34587e-11	0.0211038
1.34596e-11	0.0210878
1.34605e-11	0.0210718
1.34614e-11	0.0210558
1.34623e-11	0.0210398
1.34632e-11	0.0210237
1.34641e-11	0.0210076
1.3465e-11	0.0209915
1.34659e-11	0.0209754
1.34668e-11	0.0209593
1.34677e-11	0.0209432
1.34686e-11	0.020927
1.34695e-11	0.0209108
1.34704e-11	0.0208946
1.34713e-11	0.0208784
1.34722e-11	0.0208622
1.34731e-11	0.0208459
1.3474e-11	0.0208297
1.3475e-11	0.0208134
1.34759e-11	0.0207971
1.34768e-11	0.0207808
1.34777e-11	0.0207644
1.34786e-11	0.0207481
1.34795e-11	0.0207317
1.34804e-11	0.0207153
1.34813e-11	0.0206989
1.34822e-11	0.0206825
1.34831e-11	0.020666
1.3484e-11	0.0206496
1.34849e-11	0.0206331
1.34858e-11	0.0206166
1.34867e-11	0.0206001
1.34876e-11	0.0205836
1.34885e-11	0.0205671
1.34894e-11	0.0205505
1.34903e-11	0.0205339
1.34912e-11	0.0205173
1.34921e-11	0.0205007
1.3493e-11	0.0204841
1.34939e-11	0.0204675
1.34948e-11	0.0204508
1.34957e-11	0.0204342
1.34966e-11	0.0204175
1.34975e-11	0.0204008
1.34984e-11	0.0203841
1.34993e-11	0.0203674
1.35002e-11	0.0203506
1.35011e-11	0.0203338
1.3502e-11	0.0203171
1.35029e-11	0.0203003
1.35038e-11	0.0202835
1.35047e-11	0.0202667
1.35056e-11	0.0202498
1.35065e-11	0.020233
1.35074e-11	0.0202161
1.35084e-11	0.0201992
1.35093e-11	0.0201824
1.35102e-11	0.0201655
1.35111e-11	0.0201485
1.3512e-11	0.0201316
1.35129e-11	0.0201146
1.35138e-11	0.0200977
1.35147e-11	0.0200807
1.35156e-11	0.0200637
1.35165e-11	0.0200467
1.35174e-11	0.0200297
1.35183e-11	0.0200127
1.35192e-11	0.0199956
1.35201e-11	0.0199786
1.3521e-11	0.0199615
1.35219e-11	0.0199444
1.35228e-11	0.0199273
1.35237e-11	0.0199102
1.35246e-11	0.0198931
1.35255e-11	0.019876
1.35264e-11	0.0198588
1.35273e-11	0.0198416
1.35282e-11	0.0198245
1.35291e-11	0.0198073
1.353e-11	0.0197901
1.35309e-11	0.0197729
1.35318e-11	0.0197556
1.35327e-11	0.0197384
1.35336e-11	0.0197212
1.35345e-11	0.0197039
1.35354e-11	0.0196866
1.35363e-11	0.0196693
1.35372e-11	0.019652
1.35381e-11	0.0196347
1.3539e-11	0.0196174
1.35399e-11	0.0196001
1.35408e-11	0.0195827
1.35418e-11	0.0195654
1.35427e-11	0.019548
1.35436e-11	0.0195306
1.35445e-11	0.0195132
1.35454e-11	0.0194958
1.35463e-11	0.0194784
1.35472e-11	0.019461
1.35481e-11	0.0194436
1.3549e-11	0.0194261
1.35499e-11	0.0194087
1.35508e-11	0.0193912
1.35517e-11	0.0193737
1.35526e-11	0.0193562
1.35535e-11	0.0193387
1.35544e-11	0.0193212
1.35553e-11	0.0193037
1.35562e-11	0.0192862
1.35571e-11	0.0192686
1.3558e-11	0.0192511
1.35589e-11	0.0192335
1.35598e-11	0.0192159
1.35607e-11	0.0191984
1.35616e-11	0.0191808
1.35625e-11	0.0191632
1.35634e-11	0.0191456
1.35643e-11	0.0191279
1.35652e-11	0.0191103
1.35661e-11	0.0190927
1.3567e-11	0.019075
1.35679e-11	0.0190574
1.35688e-11	0.0190397
1.35697e-11	0.019022
1.35706e-11	0.0190043
1.35715e-11	0.0189866
1.35724e-11	0.0189689
1.35733e-11	0.0189512
1.35742e-11	0.0189335
1.35752e-11	0.0189158
1.35761e-11	0.018898
1.3577e-11	0.0188803
1.35779e-11	0.0188625
1.35788e-11	0.0188448
1.35797e-11	0.018827
1.35806e-11	0.0188092
1.35815e-11	0.0187914
1.35824e-11	0.0187736
1.35833e-11	0.0187558
1.35842e-11	0.018738
1.35851e-11	0.0187202
1.3586e-11	0.0187024
1.35869e-11	0.0186845
1.35878e-11	0.0186667
1.35887e-11	0.0186488
1.35896e-11	0.018631
1.35905e-11	0.0186131
1.35914e-11	0.0185952
1.35923e-11	0.0185773
1.35932e-11	0.0185594
1.35941e-11	0.0185415
1.3595e-11	0.0185236
1.35959e-11	0.0185057
1.35968e-11	0.0184878
1.35977e-11	0.0184699
1.35986e-11	0.0184519
1.35995e-11	0.018434
1.36004e-11	0.018416
1.36013e-11	0.0183981
1.36022e-11	0.0183801
1.36031e-11	0.0183622
1.3604e-11	0.0183442
1.36049e-11	0.0183262
1.36058e-11	0.0183082
1.36067e-11	0.0182902
1.36076e-11	0.0182722
1.36086e-11	0.0182542
1.36095e-11	0.0182362
1.36104e-11	0.0182182
1.36113e-11	0.0182001
1.36122e-11	0.0181821
1.36131e-11	0.0181641
1.3614e-11	0.018146
1.36149e-11	0.018128
1.36158e-11	0.0181099
1.36167e-11	0.0180919
1.36176e-11	0.0180738
1.36185e-11	0.0180557
1.36194e-11	0.0180377
1.36203e-11	0.0180196
1.36212e-11	0.0180015
1.36221e-11	0.0179834
1.3623e-11	0.0179653
1.36239e-11	0.0179472
1.36248e-11	0.0179291
1.36257e-11	0.017911
1.36266e-11	0.0178929
1.36275e-11	0.0178747
1.36284e-11	0.0178566
1.36293e-11	0.0178385
1.36302e-11	0.0178203
1.36311e-11	0.0178022
1.3632e-11	0.017784
1.36329e-11	0.0177659
1.36338e-11	0.0177477
1.36347e-11	0.0177296
1.36356e-11	0.0177114
1.36365e-11	0.0176932
1.36374e-11	0.0176751
1.36383e-11	0.0176569
1.36392e-11	0.0176387
1.36401e-11	0.0176205
1.3641e-11	0.0176023
1.3642e-11	0.0175841
1.36429e-11	0.0175659
1.36438e-11	0.0175477
1.36447e-11	0.0175295
1.36456e-11	0.0175113
1.36465e-11	0.0174931
1.36474e-11	0.0174749
1.36483e-11	0.0174567
1.36492e-11	0.0174385
1.36501e-11	0.0174202
1.3651e-11	0.017402
1.36519e-11	0.0173838
1.36528e-11	0.0173656
1.36537e-11	0.0173473
1.36546e-11	0.0173291
1.36555e-11	0.0173108
1.36564e-11	0.0172926
1.36573e-11	0.0172743
1.36582e-11	0.0172561
1.36591e-11	0.0172378
1.366e-11	0.0172196
1.36609e-11	0.0172013
1.36618e-11	0.017183
1.36627e-11	0.0171648
1.36636e-11	0.0171465
1.36645e-11	0.0171282
1.36654e-11	0.01711
1.36663e-11	0.0170917
1.36672e-11	0.0170734
1.36681e-11	0.0170551
1.3669e-11	0.0170369
1.36699e-11	0.0170186
1.36708e-11	0.0170003
1.36717e-11	0.016982
1.36726e-11	0.0169637
1.36735e-11	0.0169454
1.36744e-11	0.0169271
1.36754e-11	0.0169088
1.36763e-11	0.0168905
1.36772e-11	0.0168723
1.36781e-11	0.016854
1.3679e-11	0.0168357
1.36799e-11	0.0168174
1.36808e-11	0.016799
1.36817e-11	0.0167807
1.36826e-11	0.0167624
1.36835e-11	0.0167441
1.36844e-11	0.0167258
1.36853e-11	0.0167075
1.36862e-11	0.0166892
1.36871e-11	0.0166709
1.3688e-11	0.0166526
1.36889e-11	0.0166343
1.36898e-11	0.016616
1.36907e-11	0.0165976
1.36916e-11	0.0165793
1.36925e-11	0.016561
1.36934e-11	0.0165427
1.36943e-11	0.0165244
1.36952e-11	0.0165061
1.36961e-11	0.0164878
1.3697e-11	0.0164694
1.36979e-11	0.0164511
1.36988e-11	0.0164328
1.36997e-11	0.0164145
1.37006e-11	0.0163962
1.37015e-11	0.0163778
1.37024e-11	0.0163595
1.37033e-11	0.0163412
1.37042e-11	0.0163229
1.37051e-11	0.0163046
1.3706e-11	0.0162863
1.37069e-11	0.0162679
1.37078e-11	0.0162496
1.37088e-11	0.0162313
1.37097e-11	0.016213
1.37106e-11	0.0161947
1.37115e-11	0.0161764
1.37124e-11	0.016158
1.37133e-11	0.0161397
1.37142e-11	0.0161214
1.37151e-11	0.0161031
1.3716e-11	0.0160848
1.37169e-11	0.0160665
1.37178e-11	0.0160482
1.37187e-11	0.0160299
1.37196e-11	0.0160116
1.37205e-11	0.0159932
1.37214e-11	0.0159749
1.37223e-11	0.0159566
1.37232e-11	0.0159383
1.37241e-11	0.01592
1.3725e-11	0.0159017
1.37259e-11	0.0158834
1.37268e-11	0.0158651
1.37277e-11	0.0158468
1.37286e-11	0.0158285
1.37295e-11	0.0158102
1.37304e-11	0.0157919
1.37313e-11	0.0157737
1.37322e-11	0.0157554
1.37331e-11	0.0157371
1.3734e-11	0.0157188
1.37349e-11	0.0157005
1.37358e-11	0.0156822
1.37367e-11	0.0156639
1.37376e-11	0.0156457
1.37385e-11	0.0156274
1.37394e-11	0.0156091
1.37403e-11	0.0155908
1.37412e-11	0.0155726
1.37421e-11	0.0155543
1.37431e-11	0.015536
1.3744e-11	0.0155178
1.37449e-11	0.0154995
1.37458e-11	0.0154813
1.37467e-11	0.015463
1.37476e-11	0.0154447
1.37485e-11	0.0154265
1.37494e-11	0.0154082
1.37503e-11	0.01539
1.37512e-11	0.0153718
1.37521e-11	0.0153535
1.3753e-11	0.0153353
1.37539e-11	0.015317
1.37548e-11	0.0152988
1.37557e-11	0.0152806
1.37566e-11	0.0152624
1.37575e-11	0.0152441
1.37584e-11	0.0152259
1.37593e-11	0.0152077
1.37602e-11	0.0151895
1.37611e-11	0.0151713
1.3762e-11	0.0151531
1.37629e-11	0.0151349
1.37638e-11	0.0151167
1.37647e-11	0.0150985
1.37656e-11	0.0150803
1.37665e-11	0.0150621
1.37674e-11	0.0150439
1.37683e-11	0.0150257
1.37692e-11	0.0150075
1.37701e-11	0.0149893
1.3771e-11	0.0149712
1.37719e-11	0.014953
1.37728e-11	0.0149348
1.37737e-11	0.0149167
1.37746e-11	0.0148985
1.37755e-11	0.0148804
1.37765e-11	0.0148622
1.37774e-11	0.0148441
1.37783e-11	0.0148259
1.37792e-11	0.0148078
1.37801e-11	0.0147897
1.3781e-11	0.0147715
1.37819e-11	0.0147534
1.37828e-11	0.0147353
1.37837e-11	0.0147172
1.37846e-11	0.0146991
1.37855e-11	0.0146809
1.37864e-11	0.0146628
1.37873e-11	0.0146447
1.37882e-11	0.0146267
1.37891e-11	0.0146086
1.379e-11	0.0145905
1.37909e-11	0.0145724
1.37918e-11	0.0145543
1.37927e-11	0.0145362
1.37936e-11	0.0145182
1.37945e-11	0.0145001
1.37954e-11	0.0144821
1.37963e-11	0.014464
1.37972e-11	0.014446
1.37981e-11	0.0144279
1.3799e-11	0.0144099
1.37999e-11	0.0143919
1.38008e-11	0.0143738
1.38017e-11	0.0143558
1.38026e-11	0.0143378
1.38035e-11	0.0143198
1.38044e-11	0.0143018
1.38053e-11	0.0142838
1.38062e-11	0.0142658
1.38071e-11	0.0142478
1.3808e-11	0.0142298
1.38089e-11	0.0142118
1.38099e-11	0.0141938
1.38108e-11	0.0141759
1.38117e-11	0.0141579
1.38126e-11	0.01414
1.38135e-11	0.014122
1.38144e-11	0.0141041
1.38153e-11	0.0140861
1.38162e-11	0.0140682
1.38171e-11	0.0140503
1.3818e-11	0.0140323
1.38189e-11	0.0140144
1.38198e-11	0.0139965
1.38207e-11	0.0139786
1.38216e-11	0.0139607
1.38225e-11	0.0139428
1.38234e-11	0.0139249
1.38243e-11	0.013907
1.38252e-11	0.0138892
1.38261e-11	0.0138713
1.3827e-11	0.0138534
1.38279e-11	0.0138356
1.38288e-11	0.0138177
1.38297e-11	0.0137999
1.38306e-11	0.0137821
1.38315e-11	0.0137642
1.38324e-11	0.0137464
1.38333e-11	0.0137286
1.38342e-11	0.0137108
1.38351e-11	0.013693
1.3836e-11	0.0136752
1.38369e-11	0.0136574
1.38378e-11	0.0136396
1.38387e-11	0.0136218
1.38396e-11	0.013604
1.38405e-11	0.0135863
1.38414e-11	0.0135685
1.38423e-11	0.0135508
1.38433e-11	0.013533
1.38442e-11	0.0135153
1.38451e-11	0.0134976
1.3846e-11	0.0134798
1.38469e-11	0.0134621
1.38478e-11	0.0134444
1.38487e-11	0.0134267
1.38496e-11	0.013409
1.38505e-11	0.0133913
1.38514e-11	0.0133736
1.38523e-11	0.013356
1.38532e-11	0.0133383
1.38541e-11	0.0133206
1.3855e-11	0.013303
1.38559e-11	0.0132853
1.38568e-11	0.0132677
1.38577e-11	0.0132501
1.38586e-11	0.0132325
1.38595e-11	0.0132148
1.38604e-11	0.0131972
1.38613e-11	0.0131796
1.38622e-11	0.013162
1.38631e-11	0.0131445
1.3864e-11	0.0131269
1.38649e-11	0.0131093
1.38658e-11	0.0130918
1.38667e-11	0.0130742
1.38676e-11	0.0130567
1.38685e-11	0.0130391
1.38694e-11	0.0130216
1.38703e-11	0.0130041
1.38712e-11	0.0129866
1.38721e-11	0.0129691
1.3873e-11	0.0129516
1.38739e-11	0.0129341
1.38748e-11	0.0129166
1.38757e-11	0.0128991
1.38767e-11	0.0128816
1.38776e-11	0.0128642
1.38785e-11	0.0128467
1.38794e-11	0.0128293
1.38803e-11	0.0128119
1.38812e-11	0.0127944
1.38821e-11	0.012777
1.3883e-11	0.0127596
1.38839e-11	0.0127422
1.38848e-11	0.0127248
1.38857e-11	0.0127074
1.38866e-11	0.0126901
1.38875e-11	0.0126727
1.38884e-11	0.0126553
1.38893e-11	0.012638
1.38902e-11	0.0126207
1.38911e-11	0.0126033
1.3892e-11	0.012586
1.38929e-11	0.0125687
1.38938e-11	0.0125514
1.38947e-11	0.0125341
1.38956e-11	0.0125168
1.38965e-11	0.0124995
1.38974e-11	0.0124822
1.38983e-11	0.012465
1.38992e-11	0.0124477
1.39001e-11	0.0124305
1.3901e-11	0.0124133
1.39019e-11	0.012396
1.39028e-11	0.0123788
1.39037e-11	0.0123616
1.39046e-11	0.0123444
1.39055e-11	0.0123272
1.39064e-11	0.01231
1.39073e-11	0.0122929
1.39082e-11	0.0122757
1.39091e-11	0.0122586
1.39101e-11	0.0122414
1.3911e-11	0.0122243
1.39119e-11	0.0122071
1.39128e-11	0.01219
1.39137e-11	0.0121729
1.39146e-11	0.0121558
1.39155e-11	0.0121387
1.39164e-11	0.0121217
1.39173e-11	0.0121046
1.39182e-11	0.0120875
1.39191e-11	0.0120705
1.392e-11	0.0120534
1.39209e-11	0.0120364
1.39218e-11	0.0120194
1.39227e-11	0.0120024
1.39236e-11	0.0119854
1.39245e-11	0.0119684
1.39254e-11	0.0119514
1.39263e-11	0.0119344
1.39272e-11	0.0119175
1.39281e-11	0.0119005
1.3929e-11	0.0118836
1.39299e-11	0.0118666
1.39308e-11	0.0118497
1.39317e-11	0.0118328
1.39326e-11	0.0118159
1.39335e-11	0.011799
1.39344e-11	0.0117821
1.39353e-11	0.0117652
1.39362e-11	0.0117484
1.39371e-11	0.0117315
1.3938e-11	0.0117147
1.39389e-11	0.0116978
1.39398e-11	0.011681
1.39407e-11	0.0116642
1.39416e-11	0.0116474
1.39425e-11	0.0116306
1.39435e-11	0.0116138
1.39444e-11	0.0115971
1.39453e-11	0.0115803
1.39462e-11	0.0115635
1.39471e-11	0.0115468
1.3948e-11	0.0115301
1.39489e-11	0.0115133
1.39498e-11	0.0114966
1.39507e-11	0.0114799
1.39516e-11	0.0114632
1.39525e-11	0.0114466
1.39534e-11	0.0114299
1.39543e-11	0.0114132
1.39552e-11	0.0113966
1.39561e-11	0.0113799
1.3957e-11	0.0113633
1.39579e-11	0.0113467
1.39588e-11	0.0113301
1.39597e-11	0.0113135
1.39606e-11	0.0112969
1.39615e-11	0.0112803
1.39624e-11	0.0112638
1.39633e-11	0.0112472
1.39642e-11	0.0112307
1.39651e-11	0.0112141
1.3966e-11	0.0111976
1.39669e-11	0.0111811
1.39678e-11	0.0111646
1.39687e-11	0.0111481
1.39696e-11	0.0111317
1.39705e-11	0.0111152
1.39714e-11	0.0110987
1.39723e-11	0.0110823
1.39732e-11	0.0110659
1.39741e-11	0.0110494
1.3975e-11	0.011033
1.39759e-11	0.0110166
1.39769e-11	0.0110002
1.39778e-11	0.0109839
1.39787e-11	0.0109675
1.39796e-11	0.0109511
1.39805e-11	0.0109348
1.39814e-11	0.0109185
1.39823e-11	0.0109021
1.39832e-11	0.0108858
1.39841e-11	0.0108695
1.3985e-11	0.0108532
1.39859e-11	0.010837
1.39868e-11	0.0108207
1.39877e-11	0.0108044
1.39886e-11	0.0107882
1.39895e-11	0.010772
1.39904e-11	0.0107557
1.39913e-11	0.0107395
1.39922e-11	0.0107233
1.39931e-11	0.0107071
1.3994e-11	0.010691
1.39949e-11	0.0106748
1.39958e-11	0.0106586
1.39967e-11	0.0106425
1.39976e-11	0.0106264
1.39985e-11	0.0106103
1.39994e-11	0.0105942
1.40003e-11	0.0105781
1.40012e-11	0.010562
1.40021e-11	0.0105459
1.4003e-11	0.0105298
1.40039e-11	0.0105138
1.40048e-11	0.0104978
1.40057e-11	0.0104817
1.40066e-11	0.0104657
1.40075e-11	0.0104497
1.40084e-11	0.0104337
1.40093e-11	0.0104178
1.40102e-11	0.0104018
1.40112e-11	0.0103858
1.40121e-11	0.0103699
1.4013e-11	0.010354
1.40139e-11	0.010338
1.40148e-11	0.0103221
1.40157e-11	0.0103062
1.40166e-11	0.0102904
1.40175e-11	0.0102745
1.40184e-11	0.0102586
1.40193e-11	0.0102428
1.40202e-11	0.0102269
1.40211e-11	0.0102111
1.4022e-11	0.0101953
1.40229e-11	0.0101795
1.40238e-11	0.0101637
1.40247e-11	0.010148
1.40256e-11	0.0101322
1.40265e-11	0.0101164
1.40274e-11	0.0101007
1.40283e-11	0.010085
1.40292e-11	0.0100693
1.40301e-11	0.0100536
1.4031e-11	0.0100379
1.40319e-11	0.0100222
1.40328e-11	0.0100065
1.40337e-11	0.00999087
1.40346e-11	0.00997523
1.40355e-11	0.0099596
1.40364e-11	0.00994399
1.40373e-11	0.00992838
1.40382e-11	0.00991279
1.40391e-11	0.00989721
1.404e-11	0.00988164
1.40409e-11	0.00986609
1.40418e-11	0.00985055
1.40427e-11	0.00983502
1.40436e-11	0.0098195
1.40446e-11	0.009804
1.40455e-11	0.0097885
1.40464e-11	0.00977302
1.40473e-11	0.00975756
1.40482e-11	0.0097421
1.40491e-11	0.00972666
1.405e-11	0.00971123
1.40509e-11	0.00969581
1.40518e-11	0.00968041
1.40527e-11	0.00966501
1.40536e-11	0.00964963
1.40545e-11	0.00963427
1.40554e-11	0.00961891
1.40563e-11	0.00960357
1.40572e-11	0.00958824
1.40581e-11	0.00957292
1.4059e-11	0.00955762
1.40599e-11	0.00954233
1.40608e-11	0.00952705
1.40617e-11	0.00951178
1.40626e-11	0.00949653
1.40635e-11	0.00948129
1.40644e-11	0.00946606
1.40653e-11	0.00945085
1.40662e-11	0.00943564
1.40671e-11	0.00942045
1.4068e-11	0.00940528
1.40689e-11	0.00939011
1.40698e-11	0.00937496
1.40707e-11	0.00935982
1.40716e-11	0.0093447
1.40725e-11	0.00932959
1.40734e-11	0.00931449
1.40743e-11	0.0092994
1.40752e-11	0.00928433
1.40761e-11	0.00926927
1.4077e-11	0.00925422
1.4078e-11	0.00923918
1.40789e-11	0.00922416
1.40798e-11	0.00920915
1.40807e-11	0.00919416
1.40816e-11	0.00917917
1.40825e-11	0.0091642
1.40834e-11	0.00914925
1.40843e-11	0.0091343
1.40852e-11	0.00911937
1.40861e-11	0.00910445
1.4087e-11	0.00908955
1.40879e-11	0.00907466
1.40888e-11	0.00905978
1.40897e-11	0.00904491
1.40906e-11	0.00903006
1.40915e-11	0.00901522
1.40924e-11	0.0090004
1.40933e-11	0.00898558
1.40942e-11	0.00897078
1.40951e-11	0.008956
1.4096e-11	0.00894122
1.40969e-11	0.00892646
1.40978e-11	0.00891172
1.40987e-11	0.00889698
1.40996e-11	0.00888226
1.41005e-11	0.00886755
1.41014e-11	0.00885286
1.41023e-11	0.00883818
1.41032e-11	0.00882351
1.41041e-11	0.00880886
1.4105e-11	0.00879422
1.41059e-11	0.00877959
1.41068e-11	0.00876497
1.41077e-11	0.00875037
1.41086e-11	0.00873579
1.41095e-11	0.00872121
1.41104e-11	0.00870665
1.41114e-11	0.0086921
1.41123e-11	0.00867757
1.41132e-11	0.00866305
1.41141e-11	0.00864854
1.4115e-11	0.00863405
1.41159e-11	0.00861957
1.41168e-11	0.0086051
1.41177e-11	0.00859065
1.41186e-11	0.00857621
1.41195e-11	0.00856178
1.41204e-11	0.00854736
1.41213e-11	0.00853296
1.41222e-11	0.00851858
1.41231e-11	0.00850421
1.4124e-11	0.00848985
1.41249e-11	0.0084755
1.41258e-11	0.00846117
1.41267e-11	0.00844685
1.41276e-11	0.00843254
1.41285e-11	0.00841825
1.41294e-11	0.00840397
1.41303e-11	0.00838971
1.41312e-11	0.00837546
1.41321e-11	0.00836122
1.4133e-11	0.008347
1.41339e-11	0.00833279
1.41348e-11	0.00831859
1.41357e-11	0.00830441
1.41366e-11	0.00829024
1.41375e-11	0.00827608
1.41384e-11	0.00826194
1.41393e-11	0.00824781
1.41402e-11	0.00823369
1.41411e-11	0.00821959
1.4142e-11	0.00820551
1.41429e-11	0.00819143
1.41438e-11	0.00817737
1.41448e-11	0.00816332
1.41457e-11	0.00814929
1.41466e-11	0.00813527
1.41475e-11	0.00812127
1.41484e-11	0.00810728
1.41493e-11	0.0080933
1.41502e-11	0.00807933
1.41511e-11	0.00806538
1.4152e-11	0.00805145
1.41529e-11	0.00803752
1.41538e-11	0.00802361
1.41547e-11	0.00800972
1.41556e-11	0.00799584
1.41565e-11	0.00798197
1.41574e-11	0.00796811
1.41583e-11	0.00795428
1.41592e-11	0.00794045
1.41601e-11	0.00792664
1.4161e-11	0.00791284
1.41619e-11	0.00789905
1.41628e-11	0.00788528
1.41637e-11	0.00787152
1.41646e-11	0.00785778
1.41655e-11	0.00784405
1.41664e-11	0.00783033
1.41673e-11	0.00781663
1.41682e-11	0.00780294
1.41691e-11	0.00778927
1.417e-11	0.00777561
1.41709e-11	0.00776196
1.41718e-11	0.00774833
1.41727e-11	0.00773471
1.41736e-11	0.00772111
1.41745e-11	0.00770752
1.41754e-11	0.00769394
1.41763e-11	0.00768038
1.41772e-11	0.00766683
1.41782e-11	0.00765329
1.41791e-11	0.00763977
1.418e-11	0.00762627
1.41809e-11	0.00761277
1.41818e-11	0.00759929
1.41827e-11	0.00758583
1.41836e-11	0.00757238
1.41845e-11	0.00755894
1.41854e-11	0.00754552
1.41863e-11	0.00753211
1.41872e-11	0.00751871
1.41881e-11	0.00750533
1.4189e-11	0.00749196
1.41899e-11	0.00747861
1.41908e-11	0.00746527
1.41917e-11	0.00745194
1.41926e-11	0.00743863
1.41935e-11	0.00742534
1.41944e-11	0.00741205
1.41953e-11	0.00739878
1.41962e-11	0.00738553
1.41971e-11	0.00737229
1.4198e-11	0.00735906
1.41989e-11	0.00734585
1.41998e-11	0.00733265
1.42007e-11	0.00731946
1.42016e-11	0.00730629
1.42025e-11	0.00729314
1.42034e-11	0.00727999
1.42043e-11	0.00726686
1.42052e-11	0.00725375
1.42061e-11	0.00724065
1.4207e-11	0.00722756
1.42079e-11	0.00721449
1.42088e-11	0.00720143
1.42097e-11	0.00718839
1.42106e-11	0.00717536
1.42116e-11	0.00716234
1.42125e-11	0.00714934
1.42134e-11	0.00713635
1.42143e-11	0.00712338
1.42152e-11	0.00711042
1.42161e-11	0.00709747
1.4217e-11	0.00708454
1.42179e-11	0.00707162
1.42188e-11	0.00705872
1.42197e-11	0.00704583
1.42206e-11	0.00703296
1.42215e-11	0.0070201
1.42224e-11	0.00700725
1.42233e-11	0.00699442
1.42242e-11	0.0069816
1.42251e-11	0.00696879
1.4226e-11	0.006956
1.42269e-11	0.00694323
1.42278e-11	0.00693047
1.42287e-11	0.00691772
1.42296e-11	0.00690499
1.42305e-11	0.00689227
1.42314e-11	0.00687956
1.42323e-11	0.00686687
1.42332e-11	0.00685419
1.42341e-11	0.00684153
1.4235e-11	0.00682888
1.42359e-11	0.00681625
1.42368e-11	0.00680363
1.42377e-11	0.00679102
1.42386e-11	0.00677843
1.42395e-11	0.00676585
1.42404e-11	0.00675329
1.42413e-11	0.00674074
1.42422e-11	0.00672821
1.42431e-11	0.00671568
1.4244e-11	0.00670318
1.42449e-11	0.00669069
1.42459e-11	0.00667821
1.42468e-11	0.00666574
1.42477e-11	0.00665329
1.42486e-11	0.00664086
1.42495e-11	0.00662844
1.42504e-11	0.00661603
1.42513e-11	0.00660364
1.42522e-11	0.00659126
1.42531e-11	0.00657889
1.4254e-11	0.00656654
1.42549e-11	0.00655421
1.42558e-11	0.00654188
1.42567e-11	0.00652958
1.42576e-11	0.00651728
1.42585e-11	0.006505
1.42594e-11	0.00649274
1.42603e-11	0.00648049
1.42612e-11	0.00646825
1.42621e-11	0.00645603
1.4263e-11	0.00644382
1.42639e-11	0.00643162
1.42648e-11	0.00641944
1.42657e-11	0.00640728
1.42666e-11	0.00639513
1.42675e-11	0.00638299
1.42684e-11	0.00637087
1.42693e-11	0.00635876
1.42702e-11	0.00634666
1.42711e-11	0.00633458
1.4272e-11	0.00632252
1.42729e-11	0.00631046
1.42738e-11	0.00629843
1.42747e-11	0.0062864
1.42756e-11	0.00627439
1.42765e-11	0.0062624
1.42774e-11	0.00625042
1.42783e-11	0.00623845
1.42793e-11	0.0062265
1.42802e-11	0.00621456
1.42811e-11	0.00620264
1.4282e-11	0.00619073
1.42829e-11	0.00617883
1.42838e-11	0.00616695
1.42847e-11	0.00615508
1.42856e-11	0.00614323
1.42865e-11	0.00613139
1.42874e-11	0.00611956
1.42883e-11	0.00610775
1.42892e-11	0.00609596
1.42901e-11	0.00608418
1.4291e-11	0.00607241
1.42919e-11	0.00606065
1.42928e-11	0.00604891
1.42937e-11	0.00603719
1.42946e-11	0.00602548
1.42955e-11	0.00601378
1.42964e-11	0.0060021
1.42973e-11	0.00599043
1.42982e-11	0.00597878
1.42991e-11	0.00596714
1.43e-11	0.00595551
1.43009e-11	0.0059439
1.43018e-11	0.0059323
1.43027e-11	0.00592072
1.43036e-11	0.00590915
1.43045e-11	0.00589759
1.43054e-11	0.00588605
1.43063e-11	0.00587453
1.43072e-11	0.00586301
1.43081e-11	0.00585152
1.4309e-11	0.00584003
1.43099e-11	0.00582856
1.43108e-11	0.00581711
1.43117e-11	0.00580566
1.43127e-11	0.00579424
1.43136e-11	0.00578282
1.43145e-11	0.00577143
1.43154e-11	0.00576004
1.43163e-11	0.00574867
1.43172e-11	0.00573731
1.43181e-11	0.00572597
1.4319e-11	0.00571464
1.43199e-11	0.00570333
1.43208e-11	0.00569203
1.43217e-11	0.00568074
1.43226e-11	0.00566947
1.43235e-11	0.00565821
1.43244e-11	0.00564697
1.43253e-11	0.00563574
1.43262e-11	0.00562453
1.43271e-11	0.00561333
1.4328e-11	0.00560214
1.43289e-11	0.00559097
1.43298e-11	0.00557981
1.43307e-11	0.00556866
1.43316e-11	0.00555753
1.43325e-11	0.00554642
1.43334e-11	0.00553532
1.43343e-11	0.00552423
1.43352e-11	0.00551315
1.43361e-11	0.00550209
1.4337e-11	0.00549105
1.43379e-11	0.00548002
1.43388e-11	0.005469
1.43397e-11	0.005458
1.43406e-11	0.00544701
1.43415e-11	0.00543603
1.43424e-11	0.00542507
1.43433e-11	0.00541413
1.43442e-11	0.00540319
1.43451e-11	0.00539227
1.43461e-11	0.00538137
1.4347e-11	0.00537048
1.43479e-11	0.0053596
1.43488e-11	0.00534874
1.43497e-11	0.00533789
1.43506e-11	0.00532706
1.43515e-11	0.00531624
1.43524e-11	0.00530543
1.43533e-11	0.00529464
1.43542e-11	0.00528386
1.43551e-11	0.0052731
1.4356e-11	0.00526235
1.43569e-11	0.00525161
1.43578e-11	0.00524089
1.43587e-11	0.00523018
1.43596e-11	0.00521949
1.43605e-11	0.00520881
1.43614e-11	0.00519814
1.43623e-11	0.00518749
1.43632e-11	0.00517685
1.43641e-11	0.00516623
1.4365e-11	0.00515562
1.43659e-11	0.00514502
1.43668e-11	0.00513444
1.43677e-11	0.00512387
1.43686e-11	0.00511332
1.43695e-11	0.00510278
1.43704e-11	0.00509225
1.43713e-11	0.00508174
1.43722e-11	0.00507124
1.43731e-11	0.00506076
1.4374e-11	0.00505029
1.43749e-11	0.00503983
1.43758e-11	0.00502939
1.43767e-11	0.00501896
1.43776e-11	0.00500855
1.43785e-11	0.00499815
1.43795e-11	0.00498776
1.43804e-11	0.00497739
1.43813e-11	0.00496703
1.43822e-11	0.00495668
1.43831e-11	0.00494635
1.4384e-11	0.00493604
1.43849e-11	0.00492573
1.43858e-11	0.00491544
1.43867e-11	0.00490517
1.43876e-11	0.00489491
1.43885e-11	0.00488466
1.43894e-11	0.00487443
1.43903e-11	0.00486421
1.43912e-11	0.004854
1.43921e-11	0.00484381
1.4393e-11	0.00483363
1.43939e-11	0.00482347
1.43948e-11	0.00481332
1.43957e-11	0.00480318
1.43966e-11	0.00479306
1.43975e-11	0.00478295
1.43984e-11	0.00477285
1.43993e-11	0.00476277
1.44002e-11	0.0047527
1.44011e-11	0.00474265
1.4402e-11	0.00473261
1.44029e-11	0.00472258
1.44038e-11	0.00471257
1.44047e-11	0.00470257
1.44056e-11	0.00469259
1.44065e-11	0.00468262
1.44074e-11	0.00467266
1.44083e-11	0.00466272
1.44092e-11	0.00465279
1.44101e-11	0.00464287
1.4411e-11	0.00463297
1.44119e-11	0.00462308
1.44129e-11	0.00461321
1.44138e-11	0.00460334
1.44147e-11	0.0045935
1.44156e-11	0.00458366
1.44165e-11	0.00457384
1.44174e-11	0.00456404
1.44183e-11	0.00455425
1.44192e-11	0.00454447
1.44201e-11	0.0045347
1.4421e-11	0.00452495
1.44219e-11	0.00451521
1.44228e-11	0.00450549
1.44237e-11	0.00449578
1.44246e-11	0.00448608
1.44255e-11	0.0044764
1.44264e-11	0.00446673
1.44273e-11	0.00445707
1.44282e-11	0.00444743
1.44291e-11	0.0044378
1.443e-11	0.00442819
1.44309e-11	0.00441859
1.44318e-11	0.004409
1.44327e-11	0.00439943
1.44336e-11	0.00438987
1.44345e-11	0.00438032
1.44354e-11	0.00437079
1.44363e-11	0.00436127
1.44372e-11	0.00435176
1.44381e-11	0.00434227
1.4439e-11	0.00433279
1.44399e-11	0.00432332
1.44408e-11	0.00431387
1.44417e-11	0.00430443
1.44426e-11	0.00429501
1.44435e-11	0.0042856
1.44444e-11	0.0042762
1.44453e-11	0.00426681
1.44463e-11	0.00425744
1.44472e-11	0.00424809
1.44481e-11	0.00423874
1.4449e-11	0.00422941
1.44499e-11	0.0042201
1.44508e-11	0.00421079
1.44517e-11	0.0042015
1.44526e-11	0.00419223
1.44535e-11	0.00418296
1.44544e-11	0.00417371
1.44553e-11	0.00416448
1.44562e-11	0.00415525
1.44571e-11	0.00414605
1.4458e-11	0.00413685
1.44589e-11	0.00412767
1.44598e-11	0.0041185
1.44607e-11	0.00410934
1.44616e-11	0.0041002
1.44625e-11	0.00409107
1.44634e-11	0.00408196
1.44643e-11	0.00407285
1.44652e-11	0.00406376
1.44661e-11	0.00405469
1.4467e-11	0.00404563
1.44679e-11	0.00403658
1.44688e-11	0.00402754
1.44697e-11	0.00401852
1.44706e-11	0.00400951
1.44715e-11	0.00400052
1.44724e-11	0.00399153
1.44733e-11	0.00398256
1.44742e-11	0.00397361
1.44751e-11	0.00396467
1.4476e-11	0.00395574
1.44769e-11	0.00394682
1.44778e-11	0.00393792
1.44787e-11	0.00392903
1.44797e-11	0.00392015
1.44806e-11	0.00391129
1.44815e-11	0.00390244
1.44824e-11	0.0038936
1.44833e-11	0.00388478
1.44842e-11	0.00387597
1.44851e-11	0.00386717
1.4486e-11	0.00385839
1.44869e-11	0.00384962
1.44878e-11	0.00384086
1.44887e-11	0.00383212
1.44896e-11	0.00382339
1.44905e-11	0.00381467
1.44914e-11	0.00380596
1.44923e-11	0.00379727
1.44932e-11	0.00378859
1.44941e-11	0.00377993
1.4495e-11	0.00377127
1.44959e-11	0.00376263
1.44968e-11	0.00375401
1.44977e-11	0.00374539
1.44986e-11	0.00373679
1.44995e-11	0.00372821
1.45004e-11	0.00371963
1.45013e-11	0.00371107
1.45022e-11	0.00370252
1.45031e-11	0.00369399
1.4504e-11	0.00368547
1.45049e-11	0.00367696
1.45058e-11	0.00366846
1.45067e-11	0.00365998
1.45076e-11	0.00365151
1.45085e-11	0.00364305
1.45094e-11	0.00363461
1.45103e-11	0.00362618
1.45112e-11	0.00361776
1.45121e-11	0.00360935
1.4513e-11	0.00360096
1.4514e-11	0.00359258
1.45149e-11	0.00358422
1.45158e-11	0.00357586
1.45167e-11	0.00356752
1.45176e-11	0.00355919
1.45185e-11	0.00355088
1.45194e-11	0.00354258
1.45203e-11	0.00353429
1.45212e-11	0.00352601
1.45221e-11	0.00351775
1.4523e-11	0.0035095
1.45239e-11	0.00350126
1.45248e-11	0.00349304
1.45257e-11	0.00348482
1.45266e-11	0.00347662
1.45275e-11	0.00346844
1.45284e-11	0.00346026
1.45293e-11	0.0034521
1.45302e-11	0.00344395
1.45311e-11	0.00343582
1.4532e-11	0.0034277
1.45329e-11	0.00341959
1.45338e-11	0.00341149
1.45347e-11	0.0034034
1.45356e-11	0.00339533
1.45365e-11	0.00338727
1.45374e-11	0.00337923
1.45383e-11	0.00337119
1.45392e-11	0.00336317
1.45401e-11	0.00335516
1.4541e-11	0.00334717
1.45419e-11	0.00333918
1.45428e-11	0.00333121
1.45437e-11	0.00332326
1.45446e-11	0.00331531
1.45455e-11	0.00330738
1.45464e-11	0.00329946
1.45474e-11	0.00329155
1.45483e-11	0.00328366
1.45492e-11	0.00327577
1.45501e-11	0.0032679
1.4551e-11	0.00326005
1.45519e-11	0.0032522
1.45528e-11	0.00324437
1.45537e-11	0.00323655
1.45546e-11	0.00322874
1.45555e-11	0.00322095
1.45564e-11	0.00321317
1.45573e-11	0.0032054
1.45582e-11	0.00319764
1.45591e-11	0.0031899
1.456e-11	0.00318216
1.45609e-11	0.00317444
1.45618e-11	0.00316674
1.45627e-11	0.00315904
1.45636e-11	0.00315136
1.45645e-11	0.00314369
1.45654e-11	0.00313603
1.45663e-11	0.00312839
1.45672e-11	0.00312076
1.45681e-11	0.00311313
1.4569e-11	0.00310553
1.45699e-11	0.00309793
1.45708e-11	0.00309035
1.45717e-11	0.00308278
1.45726e-11	0.00307522
1.45735e-11	0.00306767
1.45744e-11	0.00306014
1.45753e-11	0.00305262
1.45762e-11	0.00304511
1.45771e-11	0.00303761
1.4578e-11	0.00303012
1.45789e-11	0.00302265
1.45798e-11	0.00301519
1.45808e-11	0.00300774
1.45817e-11	0.00300031
1.45826e-11	0.00299288
1.45835e-11	0.00298547
1.45844e-11	0.00297807
1.45853e-11	0.00297069
1.45862e-11	0.00296331
1.45871e-11	0.00295595
1.4588e-11	0.0029486
1.45889e-11	0.00294126
1.45898e-11	0.00293393
1.45907e-11	0.00292662
1.45916e-11	0.00291932
1.45925e-11	0.00291203
1.45934e-11	0.00290475
1.45943e-11	0.00289748
1.45952e-11	0.00289023
1.45961e-11	0.00288299
1.4597e-11	0.00287576
1.45979e-11	0.00286854
1.45988e-11	0.00286134
1.45997e-11	0.00285414
1.46006e-11	0.00284696
1.46015e-11	0.00283979
1.46024e-11	0.00283263
1.46033e-11	0.00282549
1.46042e-11	0.00281835
1.46051e-11	0.00281123
1.4606e-11	0.00280412
1.46069e-11	0.00279703
1.46078e-11	0.00278994
1.46087e-11	0.00278287
1.46096e-11	0.0027758
1.46105e-11	0.00276875
1.46114e-11	0.00276172
1.46123e-11	0.00275469
1.46132e-11	0.00274768
1.46142e-11	0.00274067
1.46151e-11	0.00273368
1.4616e-11	0.00272671
1.46169e-11	0.00271974
1.46178e-11	0.00271278
1.46187e-11	0.00270584
1.46196e-11	0.00269891
1.46205e-11	0.00269199
1.46214e-11	0.00268508
1.46223e-11	0.00267819
1.46232e-11	0.0026713
1.46241e-11	0.00266443
1.4625e-11	0.00265757
1.46259e-11	0.00265072
1.46268e-11	0.00264388
1.46277e-11	0.00263706
1.46286e-11	0.00263024
1.46295e-11	0.00262344
1.46304e-11	0.00261665
1.46313e-11	0.00260987
1.46322e-11	0.0026031
1.46331e-11	0.00259635
1.4634e-11	0.0025896
1.46349e-11	0.00258287
1.46358e-11	0.00257615
1.46367e-11	0.00256944
1.46376e-11	0.00256274
1.46385e-11	0.00255606
1.46394e-11	0.00254938
1.46403e-11	0.00254272
1.46412e-11	0.00253607
1.46421e-11	0.00252943
1.4643e-11	0.0025228
1.46439e-11	0.00251618
1.46448e-11	0.00250958
1.46457e-11	0.00250299
1.46466e-11	0.0024964
1.46476e-11	0.00248983
1.46485e-11	0.00248327
1.46494e-11	0.00247673
1.46503e-11	0.00247019
1.46512e-11	0.00246366
1.46521e-11	0.00245715
1.4653e-11	0.00245065
1.46539e-11	0.00244416
1.46548e-11	0.00243768
1.46557e-11	0.00243121
1.46566e-11	0.00242475
1.46575e-11	0.00241831
1.46584e-11	0.00241188
1.46593e-11	0.00240545
1.46602e-11	0.00239904
1.46611e-11	0.00239264
1.4662e-11	0.00238625
1.46629e-11	0.00237988
1.46638e-11	0.00237351
1.46647e-11	0.00236716
1.46656e-11	0.00236081
1.46665e-11	0.00235448
1.46674e-11	0.00234816
1.46683e-11	0.00234185
1.46692e-11	0.00233555
1.46701e-11	0.00232926
1.4671e-11	0.00232299
1.46719e-11	0.00231672
1.46728e-11	0.00231047
1.46737e-11	0.00230423
1.46746e-11	0.00229799
1.46755e-11	0.00229177
1.46764e-11	0.00228556
1.46773e-11	0.00227937
1.46782e-11	0.00227318
1.46791e-11	0.002267
1.468e-11	0.00226084
1.4681e-11	0.00225468
1.46819e-11	0.00224854
1.46828e-11	0.00224241
1.46837e-11	0.00223629
1.46846e-11	0.00223018
1.46855e-11	0.00222408
1.46864e-11	0.00221799
1.46873e-11	0.00221192
1.46882e-11	0.00220585
1.46891e-11	0.0021998
1.469e-11	0.00219375
1.46909e-11	0.00218772
1.46918e-11	0.0021817
1.46927e-11	0.00217569
1.46936e-11	0.00216969
1.46945e-11	0.0021637
1.46954e-11	0.00215772
1.46963e-11	0.00215175
1.46972e-11	0.0021458
1.46981e-11	0.00213985
1.4699e-11	0.00213392
1.46999e-11	0.00212799
1.47008e-11	0.00212208
1.47017e-11	0.00211618
1.47026e-11	0.00211029
1.47035e-11	0.00210441
1.47044e-11	0.00209854
1.47053e-11	0.00209268
1.47062e-11	0.00208683
1.47071e-11	0.00208099
1.4708e-11	0.00207517
1.47089e-11	0.00206935
1.47098e-11	0.00206354
1.47107e-11	0.00205775
1.47116e-11	0.00205197
1.47125e-11	0.00204619
1.47134e-11	0.00204043
1.47144e-11	0.00203468
1.47153e-11	0.00202894
1.47162e-11	0.00202321
1.47171e-11	0.00201749
1.4718e-11	0.00201178
1.47189e-11	0.00200608
1.47198e-11	0.00200039
1.47207e-11	0.00199471
1.47216e-11	0.00198905
1.47225e-11	0.00198339
1.47234e-11	0.00197774
1.47243e-11	0.00197211
1.47252e-11	0.00196648
1.47261e-11	0.00196087
1.4727e-11	0.00195526
1.47279e-11	0.00194967
1.47288e-11	0.00194409
1.47297e-11	0.00193852
1.47306e-11	0.00193295
1.47315e-11	0.0019274
1.47324e-11	0.00192186
1.47333e-11	0.00191633
1.47342e-11	0.00191081
1.47351e-11	0.0019053
1.4736e-11	0.0018998
1.47369e-11	0.00189431
1.47378e-11	0.00188883
1.47387e-11	0.00188336
1.47396e-11	0.00187791
1.47405e-11	0.00187246
1.47414e-11	0.00186702
1.47423e-11	0.00186159
1.47432e-11	0.00185618
1.47441e-11	0.00185077
1.4745e-11	0.00184537
1.47459e-11	0.00183999
1.47468e-11	0.00183461
1.47478e-11	0.00182925
1.47487e-11	0.00182389
1.47496e-11	0.00181855
1.47505e-11	0.00181321
1.47514e-11	0.00180789
1.47523e-11	0.00180257
1.47532e-11	0.00179727
1.47541e-11	0.00179197
1.4755e-11	0.00178669
1.47559e-11	0.00178142
1.47568e-11	0.00177615
1.47577e-11	0.0017709
1.47586e-11	0.00176566
1.47595e-11	0.00176042
1.47604e-11	0.0017552
1.47613e-11	0.00174999
1.47622e-11	0.00174478
1.47631e-11	0.00173959
1.4764e-11	0.00173441
1.47649e-11	0.00172923
1.47658e-11	0.00172407
1.47667e-11	0.00171892
1.47676e-11	0.00171377
1.47685e-11	0.00170864
1.47694e-11	0.00170352
1.47703e-11	0.0016984
1.47712e-11	0.0016933
1.47721e-11	0.00168821
1.4773e-11	0.00168312
1.47739e-11	0.00167805
1.47748e-11	0.00167299
1.47757e-11	0.00166793
1.47766e-11	0.00166289
1.47775e-11	0.00165785
1.47784e-11	0.00165283
1.47793e-11	0.00164782
1.47802e-11	0.00164281
1.47811e-11	0.00163782
1.47821e-11	0.00163283
1.4783e-11	0.00162786
1.47839e-11	0.00162289
1.47848e-11	0.00161794
1.47857e-11	0.00161299
1.47866e-11	0.00160805
1.47875e-11	0.00160313
1.47884e-11	0.00159821
1.47893e-11	0.0015933
1.47902e-11	0.00158841
1.47911e-11	0.00158352
1.4792e-11	0.00157864
1.47929e-11	0.00157377
1.47938e-11	0.00156891
1.47947e-11	0.00156407
1.47956e-11	0.00155923
1.47965e-11	0.0015544
1.47974e-11	0.00154958
1.47983e-11	0.00154477
1.47992e-11	0.00153997
1.48001e-11	0.00153517
1.4801e-11	0.00153039
1.48019e-11	0.00152562
1.48028e-11	0.00152086
1.48037e-11	0.0015161
1.48046e-11	0.00151136
1.48055e-11	0.00150663
1.48064e-11	0.0015019
1.48073e-11	0.00149719
1.48082e-11	0.00149248
1.48091e-11	0.00148778
1.481e-11	0.0014831
1.48109e-11	0.00147842
1.48118e-11	0.00147375
1.48127e-11	0.00146909
1.48136e-11	0.00146444
1.48145e-11	0.0014598
1.48155e-11	0.00145517
1.48164e-11	0.00145055
1.48173e-11	0.00144594
1.48182e-11	0.00144134
1.48191e-11	0.00143675
1.482e-11	0.00143216
1.48209e-11	0.00142759
1.48218e-11	0.00142302
1.48227e-11	0.00141847
1.48236e-11	0.00141392
1.48245e-11	0.00140938
1.48254e-11	0.00140485
1.48263e-11	0.00140034
1.48272e-11	0.00139583
1.48281e-11	0.00139133
1.4829e-11	0.00138683
1.48299e-11	0.00138235
1.48308e-11	0.00137788
1.48317e-11	0.00137342
1.48326e-11	0.00136896
1.48335e-11	0.00136452
1.48344e-11	0.00136008
1.48353e-11	0.00135565
1.48362e-11	0.00135123
1.48371e-11	0.00134683
1.4838e-11	0.00134243
1.48389e-11	0.00133803
1.48398e-11	0.00133365
1.48407e-11	0.00132928
1.48416e-11	0.00132492
1.48425e-11	0.00132056
1.48434e-11	0.00131622
1.48443e-11	0.00131188
1.48452e-11	0.00130755
1.48461e-11	0.00130323
1.4847e-11	0.00129892
1.48479e-11	0.00129462
1.48489e-11	0.00129033
1.48498e-11	0.00128605
1.48507e-11	0.00128178
1.48516e-11	0.00127751
1.48525e-11	0.00127325
1.48534e-11	0.00126901
1.48543e-11	0.00126477
1.48552e-11	0.00126054
1.48561e-11	0.00125632
1.4857e-11	0.00125211
1.48579e-11	0.0012479
1.48588e-11	0.00124371
1.48597e-11	0.00123952
1.48606e-11	0.00123535
1.48615e-11	0.00123118
1.48624e-11	0.00122702
1.48633e-11	0.00122287
1.48642e-11	0.00121873
1.48651e-11	0.0012146
1.4866e-11	0.00121047
1.48669e-11	0.00120636
1.48678e-11	0.00120225
1.48687e-11	0.00119815
1.48696e-11	0.00119406
1.48705e-11	0.00118998
1.48714e-11	0.00118591
1.48723e-11	0.00118185
1.48732e-11	0.00117779
1.48741e-11	0.00117375
1.4875e-11	0.00116971
1.48759e-11	0.00116568
1.48768e-11	0.00116166
1.48777e-11	0.00115765
1.48786e-11	0.00115365
1.48795e-11	0.00114965
1.48804e-11	0.00114567
1.48813e-11	0.00114169
1.48823e-11	0.00113772
1.48832e-11	0.00113376
1.48841e-11	0.00112981
1.4885e-11	0.00112586
1.48859e-11	0.00112193
1.48868e-11	0.001118
1.48877e-11	0.00111409
1.48886e-11	0.00111018
1.48895e-11	0.00110627
1.48904e-11	0.00110238
1.48913e-11	0.0010985
1.48922e-11	0.00109462
1.48931e-11	0.00109075
1.4894e-11	0.0010869
1.48949e-11	0.00108304
1.48958e-11	0.0010792
1.48967e-11	0.00107537
1.48976e-11	0.00107154
1.48985e-11	0.00106772
1.48994e-11	0.00106392
1.49003e-11	0.00106011
1.49012e-11	0.00105632
1.49021e-11	0.00105254
1.4903e-11	0.00104876
1.49039e-11	0.00104499
1.49048e-11	0.00104123
1.49057e-11	0.00103748
1.49066e-11	0.00103374
1.49075e-11	0.00103
1.49084e-11	0.00102628
1.49093e-11	0.00102256
1.49102e-11	0.00101885
1.49111e-11	0.00101515
1.4912e-11	0.00101145
1.49129e-11	0.00100777
1.49138e-11	0.00100409
1.49147e-11	0.00100042
1.49157e-11	0.000996756
1.49166e-11	0.000993103
1.49175e-11	0.000989457
1.49184e-11	0.00098582
1.49193e-11	0.00098219
1.49202e-11	0.000978569
1.49211e-11	0.000974955
1.4922e-11	0.00097135
1.49229e-11	0.000967753
1.49238e-11	0.000964163
1.49247e-11	0.000960582
1.49256e-11	0.000957009
1.49265e-11	0.000953443
1.49274e-11	0.000949886
1.49283e-11	0.000946336
1.49292e-11	0.000942794
1.49301e-11	0.000939261
1.4931e-11	0.000935735
1.49319e-11	0.000932217
1.49328e-11	0.000928707
1.49337e-11	0.000925205
1.49346e-11	0.000921711
1.49355e-11	0.000918224
1.49364e-11	0.000914745
1.49373e-11	0.000911275
1.49382e-11	0.000907812
1.49391e-11	0.000904356
1.494e-11	0.000900909
1.49409e-11	0.000897469
1.49418e-11	0.000894038
1.49427e-11	0.000890614
1.49436e-11	0.000887197
1.49445e-11	0.000883789
1.49454e-11	0.000880388
1.49463e-11	0.000876995
1.49472e-11	0.000873609
1.49481e-11	0.000870231
1.49491e-11	0.000866861
1.495e-11	0.000863499
1.49509e-11	0.000860144
1.49518e-11	0.000856797
1.49527e-11	0.000853457
1.49536e-11	0.000850126
1.49545e-11	0.000846801
1.49554e-11	0.000843485
1.49563e-11	0.000840176
1.49572e-11	0.000836874
1.49581e-11	0.00083358
1.4959e-11	0.000830294
1.49599e-11	0.000827015
1.49608e-11	0.000823744
1.49617e-11	0.00082048
1.49626e-11	0.000817224
1.49635e-11	0.000813975
1.49644e-11	0.000810734
1.49653e-11	0.0008075
1.49662e-11	0.000804274
1.49671e-11	0.000801055
1.4968e-11	0.000797843
1.49689e-11	0.000794639
1.49698e-11	0.000791443
1.49707e-11	0.000788254
1.49716e-11	0.000785072
1.49725e-11	0.000781898
1.49734e-11	0.00077873
1.49743e-11	0.000775571
1.49752e-11	0.000772419
1.49761e-11	0.000769274
1.4977e-11	0.000766136
1.49779e-11	0.000763006
1.49788e-11	0.000759883
1.49797e-11	0.000756767
1.49806e-11	0.000753659
1.49815e-11	0.000750558
1.49825e-11	0.000747464
1.49834e-11	0.000744378
1.49843e-11	0.000741298
1.49852e-11	0.000738226
1.49861e-11	0.000735161
1.4987e-11	0.000732104
1.49879e-11	0.000729053
1.49888e-11	0.00072601
1.49897e-11	0.000722974
1.49906e-11	0.000719945
1.49915e-11	0.000716923
1.49924e-11	0.000713909
1.49933e-11	0.000710901
1.49942e-11	0.000707901
1.49951e-11	0.000704908
1.4996e-11	0.000701922
1.49969e-11	0.000698943
1.49978e-11	0.000695971
1.49987e-11	0.000693006
1.49996e-11	0.000690048
1.50005e-11	0.000687098
1.50014e-11	0.000684154
1.50023e-11	0.000681217
1.50032e-11	0.000678287
1.50041e-11	0.000675365
1.5005e-11	0.000672449
1.50059e-11	0.000669541
1.50068e-11	0.000666639
1.50077e-11	0.000663744
1.50086e-11	0.000660856
1.50095e-11	0.000657975
1.50104e-11	0.000655102
1.50113e-11	0.000652235
1.50122e-11	0.000649374
1.50131e-11	0.000646521
1.5014e-11	0.000643675
1.50149e-11	0.000640836
1.50158e-11	0.000638003
1.50168e-11	0.000635177
1.50177e-11	0.000632358
1.50186e-11	0.000629546
1.50195e-11	0.000626741
1.50204e-11	0.000623943
1.50213e-11	0.000621151
1.50222e-11	0.000618366
1.50231e-11	0.000615588
1.5024e-11	0.000612817
1.50249e-11	0.000610053
1.50258e-11	0.000607295
1.50267e-11	0.000604544
1.50276e-11	0.0006018
1.50285e-11	0.000599062
1.50294e-11	0.000596331
1.50303e-11	0.000593607
1.50312e-11	0.000590889
1.50321e-11	0.000588179
1.5033e-11	0.000585474
1.50339e-11	0.000582777
1.50348e-11	0.000580086
1.50357e-11	0.000577402
1.50366e-11	0.000574724
1.50375e-11	0.000572053
1.50384e-11	0.000569389
1.50393e-11	0.000566731
1.50402e-11	0.00056408
1.50411e-11	0.000561435
1.5042e-11	0.000558797
1.50429e-11	0.000556165
1.50438e-11	0.00055354
1.50447e-11	0.000550922
1.50456e-11	0.00054831
1.50465e-11	0.000545704
1.50474e-11	0.000543105
1.50483e-11	0.000540513
1.50492e-11	0.000537927
1.50502e-11	0.000535347
1.50511e-11	0.000532774
1.5052e-11	0.000530207
1.50529e-11	0.000527647
1.50538e-11	0.000525093
1.50547e-11	0.000522546
1.50556e-11	0.000520005
1.50565e-11	0.00051747
1.50574e-11	0.000514942
1.50583e-11	0.00051242
1.50592e-11	0.000509904
1.50601e-11	0.000507395
1.5061e-11	0.000504892
1.50619e-11	0.000502396
1.50628e-11	0.000499905
1.50637e-11	0.000497421
1.50646e-11	0.000494944
1.50655e-11	0.000492472
1.50664e-11	0.000490007
1.50673e-11	0.000487549
1.50682e-11	0.000485096
1.50691e-11	0.00048265
1.507e-11	0.00048021
1.50709e-11	0.000477776
1.50718e-11	0.000475348
1.50727e-11	0.000472927
1.50736e-11	0.000470511
1.50745e-11	0.000468102
1.50754e-11	0.000465699
1.50763e-11	0.000463303
1.50772e-11	0.000460912
1.50781e-11	0.000458527
1.5079e-11	0.000456149
1.50799e-11	0.000453777
1.50808e-11	0.000451411
1.50817e-11	0.000449051
1.50826e-11	0.000446697
1.50836e-11	0.000444349
1.50845e-11	0.000442007
1.50854e-11	0.000439671
1.50863e-11	0.000437342
1.50872e-11	0.000435018
1.50881e-11	0.0004327
1.5089e-11	0.000430389
1.50899e-11	0.000428083
1.50908e-11	0.000425784
1.50917e-11	0.00042349
1.50926e-11	0.000421202
1.50935e-11	0.000418921
1.50944e-11	0.000416645
1.50953e-11	0.000414375
1.50962e-11	0.000412111
1.50971e-11	0.000409853
1.5098e-11	0.000407601
1.50989e-11	0.000405355
1.50998e-11	0.000403115
1.51007e-11	0.000400881
1.51016e-11	0.000398652
1.51025e-11	0.00039643
1.51034e-11	0.000394213
1.51043e-11	0.000392002
1.51052e-11	0.000389797
1.51061e-11	0.000387598
1.5107e-11	0.000385405
1.51079e-11	0.000383217
1.51088e-11	0.000381035
1.51097e-11	0.000378859
1.51106e-11	0.000376689
1.51115e-11	0.000374524
1.51124e-11	0.000372366
1.51133e-11	0.000370213
1.51142e-11	0.000368065
1.51151e-11	0.000365924
1.5116e-11	0.000363788
1.5117e-11	0.000361658
1.51179e-11	0.000359534
1.51188e-11	0.000357415
1.51197e-11	0.000355302
1.51206e-11	0.000353194
1.51215e-11	0.000351093
1.51224e-11	0.000348997
1.51233e-11	0.000346906
1.51242e-11	0.000344821
1.51251e-11	0.000342742
1.5126e-11	0.000340669
1.51269e-11	0.000338601
1.51278e-11	0.000336538
1.51287e-11	0.000334481
1.51296e-11	0.00033243
1.51305e-11	0.000330384
1.51314e-11	0.000328344
1.51323e-11	0.00032631
1.51332e-11	0.00032428
1.51341e-11	0.000322257
1.5135e-11	0.000320239
1.51359e-11	0.000318226
1.51368e-11	0.000316219
1.51377e-11	0.000314217
1.51386e-11	0.000312221
1.51395e-11	0.000310231
1.51404e-11	0.000308245
1.51413e-11	0.000306266
1.51422e-11	0.000304291
1.51431e-11	0.000302322
1.5144e-11	0.000300359
1.51449e-11	0.000298401
1.51458e-11	0.000296448
1.51467e-11	0.000294501
1.51476e-11	0.000292559
1.51485e-11	0.000290622
1.51494e-11	0.000288691
1.51504e-11	0.000286765
1.51513e-11	0.000284844
1.51522e-11	0.000282929
1.51531e-11	0.000281019
1.5154e-11	0.000279114
1.51549e-11	0.000277215
1.51558e-11	0.000275321
1.51567e-11	0.000273432
1.51576e-11	0.000271549
1.51585e-11	0.00026967
1.51594e-11	0.000267797
1.51603e-11	0.00026593
1.51612e-11	0.000264067
1.51621e-11	0.00026221
1.5163e-11	0.000260358
1.51639e-11	0.000258511
1.51648e-11	0.000256669
1.51657e-11	0.000254832
1.51666e-11	0.000253001
1.51675e-11	0.000251175
1.51684e-11	0.000249354
1.51693e-11	0.000247538
1.51702e-11	0.000245727
1.51711e-11	0.000243921
1.5172e-11	0.000242121
1.51729e-11	0.000240326
1.51738e-11	0.000238535
1.51747e-11	0.00023675
1.51756e-11	0.00023497
1.51765e-11	0.000233195
1.51774e-11	0.000231425
1.51783e-11	0.00022966
1.51792e-11	0.0002279
1.51801e-11	0.000226145
1.5181e-11	0.000224395
1.51819e-11	0.00022265
1.51828e-11	0.00022091
1.51838e-11	0.000219175
1.51847e-11	0.000217445
1.51856e-11	0.000215721
1.51865e-11	0.000214001
1.51874e-11	0.000212286
1.51883e-11	0.000210576
1.51892e-11	0.000208871
1.51901e-11	0.00020717
1.5191e-11	0.000205475
1.51919e-11	0.000203785
1.51928e-11	0.000202099
1.51937e-11	0.000200419
1.51946e-11	0.000198743
1.51955e-11	0.000197072
1.51964e-11	0.000195406
1.51973e-11	0.000193745
1.51982e-11	0.000192089
1.51991e-11	0.000190438
1.52e-11	0.000188791
1.52009e-11	0.00018715
1.52018e-11	0.000185513
1.52027e-11	0.000183881
1.52036e-11	0.000182253
1.52045e-11	0.000180631
1.52054e-11	0.000179013
1.52063e-11	0.0001774
1.52072e-11	0.000175792
1.52081e-11	0.000174188
1.5209e-11	0.00017259
1.52099e-11	0.000170996
1.52108e-11	0.000169406
1.52117e-11	0.000167822
1.52126e-11	0.000166242
1.52135e-11	0.000164667
1.52144e-11	0.000163096
1.52153e-11	0.00016153
1.52162e-11	0.000159969
1.52172e-11	0.000158413
1.52181e-11	0.000156861
1.5219e-11	0.000155314
1.52199e-11	0.000153771
1.52208e-11	0.000152233
1.52217e-11	0.0001507
1.52226e-11	0.000149171
1.52235e-11	0.000147647
1.52244e-11	0.000146127
1.52253e-11	0.000144612
1.52262e-11	0.000143102
1.52271e-11	0.000141596
1.5228e-11	0.000140095
1.52289e-11	0.000138598
1.52298e-11	0.000137106
1.52307e-11	0.000135618
1.52316e-11	0.000134135
1.52325e-11	0.000132657
1.52334e-11	0.000131182
1.52343e-11	0.000129713
1.52352e-11	0.000128248
1.52361e-11	0.000126787
1.5237e-11	0.000125331
1.52379e-11	0.000123879
1.52388e-11	0.000122432
1.52397e-11	0.000120989
1.52406e-11	0.00011955
1.52415e-11	0.000118116
1.52424e-11	0.000116686
1.52433e-11	0.000115261
1.52442e-11	0.00011384
1.52451e-11	0.000112424
1.5246e-11	0.000111012
1.52469e-11	0.000109604
1.52478e-11	0.000108201
1.52487e-11	0.000106802
1.52496e-11	0.000105407
1.52506e-11	0.000104017
1.52515e-11	0.000102631
1.52524e-11	0.000101249
1.52533e-11	9.98719e-05
1.52542e-11	9.84989e-05
1.52551e-11	9.71301e-05
1.5256e-11	9.57657e-05
1.52569e-11	9.44055e-05
1.52578e-11	9.30495e-05
1.52587e-11	9.16978e-05
1.52596e-11	9.03504e-05
1.52605e-11	8.90072e-05
1.52614e-11	8.76683e-05
1.52623e-11	8.63336e-05
1.52632e-11	8.50031e-05
1.52641e-11	8.36768e-05
1.5265e-11	8.23547e-05
1.52659e-11	8.10368e-05
1.52668e-11	7.9723e-05
1.52677e-11	7.84135e-05
1.52686e-11	7.71081e-05
1.52695e-11	7.58069e-05
1.52704e-11	7.45098e-05
1.52713e-11	7.32169e-05
1.52722e-11	7.19281e-05
1.52731e-11	7.06434e-05
1.5274e-11	6.93628e-05
1.52749e-11	6.80863e-05
1.52758e-11	6.6814e-05
1.52767e-11	6.55457e-05
1.52776e-11	6.42815e-05
1.52785e-11	6.30214e-05
1.52794e-11	6.17654e-05
1.52803e-11	6.05134e-05
1.52812e-11	5.92655e-05
1.52821e-11	5.80216e-05
1.5283e-11	5.67817e-05
1.52839e-11	5.55459e-05
1.52849e-11	5.43141e-05
1.52858e-11	5.30863e-05
1.52867e-11	5.18624e-05
1.52876e-11	5.06426e-05
1.52885e-11	4.94268e-05
1.52894e-11	4.82149e-05
1.52903e-11	4.70071e-05
1.52912e-11	4.58031e-05
1.52921e-11	4.46031e-05
1.5293e-11	4.34071e-05
1.52939e-11	4.2215e-05
1.52948e-11	4.10268e-05
1.52957e-11	3.98426e-05
1.52966e-11	3.86623e-05
1.52975e-11	3.74858e-05
1.52984e-11	3.63133e-05
1.52993e-11	3.51446e-05
1.53002e-11	3.39799e-05
1.53011e-11	3.2819e-05
1.5302e-11	3.16619e-05
1.53029e-11	3.05087e-05
1.53038e-11	2.93594e-05
1.53047e-11	2.82139e-05
1.53056e-11	2.70722e-05
1.53065e-11	2.59344e-05
1.53074e-11	2.48004e-05
1.53083e-11	2.36701e-05
1.53092e-11	2.25437e-05
1.53101e-11	2.14211e-05
1.5311e-11	2.03022e-05
1.53119e-11	1.91872e-05
1.53128e-11	1.80759e-05
1.53137e-11	1.69683e-05
1.53146e-11	1.58645e-05
1.53155e-11	1.47645e-05
1.53164e-11	1.36682e-05
1.53173e-11	1.25756e-05
1.53183e-11	1.14867e-05
1.53192e-11	1.04016e-05
1.53201e-11	9.32012e-06
1.5321e-11	8.24237e-06
1.53219e-11	7.16831e-06
1.53228e-11	6.09794e-06
1.53237e-11	5.03124e-06
1.53246e-11	3.9682e-06
1.53255e-11	2.90882e-06
1.53264e-11	1.85309e-06
1.53273e-11	8.0101e-07
1.53282e-11	-2.47439e-07
1.53291e-11	-1.29226e-06
1.533e-11	-2.33346e-06
1.53309e-11	-3.37105e-06
1.53318e-11	-4.40504e-06
1.53327e-11	-5.43543e-06
1.53336e-11	-6.46223e-06
1.53345e-11	-7.48545e-06
1.53354e-11	-8.50509e-06
1.53363e-11	-9.52117e-06
1.53372e-11	-1.05337e-05
1.53381e-11	-1.15427e-05
1.5339e-11	-1.25481e-05
1.53399e-11	-1.355e-05
1.53408e-11	-1.45483e-05
1.53417e-11	-1.55432e-05
1.53426e-11	-1.65345e-05
1.53435e-11	-1.75223e-05
1.53444e-11	-1.85067e-05
1.53453e-11	-1.94875e-05
1.53462e-11	-2.04649e-05
1.53471e-11	-2.14387e-05
1.5348e-11	-2.24091e-05
1.53489e-11	-2.33761e-05
1.53498e-11	-2.43396e-05
1.53507e-11	-2.52996e-05
1.53517e-11	-2.62563e-05
1.53526e-11	-2.72094e-05
1.53535e-11	-2.81592e-05
1.53544e-11	-2.91055e-05
1.53553e-11	-3.00485e-05
1.53562e-11	-3.0988e-05
1.53571e-11	-3.19242e-05
1.5358e-11	-3.28569e-05
1.53589e-11	-3.37863e-05
1.53598e-11	-3.47123e-05
1.53607e-11	-3.5635e-05
1.53616e-11	-3.65542e-05
1.53625e-11	-3.74702e-05
1.53634e-11	-3.83828e-05
1.53643e-11	-3.9292e-05
1.53652e-11	-4.0198e-05
1.53661e-11	-4.11006e-05
1.5367e-11	-4.19999e-05
1.53679e-11	-4.28959e-05
1.53688e-11	-4.37886e-05
1.53697e-11	-4.4678e-05
1.53706e-11	-4.55641e-05
1.53715e-11	-4.6447e-05
1.53724e-11	-4.73266e-05
1.53733e-11	-4.82029e-05
1.53742e-11	-4.9076e-05
1.53751e-11	-4.99458e-05
1.5376e-11	-5.08124e-05
1.53769e-11	-5.16757e-05
1.53778e-11	-5.25358e-05
1.53787e-11	-5.33927e-05
1.53796e-11	-5.42464e-05
1.53805e-11	-5.50969e-05
1.53814e-11	-5.59442e-05
1.53823e-11	-5.67883e-05
1.53832e-11	-5.76292e-05
1.53841e-11	-5.8467e-05
1.53851e-11	-5.93016e-05
1.5386e-11	-6.0133e-05
1.53869e-11	-6.09612e-05
1.53878e-11	-6.17863e-05
1.53887e-11	-6.26083e-05
1.53896e-11	-6.34271e-05
1.53905e-11	-6.42429e-05
1.53914e-11	-6.50555e-05
1.53923e-11	-6.58649e-05
1.53932e-11	-6.66713e-05
1.53941e-11	-6.74746e-05
1.5395e-11	-6.82748e-05
1.53959e-11	-6.90719e-05
1.53968e-11	-6.98659e-05
1.53977e-11	-7.06569e-05
1.53986e-11	-7.14448e-05
1.53995e-11	-7.22296e-05
1.54004e-11	-7.30114e-05
1.54013e-11	-7.37901e-05
1.54022e-11	-7.45658e-05
1.54031e-11	-7.53385e-05
1.5404e-11	-7.61082e-05
1.54049e-11	-7.68748e-05
1.54058e-11	-7.76385e-05
1.54067e-11	-7.83991e-05
1.54076e-11	-7.91568e-05
1.54085e-11	-7.99114e-05
1.54094e-11	-8.06631e-05
1.54103e-11	-8.14118e-05
1.54112e-11	-8.21575e-05
1.54121e-11	-8.29003e-05
1.5413e-11	-8.36401e-05
1.54139e-11	-8.4377e-05
1.54148e-11	-8.51109e-05
1.54157e-11	-8.58419e-05
1.54166e-11	-8.657e-05
1.54175e-11	-8.72952e-05
1.54185e-11	-8.80174e-05
1.54194e-11	-8.87368e-05
1.54203e-11	-8.94532e-05
1.54212e-11	-9.01667e-05
1.54221e-11	-9.08774e-05
1.5423e-11	-9.15852e-05
1.54239e-11	-9.22901e-05
1.54248e-11	-9.29921e-05
1.54257e-11	-9.36913e-05
1.54266e-11	-9.43877e-05
1.54275e-11	-9.50812e-05
1.54284e-11	-9.57718e-05
1.54293e-11	-9.64596e-05
1.54302e-11	-9.71446e-05
1.54311e-11	-9.78268e-05
1.5432e-11	-9.85061e-05
1.54329e-11	-9.91827e-05
1.54338e-11	-9.98565e-05
1.54347e-11	-0.000100527
1.54356e-11	-0.000101196
1.54365e-11	-0.000101861
1.54374e-11	-0.000102524
1.54383e-11	-0.000103183
1.54392e-11	-0.000103841
1.54401e-11	-0.000104495
1.5441e-11	-0.000105146
1.54419e-11	-0.000105795
1.54428e-11	-0.000106441
1.54437e-11	-0.000107085
1.54446e-11	-0.000107726
1.54455e-11	-0.000108363
1.54464e-11	-0.000108999
1.54473e-11	-0.000109631
1.54482e-11	-0.000110261
1.54491e-11	-0.000110888
1.545e-11	-0.000111513
1.54509e-11	-0.000112135
1.54519e-11	-0.000112754
1.54528e-11	-0.00011337
1.54537e-11	-0.000113984
1.54546e-11	-0.000114595
1.54555e-11	-0.000115204
1.54564e-11	-0.00011581
1.54573e-11	-0.000116413
1.54582e-11	-0.000117013
1.54591e-11	-0.000117611
1.546e-11	-0.000118207
1.54609e-11	-0.0001188
1.54618e-11	-0.00011939
1.54627e-11	-0.000119977
1.54636e-11	-0.000120562
1.54645e-11	-0.000121145
1.54654e-11	-0.000121725
1.54663e-11	-0.000122302
1.54672e-11	-0.000122877
1.54681e-11	-0.000123449
1.5469e-11	-0.000124018
1.54699e-11	-0.000124585
1.54708e-11	-0.00012515
1.54717e-11	-0.000125712
1.54726e-11	-0.000126271
1.54735e-11	-0.000126828
1.54744e-11	-0.000127383
1.54753e-11	-0.000127935
1.54762e-11	-0.000128484
1.54771e-11	-0.000129031
1.5478e-11	-0.000129575
1.54789e-11	-0.000130117
1.54798e-11	-0.000130657
1.54807e-11	-0.000131194
1.54816e-11	-0.000131728
1.54825e-11	-0.00013226
1.54834e-11	-0.00013279
1.54843e-11	-0.000133317
1.54853e-11	-0.000133842
1.54862e-11	-0.000134364
1.54871e-11	-0.000134884
1.5488e-11	-0.000135402
1.54889e-11	-0.000135917
1.54898e-11	-0.000136429
1.54907e-11	-0.00013694
1.54916e-11	-0.000137447
1.54925e-11	-0.000137953
1.54934e-11	-0.000138456
1.54943e-11	-0.000138957
1.54952e-11	-0.000139455
1.54961e-11	-0.000139951
1.5497e-11	-0.000140444
1.54979e-11	-0.000140935
1.54988e-11	-0.000141424
1.54997e-11	-0.000141911
1.55006e-11	-0.000142395
1.55015e-11	-0.000142877
1.55024e-11	-0.000143356
1.55033e-11	-0.000143834
1.55042e-11	-0.000144308
1.55051e-11	-0.000144781
1.5506e-11	-0.000145251
1.55069e-11	-0.000145719
1.55078e-11	-0.000146185
1.55087e-11	-0.000146648
1.55096e-11	-0.000147109
1.55105e-11	-0.000147568
1.55114e-11	-0.000148025
1.55123e-11	-0.000148479
1.55132e-11	-0.000148931
1.55141e-11	-0.000149381
1.5515e-11	-0.000149828
1.55159e-11	-0.000150274
1.55168e-11	-0.000150717
1.55177e-11	-0.000151157
1.55187e-11	-0.000151596
1.55196e-11	-0.000152032
1.55205e-11	-0.000152467
1.55214e-11	-0.000152899
1.55223e-11	-0.000153328
1.55232e-11	-0.000153756
1.55241e-11	-0.000154181
1.5525e-11	-0.000154604
1.55259e-11	-0.000155025
1.55268e-11	-0.000155444
1.55277e-11	-0.000155861
1.55286e-11	-0.000156275
1.55295e-11	-0.000156688
1.55304e-11	-0.000157098
1.55313e-11	-0.000157506
1.55322e-11	-0.000157912
1.55331e-11	-0.000158316
1.5534e-11	-0.000158717
1.55349e-11	-0.000159117
1.55358e-11	-0.000159514
1.55367e-11	-0.00015991
1.55376e-11	-0.000160303
1.55385e-11	-0.000160694
1.55394e-11	-0.000161083
1.55403e-11	-0.00016147
1.55412e-11	-0.000161855
1.55421e-11	-0.000162237
1.5543e-11	-0.000162618
1.55439e-11	-0.000162997
1.55448e-11	-0.000163373
1.55457e-11	-0.000163748
1.55466e-11	-0.00016412
1.55475e-11	-0.00016449
1.55484e-11	-0.000164859
1.55493e-11	-0.000165225
1.55502e-11	-0.000165589
1.55511e-11	-0.000165951
1.5552e-11	-0.000166312
1.5553e-11	-0.00016667
1.55539e-11	-0.000167026
1.55548e-11	-0.00016738
1.55557e-11	-0.000167733
1.55566e-11	-0.000168083
1.55575e-11	-0.000168431
1.55584e-11	-0.000168777
1.55593e-11	-0.000169121
1.55602e-11	-0.000169464
1.55611e-11	-0.000169804
1.5562e-11	-0.000170142
1.55629e-11	-0.000170479
1.55638e-11	-0.000170813
1.55647e-11	-0.000171146
1.55656e-11	-0.000171476
1.55665e-11	-0.000171805
1.55674e-11	-0.000172132
1.55683e-11	-0.000172456
1.55692e-11	-0.000172779
1.55701e-11	-0.0001731
1.5571e-11	-0.000173419
1.55719e-11	-0.000173736
1.55728e-11	-0.000174051
1.55737e-11	-0.000174365
1.55746e-11	-0.000174676
1.55755e-11	-0.000174986
1.55764e-11	-0.000175293
1.55773e-11	-0.000175599
1.55782e-11	-0.000175903
1.55791e-11	-0.000176205
1.558e-11	-0.000176505
1.55809e-11	-0.000176804
1.55818e-11	-0.0001771
1.55827e-11	-0.000177395
1.55836e-11	-0.000177688
1.55845e-11	-0.000177979
1.55854e-11	-0.000178268
1.55864e-11	-0.000178555
1.55873e-11	-0.000178841
1.55882e-11	-0.000179124
1.55891e-11	-0.000179406
1.559e-11	-0.000179686
1.55909e-11	-0.000179965
1.55918e-11	-0.000180241
1.55927e-11	-0.000180516
1.55936e-11	-0.000180789
1.55945e-11	-0.00018106
1.55954e-11	-0.000181329
1.55963e-11	-0.000181597
1.55972e-11	-0.000181863
1.55981e-11	-0.000182127
1.5599e-11	-0.000182389
1.55999e-11	-0.00018265
1.56008e-11	-0.000182908
1.56017e-11	-0.000183165
1.56026e-11	-0.000183421
1.56035e-11	-0.000183674
1.56044e-11	-0.000183926
1.56053e-11	-0.000184177
1.56062e-11	-0.000184425
1.56071e-11	-0.000184672
1.5608e-11	-0.000184917
1.56089e-11	-0.00018516
1.56098e-11	-0.000185402
1.56107e-11	-0.000185642
1.56116e-11	-0.00018588
1.56125e-11	-0.000186117
1.56134e-11	-0.000186352
1.56143e-11	-0.000186585
1.56152e-11	-0.000186816
1.56161e-11	-0.000187046
1.5617e-11	-0.000187274
1.56179e-11	-0.000187501
1.56188e-11	-0.000187726
1.56198e-11	-0.000187949
1.56207e-11	-0.000188171
1.56216e-11	-0.000188391
1.56225e-11	-0.000188609
1.56234e-11	-0.000188826
1.56243e-11	-0.000189041
1.56252e-11	-0.000189255
1.56261e-11	-0.000189467
1.5627e-11	-0.000189677
1.56279e-11	-0.000189886
1.56288e-11	-0.000190093
1.56297e-11	-0.000190298
1.56306e-11	-0.000190502
1.56315e-11	-0.000190705
1.56324e-11	-0.000190905
1.56333e-11	-0.000191105
1.56342e-11	-0.000191302
1.56351e-11	-0.000191498
1.5636e-11	-0.000191693
1.56369e-11	-0.000191886
1.56378e-11	-0.000192077
1.56387e-11	-0.000192267
1.56396e-11	-0.000192455
1.56405e-11	-0.000192642
1.56414e-11	-0.000192827
1.56423e-11	-0.000193011
1.56432e-11	-0.000193193
1.56441e-11	-0.000193374
1.5645e-11	-0.000193553
1.56459e-11	-0.00019373
1.56468e-11	-0.000193907
1.56477e-11	-0.000194081
1.56486e-11	-0.000194254
1.56495e-11	-0.000194426
1.56504e-11	-0.000194596
1.56513e-11	-0.000194765
1.56522e-11	-0.000194932
1.56532e-11	-0.000195097
1.56541e-11	-0.000195262
1.5655e-11	-0.000195424
1.56559e-11	-0.000195586
1.56568e-11	-0.000195745
1.56577e-11	-0.000195904
1.56586e-11	-0.000196061
1.56595e-11	-0.000196216
1.56604e-11	-0.00019637
1.56613e-11	-0.000196523
1.56622e-11	-0.000196674
1.56631e-11	-0.000196824
1.5664e-11	-0.000196972
1.56649e-11	-0.000197119
1.56658e-11	-0.000197264
1.56667e-11	-0.000197408
1.56676e-11	-0.000197551
1.56685e-11	-0.000197692
1.56694e-11	-0.000197832
1.56703e-11	-0.00019797
1.56712e-11	-0.000198107
1.56721e-11	-0.000198243
1.5673e-11	-0.000198377
1.56739e-11	-0.00019851
1.56748e-11	-0.000198642
1.56757e-11	-0.000198772
1.56766e-11	-0.000198901
1.56775e-11	-0.000199028
1.56784e-11	-0.000199154
1.56793e-11	-0.000199279
1.56802e-11	-0.000199402
1.56811e-11	-0.000199524
1.5682e-11	-0.000199645
1.56829e-11	-0.000199764
1.56838e-11	-0.000199882
1.56847e-11	-0.000199999
1.56856e-11	-0.000200115
1.56866e-11	-0.000200229
1.56875e-11	-0.000200341
1.56884e-11	-0.000200453
1.56893e-11	-0.000200563
1.56902e-11	-0.000200672
1.56911e-11	-0.000200779
1.5692e-11	-0.000200885
1.56929e-11	-0.00020099
1.56938e-11	-0.000201094
1.56947e-11	-0.000201196
1.56956e-11	-0.000201297
1.56965e-11	-0.000201397
1.56974e-11	-0.000201495
1.56983e-11	-0.000201593
1.56992e-11	-0.000201689
1.57001e-11	-0.000201783
1.5701e-11	-0.000201877
1.57019e-11	-0.000201969
1.57028e-11	-0.00020206
1.57037e-11	-0.00020215
1.57046e-11	-0.000202238
1.57055e-11	-0.000202325
1.57064e-11	-0.000202411
1.57073e-11	-0.000202496
1.57082e-11	-0.00020258
1.57091e-11	-0.000202662
1.571e-11	-0.000202743
1.57109e-11	-0.000202823
1.57118e-11	-0.000202902
1.57127e-11	-0.000202979
1.57136e-11	-0.000203056
1.57145e-11	-0.000203131
1.57154e-11	-0.000203205
1.57163e-11	-0.000203277
1.57172e-11	-0.000203349
1.57181e-11	-0.000203419
1.5719e-11	-0.000203488
1.572e-11	-0.000203556
1.57209e-11	-0.000203623
1.57218e-11	-0.000203689
1.57227e-11	-0.000203753
1.57236e-11	-0.000203817
1.57245e-11	-0.000203879
1.57254e-11	-0.00020394
1.57263e-11	-0.000204
1.57272e-11	-0.000204058
1.57281e-11	-0.000204116
1.5729e-11	-0.000204172
1.57299e-11	-0.000204228
1.57308e-11	-0.000204282
1.57317e-11	-0.000204335
1.57326e-11	-0.000204387
1.57335e-11	-0.000204438
1.57344e-11	-0.000204487
1.57353e-11	-0.000204536
1.57362e-11	-0.000204583
1.57371e-11	-0.00020463
1.5738e-11	-0.000204675
1.57389e-11	-0.000204719
1.57398e-11	-0.000204762
1.57407e-11	-0.000204804
1.57416e-11	-0.000204845
1.57425e-11	-0.000204885
1.57434e-11	-0.000204924
1.57443e-11	-0.000204961
1.57452e-11	-0.000204998
1.57461e-11	-0.000205033
1.5747e-11	-0.000205068
1.57479e-11	-0.000205101
1.57488e-11	-0.000205134
1.57497e-11	-0.000205165
1.57506e-11	-0.000205195
1.57515e-11	-0.000205224
1.57524e-11	-0.000205252
1.57534e-11	-0.00020528
1.57543e-11	-0.000205306
1.57552e-11	-0.000205331
1.57561e-11	-0.000205355
1.5757e-11	-0.000205378
1.57579e-11	-0.0002054
1.57588e-11	-0.00020542
1.57597e-11	-0.00020544
1.57606e-11	-0.000205459
1.57615e-11	-0.000205477
1.57624e-11	-0.000205494
1.57633e-11	-0.00020551
1.57642e-11	-0.000205525
1.57651e-11	-0.000205539
1.5766e-11	-0.000205552
1.57669e-11	-0.000205564
1.57678e-11	-0.000205575
1.57687e-11	-0.000205585
1.57696e-11	-0.000205594
1.57705e-11	-0.000205602
1.57714e-11	-0.000205609
1.57723e-11	-0.000205615
1.57732e-11	-0.00020562
1.57741e-11	-0.000205624
1.5775e-11	-0.000205627
1.57759e-11	-0.000205629
1.57768e-11	-0.000205631
1.57777e-11	-0.000205631
1.57786e-11	-0.00020563
1.57795e-11	-0.000205629
1.57804e-11	-0.000205626
1.57813e-11	-0.000205623
1.57822e-11	-0.000205618
1.57831e-11	-0.000205613
1.5784e-11	-0.000205607
1.57849e-11	-0.0002056
1.57858e-11	-0.000205592
1.57867e-11	-0.000205583
1.57877e-11	-0.000205573
1.57886e-11	-0.000205562
1.57895e-11	-0.00020555
1.57904e-11	-0.000205538
1.57913e-11	-0.000205524
1.57922e-11	-0.00020551
1.57931e-11	-0.000205495
1.5794e-11	-0.000205478
1.57949e-11	-0.000205461
1.57958e-11	-0.000205444
1.57967e-11	-0.000205425
1.57976e-11	-0.000205405
1.57985e-11	-0.000205384
1.57994e-11	-0.000205363
1.58003e-11	-0.000205341
1.58012e-11	-0.000205318
1.58021e-11	-0.000205293
1.5803e-11	-0.000205269
1.58039e-11	-0.000205243
1.58048e-11	-0.000205216
1.58057e-11	-0.000205189
1.58066e-11	-0.000205161
1.58075e-11	-0.000205131
1.58084e-11	-0.000205101
1.58093e-11	-0.000205071
1.58102e-11	-0.000205039
1.58111e-11	-0.000205007
1.5812e-11	-0.000204973
1.58129e-11	-0.000204939
1.58138e-11	-0.000204904
1.58147e-11	-0.000204868
1.58156e-11	-0.000204832
1.58165e-11	-0.000204795
1.58174e-11	-0.000204756
1.58183e-11	-0.000204717
1.58192e-11	-0.000204678
1.58201e-11	-0.000204637
1.58211e-11	-0.000204596
1.5822e-11	-0.000204553
1.58229e-11	-0.00020451
1.58238e-11	-0.000204467
1.58247e-11	-0.000204422
1.58256e-11	-0.000204377
1.58265e-11	-0.000204331
1.58274e-11	-0.000204284
1.58283e-11	-0.000204236
1.58292e-11	-0.000204188
1.58301e-11	-0.000204139
1.5831e-11	-0.000204089
1.58319e-11	-0.000204038
1.58328e-11	-0.000203986
1.58337e-11	-0.000203934
1.58346e-11	-0.000203881
1.58355e-11	-0.000203828
1.58364e-11	-0.000203773
1.58373e-11	-0.000203718
1.58382e-11	-0.000203662
1.58391e-11	-0.000203605
1.584e-11	-0.000203548
1.58409e-11	-0.00020349
1.58418e-11	-0.000203431
1.58427e-11	-0.000203371
1.58436e-11	-0.000203311
1.58445e-11	-0.00020325
1.58454e-11	-0.000203188
1.58463e-11	-0.000203125
1.58472e-11	-0.000203062
1.58481e-11	-0.000202998
1.5849e-11	-0.000202934
1.58499e-11	-0.000202868
1.58508e-11	-0.000202802
1.58517e-11	-0.000202736
1.58526e-11	-0.000202668
1.58535e-11	-0.0002026
1.58545e-11	-0.000202531
1.58554e-11	-0.000202462
1.58563e-11	-0.000202392
1.58572e-11	-0.000202321
1.58581e-11	-0.000202249
1.5859e-11	-0.000202177
1.58599e-11	-0.000202104
1.58608e-11	-0.000202031
1.58617e-11	-0.000201956
1.58626e-11	-0.000201881
1.58635e-11	-0.000201806
1.58644e-11	-0.00020173
1.58653e-11	-0.000201653
1.58662e-11	-0.000201575
1.58671e-11	-0.000201497
1.5868e-11	-0.000201418
1.58689e-11	-0.000201339
1.58698e-11	-0.000201259
1.58707e-11	-0.000201178
1.58716e-11	-0.000201097
1.58725e-11	-0.000201015
1.58734e-11	-0.000200932
1.58743e-11	-0.000200849
1.58752e-11	-0.000200765
1.58761e-11	-0.00020068
1.5877e-11	-0.000200595
1.58779e-11	-0.000200509
1.58788e-11	-0.000200423
1.58797e-11	-0.000200336
1.58806e-11	-0.000200248
1.58815e-11	-0.00020016
1.58824e-11	-0.000200071
1.58833e-11	-0.000199981
1.58842e-11	-0.000199891
1.58851e-11	-0.000199801
1.5886e-11	-0.000199709
1.58869e-11	-0.000199617
1.58879e-11	-0.000199525
1.58888e-11	-0.000199432
1.58897e-11	-0.000199338
1.58906e-11	-0.000199244
1.58915e-11	-0.000199149
1.58924e-11	-0.000199054
1.58933e-11	-0.000198958
1.58942e-11	-0.000198861
1.58951e-11	-0.000198764
1.5896e-11	-0.000198667
1.58969e-11	-0.000198568
1.58978e-11	-0.00019847
1.58987e-11	-0.00019837
1.58996e-11	-0.00019827
1.59005e-11	-0.00019817
1.59014e-11	-0.000198069
1.59023e-11	-0.000197967
1.59032e-11	-0.000197865
1.59041e-11	-0.000197762
1.5905e-11	-0.000197659
1.59059e-11	-0.000197555
1.59068e-11	-0.000197451
1.59077e-11	-0.000197346
1.59086e-11	-0.000197241
1.59095e-11	-0.000197135
1.59104e-11	-0.000197028
1.59113e-11	-0.000196921
1.59122e-11	-0.000196814
1.59131e-11	-0.000196706
1.5914e-11	-0.000196597
1.59149e-11	-0.000196488
1.59158e-11	-0.000196378
1.59167e-11	-0.000196268
1.59176e-11	-0.000196158
1.59185e-11	-0.000196047
1.59194e-11	-0.000195935
1.59203e-11	-0.000195823
1.59213e-11	-0.00019571
1.59222e-11	-0.000195597
1.59231e-11	-0.000195483
1.5924e-11	-0.000195369
1.59249e-11	-0.000195254
1.59258e-11	-0.000195139
1.59267e-11	-0.000195024
1.59276e-11	-0.000194908
1.59285e-11	-0.000194791
1.59294e-11	-0.000194674
1.59303e-11	-0.000194556
1.59312e-11	-0.000194438
1.59321e-11	-0.00019432
1.5933e-11	-0.000194201
1.59339e-11	-0.000194081
1.59348e-11	-0.000193961
1.59357e-11	-0.000193841
1.59366e-11	-0.00019372
1.59375e-11	-0.000193599
1.59384e-11	-0.000193477
1.59393e-11	-0.000193355
1.59402e-11	-0.000193232
1.59411e-11	-0.000193109
1.5942e-11	-0.000192985
1.59429e-11	-0.000192861
1.59438e-11	-0.000192737
1.59447e-11	-0.000192612
1.59456e-11	-0.000192486
1.59465e-11	-0.000192361
1.59474e-11	-0.000192234
1.59483e-11	-0.000192108
1.59492e-11	-0.00019198
1.59501e-11	-0.000191853
1.5951e-11	-0.000191725
1.59519e-11	-0.000191596
1.59528e-11	-0.000191467
1.59537e-11	-0.000191338
1.59547e-11	-0.000191209
1.59556e-11	-0.000191078
1.59565e-11	-0.000190948
1.59574e-11	-0.000190817
1.59583e-11	-0.000190686
1.59592e-11	-0.000190554
1.59601e-11	-0.000190422
1.5961e-11	-0.000190289
1.59619e-11	-0.000190156
1.59628e-11	-0.000190023
1.59637e-11	-0.000189889
1.59646e-11	-0.000189755
1.59655e-11	-0.00018962
1.59664e-11	-0.000189485
1.59673e-11	-0.00018935
1.59682e-11	-0.000189214
1.59691e-11	-0.000189078
1.597e-11	-0.000188941
1.59709e-11	-0.000188804
1.59718e-11	-0.000188667
1.59727e-11	-0.000188529
1.59736e-11	-0.000188391
1.59745e-11	-0.000188252
1.59754e-11	-0.000188114
1.59763e-11	-0.000187974
1.59772e-11	-0.000187835
1.59781e-11	-0.000187695
1.5979e-11	-0.000187555
1.59799e-11	-0.000187414
1.59808e-11	-0.000187273
1.59817e-11	-0.000187131
1.59826e-11	-0.00018699
1.59835e-11	-0.000186848
1.59844e-11	-0.000186705
1.59853e-11	-0.000186562
1.59862e-11	-0.000186419
1.59871e-11	-0.000186276
1.59881e-11	-0.000186132
1.5989e-11	-0.000185988
1.59899e-11	-0.000185843
1.59908e-11	-0.000185698
1.59917e-11	-0.000185553
1.59926e-11	-0.000185407
1.59935e-11	-0.000185261
1.59944e-11	-0.000185115
1.59953e-11	-0.000184968
1.59962e-11	-0.000184822
1.59971e-11	-0.000184674
1.5998e-11	-0.000184527
1.59989e-11	-0.000184379
1.59998e-11	-0.000184231
1.60007e-11	-0.000184082
1.60016e-11	-0.000183933
1.60025e-11	-0.000183784
1.60034e-11	-0.000183635
1.60043e-11	-0.000183485
1.60052e-11	-0.000183335
1.60061e-11	-0.000183184
1.6007e-11	-0.000183033
1.60079e-11	-0.000182882
1.60088e-11	-0.000182731
1.60097e-11	-0.000182579
1.60106e-11	-0.000182427
1.60115e-11	-0.000182275
1.60124e-11	-0.000182123
1.60133e-11	-0.00018197
1.60142e-11	-0.000181817
1.60151e-11	-0.000181663
1.6016e-11	-0.000181509
1.60169e-11	-0.000181355
1.60178e-11	-0.000181201
1.60187e-11	-0.000181047
1.60196e-11	-0.000180892
1.60205e-11	-0.000180737
1.60215e-11	-0.000180581
1.60224e-11	-0.000180425
1.60233e-11	-0.000180269
1.60242e-11	-0.000180113
1.60251e-11	-0.000179957
1.6026e-11	-0.0001798
1.60269e-11	-0.000179643
1.60278e-11	-0.000179485
1.60287e-11	-0.000179328
1.60296e-11	-0.00017917
1.60305e-11	-0.000179012
1.60314e-11	-0.000178853
1.60323e-11	-0.000178695
1.60332e-11	-0.000178536
1.60341e-11	-0.000178377
1.6035e-11	-0.000178217
1.60359e-11	-0.000178058
1.60368e-11	-0.000177898
1.60377e-11	-0.000177737
1.60386e-11	-0.000177577
1.60395e-11	-0.000177416
1.60404e-11	-0.000177255
1.60413e-11	-0.000177094
1.60422e-11	-0.000176933
1.60431e-11	-0.000176771
1.6044e-11	-0.000176609
1.60449e-11	-0.000176447
1.60458e-11	-0.000176285
1.60467e-11	-0.000176122
1.60476e-11	-0.000175959
1.60485e-11	-0.000175796
1.60494e-11	-0.000175633
1.60503e-11	-0.00017547
1.60512e-11	-0.000175306
1.60521e-11	-0.000175142
1.6053e-11	-0.000174978
1.60539e-11	-0.000174813
1.60548e-11	-0.000174649
1.60558e-11	-0.000174484
1.60567e-11	-0.000174319
1.60576e-11	-0.000174154
1.60585e-11	-0.000173988
1.60594e-11	-0.000173822
1.60603e-11	-0.000173656
1.60612e-11	-0.00017349
1.60621e-11	-0.000173324
1.6063e-11	-0.000173158
1.60639e-11	-0.000172991
1.60648e-11	-0.000172824
1.60657e-11	-0.000172657
1.60666e-11	-0.000172489
1.60675e-11	-0.000172322
1.60684e-11	-0.000172154
1.60693e-11	-0.000171986
1.60702e-11	-0.000171818
1.60711e-11	-0.00017165
1.6072e-11	-0.000171481
1.60729e-11	-0.000171313
1.60738e-11	-0.000171144
1.60747e-11	-0.000170975
1.60756e-11	-0.000170805
1.60765e-11	-0.000170636
1.60774e-11	-0.000170466
1.60783e-11	-0.000170297
1.60792e-11	-0.000170127
1.60801e-11	-0.000169957
1.6081e-11	-0.000169786
1.60819e-11	-0.000169616
1.60828e-11	-0.000169445
1.60837e-11	-0.000169274
1.60846e-11	-0.000169103
1.60855e-11	-0.000168932
1.60864e-11	-0.000168761
1.60873e-11	-0.000168589
1.60882e-11	-0.000168418
1.60892e-11	-0.000168246
1.60901e-11	-0.000168074
1.6091e-11	-0.000167902
1.60919e-11	-0.000167729
1.60928e-11	-0.000167557
1.60937e-11	-0.000167384
1.60946e-11	-0.000167211
1.60955e-11	-0.000167038
1.60964e-11	-0.000166865
1.60973e-11	-0.000166692
1.60982e-11	-0.000166519
1.60991e-11	-0.000166345
1.61e-11	-0.000166171
1.61009e-11	-0.000165998
1.61018e-11	-0.000165824
1.61027e-11	-0.00016565
1.61036e-11	-0.000165475
1.61045e-11	-0.000165301
1.61054e-11	-0.000165126
1.61063e-11	-0.000164952
1.61072e-11	-0.000164777
1.61081e-11	-0.000164602
1.6109e-11	-0.000164427
1.61099e-11	-0.000164252
1.61108e-11	-0.000164076
1.61117e-11	-0.000163901
1.61126e-11	-0.000163725
1.61135e-11	-0.000163549
1.61144e-11	-0.000163374
1.61153e-11	-0.000163198
1.61162e-11	-0.000163022
1.61171e-11	-0.000162845
1.6118e-11	-0.000162669
1.61189e-11	-0.000162493
1.61198e-11	-0.000162316
1.61207e-11	-0.000162139
1.61216e-11	-0.000161962
1.61226e-11	-0.000161786
1.61235e-11	-0.000161608
1.61244e-11	-0.000161431
1.61253e-11	-0.000161254
1.61262e-11	-0.000161077
1.61271e-11	-0.000160899
1.6128e-11	-0.000160722
1.61289e-11	-0.000160544
1.61298e-11	-0.000160366
1.61307e-11	-0.000160188
1.61316e-11	-0.00016001
1.61325e-11	-0.000159832
1.61334e-11	-0.000159654
1.61343e-11	-0.000159476
1.61352e-11	-0.000159297
1.61361e-11	-0.000159119
1.6137e-11	-0.00015894
1.61379e-11	-0.000158761
1.61388e-11	-0.000158583
1.61397e-11	-0.000158404
1.61406e-11	-0.000158225
1.61415e-11	-0.000158046
1.61424e-11	-0.000157867
1.61433e-11	-0.000157688
1.61442e-11	-0.000157508
1.61451e-11	-0.000157329
1.6146e-11	-0.000157149
1.61469e-11	-0.00015697
1.61478e-11	-0.00015679
1.61487e-11	-0.00015661
1.61496e-11	-0.000156431
1.61505e-11	-0.000156251
1.61514e-11	-0.000156071
1.61523e-11	-0.000155891
1.61532e-11	-0.000155711
1.61541e-11	-0.000155531
1.6155e-11	-0.00015535
1.6156e-11	-0.00015517
1.61569e-11	-0.00015499
1.61578e-11	-0.000154809
1.61587e-11	-0.000154629
1.61596e-11	-0.000154448
1.61605e-11	-0.000154267
1.61614e-11	-0.000154087
1.61623e-11	-0.000153906
1.61632e-11	-0.000153725
1.61641e-11	-0.000153544
1.6165e-11	-0.000153363
1.61659e-11	-0.000153182
1.61668e-11	-0.000153001
1.61677e-11	-0.00015282
1.61686e-11	-0.000152639
1.61695e-11	-0.000152458
1.61704e-11	-0.000152276
1.61713e-11	-0.000152095
1.61722e-11	-0.000151914
1.61731e-11	-0.000151732
1.6174e-11	-0.000151551
1.61749e-11	-0.000151369
1.61758e-11	-0.000151188
1.61767e-11	-0.000151006
1.61776e-11	-0.000150824
1.61785e-11	-0.000150643
1.61794e-11	-0.000150461
1.61803e-11	-0.000150279
1.61812e-11	-0.000150097
1.61821e-11	-0.000149915
1.6183e-11	-0.000149733
1.61839e-11	-0.000149551
1.61848e-11	-0.000149369
1.61857e-11	-0.000149187
1.61866e-11	-0.000149005
1.61875e-11	-0.000148823
1.61884e-11	-0.000148641
1.61894e-11	-0.000148459
1.61903e-11	-0.000148277
1.61912e-11	-0.000148094
1.61921e-11	-0.000147912
1.6193e-11	-0.00014773
1.61939e-11	-0.000147548
1.61948e-11	-0.000147365
1.61957e-11	-0.000147183
1.61966e-11	-0.000147001
1.61975e-11	-0.000146818
1.61984e-11	-0.000146636
1.61993e-11	-0.000146453
1.62002e-11	-0.000146271
1.62011e-11	-0.000146088
1.6202e-11	-0.000145906
1.62029e-11	-0.000145723
1.62038e-11	-0.000145541
1.62047e-11	-0.000145358
1.62056e-11	-0.000145176
1.62065e-11	-0.000144993
1.62074e-11	-0.00014481
1.62083e-11	-0.000144628
1.62092e-11	-0.000144445
1.62101e-11	-0.000144262
1.6211e-11	-0.00014408
1.62119e-11	-0.000143897
1.62128e-11	-0.000143715
1.62137e-11	-0.000143532
1.62146e-11	-0.000143349
1.62155e-11	-0.000143166
1.62164e-11	-0.000142984
1.62173e-11	-0.000142801
1.62182e-11	-0.000142618
1.62191e-11	-0.000142436
1.622e-11	-0.000142253
1.62209e-11	-0.00014207
1.62218e-11	-0.000141888
1.62228e-11	-0.000141705
1.62237e-11	-0.000141522
1.62246e-11	-0.00014134
1.62255e-11	-0.000141157
1.62264e-11	-0.000140974
1.62273e-11	-0.000140792
1.62282e-11	-0.000140609
1.62291e-11	-0.000140426
1.623e-11	-0.000140244
1.62309e-11	-0.000140061
1.62318e-11	-0.000139878
1.62327e-11	-0.000139696
1.62336e-11	-0.000139513
1.62345e-11	-0.000139331
1.62354e-11	-0.000139148
1.62363e-11	-0.000138966
1.62372e-11	-0.000138783
1.62381e-11	-0.000138601
1.6239e-11	-0.000138418
1.62399e-11	-0.000138236
1.62408e-11	-0.000138053
1.62417e-11	-0.000137871
1.62426e-11	-0.000137688
1.62435e-11	-0.000137506
1.62444e-11	-0.000137323
1.62453e-11	-0.000137141
1.62462e-11	-0.000136959
1.62471e-11	-0.000136776
1.6248e-11	-0.000136594
1.62489e-11	-0.000136412
1.62498e-11	-0.00013623
1.62507e-11	-0.000136047
1.62516e-11	-0.000135865
1.62525e-11	-0.000135683
1.62534e-11	-0.000135501
1.62543e-11	-0.000135319
1.62552e-11	-0.000135137
1.62562e-11	-0.000134955
1.62571e-11	-0.000134773
1.6258e-11	-0.000134591
1.62589e-11	-0.000134409
1.62598e-11	-0.000134227
1.62607e-11	-0.000134045
1.62616e-11	-0.000133863
1.62625e-11	-0.000133682
1.62634e-11	-0.0001335
1.62643e-11	-0.000133318
1.62652e-11	-0.000133137
1.62661e-11	-0.000132955
1.6267e-11	-0.000132773
1.62679e-11	-0.000132592
1.62688e-11	-0.00013241
1.62697e-11	-0.000132229
1.62706e-11	-0.000132048
1.62715e-11	-0.000131866
1.62724e-11	-0.000131685
1.62733e-11	-0.000131504
1.62742e-11	-0.000131322
1.62751e-11	-0.000131141
1.6276e-11	-0.00013096
1.62769e-11	-0.000130779
1.62778e-11	-0.000130598
1.62787e-11	-0.000130417
1.62796e-11	-0.000130236
1.62805e-11	-0.000130055
1.62814e-11	-0.000129874
1.62823e-11	-0.000129694
1.62832e-11	-0.000129513
1.62841e-11	-0.000129332
1.6285e-11	-0.000129152
1.62859e-11	-0.000128971
1.62868e-11	-0.000128791
1.62877e-11	-0.00012861
1.62886e-11	-0.00012843
1.62896e-11	-0.000128249
1.62905e-11	-0.000128069
1.62914e-11	-0.000127889
1.62923e-11	-0.000127709
1.62932e-11	-0.000127529
1.62941e-11	-0.000127349
1.6295e-11	-0.000127169
1.62959e-11	-0.000126989
1.62968e-11	-0.000126809
1.62977e-11	-0.000126629
1.62986e-11	-0.000126449
1.62995e-11	-0.00012627
1.63004e-11	-0.00012609
1.63013e-11	-0.000125911
1.63022e-11	-0.000125731
1.63031e-11	-0.000125552
1.6304e-11	-0.000125373
1.63049e-11	-0.000125193
1.63058e-11	-0.000125014
1.63067e-11	-0.000124835
1.63076e-11	-0.000124656
1.63085e-11	-0.000124477
1.63094e-11	-0.000124298
1.63103e-11	-0.000124119
1.63112e-11	-0.000123941
1.63121e-11	-0.000123762
1.6313e-11	-0.000123583
1.63139e-11	-0.000123405
1.63148e-11	-0.000123226
1.63157e-11	-0.000123048
1.63166e-11	-0.00012287
1.63175e-11	-0.000122692
1.63184e-11	-0.000122514
1.63193e-11	-0.000122335
1.63202e-11	-0.000122157
1.63211e-11	-0.00012198
1.6322e-11	-0.000121802
1.63229e-11	-0.000121624
1.63239e-11	-0.000121446
1.63248e-11	-0.000121269
1.63257e-11	-0.000121091
1.63266e-11	-0.000120914
1.63275e-11	-0.000120737
1.63284e-11	-0.000120559
1.63293e-11	-0.000120382
1.63302e-11	-0.000120205
1.63311e-11	-0.000120028
1.6332e-11	-0.000119851
1.63329e-11	-0.000119674
1.63338e-11	-0.000119498
1.63347e-11	-0.000119321
1.63356e-11	-0.000119145
1.63365e-11	-0.000118968
1.63374e-11	-0.000118792
1.63383e-11	-0.000118615
1.63392e-11	-0.000118439
1.63401e-11	-0.000118263
1.6341e-11	-0.000118087
1.63419e-11	-0.000117911
1.63428e-11	-0.000117735
1.63437e-11	-0.00011756
1.63446e-11	-0.000117384
1.63455e-11	-0.000117208
1.63464e-11	-0.000117033
1.63473e-11	-0.000116858
1.63482e-11	-0.000116682
1.63491e-11	-0.000116507
1.635e-11	-0.000116332
1.63509e-11	-0.000116157
1.63518e-11	-0.000115982
1.63527e-11	-0.000115808
1.63536e-11	-0.000115633
1.63545e-11	-0.000115458
1.63554e-11	-0.000115284
1.63563e-11	-0.000115109
1.63573e-11	-0.000114935
1.63582e-11	-0.000114761
1.63591e-11	-0.000114587
1.636e-11	-0.000114413
1.63609e-11	-0.000114239
1.63618e-11	-0.000114065
1.63627e-11	-0.000113892
1.63636e-11	-0.000113718
1.63645e-11	-0.000113545
1.63654e-11	-0.000113371
1.63663e-11	-0.000113198
1.63672e-11	-0.000113025
1.63681e-11	-0.000112852
1.6369e-11	-0.000112679
1.63699e-11	-0.000112506
